[     285ms] [WARNING] [Vue warn]: Invalid prop: type check failed for prop "onKeydown". Expected Function, got Array  
  at <ATextarea value="" onUpdate:value=fn rows=4  ... > 
  at <Anonymous value= {hashed: true, components: Object, theme: undefined, token: Object} > 
  at <ALocaleProvider locale=undefined ANT_MARK__="internalMark" > 
  at <LocaleReceiver children=fn<children> > 
  at <AConfigProvider theme= {token: Object} > 
  at <App> @ http://127.0.0.1:5175/@vite/client:528
[     358ms] [WARNING] [Vue warn]: Invalid prop: type check failed for prop "onKeydown". Expected Function, got Array  
  at <ATextarea value="" onUpdate:value=fn rows=4  ... > 
  at <Anonymous value= {hashed: true, components: Object, theme: undefined, token: Object} > 
  at <ALocaleProvider locale=undefined ANT_MARK__="internalMark" > 
  at <LocaleReceiver children=fn<children> > 
  at <AConfigProvider theme= {token: Object} > 
  at <App> @ http://127.0.0.1:5175/@vite/client:528
[     442ms] [WARNING] [Vue warn]: Invalid prop: type check failed for prop "onKeydown". Expected Function, got Array  
  at <ATextarea value="" onUpdate:value=fn rows=4  ... > 
  at <Anonymous value= {hashed: true, components: Object, theme: undefined, token: Object} > 
  at <ALocaleProvider locale=undefined ANT_MARK__="internalMark" > 
  at <LocaleReceiver children=fn<children> > 
  at <AConfigProvider theme= {token: Object} > 
  at <App> @ http://127.0.0.1:5175/@vite/client:528
[     458ms] [WARNING] [Vue warn]: Invalid prop: type check failed for prop "onKeydown". Expected Function, got Array  
  at <ATextarea value="" onUpdate:value=fn rows=4  ... > 
  at <Anonymous value= {hashed: true, components: Object, theme: undefined, token: Object} > 
  at <ALocaleProvider locale=undefined ANT_MARK__="internalMark" > 
  at <LocaleReceiver children=fn<children> > 
  at <AConfigProvider theme= {token: Object} > 
  at <App> @ http://127.0.0.1:5175/@vite/client:528
[     482ms] [WARNING] [Vue warn]: Invalid prop: type check failed for prop "onKeydown". Expected Function, got Array  
  at <ATextarea value="" onUpdate:value=fn rows=4  ... > 
  at <Anonymous value= {hashed: true, components: Object, theme: undefined, token: Object} > 
  at <ALocaleProvider locale=undefined ANT_MARK__="internalMark" > 
  at <LocaleReceiver children=fn<children> > 
  at <AConfigProvider theme= {token: Object} > 
  at <App> @ http://127.0.0.1:5175/@vite/client:528
[     488ms] [WARNING] [Vue warn]: Invalid prop: type check failed for prop "onKeydown". Expected Function, got Array  
  at <ATextarea value="" onUpdate:value=fn rows=4  ... > 
  at <Anonymous value= {hashed: true, components: Object, theme: undefined, token: Object} > 
  at <ALocaleProvider locale=undefined ANT_MARK__="internalMark" > 
  at <LocaleReceiver children=fn<children> > 
  at <AConfigProvider theme= {token: Object} > 
  at <App> @ http://127.0.0.1:5175/@vite/client:528
[     493ms] [WARNING] [Vue warn]: Invalid prop: type check failed for prop "onKeydown". Expected Function, got Array  
  at <ATextarea value="" onUpdate:value=fn rows=4  ... > 
  at <Anonymous value= {hashed: true, components: Object, theme: undefined, token: Object} > 
  at <ALocaleProvider locale=undefined ANT_MARK__="internalMark" > 
  at <LocaleReceiver children=fn<children> > 
  at <AConfigProvider theme= {token: Object} > 
  at <App> @ http://127.0.0.1:5175/@vite/client:528
[     498ms] [WARNING] [Vue warn]: Invalid prop: type check failed for prop "onKeydown". Expected Function, got Array  
  at <ATextarea value="" onUpdate:value=fn rows=4  ... > 
  at <Anonymous value= {hashed: true, components: Object, theme: undefined, token: Object} > 
  at <ALocaleProvider locale=undefined ANT_MARK__="internalMark" > 
  at <LocaleReceiver children=fn<children> > 
  at <AConfigProvider theme= {token: Object} > 
  at <App> @ http://127.0.0.1:5175/@vite/client:528
[     503ms] [WARNING] [Vue warn]: Invalid prop: type check failed for prop "onKeydown". Expected Function, got Array  
  at <ATextarea value="" onUpdate:value=fn rows=4  ... > 
  at <Anonymous value= {hashed: true, components: Object, theme: undefined, token: Object} > 
  at <ALocaleProvider locale=undefined ANT_MARK__="internalMark" > 
  at <LocaleReceiver children=fn<children> > 
  at <AConfigProvider theme= {token: Object} > 
  at <App> @ http://127.0.0.1:5175/@vite/client:528
[     507ms] [WARNING] [Vue warn]: Invalid prop: type check failed for prop "onKeydown". Expected Function, got Array  
  at <ATextarea value="" onUpdate:value=fn rows=4  ... > 
  at <Anonymous value= {hashed: true, components: Object, theme: undefined, token: Object} > 
  at <ALocaleProvider locale=undefined ANT_MARK__="internalMark" > 
  at <LocaleReceiver children=fn<children> > 
  at <AConfigProvider theme= {token: Object} > 
  at <App> @ http://127.0.0.1:5175/@vite/client:528
[     511ms] [WARNING] [Vue warn]: Invalid prop: type check failed for prop "onKeydown". Expected Function, got Array  
  at <ATextarea value="" onUpdate:value=fn rows=4  ... > 
  at <Anonymous value= {hashed: true, components: Object, theme: undefined, token: Object} > 
  at <ALocaleProvider locale=undefined ANT_MARK__="internalMark" > 
  at <LocaleReceiver children=fn<children> > 
  at <AConfigProvider theme= {token: Object} > 
  at <App> @ http://127.0.0.1:5175/@vite/client:528
[     515ms] [WARNING] [Vue warn]: Invalid prop: type check failed for prop "onKeydown". Expected Function, got Array  
  at <ATextarea value="" onUpdate:value=fn rows=4  ... > 
  at <Anonymous value= {hashed: true, components: Object, theme: undefined, token: Object} > 
  at <ALocaleProvider locale=undefined ANT_MARK__="internalMark" > 
  at <LocaleReceiver children=fn<children> > 
  at <AConfigProvider theme= {token: Object} > 
  at <App> @ http://127.0.0.1:5175/@vite/client:528
[     519ms] [WARNING] [Vue warn]: Invalid prop: type check failed for prop "onKeydown". Expected Function, got Array  
  at <ATextarea value="" onUpdate:value=fn rows=4  ... > 
  at <Anonymous value= {hashed: true, components: Object, theme: undefined, token: Object} > 
  at <ALocaleProvider locale=undefined ANT_MARK__="internalMark" > 
  at <LocaleReceiver children=fn<children> > 
  at <AConfigProvider theme= {token: Object} > 
  at <App> @ http://127.0.0.1:5175/@vite/client:528
[     523ms] [WARNING] [Vue warn]: Invalid prop: type check failed for prop "onKeydown". Expected Function, got Array  
  at <ATextarea value="" onUpdate:value=fn rows=4  ... > 
  at <Anonymous value= {hashed: true, components: Object, theme: undefined, token: Object} > 
  at <ALocaleProvider locale=undefined ANT_MARK__="internalMark" > 
  at <LocaleReceiver children=fn<children> > 
  at <AConfigProvider theme= {token: Object} > 
  at <App> @ http://127.0.0.1:5175/@vite/client:528
[     527ms] [WARNING] [Vue warn]: Invalid prop: type check failed for prop "onKeydown". Expected Function, got Array  
  at <ATextarea value="" onUpdate:value=fn rows=4  ... > 
  at <Anonymous value= {hashed: true, components: Object, theme: undefined, token: Object} > 
  at <ALocaleProvider locale=undefined ANT_MARK__="internalMark" > 
  at <LocaleReceiver children=fn<children> > 
  at <AConfigProvider theme= {token: Object} > 
  at <App> @ http://127.0.0.1:5175/@vite/client:528
[     531ms] [WARNING] [Vue warn]: Invalid prop: type check failed for prop "onKeydown". Expected Function, got Array  
  at <ATextarea value="" onUpdate:value=fn rows=4  ... > 
  at <Anonymous value= {hashed: true, components: Object, theme: undefined, token: Object} > 
  at <ALocaleProvider locale=undefined ANT_MARK__="internalMark" > 
  at <LocaleReceiver children=fn<children> > 
  at <AConfigProvider theme= {token: Object} > 
  at <App> @ http://127.0.0.1:5175/@vite/client:528
[     536ms] [WARNING] [Vue warn]: Invalid prop: type check failed for prop "onKeydown". Expected Function, got Array  
  at <ATextarea value="" onUpdate:value=fn rows=4  ... > 
  at <Anonymous value= {hashed: true, components: Object, theme: undefined, token: Object} > 
  at <ALocaleProvider locale=undefined ANT_MARK__="internalMark" > 
  at <LocaleReceiver children=fn<children> > 
  at <AConfigProvider theme= {token: Object} > 
  at <App> @ http://127.0.0.1:5175/@vite/client:528
[     546ms] [WARNING] [Vue warn]: Invalid prop: type check failed for prop "onKeydown". Expected Function, got Array  
  at <ATextarea value="" onUpdate:value=fn rows=4  ... > 
  at <Anonymous value= {hashed: true, components: Object, theme: undefined, token: Object} > 
  at <ALocaleProvider locale=undefined ANT_MARK__="internalMark" > 
  at <LocaleReceiver children=fn<children> > 
  at <AConfigProvider theme= {token: Object} > 
  at <App> @ http://127.0.0.1:5175/@vite/client:528
[     550ms] [WARNING] [Vue warn]: Invalid prop: type check failed for prop "onKeydown". Expected Function, got Array  
  at <ATextarea value="" onUpdate:value=fn rows=4  ... > 
  at <Anonymous value= {hashed: true, components: Object, theme: undefined, token: Object} > 
  at <ALocaleProvider locale=undefined ANT_MARK__="internalMark" > 
  at <LocaleReceiver children=fn<children> > 
  at <AConfigProvider theme= {token: Object} > 
  at <App> @ http://127.0.0.1:5175/@vite/client:528
[     554ms] [WARNING] [Vue warn]: Invalid prop: type check failed for prop "onKeydown". Expected Function, got Array  
  at <ATextarea value="" onUpdate:value=fn rows=4  ... > 
  at <Anonymous value= {hashed: true, components: Object, theme: undefined, token: Object} > 
  at <ALocaleProvider locale=undefined ANT_MARK__="internalMark" > 
  at <LocaleReceiver children=fn<children> > 
  at <AConfigProvider theme= {token: Object} > 
  at <App> @ http://127.0.0.1:5175/@vite/client:528
[     557ms] [WARNING] [Vue warn]: Invalid prop: type check failed for prop "onKeydown". Expected Function, got Array  
  at <ATextarea value="" onUpdate:value=fn rows=4  ... > 
  at <Anonymous value= {hashed: true, components: Object, theme: undefined, token: Object} > 
  at <ALocaleProvider locale=undefined ANT_MARK__="internalMark" > 
  at <LocaleReceiver children=fn<children> > 
  at <AConfigProvider theme= {token: Object} > 
  at <App> @ http://127.0.0.1:5175/@vite/client:528
[     561ms] [WARNING] [Vue warn]: Invalid prop: type check failed for prop "onKeydown". Expected Function, got Array  
  at <ATextarea value="" onUpdate:value=fn rows=4  ... > 
  at <Anonymous value= {hashed: true, components: Object, theme: undefined, token: Object} > 
  at <ALocaleProvider locale=undefined ANT_MARK__="internalMark" > 
  at <LocaleReceiver children=fn<children> > 
  at <AConfigProvider theme= {token: Object} > 
  at <App> @ http://127.0.0.1:5175/@vite/client:528
[     565ms] [WARNING] [Vue warn]: Invalid prop: type check failed for prop "onKeydown". Expected Function, got Array  
  at <ATextarea value="" onUpdate:value=fn rows=4  ... > 
  at <Anonymous value= {hashed: true, components: Object, theme: undefined, token: Object} > 
  at <ALocaleProvider locale=undefined ANT_MARK__="internalMark" > 
  at <LocaleReceiver children=fn<children> > 
  at <AConfigProvider theme= {token: Object} > 
  at <App> @ http://127.0.0.1:5175/@vite/client:528
[     568ms] [WARNING] [Vue warn]: Invalid prop: type check failed for prop "onKeydown". Expected Function, got Array  
  at <ATextarea value="" onUpdate:value=fn rows=4  ... > 
  at <Anonymous value= {hashed: true, components: Object, theme: undefined, token: Object} > 
  at <ALocaleProvider locale=undefined ANT_MARK__="internalMark" > 
  at <LocaleReceiver children=fn<children> > 
  at <AConfigProvider theme= {token: Object} > 
  at <App> @ http://127.0.0.1:5175/@vite/client:528
[     572ms] [WARNING] [Vue warn]: Invalid prop: type check failed for prop "onKeydown". Expected Function, got Array  
  at <ATextarea value="" onUpdate:value=fn rows=4  ... > 
  at <Anonymous value= {hashed: true, components: Object, theme: undefined, token: Object} > 
  at <ALocaleProvider locale=undefined ANT_MARK__="internalMark" > 
  at <LocaleReceiver children=fn<children> > 
  at <AConfigProvider theme= {token: Object} > 
  at <App> @ http://127.0.0.1:5175/@vite/client:528
[     575ms] [WARNING] [Vue warn]: Invalid prop: type check failed for prop "onKeydown". Expected Function, got Array  
  at <ATextarea value="" onUpdate:value=fn rows=4  ... > 
  at <Anonymous value= {hashed: true, components: Object, theme: undefined, token: Object} > 
  at <ALocaleProvider locale=undefined ANT_MARK__="internalMark" > 
  at <LocaleReceiver children=fn<children> > 
  at <AConfigProvider theme= {token: Object} > 
  at <App> @ http://127.0.0.1:5175/@vite/client:528
[     579ms] [WARNING] [Vue warn]: Invalid prop: type check failed for prop "onKeydown". Expected Function, got Array  
  at <ATextarea value="" onUpdate:value=fn rows=4  ... > 
  at <Anonymous value= {hashed: true, components: Object, theme: undefined, token: Object} > 
  at <ALocaleProvider locale=undefined ANT_MARK__="internalMark" > 
  at <LocaleReceiver children=fn<children> > 
  at <AConfigProvider theme= {token: Object} > 
  at <App> @ http://127.0.0.1:5175/@vite/client:528
[     583ms] [WARNING] [Vue warn]: Invalid prop: type check failed for prop "onKeydown". Expected Function, got Array  
  at <ATextarea value="" onUpdate:value=fn rows=4  ... > 
  at <Anonymous value= {hashed: true, components: Object, theme: undefined, token: Object} > 
  at <ALocaleProvider locale=undefined ANT_MARK__="internalMark" > 
  at <LocaleReceiver children=fn<children> > 
  at <AConfigProvider theme= {token: Object} > 
  at <App> @ http://127.0.0.1:5175/@vite/client:528
[     587ms] [WARNING] [Vue warn]: Invalid prop: type check failed for prop "onKeydown". Expected Function, got Array  
  at <ATextarea value="" onUpdate:value=fn rows=4  ... > 
  at <Anonymous value= {hashed: true, components: Object, theme: undefined, token: Object} > 
  at <ALocaleProvider locale=undefined ANT_MARK__="internalMark" > 
  at <LocaleReceiver children=fn<children> > 
  at <AConfigProvider theme= {token: Object} > 
  at <App> @ http://127.0.0.1:5175/@vite/client:528
[     592ms] [WARNING] [Vue warn]: Invalid prop: type check failed for prop "onKeydown". Expected Function, got Array  
  at <ATextarea value="" onUpdate:value=fn rows=4  ... > 
  at <Anonymous value= {hashed: true, components: Object, theme: undefined, token: Object} > 
  at <ALocaleProvider locale=undefined ANT_MARK__="internalMark" > 
  at <LocaleReceiver children=fn<children> > 
  at <AConfigProvider theme= {token: Object} > 
  at <App> @ http://127.0.0.1:5175/@vite/client:528
[     596ms] [WARNING] [Vue warn]: Invalid prop: type check failed for prop "onKeydown". Expected Function, got Array  
  at <ATextarea value="" onUpdate:value=fn rows=4  ... > 
  at <Anonymous value= {hashed: true, components: Object, theme: undefined, token: Object} > 
  at <ALocaleProvider locale=undefined ANT_MARK__="internalMark" > 
  at <LocaleReceiver children=fn<children> > 
  at <AConfigProvider theme= {token: Object} > 
  at <App> @ http://127.0.0.1:5175/@vite/client:528
[     599ms] [WARNING] [Vue warn]: Invalid prop: type check failed for prop "onKeydown". Expected Function, got Array  
  at <ATextarea value="" onUpdate:value=fn rows=4  ... > 
  at <Anonymous value= {hashed: true, components: Object, theme: undefined, token: Object} > 
  at <ALocaleProvider locale=undefined ANT_MARK__="internalMark" > 
  at <LocaleReceiver children=fn<children> > 
  at <AConfigProvider theme= {token: Object} > 
  at <App> @ http://127.0.0.1:5175/@vite/client:528
[     603ms] [WARNING] [Vue warn]: Invalid prop: type check failed for prop "onKeydown". Expected Function, got Array  
  at <ATextarea value="" onUpdate:value=fn rows=4  ... > 
  at <Anonymous value= {hashed: true, components: Object, theme: undefined, token: Object} > 
  at <ALocaleProvider locale=undefined ANT_MARK__="internalMark" > 
  at <LocaleReceiver children=fn<children> > 
  at <AConfigProvider theme= {token: Object} > 
  at <App> @ http://127.0.0.1:5175/@vite/client:528
[     606ms] [WARNING] [Vue warn]: Invalid prop: type check failed for prop "onKeydown". Expected Function, got Array  
  at <ATextarea value="" onUpdate:value=fn rows=4  ... > 
  at <Anonymous value= {hashed: true, components: Object, theme: undefined, token: Object} > 
  at <ALocaleProvider locale=undefined ANT_MARK__="internalMark" > 
  at <LocaleReceiver children=fn<children> > 
  at <AConfigProvider theme= {token: Object} > 
  at <App> @ http://127.0.0.1:5175/@vite/client:528
[     609ms] [WARNING] [Vue warn]: Invalid prop: type check failed for prop "onKeydown". Expected Function, got Array  
  at <ATextarea value="" onUpdate:value=fn rows=4  ... > 
  at <Anonymous value= {hashed: true, components: Object, theme: undefined, token: Object} > 
  at <ALocaleProvider locale=undefined ANT_MARK__="internalMark" > 
  at <LocaleReceiver children=fn<children> > 
  at <AConfigProvider theme= {token: Object} > 
  at <App> @ http://127.0.0.1:5175/@vite/client:528
[     613ms] [WARNING] [Vue warn]: Invalid prop: type check failed for prop "onKeydown". Expected Function, got Array  
  at <ATextarea value="" onUpdate:value=fn rows=4  ... > 
  at <Anonymous value= {hashed: true, components: Object, theme: undefined, token: Object} > 
  at <ALocaleProvider locale=undefined ANT_MARK__="internalMark" > 
  at <LocaleReceiver children=fn<children> > 
  at <AConfigProvider theme= {token: Object} > 
  at <App> @ http://127.0.0.1:5175/@vite/client:528
[     616ms] [WARNING] [Vue warn]: Invalid prop: type check failed for prop "onKeydown". Expected Function, got Array  
  at <ATextarea value="" onUpdate:value=fn rows=4  ... > 
  at <Anonymous value= {hashed: true, components: Object, theme: undefined, token: Object} > 
  at <ALocaleProvider locale=undefined ANT_MARK__="internalMark" > 
  at <LocaleReceiver children=fn<children> > 
  at <AConfigProvider theme= {token: Object} > 
  at <App> @ http://127.0.0.1:5175/@vite/client:528
[     619ms] [WARNING] [Vue warn]: Invalid prop: type check failed for prop "onKeydown". Expected Function, got Array  
  at <ATextarea value="" onUpdate:value=fn rows=4  ... > 
  at <Anonymous value= {hashed: true, components: Object, theme: undefined, token: Object} > 
  at <ALocaleProvider locale=undefined ANT_MARK__="internalMark" > 
  at <LocaleReceiver children=fn<children> > 
  at <AConfigProvider theme= {token: Object} > 
  at <App> @ http://127.0.0.1:5175/@vite/client:528
[     623ms] [WARNING] [Vue warn]: Invalid prop: type check failed for prop "onKeydown". Expected Function, got Array  
  at <ATextarea value="" onUpdate:value=fn rows=4  ... > 
  at <Anonymous value= {hashed: true, components: Object, theme: undefined, token: Object} > 
  at <ALocaleProvider locale=undefined ANT_MARK__="internalMark" > 
  at <LocaleReceiver children=fn<children> > 
  at <AConfigProvider theme= {token: Object} > 
  at <App> @ http://127.0.0.1:5175/@vite/client:528
[     626ms] [WARNING] [Vue warn]: Invalid prop: type check failed for prop "onKeydown". Expected Function, got Array  
  at <ATextarea value="" onUpdate:value=fn rows=4  ... > 
  at <Anonymous value= {hashed: true, components: Object, theme: undefined, token: Object} > 
  at <ALocaleProvider locale=undefined ANT_MARK__="internalMark" > 
  at <LocaleReceiver children=fn<children> > 
  at <AConfigProvider theme= {token: Object} > 
  at <App> @ http://127.0.0.1:5175/@vite/client:528
[     629ms] [WARNING] [Vue warn]: Invalid prop: type check failed for prop "onKeydown". Expected Function, got Array  
  at <ATextarea value="" onUpdate:value=fn rows=4  ... > 
  at <Anonymous value= {hashed: true, components: Object, theme: undefined, token: Object} > 
  at <ALocaleProvider locale=undefined ANT_MARK__="internalMark" > 
  at <LocaleReceiver children=fn<children> > 
  at <AConfigProvider theme= {token: Object} > 
  at <App> @ http://127.0.0.1:5175/@vite/client:528
[     633ms] [WARNING] [Vue warn]: Invalid prop: type check failed for prop "onKeydown". Expected Function, got Array  
  at <ATextarea value="" onUpdate:value=fn rows=4  ... > 
  at <Anonymous value= {hashed: true, components: Object, theme: undefined, token: Object} > 
  at <ALocaleProvider locale=undefined ANT_MARK__="internalMark" > 
  at <LocaleReceiver children=fn<children> > 
  at <AConfigProvider theme= {token: Object} > 
  at <App> @ http://127.0.0.1:5175/@vite/client:528
[     636ms] [WARNING] [Vue warn]: Invalid prop: type check failed for prop "onKeydown". Expected Function, got Array  
  at <ATextarea value="" onUpdate:value=fn rows=4  ... > 
  at <Anonymous value= {hashed: true, components: Object, theme: undefined, token: Object} > 
  at <ALocaleProvider locale=undefined ANT_MARK__="internalMark" > 
  at <LocaleReceiver children=fn<children> > 
  at <AConfigProvider theme= {token: Object} > 
  at <App> @ http://127.0.0.1:5175/@vite/client:528
[     639ms] [WARNING] [Vue warn]: Invalid prop: type check failed for prop "onKeydown". Expected Function, got Array  
  at <ATextarea value="" onUpdate:value=fn rows=4  ... > 
  at <Anonymous value= {hashed: true, components: Object, theme: undefined, token: Object} > 
  at <ALocaleProvider locale=undefined ANT_MARK__="internalMark" > 
  at <LocaleReceiver children=fn<children> > 
  at <AConfigProvider theme= {token: Object} > 
  at <App> @ http://127.0.0.1:5175/@vite/client:528
[     644ms] [WARNING] [Vue warn]: Invalid prop: type check failed for prop "onKeydown". Expected Function, got Array  
  at <ATextarea value="" onUpdate:value=fn rows=4  ... > 
  at <Anonymous value= {hashed: true, components: Object, theme: undefined, token: Object} > 
  at <ALocaleProvider locale=undefined ANT_MARK__="internalMark" > 
  at <LocaleReceiver children=fn<children> > 
  at <AConfigProvider theme= {token: Object} > 
  at <App> @ http://127.0.0.1:5175/@vite/client:528
[     649ms] [WARNING] [Vue warn]: Invalid prop: type check failed for prop "onKeydown". Expected Function, got Array  
  at <ATextarea value="" onUpdate:value=fn rows=4  ... > 
  at <Anonymous value= {hashed: true, components: Object, theme: undefined, token: Object} > 
  at <ALocaleProvider locale=undefined ANT_MARK__="internalMark" > 
  at <LocaleReceiver children=fn<children> > 
  at <AConfigProvider theme= {token: Object} > 
  at <App> @ http://127.0.0.1:5175/@vite/client:528
[     652ms] [WARNING] [Vue warn]: Invalid prop: type check failed for prop "onKeydown". Expected Function, got Array  
  at <ATextarea value="" onUpdate:value=fn rows=4  ... > 
  at <Anonymous value= {hashed: true, components: Object, theme: undefined, token: Object} > 
  at <ALocaleProvider locale=undefined ANT_MARK__="internalMark" > 
  at <LocaleReceiver children=fn<children> > 
  at <AConfigProvider theme= {token: Object} > 
  at <App> @ http://127.0.0.1:5175/@vite/client:528
[     655ms] [WARNING] [Vue warn]: Invalid prop: type check failed for prop "onKeydown". Expected Function, got Array  
  at <ATextarea value="" onUpdate:value=fn rows=4  ... > 
  at <Anonymous value= {hashed: true, components: Object, theme: undefined, token: Object} > 
  at <ALocaleProvider locale=undefined ANT_MARK__="internalMark" > 
  at <LocaleReceiver children=fn<children> > 
  at <AConfigProvider theme= {token: Object} > 
  at <App> @ http://127.0.0.1:5175/@vite/client:528
[     658ms] [WARNING] [Vue warn]: Invalid prop: type check failed for prop "onKeydown". Expected Function, got Array  
  at <ATextarea value="" onUpdate:value=fn rows=4  ... > 
  at <Anonymous value= {hashed: true, components: Object, theme: undefined, token: Object} > 
  at <ALocaleProvider locale=undefined ANT_MARK__="internalMark" > 
  at <LocaleReceiver children=fn<children> > 
  at <AConfigProvider theme= {token: Object} > 
  at <App> @ http://127.0.0.1:5175/@vite/client:528
[     662ms] [WARNING] [Vue warn]: Invalid prop: type check failed for prop "onKeydown". Expected Function, got Array  
  at <ATextarea value="" onUpdate:value=fn rows=4  ... > 
  at <Anonymous value= {hashed: true, components: Object, theme: undefined, token: Object} > 
  at <ALocaleProvider locale=undefined ANT_MARK__="internalMark" > 
  at <LocaleReceiver children=fn<children> > 
  at <AConfigProvider theme= {token: Object} > 
  at <App> @ http://127.0.0.1:5175/@vite/client:528
[     665ms] [WARNING] [Vue warn]: Invalid prop: type check failed for prop "onKeydown". Expected Function, got Array  
  at <ATextarea value="" onUpdate:value=fn rows=4  ... > 
  at <Anonymous value= {hashed: true, components: Object, theme: undefined, token: Object} > 
  at <ALocaleProvider locale=undefined ANT_MARK__="internalMark" > 
  at <LocaleReceiver children=fn<children> > 
  at <AConfigProvider theme= {token: Object} > 
  at <App> @ http://127.0.0.1:5175/@vite/client:528
[     668ms] [WARNING] [Vue warn]: Invalid prop: type check failed for prop "onKeydown". Expected Function, got Array  
  at <ATextarea value="" onUpdate:value=fn rows=4  ... > 
  at <Anonymous value= {hashed: true, components: Object, theme: undefined, token: Object} > 
  at <ALocaleProvider locale=undefined ANT_MARK__="internalMark" > 
  at <LocaleReceiver children=fn<children> > 
  at <AConfigProvider theme= {token: Object} > 
  at <App> @ http://127.0.0.1:5175/@vite/client:528
[     671ms] [WARNING] [Vue warn]: Invalid prop: type check failed for prop "onKeydown". Expected Function, got Array  
  at <ATextarea value="" onUpdate:value=fn rows=4  ... > 
  at <Anonymous value= {hashed: true, components: Object, theme: undefined, token: Object} > 
  at <ALocaleProvider locale=undefined ANT_MARK__="internalMark" > 
  at <LocaleReceiver children=fn<children> > 
  at <AConfigProvider theme= {token: Object} > 
  at <App> @ http://127.0.0.1:5175/@vite/client:528
[     674ms] [WARNING] [Vue warn]: Invalid prop: type check failed for prop "onKeydown". Expected Function, got Array  
  at <ATextarea value="" onUpdate:value=fn rows=4  ... > 
  at <Anonymous value= {hashed: true, components: Object, theme: undefined, token: Object} > 
  at <ALocaleProvider locale=undefined ANT_MARK__="internalMark" > 
  at <LocaleReceiver children=fn<children> > 
  at <AConfigProvider theme= {token: Object} > 
  at <App> @ http://127.0.0.1:5175/@vite/client:528
[     677ms] [WARNING] [Vue warn]: Invalid prop: type check failed for prop "onKeydown". Expected Function, got Array  
  at <ATextarea value="" onUpdate:value=fn rows=4  ... > 
  at <Anonymous value= {hashed: true, components: Object, theme: undefined, token: Object} > 
  at <ALocaleProvider locale=undefined ANT_MARK__="internalMark" > 
  at <LocaleReceiver children=fn<children> > 
  at <AConfigProvider theme= {token: Object} > 
  at <App> @ http://127.0.0.1:5175/@vite/client:528
[     680ms] [WARNING] [Vue warn]: Invalid prop: type check failed for prop "onKeydown". Expected Function, got Array  
  at <ATextarea value="" onUpdate:value=fn rows=4  ... > 
  at <Anonymous value= {hashed: true, components: Object, theme: undefined, token: Object} > 
  at <ALocaleProvider locale=undefined ANT_MARK__="internalMark" > 
  at <LocaleReceiver children=fn<children> > 
  at <AConfigProvider theme= {token: Object} > 
  at <App> @ http://127.0.0.1:5175/@vite/client:528
[     684ms] [WARNING] [Vue warn]: Invalid prop: type check failed for prop "onKeydown". Expected Function, got Array  
  at <ATextarea value="" onUpdate:value=fn rows=4  ... > 
  at <Anonymous value= {hashed: true, components: Object, theme: undefined, token: Object} > 
  at <ALocaleProvider locale=undefined ANT_MARK__="internalMark" > 
  at <LocaleReceiver children=fn<children> > 
  at <AConfigProvider theme= {token: Object} > 
  at <App> @ http://127.0.0.1:5175/@vite/client:528
[     687ms] [WARNING] [Vue warn]: Invalid prop: type check failed for prop "onKeydown". Expected Function, got Array  
  at <ATextarea value="" onUpdate:value=fn rows=4  ... > 
  at <Anonymous value= {hashed: true, components: Object, theme: undefined, token: Object} > 
  at <ALocaleProvider locale=undefined ANT_MARK__="internalMark" > 
  at <LocaleReceiver children=fn<children> > 
  at <AConfigProvider theme= {token: Object} > 
  at <App> @ http://127.0.0.1:5175/@vite/client:528
[     691ms] [WARNING] [Vue warn]: Invalid prop: type check failed for prop "onKeydown". Expected Function, got Array  
  at <ATextarea value="" onUpdate:value=fn rows=4  ... > 
  at <Anonymous value= {hashed: true, components: Object, theme: undefined, token: Object} > 
  at <ALocaleProvider locale=undefined ANT_MARK__="internalMark" > 
  at <LocaleReceiver children=fn<children> > 
  at <AConfigProvider theme= {token: Object} > 
  at <App> @ http://127.0.0.1:5175/@vite/client:528
[     695ms] [WARNING] [Vue warn]: Invalid prop: type check failed for prop "onKeydown". Expected Function, got Array  
  at <ATextarea value="" onUpdate:value=fn rows=4  ... > 
  at <Anonymous value= {hashed: true, components: Object, theme: undefined, token: Object} > 
  at <ALocaleProvider locale=undefined ANT_MARK__="internalMark" > 
  at <LocaleReceiver children=fn<children> > 
  at <AConfigProvider theme= {token: Object} > 
  at <App> @ http://127.0.0.1:5175/@vite/client:528
[     699ms] [WARNING] [Vue warn]: Invalid prop: type check failed for prop "onKeydown". Expected Function, got Array  
  at <ATextarea value="" onUpdate:value=fn rows=4  ... > 
  at <Anonymous value= {hashed: true, components: Object, theme: undefined, token: Object} > 
  at <ALocaleProvider locale=undefined ANT_MARK__="internalMark" > 
  at <LocaleReceiver children=fn<children> > 
  at <AConfigProvider theme= {token: Object} > 
  at <App> @ http://127.0.0.1:5175/@vite/client:528
[     702ms] [WARNING] [Vue warn]: Invalid prop: type check failed for prop "onKeydown". Expected Function, got Array  
  at <ATextarea value="" onUpdate:value=fn rows=4  ... > 
  at <Anonymous value= {hashed: true, components: Object, theme: undefined, token: Object} > 
  at <ALocaleProvider locale=undefined ANT_MARK__="internalMark" > 
  at <LocaleReceiver children=fn<children> > 
  at <AConfigProvider theme= {token: Object} > 
  at <App> @ http://127.0.0.1:5175/@vite/client:528
[     705ms] [WARNING] [Vue warn]: Invalid prop: type check failed for prop "onKeydown". Expected Function, got Array  
  at <ATextarea value="" onUpdate:value=fn rows=4  ... > 
  at <Anonymous value= {hashed: true, components: Object, theme: undefined, token: Object} > 
  at <ALocaleProvider locale=undefined ANT_MARK__="internalMark" > 
  at <LocaleReceiver children=fn<children> > 
  at <AConfigProvider theme= {token: Object} > 
  at <App> @ http://127.0.0.1:5175/@vite/client:528
[     708ms] [WARNING] [Vue warn]: Invalid prop: type check failed for prop "onKeydown". Expected Function, got Array  
  at <ATextarea value="" onUpdate:value=fn rows=4  ... > 
  at <Anonymous value= {hashed: true, components: Object, theme: undefined, token: Object} > 
  at <ALocaleProvider locale=undefined ANT_MARK__="internalMark" > 
  at <LocaleReceiver children=fn<children> > 
  at <AConfigProvider theme= {token: Object} > 
  at <App> @ http://127.0.0.1:5175/@vite/client:528
[     712ms] [WARNING] [Vue warn]: Invalid prop: type check failed for prop "onKeydown". Expected Function, got Array  
  at <ATextarea value="" onUpdate:value=fn rows=4  ... > 
  at <Anonymous value= {hashed: true, components: Object, theme: undefined, token: Object} > 
  at <ALocaleProvider locale=undefined ANT_MARK__="internalMark" > 
  at <LocaleReceiver children=fn<children> > 
  at <AConfigProvider theme= {token: Object} > 
  at <App> @ http://127.0.0.1:5175/@vite/client:528
[     715ms] [WARNING] [Vue warn]: Invalid prop: type check failed for prop "onKeydown". Expected Function, got Array  
  at <ATextarea value="" onUpdate:value=fn rows=4  ... > 
  at <Anonymous value= {hashed: true, components: Object, theme: undefined, token: Object} > 
  at <ALocaleProvider locale=undefined ANT_MARK__="internalMark" > 
  at <LocaleReceiver children=fn<children> > 
  at <AConfigProvider theme= {token: Object} > 
  at <App> @ http://127.0.0.1:5175/@vite/client:528
[     718ms] [WARNING] [Vue warn]: Invalid prop: type check failed for prop "onKeydown". Expected Function, got Array  
  at <ATextarea value="" onUpdate:value=fn rows=4  ... > 
  at <Anonymous value= {hashed: true, components: Object, theme: undefined, token: Object} > 
  at <ALocaleProvider locale=undefined ANT_MARK__="internalMark" > 
  at <LocaleReceiver children=fn<children> > 
  at <AConfigProvider theme= {token: Object} > 
  at <App> @ http://127.0.0.1:5175/@vite/client:528
[     721ms] [WARNING] [Vue warn]: Invalid prop: type check failed for prop "onKeydown". Expected Function, got Array  
  at <ATextarea value="" onUpdate:value=fn rows=4  ... > 
  at <Anonymous value= {hashed: true, components: Object, theme: undefined, token: Object} > 
  at <ALocaleProvider locale=undefined ANT_MARK__="internalMark" > 
  at <LocaleReceiver children=fn<children> > 
  at <AConfigProvider theme= {token: Object} > 
  at <App> @ http://127.0.0.1:5175/@vite/client:528
[     724ms] [WARNING] [Vue warn]: Invalid prop: type check failed for prop "onKeydown". Expected Function, got Array  
  at <ATextarea value="" onUpdate:value=fn rows=4  ... > 
  at <Anonymous value= {hashed: true, components: Object, theme: undefined, token: Object} > 
  at <ALocaleProvider locale=undefined ANT_MARK__="internalMark" > 
  at <LocaleReceiver children=fn<children> > 
  at <AConfigProvider theme= {token: Object} > 
  at <App> @ http://127.0.0.1:5175/@vite/client:528
[     727ms] [WARNING] [Vue warn]: Invalid prop: type check failed for prop "onKeydown". Expected Function, got Array  
  at <ATextarea value="" onUpdate:value=fn rows=4  ... > 
  at <Anonymous value= {hashed: true, components: Object, theme: undefined, token: Object} > 
  at <ALocaleProvider locale=undefined ANT_MARK__="internalMark" > 
  at <LocaleReceiver children=fn<children> > 
  at <AConfigProvider theme= {token: Object} > 
  at <App> @ http://127.0.0.1:5175/@vite/client:528
[     731ms] [WARNING] [Vue warn]: Invalid prop: type check failed for prop "onKeydown". Expected Function, got Array  
  at <ATextarea value="" onUpdate:value=fn rows=4  ... > 
  at <Anonymous value= {hashed: true, components: Object, theme: undefined, token: Object} > 
  at <ALocaleProvider locale=undefined ANT_MARK__="internalMark" > 
  at <LocaleReceiver children=fn<children> > 
  at <AConfigProvider theme= {token: Object} > 
  at <App> @ http://127.0.0.1:5175/@vite/client:528
[     734ms] [WARNING] [Vue warn]: Invalid prop: type check failed for prop "onKeydown". Expected Function, got Array  
  at <ATextarea value="" onUpdate:value=fn rows=4  ... > 
  at <Anonymous value= {hashed: true, components: Object, theme: undefined, token: Object} > 
  at <ALocaleProvider locale=undefined ANT_MARK__="internalMark" > 
  at <LocaleReceiver children=fn<children> > 
  at <AConfigProvider theme= {token: Object} > 
  at <App> @ http://127.0.0.1:5175/@vite/client:528
[     738ms] [WARNING] [Vue warn]: Invalid prop: type check failed for prop "onKeydown". Expected Function, got Array  
  at <ATextarea value="" onUpdate:value=fn rows=4  ... > 
  at <Anonymous value= {hashed: true, components: Object, theme: undefined, token: Object} > 
  at <ALocaleProvider locale=undefined ANT_MARK__="internalMark" > 
  at <LocaleReceiver children=fn<children> > 
  at <AConfigProvider theme= {token: Object} > 
  at <App> @ http://127.0.0.1:5175/@vite/client:528
[     741ms] [WARNING] [Vue warn]: Invalid prop: type check failed for prop "onKeydown". Expected Function, got Array  
  at <ATextarea value="" onUpdate:value=fn rows=4  ... > 
  at <Anonymous value= {hashed: true, components: Object, theme: undefined, token: Object} > 
  at <ALocaleProvider locale=undefined ANT_MARK__="internalMark" > 
  at <LocaleReceiver children=fn<children> > 
  at <AConfigProvider theme= {token: Object} > 
  at <App> @ http://127.0.0.1:5175/@vite/client:528
[     745ms] [WARNING] [Vue warn]: Invalid prop: type check failed for prop "onKeydown". Expected Function, got Array  
  at <ATextarea value="" onUpdate:value=fn rows=4  ... > 
  at <Anonymous value= {hashed: true, components: Object, theme: undefined, token: Object} > 
  at <ALocaleProvider locale=undefined ANT_MARK__="internalMark" > 
  at <LocaleReceiver children=fn<children> > 
  at <AConfigProvider theme= {token: Object} > 
  at <App> @ http://127.0.0.1:5175/@vite/client:528
[     751ms] [WARNING] [Vue warn]: Invalid prop: type check failed for prop "onKeydown". Expected Function, got Array  
  at <ATextarea value="" onUpdate:value=fn rows=4  ... > 
  at <Anonymous value= {hashed: true, components: Object, theme: undefined, token: Object} > 
  at <ALocaleProvider locale=undefined ANT_MARK__="internalMark" > 
  at <LocaleReceiver children=fn<children> > 
  at <AConfigProvider theme= {token: Object} > 
  at <App> @ http://127.0.0.1:5175/@vite/client:528
[     757ms] [WARNING] [Vue warn]: Invalid prop: type check failed for prop "onKeydown". Expected Function, got Array  
  at <ATextarea value="" onUpdate:value=fn rows=4  ... > 
  at <Anonymous value= {hashed: true, components: Object, theme: undefined, token: Object} > 
  at <ALocaleProvider locale=undefined ANT_MARK__="internalMark" > 
  at <LocaleReceiver children=fn<children> > 
  at <AConfigProvider theme= {token: Object} > 
  at <App> @ http://127.0.0.1:5175/@vite/client:528
[     760ms] [WARNING] [Vue warn]: Invalid prop: type check failed for prop "onKeydown". Expected Function, got Array  
  at <ATextarea value="" onUpdate:value=fn rows=4  ... > 
  at <Anonymous value= {hashed: true, components: Object, theme: undefined, token: Object} > 
  at <ALocaleProvider locale=undefined ANT_MARK__="internalMark" > 
  at <LocaleReceiver children=fn<children> > 
  at <AConfigProvider theme= {token: Object} > 
  at <App> @ http://127.0.0.1:5175/@vite/client:528
[     764ms] [WARNING] [Vue warn]: Invalid prop: type check failed for prop "onKeydown". Expected Function, got Array  
  at <ATextarea value="" onUpdate:value=fn rows=4  ... > 
  at <Anonymous value= {hashed: true, components: Object, theme: undefined, token: Object} > 
  at <ALocaleProvider locale=undefined ANT_MARK__="internalMark" > 
  at <LocaleReceiver children=fn<children> > 
  at <AConfigProvider theme= {token: Object} > 
  at <App> @ http://127.0.0.1:5175/@vite/client:528
[     767ms] [WARNING] [Vue warn]: Invalid prop: type check failed for prop "onKeydown". Expected Function, got Array  
  at <ATextarea value="" onUpdate:value=fn rows=4  ... > 
  at <Anonymous value= {hashed: true, components: Object, theme: undefined, token: Object} > 
  at <ALocaleProvider locale=undefined ANT_MARK__="internalMark" > 
  at <LocaleReceiver children=fn<children> > 
  at <AConfigProvider theme= {token: Object} > 
  at <App> @ http://127.0.0.1:5175/@vite/client:528
[     770ms] [WARNING] [Vue warn]: Invalid prop: type check failed for prop "onKeydown". Expected Function, got Array  
  at <ATextarea value="" onUpdate:value=fn rows=4  ... > 
  at <Anonymous value= {hashed: true, components: Object, theme: undefined, token: Object} > 
  at <ALocaleProvider locale=undefined ANT_MARK__="internalMark" > 
  at <LocaleReceiver children=fn<children> > 
  at <AConfigProvider theme= {token: Object} > 
  at <App> @ http://127.0.0.1:5175/@vite/client:528
[     773ms] [WARNING] [Vue warn]: Invalid prop: type check failed for prop "onKeydown". Expected Function, got Array  
  at <ATextarea value="" onUpdate:value=fn rows=4  ... > 
  at <Anonymous value= {hashed: true, components: Object, theme: undefined, token: Object} > 
  at <ALocaleProvider locale=undefined ANT_MARK__="internalMark" > 
  at <LocaleReceiver children=fn<children> > 
  at <AConfigProvider theme= {token: Object} > 
  at <App> @ http://127.0.0.1:5175/@vite/client:528
[     776ms] [WARNING] [Vue warn]: Invalid prop: type check failed for prop "onKeydown". Expected Function, got Array  
  at <ATextarea value="" onUpdate:value=fn rows=4  ... > 
  at <Anonymous value= {hashed: true, components: Object, theme: undefined, token: Object} > 
  at <ALocaleProvider locale=undefined ANT_MARK__="internalMark" > 
  at <LocaleReceiver children=fn<children> > 
  at <AConfigProvider theme= {token: Object} > 
  at <App> @ http://127.0.0.1:5175/@vite/client:528
[     780ms] [WARNING] [Vue warn]: Invalid prop: type check failed for prop "onKeydown". Expected Function, got Array  
  at <ATextarea value="" onUpdate:value=fn rows=4  ... > 
  at <Anonymous value= {hashed: true, components: Object, theme: undefined, token: Object} > 
  at <ALocaleProvider locale=undefined ANT_MARK__="internalMark" > 
  at <LocaleReceiver children=fn<children> > 
  at <AConfigProvider theme= {token: Object} > 
  at <App> @ http://127.0.0.1:5175/@vite/client:528
[     783ms] [WARNING] [Vue warn]: Invalid prop: type check failed for prop "onKeydown". Expected Function, got Array  
  at <ATextarea value="" onUpdate:value=fn rows=4  ... > 
  at <Anonymous value= {hashed: true, components: Object, theme: undefined, token: Object} > 
  at <ALocaleProvider locale=undefined ANT_MARK__="internalMark" > 
  at <LocaleReceiver children=fn<children> > 
  at <AConfigProvider theme= {token: Object} > 
  at <App> @ http://127.0.0.1:5175/@vite/client:528
[     786ms] [WARNING] [Vue warn]: Invalid prop: type check failed for prop "onKeydown". Expected Function, got Array  
  at <ATextarea value="" onUpdate:value=fn rows=4  ... > 
  at <Anonymous value= {hashed: true, components: Object, theme: undefined, token: Object} > 
  at <ALocaleProvider locale=undefined ANT_MARK__="internalMark" > 
  at <LocaleReceiver children=fn<children> > 
  at <AConfigProvider theme= {token: Object} > 
  at <App> @ http://127.0.0.1:5175/@vite/client:528
[     789ms] [WARNING] [Vue warn]: Invalid prop: type check failed for prop "onKeydown". Expected Function, got Array  
  at <ATextarea value="" onUpdate:value=fn rows=4  ... > 
  at <Anonymous value= {hashed: true, components: Object, theme: undefined, token: Object} > 
  at <ALocaleProvider locale=undefined ANT_MARK__="internalMark" > 
  at <LocaleReceiver children=fn<children> > 
  at <AConfigProvider theme= {token: Object} > 
  at <App> @ http://127.0.0.1:5175/@vite/client:528
[     792ms] [WARNING] [Vue warn]: Invalid prop: type check failed for prop "onKeydown". Expected Function, got Array  
  at <ATextarea value="" onUpdate:value=fn rows=4  ... > 
  at <Anonymous value= {hashed: true, components: Object, theme: undefined, token: Object} > 
  at <ALocaleProvider locale=undefined ANT_MARK__="internalMark" > 
  at <LocaleReceiver children=fn<children> > 
  at <AConfigProvider theme= {token: Object} > 
  at <App> @ http://127.0.0.1:5175/@vite/client:528
[     795ms] [WARNING] [Vue warn]: Invalid prop: type check failed for prop "onKeydown". Expected Function, got Array  
  at <ATextarea value="" onUpdate:value=fn rows=4  ... > 
  at <Anonymous value= {hashed: true, components: Object, theme: undefined, token: Object} > 
  at <ALocaleProvider locale=undefined ANT_MARK__="internalMark" > 
  at <LocaleReceiver children=fn<children> > 
  at <AConfigProvider theme= {token: Object} > 
  at <App> @ http://127.0.0.1:5175/@vite/client:528
[     798ms] [WARNING] [Vue warn]: Invalid prop: type check failed for prop "onKeydown". Expected Function, got Array  
  at <ATextarea value="" onUpdate:value=fn rows=4  ... > 
  at <Anonymous value= {hashed: true, components: Object, theme: undefined, token: Object} > 
  at <ALocaleProvider locale=undefined ANT_MARK__="internalMark" > 
  at <LocaleReceiver children=fn<children> > 
  at <AConfigProvider theme= {token: Object} > 
  at <App> @ http://127.0.0.1:5175/@vite/client:528
[     801ms] [WARNING] [Vue warn]: Invalid prop: type check failed for prop "onKeydown". Expected Function, got Array  
  at <ATextarea value="" onUpdate:value=fn rows=4  ... > 
  at <Anonymous value= {hashed: true, components: Object, theme: undefined, token: Object} > 
  at <ALocaleProvider locale=undefined ANT_MARK__="internalMark" > 
  at <LocaleReceiver children=fn<children> > 
  at <AConfigProvider theme= {token: Object} > 
  at <App> @ http://127.0.0.1:5175/@vite/client:528
[     804ms] [WARNING] [Vue warn]: Invalid prop: type check failed for prop "onKeydown". Expected Function, got Array  
  at <ATextarea value="" onUpdate:value=fn rows=4  ... > 
  at <Anonymous value= {hashed: true, components: Object, theme: undefined, token: Object} > 
  at <ALocaleProvider locale=undefined ANT_MARK__="internalMark" > 
  at <LocaleReceiver children=fn<children> > 
  at <AConfigProvider theme= {token: Object} > 
  at <App> @ http://127.0.0.1:5175/@vite/client:528
[     807ms] [WARNING] [Vue warn]: Invalid prop: type check failed for prop "onKeydown". Expected Function, got Array  
  at <ATextarea value="" onUpdate:value=fn rows=4  ... > 
  at <Anonymous value= {hashed: true, components: Object, theme: undefined, token: Object} > 
  at <ALocaleProvider locale=undefined ANT_MARK__="internalMark" > 
  at <LocaleReceiver children=fn<children> > 
  at <AConfigProvider theme= {token: Object} > 
  at <App> @ http://127.0.0.1:5175/@vite/client:528
[     811ms] [WARNING] [Vue warn]: Invalid prop: type check failed for prop "onKeydown". Expected Function, got Array  
  at <ATextarea value="" onUpdate:value=fn rows=4  ... > 
  at <Anonymous value= {hashed: true, components: Object, theme: undefined, token: Object} > 
  at <ALocaleProvider locale=undefined ANT_MARK__="internalMark" > 
  at <LocaleReceiver children=fn<children> > 
  at <AConfigProvider theme= {token: Object} > 
  at <App> @ http://127.0.0.1:5175/@vite/client:528
[     814ms] [WARNING] [Vue warn]: Invalid prop: type check failed for prop "onKeydown". Expected Function, got Array  
  at <ATextarea value="" onUpdate:value=fn rows=4  ... > 
  at <Anonymous value= {hashed: true, components: Object, theme: undefined, token: Object} > 
  at <ALocaleProvider locale=undefined ANT_MARK__="internalMark" > 
  at <LocaleReceiver children=fn<children> > 
  at <AConfigProvider theme= {token: Object} > 
  at <App> @ http://127.0.0.1:5175/@vite/client:528
[     817ms] [WARNING] [Vue warn]: Invalid prop: type check failed for prop "onKeydown". Expected Function, got Array  
  at <ATextarea value="" onUpdate:value=fn rows=4  ... > 
  at <Anonymous value= {hashed: true, components: Object, theme: undefined, token: Object} > 
  at <ALocaleProvider locale=undefined ANT_MARK__="internalMark" > 
  at <LocaleReceiver children=fn<children> > 
  at <AConfigProvider theme= {token: Object} > 
  at <App> @ http://127.0.0.1:5175/@vite/client:528
[     820ms] [WARNING] [Vue warn]: Invalid prop: type check failed for prop "onKeydown". Expected Function, got Array  
  at <ATextarea value="" onUpdate:value=fn rows=4  ... > 
  at <Anonymous value= {hashed: true, components: Object, theme: undefined, token: Object} > 
  at <ALocaleProvider locale=undefined ANT_MARK__="internalMark" > 
  at <LocaleReceiver children=fn<children> > 
  at <AConfigProvider theme= {token: Object} > 
  at <App> @ http://127.0.0.1:5175/@vite/client:528
[     823ms] [WARNING] [Vue warn]: Invalid prop: type check failed for prop "onKeydown". Expected Function, got Array  
  at <ATextarea value="" onUpdate:value=fn rows=4  ... > 
  at <Anonymous value= {hashed: true, components: Object, theme: undefined, token: Object} > 
  at <ALocaleProvider locale=undefined ANT_MARK__="internalMark" > 
  at <LocaleReceiver children=fn<children> > 
  at <AConfigProvider theme= {token: Object} > 
  at <App> @ http://127.0.0.1:5175/@vite/client:528
[     827ms] [WARNING] [Vue warn]: Invalid prop: type check failed for prop "onKeydown". Expected Function, got Array  
  at <ATextarea value="" onUpdate:value=fn rows=4  ... > 
  at <Anonymous value= {hashed: true, components: Object, theme: undefined, token: Object} > 
  at <ALocaleProvider locale=undefined ANT_MARK__="internalMark" > 
  at <LocaleReceiver children=fn<children> > 
  at <AConfigProvider theme= {token: Object} > 
  at <App> @ http://127.0.0.1:5175/@vite/client:528
[     830ms] [WARNING] [Vue warn]: Invalid prop: type check failed for prop "onKeydown". Expected Function, got Array  
  at <ATextarea value="" onUpdate:value=fn rows=4  ... > 
  at <Anonymous value= {hashed: true, components: Object, theme: undefined, token: Object} > 
  at <ALocaleProvider locale=undefined ANT_MARK__="internalMark" > 
  at <LocaleReceiver children=fn<children> > 
  at <AConfigProvider theme= {token: Object} > 
  at <App> @ http://127.0.0.1:5175/@vite/client:528
[     833ms] [WARNING] [Vue warn]: Invalid prop: type check failed for prop "onKeydown". Expected Function, got Array  
  at <ATextarea value="" onUpdate:value=fn rows=4  ... > 
  at <Anonymous value= {hashed: true, components: Object, theme: undefined, token: Object} > 
  at <ALocaleProvider locale=undefined ANT_MARK__="internalMark" > 
  at <LocaleReceiver children=fn<children> > 
  at <AConfigProvider theme= {token: Object} > 
  at <App> @ http://127.0.0.1:5175/@vite/client:528
[     837ms] [WARNING] [Vue warn]: Invalid prop: type check failed for prop "onKeydown". Expected Function, got Array  
  at <ATextarea value="" onUpdate:value=fn rows=4  ... > 
  at <Anonymous value= {hashed: true, components: Object, theme: undefined, token: Object} > 
  at <ALocaleProvider locale=undefined ANT_MARK__="internalMark" > 
  at <LocaleReceiver children=fn<children> > 
  at <AConfigProvider theme= {token: Object} > 
  at <App> @ http://127.0.0.1:5175/@vite/client:528
[     840ms] [WARNING] [Vue warn]: Invalid prop: type check failed for prop "onKeydown". Expected Function, got Array  
  at <ATextarea value="" onUpdate:value=fn rows=4  ... > 
  at <Anonymous value= {hashed: true, components: Object, theme: undefined, token: Object} > 
  at <ALocaleProvider locale=undefined ANT_MARK__="internalMark" > 
  at <LocaleReceiver children=fn<children> > 
  at <AConfigProvider theme= {token: Object} > 
  at <App> @ http://127.0.0.1:5175/@vite/client:528
[     843ms] [WARNING] [Vue warn]: Invalid prop: type check failed for prop "onKeydown". Expected Function, got Array  
  at <ATextarea value="" onUpdate:value=fn rows=4  ... > 
  at <Anonymous value= {hashed: true, components: Object, theme: undefined, token: Object} > 
  at <ALocaleProvider locale=undefined ANT_MARK__="internalMark" > 
  at <LocaleReceiver children=fn<children> > 
  at <AConfigProvider theme= {token: Object} > 
  at <App> @ http://127.0.0.1:5175/@vite/client:528
[     846ms] [WARNING] [Vue warn]: Invalid prop: type check failed for prop "onKeydown". Expected Function, got Array  
  at <ATextarea value="" onUpdate:value=fn rows=4  ... > 
  at <Anonymous value= {hashed: true, components: Object, theme: undefined, token: Object} > 
  at <ALocaleProvider locale=undefined ANT_MARK__="internalMark" > 
  at <LocaleReceiver children=fn<children> > 
  at <AConfigProvider theme= {token: Object} > 
  at <App> @ http://127.0.0.1:5175/@vite/client:528
[     849ms] [WARNING] [Vue warn]: Invalid prop: type check failed for prop "onKeydown". Expected Function, got Array  
  at <ATextarea value="" onUpdate:value=fn rows=4  ... > 
  at <Anonymous value= {hashed: true, components: Object, theme: undefined, token: Object} > 
  at <ALocaleProvider locale=undefined ANT_MARK__="internalMark" > 
  at <LocaleReceiver children=fn<children> > 
  at <AConfigProvider theme= {token: Object} > 
  at <App> @ http://127.0.0.1:5175/@vite/client:528
[     854ms] [WARNING] [Vue warn]: Invalid prop: type check failed for prop "onKeydown". Expected Function, got Array  
  at <ATextarea value="" onUpdate:value=fn rows=4  ... > 
  at <Anonymous value= {hashed: true, components: Object, theme: undefined, token: Object} > 
  at <ALocaleProvider locale=undefined ANT_MARK__="internalMark" > 
  at <LocaleReceiver children=fn<children> > 
  at <AConfigProvider theme= {token: Object} > 
  at <App> @ http://127.0.0.1:5175/@vite/client:528
[     858ms] [WARNING] [Vue warn]: Invalid prop: type check failed for prop "onKeydown". Expected Function, got Array  
  at <ATextarea value="" onUpdate:value=fn rows=4  ... > 
  at <Anonymous value= {hashed: true, components: Object, theme: undefined, token: Object} > 
  at <ALocaleProvider locale=undefined ANT_MARK__="internalMark" > 
  at <LocaleReceiver children=fn<children> > 
  at <AConfigProvider theme= {token: Object} > 
  at <App> @ http://127.0.0.1:5175/@vite/client:528
[     862ms] [WARNING] [Vue warn]: Invalid prop: type check failed for prop "onKeydown". Expected Function, got Array  
  at <ATextarea value="" onUpdate:value=fn rows=4  ... > 
  at <Anonymous value= {hashed: true, components: Object, theme: undefined, token: Object} > 
  at <ALocaleProvider locale=undefined ANT_MARK__="internalMark" > 
  at <LocaleReceiver children=fn<children> > 
  at <AConfigProvider theme= {token: Object} > 
  at <App> @ http://127.0.0.1:5175/@vite/client:528
[     865ms] [WARNING] [Vue warn]: Invalid prop: type check failed for prop "onKeydown". Expected Function, got Array  
  at <ATextarea value="" onUpdate:value=fn rows=4  ... > 
  at <Anonymous value= {hashed: true, components: Object, theme: undefined, token: Object} > 
  at <ALocaleProvider locale=undefined ANT_MARK__="internalMark" > 
  at <LocaleReceiver children=fn<children> > 
  at <AConfigProvider theme= {token: Object} > 
  at <App> @ http://127.0.0.1:5175/@vite/client:528
[     868ms] [WARNING] [Vue warn]: Invalid prop: type check failed for prop "onKeydown". Expected Function, got Array  
  at <ATextarea value="" onUpdate:value=fn rows=4  ... > 
  at <Anonymous value= {hashed: true, components: Object, theme: undefined, token: Object} > 
  at <ALocaleProvider locale=undefined ANT_MARK__="internalMark" > 
  at <LocaleReceiver children=fn<children> > 
  at <AConfigProvider theme= {token: Object} > 
  at <App> @ http://127.0.0.1:5175/@vite/client:528
[     871ms] [WARNING] [Vue warn]: Invalid prop: type check failed for prop "onKeydown". Expected Function, got Array  
  at <ATextarea value="" onUpdate:value=fn rows=4  ... > 
  at <Anonymous value= {hashed: true, components: Object, theme: undefined, token: Object} > 
  at <ALocaleProvider locale=undefined ANT_MARK__="internalMark" > 
  at <LocaleReceiver children=fn<children> > 
  at <AConfigProvider theme= {token: Object} > 
  at <App> @ http://127.0.0.1:5175/@vite/client:528
[     874ms] [WARNING] [Vue warn]: Invalid prop: type check failed for prop "onKeydown". Expected Function, got Array  
  at <ATextarea value="" onUpdate:value=fn rows=4  ... > 
  at <Anonymous value= {hashed: true, components: Object, theme: undefined, token: Object} > 
  at <ALocaleProvider locale=undefined ANT_MARK__="internalMark" > 
  at <LocaleReceiver children=fn<children> > 
  at <AConfigProvider theme= {token: Object} > 
  at <App> @ http://127.0.0.1:5175/@vite/client:528
[     877ms] [WARNING] [Vue warn]: Invalid prop: type check failed for prop "onKeydown". Expected Function, got Array  
  at <ATextarea value="" onUpdate:value=fn rows=4  ... > 
  at <Anonymous value= {hashed: true, components: Object, theme: undefined, token: Object} > 
  at <ALocaleProvider locale=undefined ANT_MARK__="internalMark" > 
  at <LocaleReceiver children=fn<children> > 
  at <AConfigProvider theme= {token: Object} > 
  at <App> @ http://127.0.0.1:5175/@vite/client:528
[     880ms] [WARNING] [Vue warn]: Invalid prop: type check failed for prop "onKeydown". Expected Function, got Array  
  at <ATextarea value="" onUpdate:value=fn rows=4  ... > 
  at <Anonymous value= {hashed: true, components: Object, theme: undefined, token: Object} > 
  at <ALocaleProvider locale=undefined ANT_MARK__="internalMark" > 
  at <LocaleReceiver children=fn<children> > 
  at <AConfigProvider theme= {token: Object} > 
  at <App> @ http://127.0.0.1:5175/@vite/client:528
[     884ms] [WARNING] [Vue warn]: Invalid prop: type check failed for prop "onKeydown". Expected Function, got Array  
  at <ATextarea value="" onUpdate:value=fn rows=4  ... > 
  at <Anonymous value= {hashed: true, components: Object, theme: undefined, token: Object} > 
  at <ALocaleProvider locale=undefined ANT_MARK__="internalMark" > 
  at <LocaleReceiver children=fn<children> > 
  at <AConfigProvider theme= {token: Object} > 
  at <App> @ http://127.0.0.1:5175/@vite/client:528
[     887ms] [WARNING] [Vue warn]: Invalid prop: type check failed for prop "onKeydown". Expected Function, got Array  
  at <ATextarea value="" onUpdate:value=fn rows=4  ... > 
  at <Anonymous value= {hashed: true, components: Object, theme: undefined, token: Object} > 
  at <ALocaleProvider locale=undefined ANT_MARK__="internalMark" > 
  at <LocaleReceiver children=fn<children> > 
  at <AConfigProvider theme= {token: Object} > 
  at <App> @ http://127.0.0.1:5175/@vite/client:528
[     890ms] [WARNING] [Vue warn]: Invalid prop: type check failed for prop "onKeydown". Expected Function, got Array  
  at <ATextarea value="" onUpdate:value=fn rows=4  ... > 
  at <Anonymous value= {hashed: true, components: Object, theme: undefined, token: Object} > 
  at <ALocaleProvider locale=undefined ANT_MARK__="internalMark" > 
  at <LocaleReceiver children=fn<children> > 
  at <AConfigProvider theme= {token: Object} > 
  at <App> @ http://127.0.0.1:5175/@vite/client:528
[     893ms] [WARNING] [Vue warn]: Invalid prop: type check failed for prop "onKeydown". Expected Function, got Array  
  at <ATextarea value="" onUpdate:value=fn rows=4  ... > 
  at <Anonymous value= {hashed: true, components: Object, theme: undefined, token: Object} > 
  at <ALocaleProvider locale=undefined ANT_MARK__="internalMark" > 
  at <LocaleReceiver children=fn<children> > 
  at <AConfigProvider theme= {token: Object} > 
  at <App> @ http://127.0.0.1:5175/@vite/client:528
[     896ms] [WARNING] [Vue warn]: Invalid prop: type check failed for prop "onKeydown". Expected Function, got Array  
  at <ATextarea value="" onUpdate:value=fn rows=4  ... > 
  at <Anonymous value= {hashed: true, components: Object, theme: undefined, token: Object} > 
  at <ALocaleProvider locale=undefined ANT_MARK__="internalMark" > 
  at <LocaleReceiver children=fn<children> > 
  at <AConfigProvider theme= {token: Object} > 
  at <App> @ http://127.0.0.1:5175/@vite/client:528
[     899ms] [WARNING] [Vue warn]: Invalid prop: type check failed for prop "onKeydown". Expected Function, got Array  
  at <ATextarea value="" onUpdate:value=fn rows=4  ... > 
  at <Anonymous value= {hashed: true, components: Object, theme: undefined, token: Object} > 
  at <ALocaleProvider locale=undefined ANT_MARK__="internalMark" > 
  at <LocaleReceiver children=fn<children> > 
  at <AConfigProvider theme= {token: Object} > 
  at <App> @ http://127.0.0.1:5175/@vite/client:528
[     902ms] [WARNING] [Vue warn]: Invalid prop: type check failed for prop "onKeydown". Expected Function, got Array  
  at <ATextarea value="" onUpdate:value=fn rows=4  ... > 
  at <Anonymous value= {hashed: true, components: Object, theme: undefined, token: Object} > 
  at <ALocaleProvider locale=undefined ANT_MARK__="internalMark" > 
  at <LocaleReceiver children=fn<children> > 
  at <AConfigProvider theme= {token: Object} > 
  at <App> @ http://127.0.0.1:5175/@vite/client:528
[     906ms] [WARNING] [Vue warn]: Invalid prop: type check failed for prop "onKeydown". Expected Function, got Array  
  at <ATextarea value="" onUpdate:value=fn rows=4  ... > 
  at <Anonymous value= {hashed: true, components: Object, theme: undefined, token: Object} > 
  at <ALocaleProvider locale=undefined ANT_MARK__="internalMark" > 
  at <LocaleReceiver children=fn<children> > 
  at <AConfigProvider theme= {token: Object} > 
  at <App> @ http://127.0.0.1:5175/@vite/client:528
[     910ms] [WARNING] [Vue warn]: Invalid prop: type check failed for prop "onKeydown". Expected Function, got Array  
  at <ATextarea value="" onUpdate:value=fn rows=4  ... > 
  at <Anonymous value= {hashed: true, components: Object, theme: undefined, token: Object} > 
  at <ALocaleProvider locale=undefined ANT_MARK__="internalMark" > 
  at <LocaleReceiver children=fn<children> > 
  at <AConfigProvider theme= {token: Object} > 
  at <App> @ http://127.0.0.1:5175/@vite/client:528
[     913ms] [WARNING] [Vue warn]: Invalid prop: type check failed for prop "onKeydown". Expected Function, got Array  
  at <ATextarea value="" onUpdate:value=fn rows=4  ... > 
  at <Anonymous value= {hashed: true, components: Object, theme: undefined, token: Object} > 
  at <ALocaleProvider locale=undefined ANT_MARK__="internalMark" > 
  at <LocaleReceiver children=fn<children> > 
  at <AConfigProvider theme= {token: Object} > 
  at <App> @ http://127.0.0.1:5175/@vite/client:528
[     916ms] [WARNING] [Vue warn]: Invalid prop: type check failed for prop "onKeydown". Expected Function, got Array  
  at <ATextarea value="" onUpdate:value=fn rows=4  ... > 
  at <Anonymous value= {hashed: true, components: Object, theme: undefined, token: Object} > 
  at <ALocaleProvider locale=undefined ANT_MARK__="internalMark" > 
  at <LocaleReceiver children=fn<children> > 
  at <AConfigProvider theme= {token: Object} > 
  at <App> @ http://127.0.0.1:5175/@vite/client:528
[     920ms] [WARNING] [Vue warn]: Invalid prop: type check failed for prop "onKeydown". Expected Function, got Array  
  at <ATextarea value="" onUpdate:value=fn rows=4  ... > 
  at <Anonymous value= {hashed: true, components: Object, theme: undefined, token: Object} > 
  at <ALocaleProvider locale=undefined ANT_MARK__="internalMark" > 
  at <LocaleReceiver children=fn<children> > 
  at <AConfigProvider theme= {token: Object} > 
  at <App> @ http://127.0.0.1:5175/@vite/client:528
[     923ms] [WARNING] [Vue warn]: Invalid prop: type check failed for prop "onKeydown". Expected Function, got Array  
  at <ATextarea value="" onUpdate:value=fn rows=4  ... > 
  at <Anonymous value= {hashed: true, components: Object, theme: undefined, token: Object} > 
  at <ALocaleProvider locale=undefined ANT_MARK__="internalMark" > 
  at <LocaleReceiver children=fn<children> > 
  at <AConfigProvider theme= {token: Object} > 
  at <App> @ http://127.0.0.1:5175/@vite/client:528
[     926ms] [WARNING] [Vue warn]: Invalid prop: type check failed for prop "onKeydown". Expected Function, got Array  
  at <ATextarea value="" onUpdate:value=fn rows=4  ... > 
  at <Anonymous value= {hashed: true, components: Object, theme: undefined, token: Object} > 
  at <ALocaleProvider locale=undefined ANT_MARK__="internalMark" > 
  at <LocaleReceiver children=fn<children> > 
  at <AConfigProvider theme= {token: Object} > 
  at <App> @ http://127.0.0.1:5175/@vite/client:528
[     929ms] [WARNING] [Vue warn]: Invalid prop: type check failed for prop "onKeydown". Expected Function, got Array  
  at <ATextarea value="" onUpdate:value=fn rows=4  ... > 
  at <Anonymous value= {hashed: true, components: Object, theme: undefined, token: Object} > 
  at <ALocaleProvider locale=undefined ANT_MARK__="internalMark" > 
  at <LocaleReceiver children=fn<children> > 
  at <AConfigProvider theme= {token: Object} > 
  at <App> @ http://127.0.0.1:5175/@vite/client:528
[     932ms] [WARNING] [Vue warn]: Invalid prop: type check failed for prop "onKeydown". Expected Function, got Array  
  at <ATextarea value="" onUpdate:value=fn rows=4  ... > 
  at <Anonymous value= {hashed: true, components: Object, theme: undefined, token: Object} > 
  at <ALocaleProvider locale=undefined ANT_MARK__="internalMark" > 
  at <LocaleReceiver children=fn<children> > 
  at <AConfigProvider theme= {token: Object} > 
  at <App> @ http://127.0.0.1:5175/@vite/client:528
[     935ms] [WARNING] [Vue warn]: Invalid prop: type check failed for prop "onKeydown". Expected Function, got Array  
  at <ATextarea value="" onUpdate:value=fn rows=4  ... > 
  at <Anonymous value= {hashed: true, components: Object, theme: undefined, token: Object} > 
  at <ALocaleProvider locale=undefined ANT_MARK__="internalMark" > 
  at <LocaleReceiver children=fn<children> > 
  at <AConfigProvider theme= {token: Object} > 
  at <App> @ http://127.0.0.1:5175/@vite/client:528
[     938ms] [WARNING] [Vue warn]: Invalid prop: type check failed for prop "onKeydown". Expected Function, got Array  
  at <ATextarea value="" onUpdate:value=fn rows=4  ... > 
  at <Anonymous value= {hashed: true, components: Object, theme: undefined, token: Object} > 
  at <ALocaleProvider locale=undefined ANT_MARK__="internalMark" > 
  at <LocaleReceiver children=fn<children> > 
  at <AConfigProvider theme= {token: Object} > 
  at <App> @ http://127.0.0.1:5175/@vite/client:528
[     941ms] [WARNING] [Vue warn]: Invalid prop: type check failed for prop "onKeydown". Expected Function, got Array  
  at <ATextarea value="" onUpdate:value=fn rows=4  ... > 
  at <Anonymous value= {hashed: true, components: Object, theme: undefined, token: Object} > 
  at <ALocaleProvider locale=undefined ANT_MARK__="internalMark" > 
  at <LocaleReceiver children=fn<children> > 
  at <AConfigProvider theme= {token: Object} > 
  at <App> @ http://127.0.0.1:5175/@vite/client:528
[     944ms] [WARNING] [Vue warn]: Invalid prop: type check failed for prop "onKeydown". Expected Function, got Array  
  at <ATextarea value="" onUpdate:value=fn rows=4  ... > 
  at <Anonymous value= {hashed: true, components: Object, theme: undefined, token: Object} > 
  at <ALocaleProvider locale=undefined ANT_MARK__="internalMark" > 
  at <LocaleReceiver children=fn<children> > 
  at <AConfigProvider theme= {token: Object} > 
  at <App> @ http://127.0.0.1:5175/@vite/client:528
[     947ms] [WARNING] [Vue warn]: Invalid prop: type check failed for prop "onKeydown". Expected Function, got Array  
  at <ATextarea value="" onUpdate:value=fn rows=4  ... > 
  at <Anonymous value= {hashed: true, components: Object, theme: undefined, token: Object} > 
  at <ALocaleProvider locale=undefined ANT_MARK__="internalMark" > 
  at <LocaleReceiver children=fn<children> > 
  at <AConfigProvider theme= {token: Object} > 
  at <App> @ http://127.0.0.1:5175/@vite/client:528
[     950ms] [WARNING] [Vue warn]: Invalid prop: type check failed for prop "onKeydown". Expected Function, got Array  
  at <ATextarea value="" onUpdate:value=fn rows=4  ... > 
  at <Anonymous value= {hashed: true, components: Object, theme: undefined, token: Object} > 
  at <ALocaleProvider locale=undefined ANT_MARK__="internalMark" > 
  at <LocaleReceiver children=fn<children> > 
  at <AConfigProvider theme= {token: Object} > 
  at <App> @ http://127.0.0.1:5175/@vite/client:528
[     955ms] [WARNING] [Vue warn]: Invalid prop: type check failed for prop "onKeydown". Expected Function, got Array  
  at <ATextarea value="" onUpdate:value=fn rows=4  ... > 
  at <Anonymous value= {hashed: true, components: Object, theme: undefined, token: Object} > 
  at <ALocaleProvider locale=undefined ANT_MARK__="internalMark" > 
  at <LocaleReceiver children=fn<children> > 
  at <AConfigProvider theme= {token: Object} > 
  at <App> @ http://127.0.0.1:5175/@vite/client:528
[     958ms] [WARNING] [Vue warn]: Invalid prop: type check failed for prop "onKeydown". Expected Function, got Array  
  at <ATextarea value="" onUpdate:value=fn rows=4  ... > 
  at <Anonymous value= {hashed: true, components: Object, theme: undefined, token: Object} > 
  at <ALocaleProvider locale=undefined ANT_MARK__="internalMark" > 
  at <LocaleReceiver children=fn<children> > 
  at <AConfigProvider theme= {token: Object} > 
  at <App> @ http://127.0.0.1:5175/@vite/client:528
[     962ms] [WARNING] [Vue warn]: Invalid prop: type check failed for prop "onKeydown". Expected Function, got Array  
  at <ATextarea value="" onUpdate:value=fn rows=4  ... > 
  at <Anonymous value= {hashed: true, components: Object, theme: undefined, token: Object} > 
  at <ALocaleProvider locale=undefined ANT_MARK__="internalMark" > 
  at <LocaleReceiver children=fn<children> > 
  at <AConfigProvider theme= {token: Object} > 
  at <App> @ http://127.0.0.1:5175/@vite/client:528
[     965ms] [WARNING] [Vue warn]: Invalid prop: type check failed for prop "onKeydown". Expected Function, got Array  
  at <ATextarea value="" onUpdate:value=fn rows=4  ... > 
  at <Anonymous value= {hashed: true, components: Object, theme: undefined, token: Object} > 
  at <ALocaleProvider locale=undefined ANT_MARK__="internalMark" > 
  at <LocaleReceiver children=fn<children> > 
  at <AConfigProvider theme= {token: Object} > 
  at <App> @ http://127.0.0.1:5175/@vite/client:528
[     968ms] [WARNING] [Vue warn]: Invalid prop: type check failed for prop "onKeydown". Expected Function, got Array  
  at <ATextarea value="" onUpdate:value=fn rows=4  ... > 
  at <Anonymous value= {hashed: true, components: Object, theme: undefined, token: Object} > 
  at <ALocaleProvider locale=undefined ANT_MARK__="internalMark" > 
  at <LocaleReceiver children=fn<children> > 
  at <AConfigProvider theme= {token: Object} > 
  at <App> @ http://127.0.0.1:5175/@vite/client:528
[     971ms] [WARNING] [Vue warn]: Invalid prop: type check failed for prop "onKeydown". Expected Function, got Array  
  at <ATextarea value="" onUpdate:value=fn rows=4  ... > 
  at <Anonymous value= {hashed: true, components: Object, theme: undefined, token: Object} > 
  at <ALocaleProvider locale=undefined ANT_MARK__="internalMark" > 
  at <LocaleReceiver children=fn<children> > 
  at <AConfigProvider theme= {token: Object} > 
  at <App> @ http://127.0.0.1:5175/@vite/client:528
[     974ms] [WARNING] [Vue warn]: Invalid prop: type check failed for prop "onKeydown". Expected Function, got Array  
  at <ATextarea value="" onUpdate:value=fn rows=4  ... > 
  at <Anonymous value= {hashed: true, components: Object, theme: undefined, token: Object} > 
  at <ALocaleProvider locale=undefined ANT_MARK__="internalMark" > 
  at <LocaleReceiver children=fn<children> > 
  at <AConfigProvider theme= {token: Object} > 
  at <App> @ http://127.0.0.1:5175/@vite/client:528
[     977ms] [WARNING] [Vue warn]: Invalid prop: type check failed for prop "onKeydown". Expected Function, got Array  
  at <ATextarea value="" onUpdate:value=fn rows=4  ... > 
  at <Anonymous value= {hashed: true, components: Object, theme: undefined, token: Object} > 
  at <ALocaleProvider locale=undefined ANT_MARK__="internalMark" > 
  at <LocaleReceiver children=fn<children> > 
  at <AConfigProvider theme= {token: Object} > 
  at <App> @ http://127.0.0.1:5175/@vite/client:528
[     980ms] [WARNING] [Vue warn]: Invalid prop: type check failed for prop "onKeydown". Expected Function, got Array  
  at <ATextarea value="" onUpdate:value=fn rows=4  ... > 
  at <Anonymous value= {hashed: true, components: Object, theme: undefined, token: Object} > 
  at <ALocaleProvider locale=undefined ANT_MARK__="internalMark" > 
  at <LocaleReceiver children=fn<children> > 
  at <AConfigProvider theme= {token: Object} > 
  at <App> @ http://127.0.0.1:5175/@vite/client:528
[     983ms] [WARNING] [Vue warn]: Invalid prop: type check failed for prop "onKeydown". Expected Function, got Array  
  at <ATextarea value="" onUpdate:value=fn rows=4  ... > 
  at <Anonymous value= {hashed: true, components: Object, theme: undefined, token: Object} > 
  at <ALocaleProvider locale=undefined ANT_MARK__="internalMark" > 
  at <LocaleReceiver children=fn<children> > 
  at <AConfigProvider theme= {token: Object} > 
  at <App> @ http://127.0.0.1:5175/@vite/client:528
[     986ms] [WARNING] [Vue warn]: Invalid prop: type check failed for prop "onKeydown". Expected Function, got Array  
  at <ATextarea value="" onUpdate:value=fn rows=4  ... > 
  at <Anonymous value= {hashed: true, components: Object, theme: undefined, token: Object} > 
  at <ALocaleProvider locale=undefined ANT_MARK__="internalMark" > 
  at <LocaleReceiver children=fn<children> > 
  at <AConfigProvider theme= {token: Object} > 
  at <App> @ http://127.0.0.1:5175/@vite/client:528
[     989ms] [WARNING] [Vue warn]: Invalid prop: type check failed for prop "onKeydown". Expected Function, got Array  
  at <ATextarea value="" onUpdate:value=fn rows=4  ... > 
  at <Anonymous value= {hashed: true, components: Object, theme: undefined, token: Object} > 
  at <ALocaleProvider locale=undefined ANT_MARK__="internalMark" > 
  at <LocaleReceiver children=fn<children> > 
  at <AConfigProvider theme= {token: Object} > 
  at <App> @ http://127.0.0.1:5175/@vite/client:528
[     992ms] [WARNING] [Vue warn]: Invalid prop: type check failed for prop "onKeydown". Expected Function, got Array  
  at <ATextarea value="" onUpdate:value=fn rows=4  ... > 
  at <Anonymous value= {hashed: true, components: Object, theme: undefined, token: Object} > 
  at <ALocaleProvider locale=undefined ANT_MARK__="internalMark" > 
  at <LocaleReceiver children=fn<children> > 
  at <AConfigProvider theme= {token: Object} > 
  at <App> @ http://127.0.0.1:5175/@vite/client:528
[     995ms] [WARNING] [Vue warn]: Invalid prop: type check failed for prop "onKeydown". Expected Function, got Array  
  at <ATextarea value="" onUpdate:value=fn rows=4  ... > 
  at <Anonymous value= {hashed: true, components: Object, theme: undefined, token: Object} > 
  at <ALocaleProvider locale=undefined ANT_MARK__="internalMark" > 
  at <LocaleReceiver children=fn<children> > 
  at <AConfigProvider theme= {token: Object} > 
  at <App> @ http://127.0.0.1:5175/@vite/client:528
[     998ms] [WARNING] [Vue warn]: Invalid prop: type check failed for prop "onKeydown". Expected Function, got Array  
  at <ATextarea value="" onUpdate:value=fn rows=4  ... > 
  at <Anonymous value= {hashed: true, components: Object, theme: undefined, token: Object} > 
  at <ALocaleProvider locale=undefined ANT_MARK__="internalMark" > 
  at <LocaleReceiver children=fn<children> > 
  at <AConfigProvider theme= {token: Object} > 
  at <App> @ http://127.0.0.1:5175/@vite/client:528
[    1001ms] [WARNING] [Vue warn]: Invalid prop: type check failed for prop "onKeydown". Expected Function, got Array  
  at <ATextarea value="" onUpdate:value=fn rows=4  ... > 
  at <Anonymous value= {hashed: true, components: Object, theme: undefined, token: Object} > 
  at <ALocaleProvider locale=undefined ANT_MARK__="internalMark" > 
  at <LocaleReceiver children=fn<children> > 
  at <AConfigProvider theme= {token: Object} > 
  at <App> @ http://127.0.0.1:5175/@vite/client:528
[    1005ms] [WARNING] [Vue warn]: Invalid prop: type check failed for prop "onKeydown". Expected Function, got Array  
  at <ATextarea value="" onUpdate:value=fn rows=4  ... > 
  at <Anonymous value= {hashed: true, components: Object, theme: undefined, token: Object} > 
  at <ALocaleProvider locale=undefined ANT_MARK__="internalMark" > 
  at <LocaleReceiver children=fn<children> > 
  at <AConfigProvider theme= {token: Object} > 
  at <App> @ http://127.0.0.1:5175/@vite/client:528
[    1009ms] [WARNING] [Vue warn]: Invalid prop: type check failed for prop "onKeydown". Expected Function, got Array  
  at <ATextarea value="" onUpdate:value=fn rows=4  ... > 
  at <Anonymous value= {hashed: true, components: Object, theme: undefined, token: Object} > 
  at <ALocaleProvider locale=undefined ANT_MARK__="internalMark" > 
  at <LocaleReceiver children=fn<children> > 
  at <AConfigProvider theme= {token: Object} > 
  at <App> @ http://127.0.0.1:5175/@vite/client:528
[    1012ms] [WARNING] [Vue warn]: Invalid prop: type check failed for prop "onKeydown". Expected Function, got Array  
  at <ATextarea value="" onUpdate:value=fn rows=4  ... > 
  at <Anonymous value= {hashed: true, components: Object, theme: undefined, token: Object} > 
  at <ALocaleProvider locale=undefined ANT_MARK__="internalMark" > 
  at <LocaleReceiver children=fn<children> > 
  at <AConfigProvider theme= {token: Object} > 
  at <App> @ http://127.0.0.1:5175/@vite/client:528
[    1015ms] [WARNING] [Vue warn]: Invalid prop: type check failed for prop "onKeydown". Expected Function, got Array  
  at <ATextarea value="" onUpdate:value=fn rows=4  ... > 
  at <Anonymous value= {hashed: true, components: Object, theme: undefined, token: Object} > 
  at <ALocaleProvider locale=undefined ANT_MARK__="internalMark" > 
  at <LocaleReceiver children=fn<children> > 
  at <AConfigProvider theme= {token: Object} > 
  at <App> @ http://127.0.0.1:5175/@vite/client:528
[    1019ms] [WARNING] [Vue warn]: Invalid prop: type check failed for prop "onKeydown". Expected Function, got Array  
  at <ATextarea value="" onUpdate:value=fn rows=4  ... > 
  at <Anonymous value= {hashed: true, components: Object, theme: undefined, token: Object} > 
  at <ALocaleProvider locale=undefined ANT_MARK__="internalMark" > 
  at <LocaleReceiver children=fn<children> > 
  at <AConfigProvider theme= {token: Object} > 
  at <App> @ http://127.0.0.1:5175/@vite/client:528
[    1022ms] [WARNING] [Vue warn]: Invalid prop: type check failed for prop "onKeydown". Expected Function, got Array  
  at <ATextarea value="" onUpdate:value=fn rows=4  ... > 
  at <Anonymous value= {hashed: true, components: Object, theme: undefined, token: Object} > 
  at <ALocaleProvider locale=undefined ANT_MARK__="internalMark" > 
  at <LocaleReceiver children=fn<children> > 
  at <AConfigProvider theme= {token: Object} > 
  at <App> @ http://127.0.0.1:5175/@vite/client:528
[    1025ms] [WARNING] [Vue warn]: Invalid prop: type check failed for prop "onKeydown". Expected Function, got Array  
  at <ATextarea value="" onUpdate:value=fn rows=4  ... > 
  at <Anonymous value= {hashed: true, components: Object, theme: undefined, token: Object} > 
  at <ALocaleProvider locale=undefined ANT_MARK__="internalMark" > 
  at <LocaleReceiver children=fn<children> > 
  at <AConfigProvider theme= {token: Object} > 
  at <App> @ http://127.0.0.1:5175/@vite/client:528
[    1028ms] [WARNING] [Vue warn]: Invalid prop: type check failed for prop "onKeydown". Expected Function, got Array  
  at <ATextarea value="" onUpdate:value=fn rows=4  ... > 
  at <Anonymous value= {hashed: true, components: Object, theme: undefined, token: Object} > 
  at <ALocaleProvider locale=undefined ANT_MARK__="internalMark" > 
  at <LocaleReceiver children=fn<children> > 
  at <AConfigProvider theme= {token: Object} > 
  at <App> @ http://127.0.0.1:5175/@vite/client:528
[    1031ms] [WARNING] [Vue warn]: Invalid prop: type check failed for prop "onKeydown". Expected Function, got Array  
  at <ATextarea value="" onUpdate:value=fn rows=4  ... > 
  at <Anonymous value= {hashed: true, components: Object, theme: undefined, token: Object} > 
  at <ALocaleProvider locale=undefined ANT_MARK__="internalMark" > 
  at <LocaleReceiver children=fn<children> > 
  at <AConfigProvider theme= {token: Object} > 
  at <App> @ http://127.0.0.1:5175/@vite/client:528
[    1034ms] [WARNING] [Vue warn]: Invalid prop: type check failed for prop "onKeydown". Expected Function, got Array  
  at <ATextarea value="" onUpdate:value=fn rows=4  ... > 
  at <Anonymous value= {hashed: true, components: Object, theme: undefined, token: Object} > 
  at <ALocaleProvider locale=undefined ANT_MARK__="internalMark" > 
  at <LocaleReceiver children=fn<children> > 
  at <AConfigProvider theme= {token: Object} > 
  at <App> @ http://127.0.0.1:5175/@vite/client:528
[    1038ms] [WARNING] [Vue warn]: Invalid prop: type check failed for prop "onKeydown". Expected Function, got Array  
  at <ATextarea value="" onUpdate:value=fn rows=4  ... > 
  at <Anonymous value= {hashed: true, components: Object, theme: undefined, token: Object} > 
  at <ALocaleProvider locale=undefined ANT_MARK__="internalMark" > 
  at <LocaleReceiver children=fn<children> > 
  at <AConfigProvider theme= {token: Object} > 
  at <App> @ http://127.0.0.1:5175/@vite/client:528
[    1041ms] [WARNING] [Vue warn]: Invalid prop: type check failed for prop "onKeydown". Expected Function, got Array  
  at <ATextarea value="" onUpdate:value=fn rows=4  ... > 
  at <Anonymous value= {hashed: true, components: Object, theme: undefined, token: Object} > 
  at <ALocaleProvider locale=undefined ANT_MARK__="internalMark" > 
  at <LocaleReceiver children=fn<children> > 
  at <AConfigProvider theme= {token: Object} > 
  at <App> @ http://127.0.0.1:5175/@vite/client:528
[    1045ms] [WARNING] [Vue warn]: Invalid prop: type check failed for prop "onKeydown". Expected Function, got Array  
  at <ATextarea value="" onUpdate:value=fn rows=4  ... > 
  at <Anonymous value= {hashed: true, components: Object, theme: undefined, token: Object} > 
  at <ALocaleProvider locale=undefined ANT_MARK__="internalMark" > 
  at <LocaleReceiver children=fn<children> > 
  at <AConfigProvider theme= {token: Object} > 
  at <App> @ http://127.0.0.1:5175/@vite/client:528
[    1048ms] [WARNING] [Vue warn]: Invalid prop: type check failed for prop "onKeydown". Expected Function, got Array  
  at <ATextarea value="" onUpdate:value=fn rows=4  ... > 
  at <Anonymous value= {hashed: true, components: Object, theme: undefined, token: Object} > 
  at <ALocaleProvider locale=undefined ANT_MARK__="internalMark" > 
  at <LocaleReceiver children=fn<children> > 
  at <AConfigProvider theme= {token: Object} > 
  at <App> @ http://127.0.0.1:5175/@vite/client:528
[    1051ms] [WARNING] [Vue warn]: Invalid prop: type check failed for prop "onKeydown". Expected Function, got Array  
  at <ATextarea value="" onUpdate:value=fn rows=4  ... > 
  at <Anonymous value= {hashed: true, components: Object, theme: undefined, token: Object} > 
  at <ALocaleProvider locale=undefined ANT_MARK__="internalMark" > 
  at <LocaleReceiver children=fn<children> > 
  at <AConfigProvider theme= {token: Object} > 
  at <App> @ http://127.0.0.1:5175/@vite/client:528
[    1055ms] [WARNING] [Vue warn]: Invalid prop: type check failed for prop "onKeydown". Expected Function, got Array  
  at <ATextarea value="" onUpdate:value=fn rows=4  ... > 
  at <Anonymous value= {hashed: true, components: Object, theme: undefined, token: Object} > 
  at <ALocaleProvider locale=undefined ANT_MARK__="internalMark" > 
  at <LocaleReceiver children=fn<children> > 
  at <AConfigProvider theme= {token: Object} > 
  at <App> @ http://127.0.0.1:5175/@vite/client:528
[    1059ms] [WARNING] [Vue warn]: Invalid prop: type check failed for prop "onKeydown". Expected Function, got Array  
  at <ATextarea value="" onUpdate:value=fn rows=4  ... > 
  at <Anonymous value= {hashed: true, components: Object, theme: undefined, token: Object} > 
  at <ALocaleProvider locale=undefined ANT_MARK__="internalMark" > 
  at <LocaleReceiver children=fn<children> > 
  at <AConfigProvider theme= {token: Object} > 
  at <App> @ http://127.0.0.1:5175/@vite/client:528
[    1062ms] [WARNING] [Vue warn]: Invalid prop: type check failed for prop "onKeydown". Expected Function, got Array  
  at <ATextarea value="" onUpdate:value=fn rows=4  ... > 
  at <Anonymous value= {hashed: true, components: Object, theme: undefined, token: Object} > 
  at <ALocaleProvider locale=undefined ANT_MARK__="internalMark" > 
  at <LocaleReceiver children=fn<children> > 
  at <AConfigProvider theme= {token: Object} > 
  at <App> @ http://127.0.0.1:5175/@vite/client:528
[    1066ms] [WARNING] [Vue warn]: Invalid prop: type check failed for prop "onKeydown". Expected Function, got Array  
  at <ATextarea value="" onUpdate:value=fn rows=4  ... > 
  at <Anonymous value= {hashed: true, components: Object, theme: undefined, token: Object} > 
  at <ALocaleProvider locale=undefined ANT_MARK__="internalMark" > 
  at <LocaleReceiver children=fn<children> > 
  at <AConfigProvider theme= {token: Object} > 
  at <App> @ http://127.0.0.1:5175/@vite/client:528
[    1069ms] [WARNING] [Vue warn]: Invalid prop: type check failed for prop "onKeydown". Expected Function, got Array  
  at <ATextarea value="" onUpdate:value=fn rows=4  ... > 
  at <Anonymous value= {hashed: true, components: Object, theme: undefined, token: Object} > 
  at <ALocaleProvider locale=undefined ANT_MARK__="internalMark" > 
  at <LocaleReceiver children=fn<children> > 
  at <AConfigProvider theme= {token: Object} > 
  at <App> @ http://127.0.0.1:5175/@vite/client:528
[    1072ms] [WARNING] [Vue warn]: Invalid prop: type check failed for prop "onKeydown". Expected Function, got Array  
  at <ATextarea value="" onUpdate:value=fn rows=4  ... > 
  at <Anonymous value= {hashed: true, components: Object, theme: undefined, token: Object} > 
  at <ALocaleProvider locale=undefined ANT_MARK__="internalMark" > 
  at <LocaleReceiver children=fn<children> > 
  at <AConfigProvider theme= {token: Object} > 
  at <App> @ http://127.0.0.1:5175/@vite/client:528
[    1075ms] [WARNING] [Vue warn]: Invalid prop: type check failed for prop "onKeydown". Expected Function, got Array  
  at <ATextarea value="" onUpdate:value=fn rows=4  ... > 
  at <Anonymous value= {hashed: true, components: Object, theme: undefined, token: Object} > 
  at <ALocaleProvider locale=undefined ANT_MARK__="internalMark" > 
  at <LocaleReceiver children=fn<children> > 
  at <AConfigProvider theme= {token: Object} > 
  at <App> @ http://127.0.0.1:5175/@vite/client:528
[    1078ms] [WARNING] [Vue warn]: Invalid prop: type check failed for prop "onKeydown". Expected Function, got Array  
  at <ATextarea value="" onUpdate:value=fn rows=4  ... > 
  at <Anonymous value= {hashed: true, components: Object, theme: undefined, token: Object} > 
  at <ALocaleProvider locale=undefined ANT_MARK__="internalMark" > 
  at <LocaleReceiver children=fn<children> > 
  at <AConfigProvider theme= {token: Object} > 
  at <App> @ http://127.0.0.1:5175/@vite/client:528
[    1081ms] [WARNING] [Vue warn]: Invalid prop: type check failed for prop "onKeydown". Expected Function, got Array  
  at <ATextarea value="" onUpdate:value=fn rows=4  ... > 
  at <Anonymous value= {hashed: true, components: Object, theme: undefined, token: Object} > 
  at <ALocaleProvider locale=undefined ANT_MARK__="internalMark" > 
  at <LocaleReceiver children=fn<children> > 
  at <AConfigProvider theme= {token: Object} > 
  at <App> @ http://127.0.0.1:5175/@vite/client:528
[    1085ms] [WARNING] [Vue warn]: Invalid prop: type check failed for prop "onKeydown". Expected Function, got Array  
  at <ATextarea value="" onUpdate:value=fn rows=4  ... > 
  at <Anonymous value= {hashed: true, components: Object, theme: undefined, token: Object} > 
  at <ALocaleProvider locale=undefined ANT_MARK__="internalMark" > 
  at <LocaleReceiver children=fn<children> > 
  at <AConfigProvider theme= {token: Object} > 
  at <App> @ http://127.0.0.1:5175/@vite/client:528
[    1088ms] [WARNING] [Vue warn]: Invalid prop: type check failed for prop "onKeydown". Expected Function, got Array  
  at <ATextarea value="" onUpdate:value=fn rows=4  ... > 
  at <Anonymous value= {hashed: true, components: Object, theme: undefined, token: Object} > 
  at <ALocaleProvider locale=undefined ANT_MARK__="internalMark" > 
  at <LocaleReceiver children=fn<children> > 
  at <AConfigProvider theme= {token: Object} > 
  at <App> @ http://127.0.0.1:5175/@vite/client:528
[    1091ms] [WARNING] [Vue warn]: Invalid prop: type check failed for prop "onKeydown". Expected Function, got Array  
  at <ATextarea value="" onUpdate:value=fn rows=4  ... > 
  at <Anonymous value= {hashed: true, components: Object, theme: undefined, token: Object} > 
  at <ALocaleProvider locale=undefined ANT_MARK__="internalMark" > 
  at <LocaleReceiver children=fn<children> > 
  at <AConfigProvider theme= {token: Object} > 
  at <App> @ http://127.0.0.1:5175/@vite/client:528
[    1094ms] [WARNING] [Vue warn]: Invalid prop: type check failed for prop "onKeydown". Expected Function, got Array  
  at <ATextarea value="" onUpdate:value=fn rows=4  ... > 
  at <Anonymous value= {hashed: true, components: Object, theme: undefined, token: Object} > 
  at <ALocaleProvider locale=undefined ANT_MARK__="internalMark" > 
  at <LocaleReceiver children=fn<children> > 
  at <AConfigProvider theme= {token: Object} > 
  at <App> @ http://127.0.0.1:5175/@vite/client:528
[    1096ms] [WARNING] [Vue warn]: Invalid prop: type check failed for prop "onKeydown". Expected Function, got Array  
  at <ATextarea value="" onUpdate:value=fn rows=4  ... > 
  at <Anonymous value= {hashed: true, components: Object, theme: undefined, token: Object} > 
  at <ALocaleProvider locale=undefined ANT_MARK__="internalMark" > 
  at <LocaleReceiver children=fn<children> > 
  at <AConfigProvider theme= {token: Object} > 
  at <App> @ http://127.0.0.1:5175/@vite/client:528
[    1099ms] [WARNING] [Vue warn]: Invalid prop: type check failed for prop "onKeydown". Expected Function, got Array  
  at <ATextarea value="" onUpdate:value=fn rows=4  ... > 
  at <Anonymous value= {hashed: true, components: Object, theme: undefined, token: Object} > 
  at <ALocaleProvider locale=undefined ANT_MARK__="internalMark" > 
  at <LocaleReceiver children=fn<children> > 
  at <AConfigProvider theme= {token: Object} > 
  at <App> @ http://127.0.0.1:5175/@vite/client:528
[    1103ms] [WARNING] [Vue warn]: Invalid prop: type check failed for prop "onKeydown". Expected Function, got Array  
  at <ATextarea value="" onUpdate:value=fn rows=4  ... > 
  at <Anonymous value= {hashed: true, components: Object, theme: undefined, token: Object} > 
  at <ALocaleProvider locale=undefined ANT_MARK__="internalMark" > 
  at <LocaleReceiver children=fn<children> > 
  at <AConfigProvider theme= {token: Object} > 
  at <App> @ http://127.0.0.1:5175/@vite/client:528
[    1106ms] [WARNING] [Vue warn]: Invalid prop: type check failed for prop "onKeydown". Expected Function, got Array  
  at <ATextarea value="" onUpdate:value=fn rows=4  ... > 
  at <Anonymous value= {hashed: true, components: Object, theme: undefined, token: Object} > 
  at <ALocaleProvider locale=undefined ANT_MARK__="internalMark" > 
  at <LocaleReceiver children=fn<children> > 
  at <AConfigProvider theme= {token: Object} > 
  at <App> @ http://127.0.0.1:5175/@vite/client:528
[    1109ms] [WARNING] [Vue warn]: Invalid prop: type check failed for prop "onKeydown". Expected Function, got Array  
  at <ATextarea value="" onUpdate:value=fn rows=4  ... > 
  at <Anonymous value= {hashed: true, components: Object, theme: undefined, token: Object} > 
  at <ALocaleProvider locale=undefined ANT_MARK__="internalMark" > 
  at <LocaleReceiver children=fn<children> > 
  at <AConfigProvider theme= {token: Object} > 
  at <App> @ http://127.0.0.1:5175/@vite/client:528
[    1112ms] [WARNING] [Vue warn]: Invalid prop: type check failed for prop "onKeydown". Expected Function, got Array  
  at <ATextarea value="" onUpdate:value=fn rows=4  ... > 
  at <Anonymous value= {hashed: true, components: Object, theme: undefined, token: Object} > 
  at <ALocaleProvider locale=undefined ANT_MARK__="internalMark" > 
  at <LocaleReceiver children=fn<children> > 
  at <AConfigProvider theme= {token: Object} > 
  at <App> @ http://127.0.0.1:5175/@vite/client:528
[    1115ms] [WARNING] [Vue warn]: Invalid prop: type check failed for prop "onKeydown". Expected Function, got Array  
  at <ATextarea value="" onUpdate:value=fn rows=4  ... > 
  at <Anonymous value= {hashed: true, components: Object, theme: undefined, token: Object} > 
  at <ALocaleProvider locale=undefined ANT_MARK__="internalMark" > 
  at <LocaleReceiver children=fn<children> > 
  at <AConfigProvider theme= {token: Object} > 
  at <App> @ http://127.0.0.1:5175/@vite/client:528
[    1118ms] [WARNING] [Vue warn]: Invalid prop: type check failed for prop "onKeydown". Expected Function, got Array  
  at <ATextarea value="" onUpdate:value=fn rows=4  ... > 
  at <Anonymous value= {hashed: true, components: Object, theme: undefined, token: Object} > 
  at <ALocaleProvider locale=undefined ANT_MARK__="internalMark" > 
  at <LocaleReceiver children=fn<children> > 
  at <AConfigProvider theme= {token: Object} > 
  at <App> @ http://127.0.0.1:5175/@vite/client:528
[    1122ms] [WARNING] [Vue warn]: Invalid prop: type check failed for prop "onKeydown". Expected Function, got Array  
  at <ATextarea value="" onUpdate:value=fn rows=4  ... > 
  at <Anonymous value= {hashed: true, components: Object, theme: undefined, token: Object} > 
  at <ALocaleProvider locale=undefined ANT_MARK__="internalMark" > 
  at <LocaleReceiver children=fn<children> > 
  at <AConfigProvider theme= {token: Object} > 
  at <App> @ http://127.0.0.1:5175/@vite/client:528
[    1125ms] [WARNING] [Vue warn]: Invalid prop: type check failed for prop "onKeydown". Expected Function, got Array  
  at <ATextarea value="" onUpdate:value=fn rows=4  ... > 
  at <Anonymous value= {hashed: true, components: Object, theme: undefined, token: Object} > 
  at <ALocaleProvider locale=undefined ANT_MARK__="internalMark" > 
  at <LocaleReceiver children=fn<children> > 
  at <AConfigProvider theme= {token: Object} > 
  at <App> @ http://127.0.0.1:5175/@vite/client:528
[    1129ms] [WARNING] [Vue warn]: Invalid prop: type check failed for prop "onKeydown". Expected Function, got Array  
  at <ATextarea value="" onUpdate:value=fn rows=4  ... > 
  at <Anonymous value= {hashed: true, components: Object, theme: undefined, token: Object} > 
  at <ALocaleProvider locale=undefined ANT_MARK__="internalMark" > 
  at <LocaleReceiver children=fn<children> > 
  at <AConfigProvider theme= {token: Object} > 
  at <App> @ http://127.0.0.1:5175/@vite/client:528
[    1133ms] [WARNING] [Vue warn]: Invalid prop: type check failed for prop "onKeydown". Expected Function, got Array  
  at <ATextarea value="" onUpdate:value=fn rows=4  ... > 
  at <Anonymous value= {hashed: true, components: Object, theme: undefined, token: Object} > 
  at <ALocaleProvider locale=undefined ANT_MARK__="internalMark" > 
  at <LocaleReceiver children=fn<children> > 
  at <AConfigProvider theme= {token: Object} > 
  at <App> @ http://127.0.0.1:5175/@vite/client:528
[    1136ms] [WARNING] [Vue warn]: Invalid prop: type check failed for prop "onKeydown". Expected Function, got Array  
  at <ATextarea value="" onUpdate:value=fn rows=4  ... > 
  at <Anonymous value= {hashed: true, components: Object, theme: undefined, token: Object} > 
  at <ALocaleProvider locale=undefined ANT_MARK__="internalMark" > 
  at <LocaleReceiver children=fn<children> > 
  at <AConfigProvider theme= {token: Object} > 
  at <App> @ http://127.0.0.1:5175/@vite/client:528
[    1139ms] [WARNING] [Vue warn]: Invalid prop: type check failed for prop "onKeydown". Expected Function, got Array  
  at <ATextarea value="" onUpdate:value=fn rows=4  ... > 
  at <Anonymous value= {hashed: true, components: Object, theme: undefined, token: Object} > 
  at <ALocaleProvider locale=undefined ANT_MARK__="internalMark" > 
  at <LocaleReceiver children=fn<children> > 
  at <AConfigProvider theme= {token: Object} > 
  at <App> @ http://127.0.0.1:5175/@vite/client:528
[    1143ms] [WARNING] [Vue warn]: Invalid prop: type check failed for prop "onKeydown". Expected Function, got Array  
  at <ATextarea value="" onUpdate:value=fn rows=4  ... > 
  at <Anonymous value= {hashed: true, components: Object, theme: undefined, token: Object} > 
  at <ALocaleProvider locale=undefined ANT_MARK__="internalMark" > 
  at <LocaleReceiver children=fn<children> > 
  at <AConfigProvider theme= {token: Object} > 
  at <App> @ http://127.0.0.1:5175/@vite/client:528
[    1147ms] [WARNING] [Vue warn]: Invalid prop: type check failed for prop "onKeydown". Expected Function, got Array  
  at <ATextarea value="" onUpdate:value=fn rows=4  ... > 
  at <Anonymous value= {hashed: true, components: Object, theme: undefined, token: Object} > 
  at <ALocaleProvider locale=undefined ANT_MARK__="internalMark" > 
  at <LocaleReceiver children=fn<children> > 
  at <AConfigProvider theme= {token: Object} > 
  at <App> @ http://127.0.0.1:5175/@vite/client:528
[    1150ms] [WARNING] [Vue warn]: Invalid prop: type check failed for prop "onKeydown". Expected Function, got Array  
  at <ATextarea value="" onUpdate:value=fn rows=4  ... > 
  at <Anonymous value= {hashed: true, components: Object, theme: undefined, token: Object} > 
  at <ALocaleProvider locale=undefined ANT_MARK__="internalMark" > 
  at <LocaleReceiver children=fn<children> > 
  at <AConfigProvider theme= {token: Object} > 
  at <App> @ http://127.0.0.1:5175/@vite/client:528
[    1153ms] [WARNING] [Vue warn]: Invalid prop: type check failed for prop "onKeydown". Expected Function, got Array  
  at <ATextarea value="" onUpdate:value=fn rows=4  ... > 
  at <Anonymous value= {hashed: true, components: Object, theme: undefined, token: Object} > 
  at <ALocaleProvider locale=undefined ANT_MARK__="internalMark" > 
  at <LocaleReceiver children=fn<children> > 
  at <AConfigProvider theme= {token: Object} > 
  at <App> @ http://127.0.0.1:5175/@vite/client:528
[    1157ms] [WARNING] [Vue warn]: Invalid prop: type check failed for prop "onKeydown". Expected Function, got Array  
  at <ATextarea value="" onUpdate:value=fn rows=4  ... > 
  at <Anonymous value= {hashed: true, components: Object, theme: undefined, token: Object} > 
  at <ALocaleProvider locale=undefined ANT_MARK__="internalMark" > 
  at <LocaleReceiver children=fn<children> > 
  at <AConfigProvider theme= {token: Object} > 
  at <App> @ http://127.0.0.1:5175/@vite/client:528
[    1163ms] [WARNING] [Vue warn]: Invalid prop: type check failed for prop "onKeydown". Expected Function, got Array  
  at <ATextarea value="" onUpdate:value=fn rows=4  ... > 
  at <Anonymous value= {hashed: true, components: Object, theme: undefined, token: Object} > 
  at <ALocaleProvider locale=undefined ANT_MARK__="internalMark" > 
  at <LocaleReceiver children=fn<children> > 
  at <AConfigProvider theme= {token: Object} > 
  at <App> @ http://127.0.0.1:5175/@vite/client:528
[    1166ms] [WARNING] [Vue warn]: Invalid prop: type check failed for prop "onKeydown". Expected Function, got Array  
  at <ATextarea value="" onUpdate:value=fn rows=4  ... > 
  at <Anonymous value= {hashed: true, components: Object, theme: undefined, token: Object} > 
  at <ALocaleProvider locale=undefined ANT_MARK__="internalMark" > 
  at <LocaleReceiver children=fn<children> > 
  at <AConfigProvider theme= {token: Object} > 
  at <App> @ http://127.0.0.1:5175/@vite/client:528
[    1170ms] [WARNING] [Vue warn]: Invalid prop: type check failed for prop "onKeydown". Expected Function, got Array  
  at <ATextarea value="" onUpdate:value=fn rows=4  ... > 
  at <Anonymous value= {hashed: true, components: Object, theme: undefined, token: Object} > 
  at <ALocaleProvider locale=undefined ANT_MARK__="internalMark" > 
  at <LocaleReceiver children=fn<children> > 
  at <AConfigProvider theme= {token: Object} > 
  at <App> @ http://127.0.0.1:5175/@vite/client:528
[    1173ms] [WARNING] [Vue warn]: Invalid prop: type check failed for prop "onKeydown". Expected Function, got Array  
  at <ATextarea value="" onUpdate:value=fn rows=4  ... > 
  at <Anonymous value= {hashed: true, components: Object, theme: undefined, token: Object} > 
  at <ALocaleProvider locale=undefined ANT_MARK__="internalMark" > 
  at <LocaleReceiver children=fn<children> > 
  at <AConfigProvider theme= {token: Object} > 
  at <App> @ http://127.0.0.1:5175/@vite/client:528
[    1176ms] [WARNING] [Vue warn]: Invalid prop: type check failed for prop "onKeydown". Expected Function, got Array  
  at <ATextarea value="" onUpdate:value=fn rows=4  ... > 
  at <Anonymous value= {hashed: true, components: Object, theme: undefined, token: Object} > 
  at <ALocaleProvider locale=undefined ANT_MARK__="internalMark" > 
  at <LocaleReceiver children=fn<children> > 
  at <AConfigProvider theme= {token: Object} > 
  at <App> @ http://127.0.0.1:5175/@vite/client:528
[    1179ms] [WARNING] [Vue warn]: Invalid prop: type check failed for prop "onKeydown". Expected Function, got Array  
  at <ATextarea value="" onUpdate:value=fn rows=4  ... > 
  at <Anonymous value= {hashed: true, components: Object, theme: undefined, token: Object} > 
  at <ALocaleProvider locale=undefined ANT_MARK__="internalMark" > 
  at <LocaleReceiver children=fn<children> > 
  at <AConfigProvider theme= {token: Object} > 
  at <App> @ http://127.0.0.1:5175/@vite/client:528
[    1182ms] [WARNING] [Vue warn]: Invalid prop: type check failed for prop "onKeydown". Expected Function, got Array  
  at <ATextarea value="" onUpdate:value=fn rows=4  ... > 
  at <Anonymous value= {hashed: true, components: Object, theme: undefined, token: Object} > 
  at <ALocaleProvider locale=undefined ANT_MARK__="internalMark" > 
  at <LocaleReceiver children=fn<children> > 
  at <AConfigProvider theme= {token: Object} > 
  at <App> @ http://127.0.0.1:5175/@vite/client:528
[    1185ms] [WARNING] [Vue warn]: Invalid prop: type check failed for prop "onKeydown". Expected Function, got Array  
  at <ATextarea value="" onUpdate:value=fn rows=4  ... > 
  at <Anonymous value= {hashed: true, components: Object, theme: undefined, token: Object} > 
  at <ALocaleProvider locale=undefined ANT_MARK__="internalMark" > 
  at <LocaleReceiver children=fn<children> > 
  at <AConfigProvider theme= {token: Object} > 
  at <App> @ http://127.0.0.1:5175/@vite/client:528
[    1188ms] [WARNING] [Vue warn]: Invalid prop: type check failed for prop "onKeydown". Expected Function, got Array  
  at <ATextarea value="" onUpdate:value=fn rows=4  ... > 
  at <Anonymous value= {hashed: true, components: Object, theme: undefined, token: Object} > 
  at <ALocaleProvider locale=undefined ANT_MARK__="internalMark" > 
  at <LocaleReceiver children=fn<children> > 
  at <AConfigProvider theme= {token: Object} > 
  at <App> @ http://127.0.0.1:5175/@vite/client:528
[    1191ms] [WARNING] [Vue warn]: Invalid prop: type check failed for prop "onKeydown". Expected Function, got Array  
  at <ATextarea value="" onUpdate:value=fn rows=4  ... > 
  at <Anonymous value= {hashed: true, components: Object, theme: undefined, token: Object} > 
  at <ALocaleProvider locale=undefined ANT_MARK__="internalMark" > 
  at <LocaleReceiver children=fn<children> > 
  at <AConfigProvider theme= {token: Object} > 
  at <App> @ http://127.0.0.1:5175/@vite/client:528
[    1194ms] [WARNING] [Vue warn]: Invalid prop: type check failed for prop "onKeydown". Expected Function, got Array  
  at <ATextarea value="" onUpdate:value=fn rows=4  ... > 
  at <Anonymous value= {hashed: true, components: Object, theme: undefined, token: Object} > 
  at <ALocaleProvider locale=undefined ANT_MARK__="internalMark" > 
  at <LocaleReceiver children=fn<children> > 
  at <AConfigProvider theme= {token: Object} > 
  at <App> @ http://127.0.0.1:5175/@vite/client:528
[    1197ms] [WARNING] [Vue warn]: Invalid prop: type check failed for prop "onKeydown". Expected Function, got Array  
  at <ATextarea value="" onUpdate:value=fn rows=4  ... > 
  at <Anonymous value= {hashed: true, components: Object, theme: undefined, token: Object} > 
  at <ALocaleProvider locale=undefined ANT_MARK__="internalMark" > 
  at <LocaleReceiver children=fn<children> > 
  at <AConfigProvider theme= {token: Object} > 
  at <App> @ http://127.0.0.1:5175/@vite/client:528
[    1200ms] [WARNING] [Vue warn]: Invalid prop: type check failed for prop "onKeydown". Expected Function, got Array  
  at <ATextarea value="" onUpdate:value=fn rows=4  ... > 
  at <Anonymous value= {hashed: true, components: Object, theme: undefined, token: Object} > 
  at <ALocaleProvider locale=undefined ANT_MARK__="internalMark" > 
  at <LocaleReceiver children=fn<children> > 
  at <AConfigProvider theme= {token: Object} > 
  at <App> @ http://127.0.0.1:5175/@vite/client:528
[    1203ms] [WARNING] [Vue warn]: Invalid prop: type check failed for prop "onKeydown". Expected Function, got Array  
  at <ATextarea value="" onUpdate:value=fn rows=4  ... > 
  at <Anonymous value= {hashed: true, components: Object, theme: undefined, token: Object} > 
  at <ALocaleProvider locale=undefined ANT_MARK__="internalMark" > 
  at <LocaleReceiver children=fn<children> > 
  at <AConfigProvider theme= {token: Object} > 
  at <App> @ http://127.0.0.1:5175/@vite/client:528
[    1206ms] [WARNING] [Vue warn]: Invalid prop: type check failed for prop "onKeydown". Expected Function, got Array  
  at <ATextarea value="" onUpdate:value=fn rows=4  ... > 
  at <Anonymous value= {hashed: true, components: Object, theme: undefined, token: Object} > 
  at <ALocaleProvider locale=undefined ANT_MARK__="internalMark" > 
  at <LocaleReceiver children=fn<children> > 
  at <AConfigProvider theme= {token: Object} > 
  at <App> @ http://127.0.0.1:5175/@vite/client:528
[    1210ms] [WARNING] [Vue warn]: Invalid prop: type check failed for prop "onKeydown". Expected Function, got Array  
  at <ATextarea value="" onUpdate:value=fn rows=4  ... > 
  at <Anonymous value= {hashed: true, components: Object, theme: undefined, token: Object} > 
  at <ALocaleProvider locale=undefined ANT_MARK__="internalMark" > 
  at <LocaleReceiver children=fn<children> > 
  at <AConfigProvider theme= {token: Object} > 
  at <App> @ http://127.0.0.1:5175/@vite/client:528
[    1213ms] [WARNING] [Vue warn]: Invalid prop: type check failed for prop "onKeydown". Expected Function, got Array  
  at <ATextarea value="" onUpdate:value=fn rows=4  ... > 
  at <Anonymous value= {hashed: true, components: Object, theme: undefined, token: Object} > 
  at <ALocaleProvider locale=undefined ANT_MARK__="internalMark" > 
  at <LocaleReceiver children=fn<children> > 
  at <AConfigProvider theme= {token: Object} > 
  at <App> @ http://127.0.0.1:5175/@vite/client:528
[    1216ms] [WARNING] [Vue warn]: Invalid prop: type check failed for prop "onKeydown". Expected Function, got Array  
  at <ATextarea value="" onUpdate:value=fn rows=4  ... > 
  at <Anonymous value= {hashed: true, components: Object, theme: undefined, token: Object} > 
  at <ALocaleProvider locale=undefined ANT_MARK__="internalMark" > 
  at <LocaleReceiver children=fn<children> > 
  at <AConfigProvider theme= {token: Object} > 
  at <App> @ http://127.0.0.1:5175/@vite/client:528
[    1219ms] [WARNING] [Vue warn]: Invalid prop: type check failed for prop "onKeydown". Expected Function, got Array  
  at <ATextarea value="" onUpdate:value=fn rows=4  ... > 
  at <Anonymous value= {hashed: true, components: Object, theme: undefined, token: Object} > 
  at <ALocaleProvider locale=undefined ANT_MARK__="internalMark" > 
  at <LocaleReceiver children=fn<children> > 
  at <AConfigProvider theme= {token: Object} > 
  at <App> @ http://127.0.0.1:5175/@vite/client:528
[    1222ms] [WARNING] [Vue warn]: Invalid prop: type check failed for prop "onKeydown". Expected Function, got Array  
  at <ATextarea value="" onUpdate:value=fn rows=4  ... > 
  at <Anonymous value= {hashed: true, components: Object, theme: undefined, token: Object} > 
  at <ALocaleProvider locale=undefined ANT_MARK__="internalMark" > 
  at <LocaleReceiver children=fn<children> > 
  at <AConfigProvider theme= {token: Object} > 
  at <App> @ http://127.0.0.1:5175/@vite/client:528
[    1225ms] [WARNING] [Vue warn]: Invalid prop: type check failed for prop "onKeydown". Expected Function, got Array  
  at <ATextarea value="" onUpdate:value=fn rows=4  ... > 
  at <Anonymous value= {hashed: true, components: Object, theme: undefined, token: Object} > 
  at <ALocaleProvider locale=undefined ANT_MARK__="internalMark" > 
  at <LocaleReceiver children=fn<children> > 
  at <AConfigProvider theme= {token: Object} > 
  at <App> @ http://127.0.0.1:5175/@vite/client:528
[    1229ms] [WARNING] [Vue warn]: Invalid prop: type check failed for prop "onKeydown". Expected Function, got Array  
  at <ATextarea value="" onUpdate:value=fn rows=4  ... > 
  at <Anonymous value= {hashed: true, components: Object, theme: undefined, token: Object} > 
  at <ALocaleProvider locale=undefined ANT_MARK__="internalMark" > 
  at <LocaleReceiver children=fn<children> > 
  at <AConfigProvider theme= {token: Object} > 
  at <App> @ http://127.0.0.1:5175/@vite/client:528
[    1232ms] [WARNING] [Vue warn]: Invalid prop: type check failed for prop "onKeydown". Expected Function, got Array  
  at <ATextarea value="" onUpdate:value=fn rows=4  ... > 
  at <Anonymous value= {hashed: true, components: Object, theme: undefined, token: Object} > 
  at <ALocaleProvider locale=undefined ANT_MARK__="internalMark" > 
  at <LocaleReceiver children=fn<children> > 
  at <AConfigProvider theme= {token: Object} > 
  at <App> @ http://127.0.0.1:5175/@vite/client:528
[    1235ms] [WARNING] [Vue warn]: Invalid prop: type check failed for prop "onKeydown". Expected Function, got Array  
  at <ATextarea value="" onUpdate:value=fn rows=4  ... > 
  at <Anonymous value= {hashed: true, components: Object, theme: undefined, token: Object} > 
  at <ALocaleProvider locale=undefined ANT_MARK__="internalMark" > 
  at <LocaleReceiver children=fn<children> > 
  at <AConfigProvider theme= {token: Object} > 
  at <App> @ http://127.0.0.1:5175/@vite/client:528
[    1238ms] [WARNING] [Vue warn]: Invalid prop: type check failed for prop "onKeydown". Expected Function, got Array  
  at <ATextarea value="" onUpdate:value=fn rows=4  ... > 
  at <Anonymous value= {hashed: true, components: Object, theme: undefined, token: Object} > 
  at <ALocaleProvider locale=undefined ANT_MARK__="internalMark" > 
  at <LocaleReceiver children=fn<children> > 
  at <AConfigProvider theme= {token: Object} > 
  at <App> @ http://127.0.0.1:5175/@vite/client:528
[    1241ms] [WARNING] [Vue warn]: Invalid prop: type check failed for prop "onKeydown". Expected Function, got Array  
  at <ATextarea value="" onUpdate:value=fn rows=4  ... > 
  at <Anonymous value= {hashed: true, components: Object, theme: undefined, token: Object} > 
  at <ALocaleProvider locale=undefined ANT_MARK__="internalMark" > 
  at <LocaleReceiver children=fn<children> > 
  at <AConfigProvider theme= {token: Object} > 
  at <App> @ http://127.0.0.1:5175/@vite/client:528
[    1244ms] [WARNING] [Vue warn]: Invalid prop: type check failed for prop "onKeydown". Expected Function, got Array  
  at <ATextarea value="" onUpdate:value=fn rows=4  ... > 
  at <Anonymous value= {hashed: true, components: Object, theme: undefined, token: Object} > 
  at <ALocaleProvider locale=undefined ANT_MARK__="internalMark" > 
  at <LocaleReceiver children=fn<children> > 
  at <AConfigProvider theme= {token: Object} > 
  at <App> @ http://127.0.0.1:5175/@vite/client:528
[    1247ms] [WARNING] [Vue warn]: Invalid prop: type check failed for prop "onKeydown". Expected Function, got Array  
  at <ATextarea value="" onUpdate:value=fn rows=4  ... > 
  at <Anonymous value= {hashed: true, components: Object, theme: undefined, token: Object} > 
  at <ALocaleProvider locale=undefined ANT_MARK__="internalMark" > 
  at <LocaleReceiver children=fn<children> > 
  at <AConfigProvider theme= {token: Object} > 
  at <App> @ http://127.0.0.1:5175/@vite/client:528
[    1250ms] [WARNING] [Vue warn]: Invalid prop: type check failed for prop "onKeydown". Expected Function, got Array  
  at <ATextarea value="" onUpdate:value=fn rows=4  ... > 
  at <Anonymous value= {hashed: true, components: Object, theme: undefined, token: Object} > 
  at <ALocaleProvider locale=undefined ANT_MARK__="internalMark" > 
  at <LocaleReceiver children=fn<children> > 
  at <AConfigProvider theme= {token: Object} > 
  at <App> @ http://127.0.0.1:5175/@vite/client:528
[    1254ms] [WARNING] [Vue warn]: Invalid prop: type check failed for prop "onKeydown". Expected Function, got Array  
  at <ATextarea value="" onUpdate:value=fn rows=4  ... > 
  at <Anonymous value= {hashed: true, components: Object, theme: undefined, token: Object} > 
  at <ALocaleProvider locale=undefined ANT_MARK__="internalMark" > 
  at <LocaleReceiver children=fn<children> > 
  at <AConfigProvider theme= {token: Object} > 
  at <App> @ http://127.0.0.1:5175/@vite/client:528
[    1257ms] [WARNING] [Vue warn]: Invalid prop: type check failed for prop "onKeydown". Expected Function, got Array  
  at <ATextarea value="" onUpdate:value=fn rows=4  ... > 
  at <Anonymous value= {hashed: true, components: Object, theme: undefined, token: Object} > 
  at <ALocaleProvider locale=undefined ANT_MARK__="internalMark" > 
  at <LocaleReceiver children=fn<children> > 
  at <AConfigProvider theme= {token: Object} > 
  at <App> @ http://127.0.0.1:5175/@vite/client:528
[    1262ms] [WARNING] [Vue warn]: Invalid prop: type check failed for prop "onKeydown". Expected Function, got Array  
  at <ATextarea value="" onUpdate:value=fn rows=4  ... > 
  at <Anonymous value= {hashed: true, components: Object, theme: undefined, token: Object} > 
  at <ALocaleProvider locale=undefined ANT_MARK__="internalMark" > 
  at <LocaleReceiver children=fn<children> > 
  at <AConfigProvider theme= {token: Object} > 
  at <App> @ http://127.0.0.1:5175/@vite/client:528
[    1266ms] [WARNING] [Vue warn]: Invalid prop: type check failed for prop "onKeydown". Expected Function, got Array  
  at <ATextarea value="" onUpdate:value=fn rows=4  ... > 
  at <Anonymous value= {hashed: true, components: Object, theme: undefined, token: Object} > 
  at <ALocaleProvider locale=undefined ANT_MARK__="internalMark" > 
  at <LocaleReceiver children=fn<children> > 
  at <AConfigProvider theme= {token: Object} > 
  at <App> @ http://127.0.0.1:5175/@vite/client:528
[    1269ms] [WARNING] [Vue warn]: Invalid prop: type check failed for prop "onKeydown". Expected Function, got Array  
  at <ATextarea value="" onUpdate:value=fn rows=4  ... > 
  at <Anonymous value= {hashed: true, components: Object, theme: undefined, token: Object} > 
  at <ALocaleProvider locale=undefined ANT_MARK__="internalMark" > 
  at <LocaleReceiver children=fn<children> > 
  at <AConfigProvider theme= {token: Object} > 
  at <App> @ http://127.0.0.1:5175/@vite/client:528
[    1272ms] [WARNING] [Vue warn]: Invalid prop: type check failed for prop "onKeydown". Expected Function, got Array  
  at <ATextarea value="" onUpdate:value=fn rows=4  ... > 
  at <Anonymous value= {hashed: true, components: Object, theme: undefined, token: Object} > 
  at <ALocaleProvider locale=undefined ANT_MARK__="internalMark" > 
  at <LocaleReceiver children=fn<children> > 
  at <AConfigProvider theme= {token: Object} > 
  at <App> @ http://127.0.0.1:5175/@vite/client:528
[    1276ms] [WARNING] [Vue warn]: Invalid prop: type check failed for prop "onKeydown". Expected Function, got Array  
  at <ATextarea value="" onUpdate:value=fn rows=4  ... > 
  at <Anonymous value= {hashed: true, components: Object, theme: undefined, token: Object} > 
  at <ALocaleProvider locale=undefined ANT_MARK__="internalMark" > 
  at <LocaleReceiver children=fn<children> > 
  at <AConfigProvider theme= {token: Object} > 
  at <App> @ http://127.0.0.1:5175/@vite/client:528
[    1279ms] [WARNING] [Vue warn]: Invalid prop: type check failed for prop "onKeydown". Expected Function, got Array  
  at <ATextarea value="" onUpdate:value=fn rows=4  ... > 
  at <Anonymous value= {hashed: true, components: Object, theme: undefined, token: Object} > 
  at <ALocaleProvider locale=undefined ANT_MARK__="internalMark" > 
  at <LocaleReceiver children=fn<children> > 
  at <AConfigProvider theme= {token: Object} > 
  at <App> @ http://127.0.0.1:5175/@vite/client:528
[    1283ms] [WARNING] [Vue warn]: Invalid prop: type check failed for prop "onKeydown". Expected Function, got Array  
  at <ATextarea value="" onUpdate:value=fn rows=4  ... > 
  at <Anonymous value= {hashed: true, components: Object, theme: undefined, token: Object} > 
  at <ALocaleProvider locale=undefined ANT_MARK__="internalMark" > 
  at <LocaleReceiver children=fn<children> > 
  at <AConfigProvider theme= {token: Object} > 
  at <App> @ http://127.0.0.1:5175/@vite/client:528
[    1286ms] [WARNING] [Vue warn]: Invalid prop: type check failed for prop "onKeydown". Expected Function, got Array  
  at <ATextarea value="" onUpdate:value=fn rows=4  ... > 
  at <Anonymous value= {hashed: true, components: Object, theme: undefined, token: Object} > 
  at <ALocaleProvider locale=undefined ANT_MARK__="internalMark" > 
  at <LocaleReceiver children=fn<children> > 
  at <AConfigProvider theme= {token: Object} > 
  at <App> @ http://127.0.0.1:5175/@vite/client:528
[    1289ms] [WARNING] [Vue warn]: Invalid prop: type check failed for prop "onKeydown". Expected Function, got Array  
  at <ATextarea value="" onUpdate:value=fn rows=4  ... > 
  at <Anonymous value= {hashed: true, components: Object, theme: undefined, token: Object} > 
  at <ALocaleProvider locale=undefined ANT_MARK__="internalMark" > 
  at <LocaleReceiver children=fn<children> > 
  at <AConfigProvider theme= {token: Object} > 
  at <App> @ http://127.0.0.1:5175/@vite/client:528
[    1292ms] [WARNING] [Vue warn]: Invalid prop: type check failed for prop "onKeydown". Expected Function, got Array  
  at <ATextarea value="" onUpdate:value=fn rows=4  ... > 
  at <Anonymous value= {hashed: true, components: Object, theme: undefined, token: Object} > 
  at <ALocaleProvider locale=undefined ANT_MARK__="internalMark" > 
  at <LocaleReceiver children=fn<children> > 
  at <AConfigProvider theme= {token: Object} > 
  at <App> @ http://127.0.0.1:5175/@vite/client:528
[    1296ms] [WARNING] [Vue warn]: Invalid prop: type check failed for prop "onKeydown". Expected Function, got Array  
  at <ATextarea value="" onUpdate:value=fn rows=4  ... > 
  at <Anonymous value= {hashed: true, components: Object, theme: undefined, token: Object} > 
  at <ALocaleProvider locale=undefined ANT_MARK__="internalMark" > 
  at <LocaleReceiver children=fn<children> > 
  at <AConfigProvider theme= {token: Object} > 
  at <App> @ http://127.0.0.1:5175/@vite/client:528
[    1299ms] [WARNING] [Vue warn]: Invalid prop: type check failed for prop "onKeydown". Expected Function, got Array  
  at <ATextarea value="" onUpdate:value=fn rows=4  ... > 
  at <Anonymous value= {hashed: true, components: Object, theme: undefined, token: Object} > 
  at <ALocaleProvider locale=undefined ANT_MARK__="internalMark" > 
  at <LocaleReceiver children=fn<children> > 
  at <AConfigProvider theme= {token: Object} > 
  at <App> @ http://127.0.0.1:5175/@vite/client:528
[    1302ms] [WARNING] [Vue warn]: Invalid prop: type check failed for prop "onKeydown". Expected Function, got Array  
  at <ATextarea value="" onUpdate:value=fn rows=4  ... > 
  at <Anonymous value= {hashed: true, components: Object, theme: undefined, token: Object} > 
  at <ALocaleProvider locale=undefined ANT_MARK__="internalMark" > 
  at <LocaleReceiver children=fn<children> > 
  at <AConfigProvider theme= {token: Object} > 
  at <App> @ http://127.0.0.1:5175/@vite/client:528
[    1305ms] [WARNING] [Vue warn]: Invalid prop: type check failed for prop "onKeydown". Expected Function, got Array  
  at <ATextarea value="" onUpdate:value=fn rows=4  ... > 
  at <Anonymous value= {hashed: true, components: Object, theme: undefined, token: Object} > 
  at <ALocaleProvider locale=undefined ANT_MARK__="internalMark" > 
  at <LocaleReceiver children=fn<children> > 
  at <AConfigProvider theme= {token: Object} > 
  at <App> @ http://127.0.0.1:5175/@vite/client:528
[    1308ms] [WARNING] [Vue warn]: Invalid prop: type check failed for prop "onKeydown". Expected Function, got Array  
  at <ATextarea value="" onUpdate:value=fn rows=4  ... > 
  at <Anonymous value= {hashed: true, components: Object, theme: undefined, token: Object} > 
  at <ALocaleProvider locale=undefined ANT_MARK__="internalMark" > 
  at <LocaleReceiver children=fn<children> > 
  at <AConfigProvider theme= {token: Object} > 
  at <App> @ http://127.0.0.1:5175/@vite/client:528
[    1311ms] [WARNING] [Vue warn]: Invalid prop: type check failed for prop "onKeydown". Expected Function, got Array  
  at <ATextarea value="" onUpdate:value=fn rows=4  ... > 
  at <Anonymous value= {hashed: true, components: Object, theme: undefined, token: Object} > 
  at <ALocaleProvider locale=undefined ANT_MARK__="internalMark" > 
  at <LocaleReceiver children=fn<children> > 
  at <AConfigProvider theme= {token: Object} > 
  at <App> @ http://127.0.0.1:5175/@vite/client:528
[    1314ms] [WARNING] [Vue warn]: Invalid prop: type check failed for prop "onKeydown". Expected Function, got Array  
  at <ATextarea value="" onUpdate:value=fn rows=4  ... > 
  at <Anonymous value= {hashed: true, components: Object, theme: undefined, token: Object} > 
  at <ALocaleProvider locale=undefined ANT_MARK__="internalMark" > 
  at <LocaleReceiver children=fn<children> > 
  at <AConfigProvider theme= {token: Object} > 
  at <App> @ http://127.0.0.1:5175/@vite/client:528
[    1318ms] [WARNING] [Vue warn]: Invalid prop: type check failed for prop "onKeydown". Expected Function, got Array  
  at <ATextarea value="" onUpdate:value=fn rows=4  ... > 
  at <Anonymous value= {hashed: true, components: Object, theme: undefined, token: Object} > 
  at <ALocaleProvider locale=undefined ANT_MARK__="internalMark" > 
  at <LocaleReceiver children=fn<children> > 
  at <AConfigProvider theme= {token: Object} > 
  at <App> @ http://127.0.0.1:5175/@vite/client:528
[    1321ms] [WARNING] [Vue warn]: Invalid prop: type check failed for prop "onKeydown". Expected Function, got Array  
  at <ATextarea value="" onUpdate:value=fn rows=4  ... > 
  at <Anonymous value= {hashed: true, components: Object, theme: undefined, token: Object} > 
  at <ALocaleProvider locale=undefined ANT_MARK__="internalMark" > 
  at <LocaleReceiver children=fn<children> > 
  at <AConfigProvider theme= {token: Object} > 
  at <App> @ http://127.0.0.1:5175/@vite/client:528
[    1324ms] [WARNING] [Vue warn]: Invalid prop: type check failed for prop "onKeydown". Expected Function, got Array  
  at <ATextarea value="" onUpdate:value=fn rows=4  ... > 
  at <Anonymous value= {hashed: true, components: Object, theme: undefined, token: Object} > 
  at <ALocaleProvider locale=undefined ANT_MARK__="internalMark" > 
  at <LocaleReceiver children=fn<children> > 
  at <AConfigProvider theme= {token: Object} > 
  at <App> @ http://127.0.0.1:5175/@vite/client:528
[    1327ms] [WARNING] [Vue warn]: Invalid prop: type check failed for prop "onKeydown". Expected Function, got Array  
  at <ATextarea value="" onUpdate:value=fn rows=4  ... > 
  at <Anonymous value= {hashed: true, components: Object, theme: undefined, token: Object} > 
  at <ALocaleProvider locale=undefined ANT_MARK__="internalMark" > 
  at <LocaleReceiver children=fn<children> > 
  at <AConfigProvider theme= {token: Object} > 
  at <App> @ http://127.0.0.1:5175/@vite/client:528
[    1330ms] [WARNING] [Vue warn]: Invalid prop: type check failed for prop "onKeydown". Expected Function, got Array  
  at <ATextarea value="" onUpdate:value=fn rows=4  ... > 
  at <Anonymous value= {hashed: true, components: Object, theme: undefined, token: Object} > 
  at <ALocaleProvider locale=undefined ANT_MARK__="internalMark" > 
  at <LocaleReceiver children=fn<children> > 
  at <AConfigProvider theme= {token: Object} > 
  at <App> @ http://127.0.0.1:5175/@vite/client:528
[    1333ms] [WARNING] [Vue warn]: Invalid prop: type check failed for prop "onKeydown". Expected Function, got Array  
  at <ATextarea value="" onUpdate:value=fn rows=4  ... > 
  at <Anonymous value= {hashed: true, components: Object, theme: undefined, token: Object} > 
  at <ALocaleProvider locale=undefined ANT_MARK__="internalMark" > 
  at <LocaleReceiver children=fn<children> > 
  at <AConfigProvider theme= {token: Object} > 
  at <App> @ http://127.0.0.1:5175/@vite/client:528
[    1336ms] [WARNING] [Vue warn]: Invalid prop: type check failed for prop "onKeydown". Expected Function, got Array  
  at <ATextarea value="" onUpdate:value=fn rows=4  ... > 
  at <Anonymous value= {hashed: true, components: Object, theme: undefined, token: Object} > 
  at <ALocaleProvider locale=undefined ANT_MARK__="internalMark" > 
  at <LocaleReceiver children=fn<children> > 
  at <AConfigProvider theme= {token: Object} > 
  at <App> @ http://127.0.0.1:5175/@vite/client:528
[    1339ms] [WARNING] [Vue warn]: Invalid prop: type check failed for prop "onKeydown". Expected Function, got Array  
  at <ATextarea value="" onUpdate:value=fn rows=4  ... > 
  at <Anonymous value= {hashed: true, components: Object, theme: undefined, token: Object} > 
  at <ALocaleProvider locale=undefined ANT_MARK__="internalMark" > 
  at <LocaleReceiver children=fn<children> > 
  at <AConfigProvider theme= {token: Object} > 
  at <App> @ http://127.0.0.1:5175/@vite/client:528
[    1342ms] [WARNING] [Vue warn]: Invalid prop: type check failed for prop "onKeydown". Expected Function, got Array  
  at <ATextarea value="" onUpdate:value=fn rows=4  ... > 
  at <Anonymous value= {hashed: true, components: Object, theme: undefined, token: Object} > 
  at <ALocaleProvider locale=undefined ANT_MARK__="internalMark" > 
  at <LocaleReceiver children=fn<children> > 
  at <AConfigProvider theme= {token: Object} > 
  at <App> @ http://127.0.0.1:5175/@vite/client:528
[    1346ms] [WARNING] [Vue warn]: Invalid prop: type check failed for prop "onKeydown". Expected Function, got Array  
  at <ATextarea value="" onUpdate:value=fn rows=4  ... > 
  at <Anonymous value= {hashed: true, components: Object, theme: undefined, token: Object} > 
  at <ALocaleProvider locale=undefined ANT_MARK__="internalMark" > 
  at <LocaleReceiver children=fn<children> > 
  at <AConfigProvider theme= {token: Object} > 
  at <App> @ http://127.0.0.1:5175/@vite/client:528
[    1349ms] [WARNING] [Vue warn]: Invalid prop: type check failed for prop "onKeydown". Expected Function, got Array  
  at <ATextarea value="" onUpdate:value=fn rows=4  ... > 
  at <Anonymous value= {hashed: true, components: Object, theme: undefined, token: Object} > 
  at <ALocaleProvider locale=undefined ANT_MARK__="internalMark" > 
  at <LocaleReceiver children=fn<children> > 
  at <AConfigProvider theme= {token: Object} > 
  at <App> @ http://127.0.0.1:5175/@vite/client:528
[    1352ms] [WARNING] [Vue warn]: Invalid prop: type check failed for prop "onKeydown". Expected Function, got Array  
  at <ATextarea value="" onUpdate:value=fn rows=4  ... > 
  at <Anonymous value= {hashed: true, components: Object, theme: undefined, token: Object} > 
  at <ALocaleProvider locale=undefined ANT_MARK__="internalMark" > 
  at <LocaleReceiver children=fn<children> > 
  at <AConfigProvider theme= {token: Object} > 
  at <App> @ http://127.0.0.1:5175/@vite/client:528
[    1355ms] [WARNING] [Vue warn]: Invalid prop: type check failed for prop "onKeydown". Expected Function, got Array  
  at <ATextarea value="" onUpdate:value=fn rows=4  ... > 
  at <Anonymous value= {hashed: true, components: Object, theme: undefined, token: Object} > 
  at <ALocaleProvider locale=undefined ANT_MARK__="internalMark" > 
  at <LocaleReceiver children=fn<children> > 
  at <AConfigProvider theme= {token: Object} > 
  at <App> @ http://127.0.0.1:5175/@vite/client:528
[    1359ms] [WARNING] [Vue warn]: Invalid prop: type check failed for prop "onKeydown". Expected Function, got Array  
  at <ATextarea value="" onUpdate:value=fn rows=4  ... > 
  at <Anonymous value= {hashed: true, components: Object, theme: undefined, token: Object} > 
  at <ALocaleProvider locale=undefined ANT_MARK__="internalMark" > 
  at <LocaleReceiver children=fn<children> > 
  at <AConfigProvider theme= {token: Object} > 
  at <App> @ http://127.0.0.1:5175/@vite/client:528
[    1363ms] [WARNING] [Vue warn]: Invalid prop: type check failed for prop "onKeydown". Expected Function, got Array  
  at <ATextarea value="" onUpdate:value=fn rows=4  ... > 
  at <Anonymous value= {hashed: true, components: Object, theme: undefined, token: Object} > 
  at <ALocaleProvider locale=undefined ANT_MARK__="internalMark" > 
  at <LocaleReceiver children=fn<children> > 
  at <AConfigProvider theme= {token: Object} > 
  at <App> @ http://127.0.0.1:5175/@vite/client:528
[    1366ms] [WARNING] [Vue warn]: Invalid prop: type check failed for prop "onKeydown". Expected Function, got Array  
  at <ATextarea value="" onUpdate:value=fn rows=4  ... > 
  at <Anonymous value= {hashed: true, components: Object, theme: undefined, token: Object} > 
  at <ALocaleProvider locale=undefined ANT_MARK__="internalMark" > 
  at <LocaleReceiver children=fn<children> > 
  at <AConfigProvider theme= {token: Object} > 
  at <App> @ http://127.0.0.1:5175/@vite/client:528
[    1369ms] [WARNING] [Vue warn]: Invalid prop: type check failed for prop "onKeydown". Expected Function, got Array  
  at <ATextarea value="" onUpdate:value=fn rows=4  ... > 
  at <Anonymous value= {hashed: true, components: Object, theme: undefined, token: Object} > 
  at <ALocaleProvider locale=undefined ANT_MARK__="internalMark" > 
  at <LocaleReceiver children=fn<children> > 
  at <AConfigProvider theme= {token: Object} > 
  at <App> @ http://127.0.0.1:5175/@vite/client:528
[    1372ms] [WARNING] [Vue warn]: Invalid prop: type check failed for prop "onKeydown". Expected Function, got Array  
  at <ATextarea value="" onUpdate:value=fn rows=4  ... > 
  at <Anonymous value= {hashed: true, components: Object, theme: undefined, token: Object} > 
  at <ALocaleProvider locale=undefined ANT_MARK__="internalMark" > 
  at <LocaleReceiver children=fn<children> > 
  at <AConfigProvider theme= {token: Object} > 
  at <App> @ http://127.0.0.1:5175/@vite/client:528
[    1375ms] [WARNING] [Vue warn]: Invalid prop: type check failed for prop "onKeydown". Expected Function, got Array  
  at <ATextarea value="" onUpdate:value=fn rows=4  ... > 
  at <Anonymous value= {hashed: true, components: Object, theme: undefined, token: Object} > 
  at <ALocaleProvider locale=undefined ANT_MARK__="internalMark" > 
  at <LocaleReceiver children=fn<children> > 
  at <AConfigProvider theme= {token: Object} > 
  at <App> @ http://127.0.0.1:5175/@vite/client:528
[    1378ms] [WARNING] [Vue warn]: Invalid prop: type check failed for prop "onKeydown". Expected Function, got Array  
  at <ATextarea value="" onUpdate:value=fn rows=4  ... > 
  at <Anonymous value= {hashed: true, components: Object, theme: undefined, token: Object} > 
  at <ALocaleProvider locale=undefined ANT_MARK__="internalMark" > 
  at <LocaleReceiver children=fn<children> > 
  at <AConfigProvider theme= {token: Object} > 
  at <App> @ http://127.0.0.1:5175/@vite/client:528
[    1381ms] [WARNING] [Vue warn]: Invalid prop: type check failed for prop "onKeydown". Expected Function, got Array  
  at <ATextarea value="" onUpdate:value=fn rows=4  ... > 
  at <Anonymous value= {hashed: true, components: Object, theme: undefined, token: Object} > 
  at <ALocaleProvider locale=undefined ANT_MARK__="internalMark" > 
  at <LocaleReceiver children=fn<children> > 
  at <AConfigProvider theme= {token: Object} > 
  at <App> @ http://127.0.0.1:5175/@vite/client:528
[    1384ms] [WARNING] [Vue warn]: Invalid prop: type check failed for prop "onKeydown". Expected Function, got Array  
  at <ATextarea value="" onUpdate:value=fn rows=4  ... > 
  at <Anonymous value= {hashed: true, components: Object, theme: undefined, token: Object} > 
  at <ALocaleProvider locale=undefined ANT_MARK__="internalMark" > 
  at <LocaleReceiver children=fn<children> > 
  at <AConfigProvider theme= {token: Object} > 
  at <App> @ http://127.0.0.1:5175/@vite/client:528
[    1387ms] [WARNING] [Vue warn]: Invalid prop: type check failed for prop "onKeydown". Expected Function, got Array  
  at <ATextarea value="" onUpdate:value=fn rows=4  ... > 
  at <Anonymous value= {hashed: true, components: Object, theme: undefined, token: Object} > 
  at <ALocaleProvider locale=undefined ANT_MARK__="internalMark" > 
  at <LocaleReceiver children=fn<children> > 
  at <AConfigProvider theme= {token: Object} > 
  at <App> @ http://127.0.0.1:5175/@vite/client:528
[    1390ms] [WARNING] [Vue warn]: Invalid prop: type check failed for prop "onKeydown". Expected Function, got Array  
  at <ATextarea value="" onUpdate:value=fn rows=4  ... > 
  at <Anonymous value= {hashed: true, components: Object, theme: undefined, token: Object} > 
  at <ALocaleProvider locale=undefined ANT_MARK__="internalMark" > 
  at <LocaleReceiver children=fn<children> > 
  at <AConfigProvider theme= {token: Object} > 
  at <App> @ http://127.0.0.1:5175/@vite/client:528
[    1393ms] [WARNING] [Vue warn]: Invalid prop: type check failed for prop "onKeydown". Expected Function, got Array  
  at <ATextarea value="" onUpdate:value=fn rows=4  ... > 
  at <Anonymous value= {hashed: true, components: Object, theme: undefined, token: Object} > 
  at <ALocaleProvider locale=undefined ANT_MARK__="internalMark" > 
  at <LocaleReceiver children=fn<children> > 
  at <AConfigProvider theme= {token: Object} > 
  at <App> @ http://127.0.0.1:5175/@vite/client:528
[    1396ms] [WARNING] [Vue warn]: Invalid prop: type check failed for prop "onKeydown". Expected Function, got Array  
  at <ATextarea value="" onUpdate:value=fn rows=4  ... > 
  at <Anonymous value= {hashed: true, components: Object, theme: undefined, token: Object} > 
  at <ALocaleProvider locale=undefined ANT_MARK__="internalMark" > 
  at <LocaleReceiver children=fn<children> > 
  at <AConfigProvider theme= {token: Object} > 
  at <App> @ http://127.0.0.1:5175/@vite/client:528
[    1399ms] [WARNING] [Vue warn]: Invalid prop: type check failed for prop "onKeydown". Expected Function, got Array  
  at <ATextarea value="" onUpdate:value=fn rows=4  ... > 
  at <Anonymous value= {hashed: true, components: Object, theme: undefined, token: Object} > 
  at <ALocaleProvider locale=undefined ANT_MARK__="internalMark" > 
  at <LocaleReceiver children=fn<children> > 
  at <AConfigProvider theme= {token: Object} > 
  at <App> @ http://127.0.0.1:5175/@vite/client:528
[    1402ms] [WARNING] [Vue warn]: Invalid prop: type check failed for prop "onKeydown". Expected Function, got Array  
  at <ATextarea value="" onUpdate:value=fn rows=4  ... > 
  at <Anonymous value= {hashed: true, components: Object, theme: undefined, token: Object} > 
  at <ALocaleProvider locale=undefined ANT_MARK__="internalMark" > 
  at <LocaleReceiver children=fn<children> > 
  at <AConfigProvider theme= {token: Object} > 
  at <App> @ http://127.0.0.1:5175/@vite/client:528
[    1405ms] [WARNING] [Vue warn]: Invalid prop: type check failed for prop "onKeydown". Expected Function, got Array  
  at <ATextarea value="" onUpdate:value=fn rows=4  ... > 
  at <Anonymous value= {hashed: true, components: Object, theme: undefined, token: Object} > 
  at <ALocaleProvider locale=undefined ANT_MARK__="internalMark" > 
  at <LocaleReceiver children=fn<children> > 
  at <AConfigProvider theme= {token: Object} > 
  at <App> @ http://127.0.0.1:5175/@vite/client:528
[    1408ms] [WARNING] [Vue warn]: Invalid prop: type check failed for prop "onKeydown". Expected Function, got Array  
  at <ATextarea value="" onUpdate:value=fn rows=4  ... > 
  at <Anonymous value= {hashed: true, components: Object, theme: undefined, token: Object} > 
  at <ALocaleProvider locale=undefined ANT_MARK__="internalMark" > 
  at <LocaleReceiver children=fn<children> > 
  at <AConfigProvider theme= {token: Object} > 
  at <App> @ http://127.0.0.1:5175/@vite/client:528
[    1412ms] [WARNING] [Vue warn]: Invalid prop: type check failed for prop "onKeydown". Expected Function, got Array  
  at <ATextarea value="" onUpdate:value=fn rows=4  ... > 
  at <Anonymous value= {hashed: true, components: Object, theme: undefined, token: Object} > 
  at <ALocaleProvider locale=undefined ANT_MARK__="internalMark" > 
  at <LocaleReceiver children=fn<children> > 
  at <AConfigProvider theme= {token: Object} > 
  at <App> @ http://127.0.0.1:5175/@vite/client:528
[    1415ms] [WARNING] [Vue warn]: Invalid prop: type check failed for prop "onKeydown". Expected Function, got Array  
  at <ATextarea value="" onUpdate:value=fn rows=4  ... > 
  at <Anonymous value= {hashed: true, components: Object, theme: undefined, token: Object} > 
  at <ALocaleProvider locale=undefined ANT_MARK__="internalMark" > 
  at <LocaleReceiver children=fn<children> > 
  at <AConfigProvider theme= {token: Object} > 
  at <App> @ http://127.0.0.1:5175/@vite/client:528
[    1418ms] [WARNING] [Vue warn]: Invalid prop: type check failed for prop "onKeydown". Expected Function, got Array  
  at <ATextarea value="" onUpdate:value=fn rows=4  ... > 
  at <Anonymous value= {hashed: true, components: Object, theme: undefined, token: Object} > 
  at <ALocaleProvider locale=undefined ANT_MARK__="internalMark" > 
  at <LocaleReceiver children=fn<children> > 
  at <AConfigProvider theme= {token: Object} > 
  at <App> @ http://127.0.0.1:5175/@vite/client:528
[    1421ms] [WARNING] [Vue warn]: Invalid prop: type check failed for prop "onKeydown". Expected Function, got Array  
  at <ATextarea value="" onUpdate:value=fn rows=4  ... > 
  at <Anonymous value= {hashed: true, components: Object, theme: undefined, token: Object} > 
  at <ALocaleProvider locale=undefined ANT_MARK__="internalMark" > 
  at <LocaleReceiver children=fn<children> > 
  at <AConfigProvider theme= {token: Object} > 
  at <App> @ http://127.0.0.1:5175/@vite/client:528
[    1424ms] [WARNING] [Vue warn]: Invalid prop: type check failed for prop "onKeydown". Expected Function, got Array  
  at <ATextarea value="" onUpdate:value=fn rows=4  ... > 
  at <Anonymous value= {hashed: true, components: Object, theme: undefined, token: Object} > 
  at <ALocaleProvider locale=undefined ANT_MARK__="internalMark" > 
  at <LocaleReceiver children=fn<children> > 
  at <AConfigProvider theme= {token: Object} > 
  at <App> @ http://127.0.0.1:5175/@vite/client:528
[    1427ms] [WARNING] [Vue warn]: Invalid prop: type check failed for prop "onKeydown". Expected Function, got Array  
  at <ATextarea value="" onUpdate:value=fn rows=4  ... > 
  at <Anonymous value= {hashed: true, components: Object, theme: undefined, token: Object} > 
  at <ALocaleProvider locale=undefined ANT_MARK__="internalMark" > 
  at <LocaleReceiver children=fn<children> > 
  at <AConfigProvider theme= {token: Object} > 
  at <App> @ http://127.0.0.1:5175/@vite/client:528
[    1430ms] [WARNING] [Vue warn]: Invalid prop: type check failed for prop "onKeydown". Expected Function, got Array  
  at <ATextarea value="" onUpdate:value=fn rows=4  ... > 
  at <Anonymous value= {hashed: true, components: Object, theme: undefined, token: Object} > 
  at <ALocaleProvider locale=undefined ANT_MARK__="internalMark" > 
  at <LocaleReceiver children=fn<children> > 
  at <AConfigProvider theme= {token: Object} > 
  at <App> @ http://127.0.0.1:5175/@vite/client:528
[    1433ms] [WARNING] [Vue warn]: Invalid prop: type check failed for prop "onKeydown". Expected Function, got Array  
  at <ATextarea value="" onUpdate:value=fn rows=4  ... > 
  at <Anonymous value= {hashed: true, components: Object, theme: undefined, token: Object} > 
  at <ALocaleProvider locale=undefined ANT_MARK__="internalMark" > 
  at <LocaleReceiver children=fn<children> > 
  at <AConfigProvider theme= {token: Object} > 
  at <App> @ http://127.0.0.1:5175/@vite/client:528
[    1436ms] [WARNING] [Vue warn]: Invalid prop: type check failed for prop "onKeydown". Expected Function, got Array  
  at <ATextarea value="" onUpdate:value=fn rows=4  ... > 
  at <Anonymous value= {hashed: true, components: Object, theme: undefined, token: Object} > 
  at <ALocaleProvider locale=undefined ANT_MARK__="internalMark" > 
  at <LocaleReceiver children=fn<children> > 
  at <AConfigProvider theme= {token: Object} > 
  at <App> @ http://127.0.0.1:5175/@vite/client:528
[    1439ms] [WARNING] [Vue warn]: Invalid prop: type check failed for prop "onKeydown". Expected Function, got Array  
  at <ATextarea value="" onUpdate:value=fn rows=4  ... > 
  at <Anonymous value= {hashed: true, components: Object, theme: undefined, token: Object} > 
  at <ALocaleProvider locale=undefined ANT_MARK__="internalMark" > 
  at <LocaleReceiver children=fn<children> > 
  at <AConfigProvider theme= {token: Object} > 
  at <App> @ http://127.0.0.1:5175/@vite/client:528
[    1443ms] [WARNING] [Vue warn]: Invalid prop: type check failed for prop "onKeydown". Expected Function, got Array  
  at <ATextarea value="" onUpdate:value=fn rows=4  ... > 
  at <Anonymous value= {hashed: true, components: Object, theme: undefined, token: Object} > 
  at <ALocaleProvider locale=undefined ANT_MARK__="internalMark" > 
  at <LocaleReceiver children=fn<children> > 
  at <AConfigProvider theme= {token: Object} > 
  at <App> @ http://127.0.0.1:5175/@vite/client:528
[    1447ms] [WARNING] [Vue warn]: Invalid prop: type check failed for prop "onKeydown". Expected Function, got Array  
  at <ATextarea value="" onUpdate:value=fn rows=4  ... > 
  at <Anonymous value= {hashed: true, components: Object, theme: undefined, token: Object} > 
  at <ALocaleProvider locale=undefined ANT_MARK__="internalMark" > 
  at <LocaleReceiver children=fn<children> > 
  at <AConfigProvider theme= {token: Object} > 
  at <App> @ http://127.0.0.1:5175/@vite/client:528
[    1450ms] [WARNING] [Vue warn]: Invalid prop: type check failed for prop "onKeydown". Expected Function, got Array  
  at <ATextarea value="" onUpdate:value=fn rows=4  ... > 
  at <Anonymous value= {hashed: true, components: Object, theme: undefined, token: Object} > 
  at <ALocaleProvider locale=undefined ANT_MARK__="internalMark" > 
  at <LocaleReceiver children=fn<children> > 
  at <AConfigProvider theme= {token: Object} > 
  at <App> @ http://127.0.0.1:5175/@vite/client:528
[    1455ms] [WARNING] [Vue warn]: Invalid prop: type check failed for prop "onKeydown". Expected Function, got Array  
  at <ATextarea value="" onUpdate:value=fn rows=4  ... > 
  at <Anonymous value= {hashed: true, components: Object, theme: undefined, token: Object} > 
  at <ALocaleProvider locale=undefined ANT_MARK__="internalMark" > 
  at <LocaleReceiver children=fn<children> > 
  at <AConfigProvider theme= {token: Object} > 
  at <App> @ http://127.0.0.1:5175/@vite/client:528
[    1458ms] [WARNING] [Vue warn]: Invalid prop: type check failed for prop "onKeydown". Expected Function, got Array  
  at <ATextarea value="" onUpdate:value=fn rows=4  ... > 
  at <Anonymous value= {hashed: true, components: Object, theme: undefined, token: Object} > 
  at <ALocaleProvider locale=undefined ANT_MARK__="internalMark" > 
  at <LocaleReceiver children=fn<children> > 
  at <AConfigProvider theme= {token: Object} > 
  at <App> @ http://127.0.0.1:5175/@vite/client:528
[    1463ms] [WARNING] [Vue warn]: Invalid prop: type check failed for prop "onKeydown". Expected Function, got Array  
  at <ATextarea value="" onUpdate:value=fn rows=4  ... > 
  at <Anonymous value= {hashed: true, components: Object, theme: undefined, token: Object} > 
  at <ALocaleProvider locale=undefined ANT_MARK__="internalMark" > 
  at <LocaleReceiver children=fn<children> > 
  at <AConfigProvider theme= {token: Object} > 
  at <App> @ http://127.0.0.1:5175/@vite/client:528
[    1466ms] [WARNING] [Vue warn]: Invalid prop: type check failed for prop "onKeydown". Expected Function, got Array  
  at <ATextarea value="" onUpdate:value=fn rows=4  ... > 
  at <Anonymous value= {hashed: true, components: Object, theme: undefined, token: Object} > 
  at <ALocaleProvider locale=undefined ANT_MARK__="internalMark" > 
  at <LocaleReceiver children=fn<children> > 
  at <AConfigProvider theme= {token: Object} > 
  at <App> @ http://127.0.0.1:5175/@vite/client:528
[    1470ms] [WARNING] [Vue warn]: Invalid prop: type check failed for prop "onKeydown". Expected Function, got Array  
  at <ATextarea value="" onUpdate:value=fn rows=4  ... > 
  at <Anonymous value= {hashed: true, components: Object, theme: undefined, token: Object} > 
  at <ALocaleProvider locale=undefined ANT_MARK__="internalMark" > 
  at <LocaleReceiver children=fn<children> > 
  at <AConfigProvider theme= {token: Object} > 
  at <App> @ http://127.0.0.1:5175/@vite/client:528
[    1473ms] [WARNING] [Vue warn]: Invalid prop: type check failed for prop "onKeydown". Expected Function, got Array  
  at <ATextarea value="" onUpdate:value=fn rows=4  ... > 
  at <Anonymous value= {hashed: true, components: Object, theme: undefined, token: Object} > 
  at <ALocaleProvider locale=undefined ANT_MARK__="internalMark" > 
  at <LocaleReceiver children=fn<children> > 
  at <AConfigProvider theme= {token: Object} > 
  at <App> @ http://127.0.0.1:5175/@vite/client:528
[    1476ms] [WARNING] [Vue warn]: Invalid prop: type check failed for prop "onKeydown". Expected Function, got Array  
  at <ATextarea value="" onUpdate:value=fn rows=4  ... > 
  at <Anonymous value= {hashed: true, components: Object, theme: undefined, token: Object} > 
  at <ALocaleProvider locale=undefined ANT_MARK__="internalMark" > 
  at <LocaleReceiver children=fn<children> > 
  at <AConfigProvider theme= {token: Object} > 
  at <App> @ http://127.0.0.1:5175/@vite/client:528
[    1480ms] [WARNING] [Vue warn]: Invalid prop: type check failed for prop "onKeydown". Expected Function, got Array  
  at <ATextarea value="" onUpdate:value=fn rows=4  ... > 
  at <Anonymous value= {hashed: true, components: Object, theme: undefined, token: Object} > 
  at <ALocaleProvider locale=undefined ANT_MARK__="internalMark" > 
  at <LocaleReceiver children=fn<children> > 
  at <AConfigProvider theme= {token: Object} > 
  at <App> @ http://127.0.0.1:5175/@vite/client:528
[    1482ms] [WARNING] [Vue warn]: Invalid prop: type check failed for prop "onKeydown". Expected Function, got Array  
  at <ATextarea value="" onUpdate:value=fn rows=4  ... > 
  at <Anonymous value= {hashed: true, components: Object, theme: undefined, token: Object} > 
  at <ALocaleProvider locale=undefined ANT_MARK__="internalMark" > 
  at <LocaleReceiver children=fn<children> > 
  at <AConfigProvider theme= {token: Object} > 
  at <App> @ http://127.0.0.1:5175/@vite/client:528
[    1486ms] [WARNING] [Vue warn]: Invalid prop: type check failed for prop "onKeydown". Expected Function, got Array  
  at <ATextarea value="" onUpdate:value=fn rows=4  ... > 
  at <Anonymous value= {hashed: true, components: Object, theme: undefined, token: Object} > 
  at <ALocaleProvider locale=undefined ANT_MARK__="internalMark" > 
  at <LocaleReceiver children=fn<children> > 
  at <AConfigProvider theme= {token: Object} > 
  at <App> @ http://127.0.0.1:5175/@vite/client:528
[    1489ms] [WARNING] [Vue warn]: Invalid prop: type check failed for prop "onKeydown". Expected Function, got Array  
  at <ATextarea value="" onUpdate:value=fn rows=4  ... > 
  at <Anonymous value= {hashed: true, components: Object, theme: undefined, token: Object} > 
  at <ALocaleProvider locale=undefined ANT_MARK__="internalMark" > 
  at <LocaleReceiver children=fn<children> > 
  at <AConfigProvider theme= {token: Object} > 
  at <App> @ http://127.0.0.1:5175/@vite/client:528
[    1492ms] [WARNING] [Vue warn]: Invalid prop: type check failed for prop "onKeydown". Expected Function, got Array  
  at <ATextarea value="" onUpdate:value=fn rows=4  ... > 
  at <Anonymous value= {hashed: true, components: Object, theme: undefined, token: Object} > 
  at <ALocaleProvider locale=undefined ANT_MARK__="internalMark" > 
  at <LocaleReceiver children=fn<children> > 
  at <AConfigProvider theme= {token: Object} > 
  at <App> @ http://127.0.0.1:5175/@vite/client:528
[    1495ms] [WARNING] [Vue warn]: Invalid prop: type check failed for prop "onKeydown". Expected Function, got Array  
  at <ATextarea value="" onUpdate:value=fn rows=4  ... > 
  at <Anonymous value= {hashed: true, components: Object, theme: undefined, token: Object} > 
  at <ALocaleProvider locale=undefined ANT_MARK__="internalMark" > 
  at <LocaleReceiver children=fn<children> > 
  at <AConfigProvider theme= {token: Object} > 
  at <App> @ http://127.0.0.1:5175/@vite/client:528
[    1498ms] [WARNING] [Vue warn]: Invalid prop: type check failed for prop "onKeydown". Expected Function, got Array  
  at <ATextarea value="" onUpdate:value=fn rows=4  ... > 
  at <Anonymous value= {hashed: true, components: Object, theme: undefined, token: Object} > 
  at <ALocaleProvider locale=undefined ANT_MARK__="internalMark" > 
  at <LocaleReceiver children=fn<children> > 
  at <AConfigProvider theme= {token: Object} > 
  at <App> @ http://127.0.0.1:5175/@vite/client:528
[    1500ms] [WARNING] [Vue warn]: Invalid prop: type check failed for prop "onKeydown". Expected Function, got Array  
  at <ATextarea value="" onUpdate:value=fn rows=4  ... > 
  at <Anonymous value= {hashed: true, components: Object, theme: undefined, token: Object} > 
  at <ALocaleProvider locale=undefined ANT_MARK__="internalMark" > 
  at <LocaleReceiver children=fn<children> > 
  at <AConfigProvider theme= {token: Object} > 
  at <App> @ http://127.0.0.1:5175/@vite/client:528
[    1504ms] [WARNING] [Vue warn]: Invalid prop: type check failed for prop "onKeydown". Expected Function, got Array  
  at <ATextarea value="" onUpdate:value=fn rows=4  ... > 
  at <Anonymous value= {hashed: true, components: Object, theme: undefined, token: Object} > 
  at <ALocaleProvider locale=undefined ANT_MARK__="internalMark" > 
  at <LocaleReceiver children=fn<children> > 
  at <AConfigProvider theme= {token: Object} > 
  at <App> @ http://127.0.0.1:5175/@vite/client:528
[    1507ms] [WARNING] [Vue warn]: Invalid prop: type check failed for prop "onKeydown". Expected Function, got Array  
  at <ATextarea value="" onUpdate:value=fn rows=4  ... > 
  at <Anonymous value= {hashed: true, components: Object, theme: undefined, token: Object} > 
  at <ALocaleProvider locale=undefined ANT_MARK__="internalMark" > 
  at <LocaleReceiver children=fn<children> > 
  at <AConfigProvider theme= {token: Object} > 
  at <App> @ http://127.0.0.1:5175/@vite/client:528
[    1510ms] [WARNING] [Vue warn]: Invalid prop: type check failed for prop "onKeydown". Expected Function, got Array  
  at <ATextarea value="" onUpdate:value=fn rows=4  ... > 
  at <Anonymous value= {hashed: true, components: Object, theme: undefined, token: Object} > 
  at <ALocaleProvider locale=undefined ANT_MARK__="internalMark" > 
  at <LocaleReceiver children=fn<children> > 
  at <AConfigProvider theme= {token: Object} > 
  at <App> @ http://127.0.0.1:5175/@vite/client:528
[    1513ms] [WARNING] [Vue warn]: Invalid prop: type check failed for prop "onKeydown". Expected Function, got Array  
  at <ATextarea value="" onUpdate:value=fn rows=4  ... > 
  at <Anonymous value= {hashed: true, components: Object, theme: undefined, token: Object} > 
  at <ALocaleProvider locale=undefined ANT_MARK__="internalMark" > 
  at <LocaleReceiver children=fn<children> > 
  at <AConfigProvider theme= {token: Object} > 
  at <App> @ http://127.0.0.1:5175/@vite/client:528
[    1516ms] [WARNING] [Vue warn]: Invalid prop: type check failed for prop "onKeydown". Expected Function, got Array  
  at <ATextarea value="" onUpdate:value=fn rows=4  ... > 
  at <Anonymous value= {hashed: true, components: Object, theme: undefined, token: Object} > 
  at <ALocaleProvider locale=undefined ANT_MARK__="internalMark" > 
  at <LocaleReceiver children=fn<children> > 
  at <AConfigProvider theme= {token: Object} > 
  at <App> @ http://127.0.0.1:5175/@vite/client:528
[    1519ms] [WARNING] [Vue warn]: Invalid prop: type check failed for prop "onKeydown". Expected Function, got Array  
  at <ATextarea value="" onUpdate:value=fn rows=4  ... > 
  at <Anonymous value= {hashed: true, components: Object, theme: undefined, token: Object} > 
  at <ALocaleProvider locale=undefined ANT_MARK__="internalMark" > 
  at <LocaleReceiver children=fn<children> > 
  at <AConfigProvider theme= {token: Object} > 
  at <App> @ http://127.0.0.1:5175/@vite/client:528
[    1523ms] [WARNING] [Vue warn]: Invalid prop: type check failed for prop "onKeydown". Expected Function, got Array  
  at <ATextarea value="" onUpdate:value=fn rows=4  ... > 
  at <Anonymous value= {hashed: true, components: Object, theme: undefined, token: Object} > 
  at <ALocaleProvider locale=undefined ANT_MARK__="internalMark" > 
  at <LocaleReceiver children=fn<children> > 
  at <AConfigProvider theme= {token: Object} > 
  at <App> @ http://127.0.0.1:5175/@vite/client:528
[    1526ms] [WARNING] [Vue warn]: Invalid prop: type check failed for prop "onKeydown". Expected Function, got Array  
  at <ATextarea value="" onUpdate:value=fn rows=4  ... > 
  at <Anonymous value= {hashed: true, components: Object, theme: undefined, token: Object} > 
  at <ALocaleProvider locale=undefined ANT_MARK__="internalMark" > 
  at <LocaleReceiver children=fn<children> > 
  at <AConfigProvider theme= {token: Object} > 
  at <App> @ http://127.0.0.1:5175/@vite/client:528
[    1529ms] [WARNING] [Vue warn]: Invalid prop: type check failed for prop "onKeydown". Expected Function, got Array  
  at <ATextarea value="" onUpdate:value=fn rows=4  ... > 
  at <Anonymous value= {hashed: true, components: Object, theme: undefined, token: Object} > 
  at <ALocaleProvider locale=undefined ANT_MARK__="internalMark" > 
  at <LocaleReceiver children=fn<children> > 
  at <AConfigProvider theme= {token: Object} > 
  at <App> @ http://127.0.0.1:5175/@vite/client:528
[    1532ms] [WARNING] [Vue warn]: Invalid prop: type check failed for prop "onKeydown". Expected Function, got Array  
  at <ATextarea value="" onUpdate:value=fn rows=4  ... > 
  at <Anonymous value= {hashed: true, components: Object, theme: undefined, token: Object} > 
  at <ALocaleProvider locale=undefined ANT_MARK__="internalMark" > 
  at <LocaleReceiver children=fn<children> > 
  at <AConfigProvider theme= {token: Object} > 
  at <App> @ http://127.0.0.1:5175/@vite/client:528
[    1535ms] [WARNING] [Vue warn]: Invalid prop: type check failed for prop "onKeydown". Expected Function, got Array  
  at <ATextarea value="" onUpdate:value=fn rows=4  ... > 
  at <Anonymous value= {hashed: true, components: Object, theme: undefined, token: Object} > 
  at <ALocaleProvider locale=undefined ANT_MARK__="internalMark" > 
  at <LocaleReceiver children=fn<children> > 
  at <AConfigProvider theme= {token: Object} > 
  at <App> @ http://127.0.0.1:5175/@vite/client:528
[    1538ms] [WARNING] [Vue warn]: Invalid prop: type check failed for prop "onKeydown". Expected Function, got Array  
  at <ATextarea value="" onUpdate:value=fn rows=4  ... > 
  at <Anonymous value= {hashed: true, components: Object, theme: undefined, token: Object} > 
  at <ALocaleProvider locale=undefined ANT_MARK__="internalMark" > 
  at <LocaleReceiver children=fn<children> > 
  at <AConfigProvider theme= {token: Object} > 
  at <App> @ http://127.0.0.1:5175/@vite/client:528
[    1542ms] [WARNING] [Vue warn]: Invalid prop: type check failed for prop "onKeydown". Expected Function, got Array  
  at <ATextarea value="" onUpdate:value=fn rows=4  ... > 
  at <Anonymous value= {hashed: true, components: Object, theme: undefined, token: Object} > 
  at <ALocaleProvider locale=undefined ANT_MARK__="internalMark" > 
  at <LocaleReceiver children=fn<children> > 
  at <AConfigProvider theme= {token: Object} > 
  at <App> @ http://127.0.0.1:5175/@vite/client:528
[    1545ms] [WARNING] [Vue warn]: Invalid prop: type check failed for prop "onKeydown". Expected Function, got Array  
  at <ATextarea value="" onUpdate:value=fn rows=4  ... > 
  at <Anonymous value= {hashed: true, components: Object, theme: undefined, token: Object} > 
  at <ALocaleProvider locale=undefined ANT_MARK__="internalMark" > 
  at <LocaleReceiver children=fn<children> > 
  at <AConfigProvider theme= {token: Object} > 
  at <App> @ http://127.0.0.1:5175/@vite/client:528
[    1548ms] [WARNING] [Vue warn]: Invalid prop: type check failed for prop "onKeydown". Expected Function, got Array  
  at <ATextarea value="" onUpdate:value=fn rows=4  ... > 
  at <Anonymous value= {hashed: true, components: Object, theme: undefined, token: Object} > 
  at <ALocaleProvider locale=undefined ANT_MARK__="internalMark" > 
  at <LocaleReceiver children=fn<children> > 
  at <AConfigProvider theme= {token: Object} > 
  at <App> @ http://127.0.0.1:5175/@vite/client:528
[    1551ms] [WARNING] [Vue warn]: Invalid prop: type check failed for prop "onKeydown". Expected Function, got Array  
  at <ATextarea value="" onUpdate:value=fn rows=4  ... > 
  at <Anonymous value= {hashed: true, components: Object, theme: undefined, token: Object} > 
  at <ALocaleProvider locale=undefined ANT_MARK__="internalMark" > 
  at <LocaleReceiver children=fn<children> > 
  at <AConfigProvider theme= {token: Object} > 
  at <App> @ http://127.0.0.1:5175/@vite/client:528
[    1554ms] [WARNING] [Vue warn]: Invalid prop: type check failed for prop "onKeydown". Expected Function, got Array  
  at <ATextarea value="" onUpdate:value=fn rows=4  ... > 
  at <Anonymous value= {hashed: true, components: Object, theme: undefined, token: Object} > 
  at <ALocaleProvider locale=undefined ANT_MARK__="internalMark" > 
  at <LocaleReceiver children=fn<children> > 
  at <AConfigProvider theme= {token: Object} > 
  at <App> @ http://127.0.0.1:5175/@vite/client:528
[    1557ms] [WARNING] [Vue warn]: Invalid prop: type check failed for prop "onKeydown". Expected Function, got Array  
  at <ATextarea value="" onUpdate:value=fn rows=4  ... > 
  at <Anonymous value= {hashed: true, components: Object, theme: undefined, token: Object} > 
  at <ALocaleProvider locale=undefined ANT_MARK__="internalMark" > 
  at <LocaleReceiver children=fn<children> > 
  at <AConfigProvider theme= {token: Object} > 
  at <App> @ http://127.0.0.1:5175/@vite/client:528
[    1562ms] [WARNING] [Vue warn]: Invalid prop: type check failed for prop "onKeydown". Expected Function, got Array  
  at <ATextarea value="" onUpdate:value=fn rows=4  ... > 
  at <Anonymous value= {hashed: true, components: Object, theme: undefined, token: Object} > 
  at <ALocaleProvider locale=undefined ANT_MARK__="internalMark" > 
  at <LocaleReceiver children=fn<children> > 
  at <AConfigProvider theme= {token: Object} > 
  at <App> @ http://127.0.0.1:5175/@vite/client:528
[    1566ms] [WARNING] [Vue warn]: Invalid prop: type check failed for prop "onKeydown". Expected Function, got Array  
  at <ATextarea value="" onUpdate:value=fn rows=4  ... > 
  at <Anonymous value= {hashed: true, components: Object, theme: undefined, token: Object} > 
  at <ALocaleProvider locale=undefined ANT_MARK__="internalMark" > 
  at <LocaleReceiver children=fn<children> > 
  at <AConfigProvider theme= {token: Object} > 
  at <App> @ http://127.0.0.1:5175/@vite/client:528
[    1569ms] [WARNING] [Vue warn]: Invalid prop: type check failed for prop "onKeydown". Expected Function, got Array  
  at <ATextarea value="" onUpdate:value=fn rows=4  ... > 
  at <Anonymous value= {hashed: true, components: Object, theme: undefined, token: Object} > 
  at <ALocaleProvider locale=undefined ANT_MARK__="internalMark" > 
  at <LocaleReceiver children=fn<children> > 
  at <AConfigProvider theme= {token: Object} > 
  at <App> @ http://127.0.0.1:5175/@vite/client:528
[    1574ms] [WARNING] [Vue warn]: Invalid prop: type check failed for prop "onKeydown". Expected Function, got Array  
  at <ATextarea value="" onUpdate:value=fn rows=4  ... > 
  at <Anonymous value= {hashed: true, components: Object, theme: undefined, token: Object} > 
  at <ALocaleProvider locale=undefined ANT_MARK__="internalMark" > 
  at <LocaleReceiver children=fn<children> > 
  at <AConfigProvider theme= {token: Object} > 
  at <App> @ http://127.0.0.1:5175/@vite/client:528
[    1577ms] [WARNING] [Vue warn]: Invalid prop: type check failed for prop "onKeydown". Expected Function, got Array  
  at <ATextarea value="" onUpdate:value=fn rows=4  ... > 
  at <Anonymous value= {hashed: true, components: Object, theme: undefined, token: Object} > 
  at <ALocaleProvider locale=undefined ANT_MARK__="internalMark" > 
  at <LocaleReceiver children=fn<children> > 
  at <AConfigProvider theme= {token: Object} > 
  at <App> @ http://127.0.0.1:5175/@vite/client:528
[    1580ms] [WARNING] [Vue warn]: Invalid prop: type check failed for prop "onKeydown". Expected Function, got Array  
  at <ATextarea value="" onUpdate:value=fn rows=4  ... > 
  at <Anonymous value= {hashed: true, components: Object, theme: undefined, token: Object} > 
  at <ALocaleProvider locale=undefined ANT_MARK__="internalMark" > 
  at <LocaleReceiver children=fn<children> > 
  at <AConfigProvider theme= {token: Object} > 
  at <App> @ http://127.0.0.1:5175/@vite/client:528
[    1583ms] [WARNING] [Vue warn]: Invalid prop: type check failed for prop "onKeydown". Expected Function, got Array  
  at <ATextarea value="" onUpdate:value=fn rows=4  ... > 
  at <Anonymous value= {hashed: true, components: Object, theme: undefined, token: Object} > 
  at <ALocaleProvider locale=undefined ANT_MARK__="internalMark" > 
  at <LocaleReceiver children=fn<children> > 
  at <AConfigProvider theme= {token: Object} > 
  at <App> @ http://127.0.0.1:5175/@vite/client:528
[    1586ms] [WARNING] [Vue warn]: Invalid prop: type check failed for prop "onKeydown". Expected Function, got Array  
  at <ATextarea value="" onUpdate:value=fn rows=4  ... > 
  at <Anonymous value= {hashed: true, components: Object, theme: undefined, token: Object} > 
  at <ALocaleProvider locale=undefined ANT_MARK__="internalMark" > 
  at <LocaleReceiver children=fn<children> > 
  at <AConfigProvider theme= {token: Object} > 
  at <App> @ http://127.0.0.1:5175/@vite/client:528
[    1590ms] [WARNING] [Vue warn]: Invalid prop: type check failed for prop "onKeydown". Expected Function, got Array  
  at <ATextarea value="" onUpdate:value=fn rows=4  ... > 
  at <Anonymous value= {hashed: true, components: Object, theme: undefined, token: Object} > 
  at <ALocaleProvider locale=undefined ANT_MARK__="internalMark" > 
  at <LocaleReceiver children=fn<children> > 
  at <AConfigProvider theme= {token: Object} > 
  at <App> @ http://127.0.0.1:5175/@vite/client:528
[    1593ms] [WARNING] [Vue warn]: Invalid prop: type check failed for prop "onKeydown". Expected Function, got Array  
  at <ATextarea value="" onUpdate:value=fn rows=4  ... > 
  at <Anonymous value= {hashed: true, components: Object, theme: undefined, token: Object} > 
  at <ALocaleProvider locale=undefined ANT_MARK__="internalMark" > 
  at <LocaleReceiver children=fn<children> > 
  at <AConfigProvider theme= {token: Object} > 
  at <App> @ http://127.0.0.1:5175/@vite/client:528
[    1596ms] [WARNING] [Vue warn]: Invalid prop: type check failed for prop "onKeydown". Expected Function, got Array  
  at <ATextarea value="" onUpdate:value=fn rows=4  ... > 
  at <Anonymous value= {hashed: true, components: Object, theme: undefined, token: Object} > 
  at <ALocaleProvider locale=undefined ANT_MARK__="internalMark" > 
  at <LocaleReceiver children=fn<children> > 
  at <AConfigProvider theme= {token: Object} > 
  at <App> @ http://127.0.0.1:5175/@vite/client:528
[    1599ms] [WARNING] [Vue warn]: Invalid prop: type check failed for prop "onKeydown". Expected Function, got Array  
  at <ATextarea value="" onUpdate:value=fn rows=4  ... > 
  at <Anonymous value= {hashed: true, components: Object, theme: undefined, token: Object} > 
  at <ALocaleProvider locale=undefined ANT_MARK__="internalMark" > 
  at <LocaleReceiver children=fn<children> > 
  at <AConfigProvider theme= {token: Object} > 
  at <App> @ http://127.0.0.1:5175/@vite/client:528
[    1602ms] [WARNING] [Vue warn]: Invalid prop: type check failed for prop "onKeydown". Expected Function, got Array  
  at <ATextarea value="" onUpdate:value=fn rows=4  ... > 
  at <Anonymous value= {hashed: true, components: Object, theme: undefined, token: Object} > 
  at <ALocaleProvider locale=undefined ANT_MARK__="internalMark" > 
  at <LocaleReceiver children=fn<children> > 
  at <AConfigProvider theme= {token: Object} > 
  at <App> @ http://127.0.0.1:5175/@vite/client:528
[    1605ms] [WARNING] [Vue warn]: Invalid prop: type check failed for prop "onKeydown". Expected Function, got Array  
  at <ATextarea value="" onUpdate:value=fn rows=4  ... > 
  at <Anonymous value= {hashed: true, components: Object, theme: undefined, token: Object} > 
  at <ALocaleProvider locale=undefined ANT_MARK__="internalMark" > 
  at <LocaleReceiver children=fn<children> > 
  at <AConfigProvider theme= {token: Object} > 
  at <App> @ http://127.0.0.1:5175/@vite/client:528
[    1608ms] [WARNING] [Vue warn]: Invalid prop: type check failed for prop "onKeydown". Expected Function, got Array  
  at <ATextarea value="" onUpdate:value=fn rows=4  ... > 
  at <Anonymous value= {hashed: true, components: Object, theme: undefined, token: Object} > 
  at <ALocaleProvider locale=undefined ANT_MARK__="internalMark" > 
  at <LocaleReceiver children=fn<children> > 
  at <AConfigProvider theme= {token: Object} > 
  at <App> @ http://127.0.0.1:5175/@vite/client:528
[    1611ms] [WARNING] [Vue warn]: Invalid prop: type check failed for prop "onKeydown". Expected Function, got Array  
  at <ATextarea value="" onUpdate:value=fn rows=4  ... > 
  at <Anonymous value= {hashed: true, components: Object, theme: undefined, token: Object} > 
  at <ALocaleProvider locale=undefined ANT_MARK__="internalMark" > 
  at <LocaleReceiver children=fn<children> > 
  at <AConfigProvider theme= {token: Object} > 
  at <App> @ http://127.0.0.1:5175/@vite/client:528
[    1614ms] [WARNING] [Vue warn]: Invalid prop: type check failed for prop "onKeydown". Expected Function, got Array  
  at <ATextarea value="" onUpdate:value=fn rows=4  ... > 
  at <Anonymous value= {hashed: true, components: Object, theme: undefined, token: Object} > 
  at <ALocaleProvider locale=undefined ANT_MARK__="internalMark" > 
  at <LocaleReceiver children=fn<children> > 
  at <AConfigProvider theme= {token: Object} > 
  at <App> @ http://127.0.0.1:5175/@vite/client:528
[    1617ms] [WARNING] [Vue warn]: Invalid prop: type check failed for prop "onKeydown". Expected Function, got Array  
  at <ATextarea value="" onUpdate:value=fn rows=4  ... > 
  at <Anonymous value= {hashed: true, components: Object, theme: undefined, token: Object} > 
  at <ALocaleProvider locale=undefined ANT_MARK__="internalMark" > 
  at <LocaleReceiver children=fn<children> > 
  at <AConfigProvider theme= {token: Object} > 
  at <App> @ http://127.0.0.1:5175/@vite/client:528
[    1620ms] [WARNING] [Vue warn]: Invalid prop: type check failed for prop "onKeydown". Expected Function, got Array  
  at <ATextarea value="" onUpdate:value=fn rows=4  ... > 
  at <Anonymous value= {hashed: true, components: Object, theme: undefined, token: Object} > 
  at <ALocaleProvider locale=undefined ANT_MARK__="internalMark" > 
  at <LocaleReceiver children=fn<children> > 
  at <AConfigProvider theme= {token: Object} > 
  at <App> @ http://127.0.0.1:5175/@vite/client:528
[    1623ms] [WARNING] [Vue warn]: Invalid prop: type check failed for prop "onKeydown". Expected Function, got Array  
  at <ATextarea value="" onUpdate:value=fn rows=4  ... > 
  at <Anonymous value= {hashed: true, components: Object, theme: undefined, token: Object} > 
  at <ALocaleProvider locale=undefined ANT_MARK__="internalMark" > 
  at <LocaleReceiver children=fn<children> > 
  at <AConfigProvider theme= {token: Object} > 
  at <App> @ http://127.0.0.1:5175/@vite/client:528
[    1626ms] [WARNING] [Vue warn]: Invalid prop: type check failed for prop "onKeydown". Expected Function, got Array  
  at <ATextarea value="" onUpdate:value=fn rows=4  ... > 
  at <Anonymous value= {hashed: true, components: Object, theme: undefined, token: Object} > 
  at <ALocaleProvider locale=undefined ANT_MARK__="internalMark" > 
  at <LocaleReceiver children=fn<children> > 
  at <AConfigProvider theme= {token: Object} > 
  at <App> @ http://127.0.0.1:5175/@vite/client:528
[    1629ms] [WARNING] [Vue warn]: Invalid prop: type check failed for prop "onKeydown". Expected Function, got Array  
  at <ATextarea value="" onUpdate:value=fn rows=4  ... > 
  at <Anonymous value= {hashed: true, components: Object, theme: undefined, token: Object} > 
  at <ALocaleProvider locale=undefined ANT_MARK__="internalMark" > 
  at <LocaleReceiver children=fn<children> > 
  at <AConfigProvider theme= {token: Object} > 
  at <App> @ http://127.0.0.1:5175/@vite/client:528
[    1632ms] [WARNING] [Vue warn]: Invalid prop: type check failed for prop "onKeydown". Expected Function, got Array  
  at <ATextarea value="" onUpdate:value=fn rows=4  ... > 
  at <Anonymous value= {hashed: true, components: Object, theme: undefined, token: Object} > 
  at <ALocaleProvider locale=undefined ANT_MARK__="internalMark" > 
  at <LocaleReceiver children=fn<children> > 
  at <AConfigProvider theme= {token: Object} > 
  at <App> @ http://127.0.0.1:5175/@vite/client:528
[    1635ms] [WARNING] [Vue warn]: Invalid prop: type check failed for prop "onKeydown". Expected Function, got Array  
  at <ATextarea value="" onUpdate:value=fn rows=4  ... > 
  at <Anonymous value= {hashed: true, components: Object, theme: undefined, token: Object} > 
  at <ALocaleProvider locale=undefined ANT_MARK__="internalMark" > 
  at <LocaleReceiver children=fn<children> > 
  at <AConfigProvider theme= {token: Object} > 
  at <App> @ http://127.0.0.1:5175/@vite/client:528
[    1638ms] [WARNING] [Vue warn]: Invalid prop: type check failed for prop "onKeydown". Expected Function, got Array  
  at <ATextarea value="" onUpdate:value=fn rows=4  ... > 
  at <Anonymous value= {hashed: true, components: Object, theme: undefined, token: Object} > 
  at <ALocaleProvider locale=undefined ANT_MARK__="internalMark" > 
  at <LocaleReceiver children=fn<children> > 
  at <AConfigProvider theme= {token: Object} > 
  at <App> @ http://127.0.0.1:5175/@vite/client:528
[    1641ms] [WARNING] [Vue warn]: Invalid prop: type check failed for prop "onKeydown". Expected Function, got Array  
  at <ATextarea value="" onUpdate:value=fn rows=4  ... > 
  at <Anonymous value= {hashed: true, components: Object, theme: undefined, token: Object} > 
  at <ALocaleProvider locale=undefined ANT_MARK__="internalMark" > 
  at <LocaleReceiver children=fn<children> > 
  at <AConfigProvider theme= {token: Object} > 
  at <App> @ http://127.0.0.1:5175/@vite/client:528
[    1645ms] [WARNING] [Vue warn]: Invalid prop: type check failed for prop "onKeydown". Expected Function, got Array  
  at <ATextarea value="" onUpdate:value=fn rows=4  ... > 
  at <Anonymous value= {hashed: true, components: Object, theme: undefined, token: Object} > 
  at <ALocaleProvider locale=undefined ANT_MARK__="internalMark" > 
  at <LocaleReceiver children=fn<children> > 
  at <AConfigProvider theme= {token: Object} > 
  at <App> @ http://127.0.0.1:5175/@vite/client:528
[    1648ms] [WARNING] [Vue warn]: Invalid prop: type check failed for prop "onKeydown". Expected Function, got Array  
  at <ATextarea value="" onUpdate:value=fn rows=4  ... > 
  at <Anonymous value= {hashed: true, components: Object, theme: undefined, token: Object} > 
  at <ALocaleProvider locale=undefined ANT_MARK__="internalMark" > 
  at <LocaleReceiver children=fn<children> > 
  at <AConfigProvider theme= {token: Object} > 
  at <App> @ http://127.0.0.1:5175/@vite/client:528
[    1651ms] [WARNING] [Vue warn]: Invalid prop: type check failed for prop "onKeydown". Expected Function, got Array  
  at <ATextarea value="" onUpdate:value=fn rows=4  ... > 
  at <Anonymous value= {hashed: true, components: Object, theme: undefined, token: Object} > 
  at <ALocaleProvider locale=undefined ANT_MARK__="internalMark" > 
  at <LocaleReceiver children=fn<children> > 
  at <AConfigProvider theme= {token: Object} > 
  at <App> @ http://127.0.0.1:5175/@vite/client:528
[    1654ms] [WARNING] [Vue warn]: Invalid prop: type check failed for prop "onKeydown". Expected Function, got Array  
  at <ATextarea value="" onUpdate:value=fn rows=4  ... > 
  at <Anonymous value= {hashed: true, components: Object, theme: undefined, token: Object} > 
  at <ALocaleProvider locale=undefined ANT_MARK__="internalMark" > 
  at <LocaleReceiver children=fn<children> > 
  at <AConfigProvider theme= {token: Object} > 
  at <App> @ http://127.0.0.1:5175/@vite/client:528
[    1657ms] [WARNING] [Vue warn]: Invalid prop: type check failed for prop "onKeydown". Expected Function, got Array  
  at <ATextarea value="" onUpdate:value=fn rows=4  ... > 
  at <Anonymous value= {hashed: true, components: Object, theme: undefined, token: Object} > 
  at <ALocaleProvider locale=undefined ANT_MARK__="internalMark" > 
  at <LocaleReceiver children=fn<children> > 
  at <AConfigProvider theme= {token: Object} > 
  at <App> @ http://127.0.0.1:5175/@vite/client:528
[    1662ms] [WARNING] [Vue warn]: Invalid prop: type check failed for prop "onKeydown". Expected Function, got Array  
  at <ATextarea value="" onUpdate:value=fn rows=4  ... > 
  at <Anonymous value= {hashed: true, components: Object, theme: undefined, token: Object} > 
  at <ALocaleProvider locale=undefined ANT_MARK__="internalMark" > 
  at <LocaleReceiver children=fn<children> > 
  at <AConfigProvider theme= {token: Object} > 
  at <App> @ http://127.0.0.1:5175/@vite/client:528
[    1665ms] [WARNING] [Vue warn]: Invalid prop: type check failed for prop "onKeydown". Expected Function, got Array  
  at <ATextarea value="" onUpdate:value=fn rows=4  ... > 
  at <Anonymous value= {hashed: true, components: Object, theme: undefined, token: Object} > 
  at <ALocaleProvider locale=undefined ANT_MARK__="internalMark" > 
  at <LocaleReceiver children=fn<children> > 
  at <AConfigProvider theme= {token: Object} > 
  at <App> @ http://127.0.0.1:5175/@vite/client:528
[    1669ms] [WARNING] [Vue warn]: Invalid prop: type check failed for prop "onKeydown". Expected Function, got Array  
  at <ATextarea value="" onUpdate:value=fn rows=4  ... > 
  at <Anonymous value= {hashed: true, components: Object, theme: undefined, token: Object} > 
  at <ALocaleProvider locale=undefined ANT_MARK__="internalMark" > 
  at <LocaleReceiver children=fn<children> > 
  at <AConfigProvider theme= {token: Object} > 
  at <App> @ http://127.0.0.1:5175/@vite/client:528
[    1672ms] [WARNING] [Vue warn]: Invalid prop: type check failed for prop "onKeydown". Expected Function, got Array  
  at <ATextarea value="" onUpdate:value=fn rows=4  ... > 
  at <Anonymous value= {hashed: true, components: Object, theme: undefined, token: Object} > 
  at <ALocaleProvider locale=undefined ANT_MARK__="internalMark" > 
  at <LocaleReceiver children=fn<children> > 
  at <AConfigProvider theme= {token: Object} > 
  at <App> @ http://127.0.0.1:5175/@vite/client:528
[    1676ms] [WARNING] [Vue warn]: Invalid prop: type check failed for prop "onKeydown". Expected Function, got Array  
  at <ATextarea value="" onUpdate:value=fn rows=4  ... > 
  at <Anonymous value= {hashed: true, components: Object, theme: undefined, token: Object} > 
  at <ALocaleProvider locale=undefined ANT_MARK__="internalMark" > 
  at <LocaleReceiver children=fn<children> > 
  at <AConfigProvider theme= {token: Object} > 
  at <App> @ http://127.0.0.1:5175/@vite/client:528
[    1679ms] [WARNING] [Vue warn]: Invalid prop: type check failed for prop "onKeydown". Expected Function, got Array  
  at <ATextarea value="" onUpdate:value=fn rows=4  ... > 
  at <Anonymous value= {hashed: true, components: Object, theme: undefined, token: Object} > 
  at <ALocaleProvider locale=undefined ANT_MARK__="internalMark" > 
  at <LocaleReceiver children=fn<children> > 
  at <AConfigProvider theme= {token: Object} > 
  at <App> @ http://127.0.0.1:5175/@vite/client:528
[    1682ms] [WARNING] [Vue warn]: Invalid prop: type check failed for prop "onKeydown". Expected Function, got Array  
  at <ATextarea value="" onUpdate:value=fn rows=4  ... > 
  at <Anonymous value= {hashed: true, components: Object, theme: undefined, token: Object} > 
  at <ALocaleProvider locale=undefined ANT_MARK__="internalMark" > 
  at <LocaleReceiver children=fn<children> > 
  at <AConfigProvider theme= {token: Object} > 
  at <App> @ http://127.0.0.1:5175/@vite/client:528
[    1686ms] [WARNING] [Vue warn]: Invalid prop: type check failed for prop "onKeydown". Expected Function, got Array  
  at <ATextarea value="" onUpdate:value=fn rows=4  ... > 
  at <Anonymous value= {hashed: true, components: Object, theme: undefined, token: Object} > 
  at <ALocaleProvider locale=undefined ANT_MARK__="internalMark" > 
  at <LocaleReceiver children=fn<children> > 
  at <AConfigProvider theme= {token: Object} > 
  at <App> @ http://127.0.0.1:5175/@vite/client:528
[    1689ms] [WARNING] [Vue warn]: Invalid prop: type check failed for prop "onKeydown". Expected Function, got Array  
  at <ATextarea value="" onUpdate:value=fn rows=4  ... > 
  at <Anonymous value= {hashed: true, components: Object, theme: undefined, token: Object} > 
  at <ALocaleProvider locale=undefined ANT_MARK__="internalMark" > 
  at <LocaleReceiver children=fn<children> > 
  at <AConfigProvider theme= {token: Object} > 
  at <App> @ http://127.0.0.1:5175/@vite/client:528
[    1692ms] [WARNING] [Vue warn]: Invalid prop: type check failed for prop "onKeydown". Expected Function, got Array  
  at <ATextarea value="" onUpdate:value=fn rows=4  ... > 
  at <Anonymous value= {hashed: true, components: Object, theme: undefined, token: Object} > 
  at <ALocaleProvider locale=undefined ANT_MARK__="internalMark" > 
  at <LocaleReceiver children=fn<children> > 
  at <AConfigProvider theme= {token: Object} > 
  at <App> @ http://127.0.0.1:5175/@vite/client:528
[    1695ms] [WARNING] [Vue warn]: Invalid prop: type check failed for prop "onKeydown". Expected Function, got Array  
  at <ATextarea value="" onUpdate:value=fn rows=4  ... > 
  at <Anonymous value= {hashed: true, components: Object, theme: undefined, token: Object} > 
  at <ALocaleProvider locale=undefined ANT_MARK__="internalMark" > 
  at <LocaleReceiver children=fn<children> > 
  at <AConfigProvider theme= {token: Object} > 
  at <App> @ http://127.0.0.1:5175/@vite/client:528
[    1698ms] [WARNING] [Vue warn]: Invalid prop: type check failed for prop "onKeydown". Expected Function, got Array  
  at <ATextarea value="" onUpdate:value=fn rows=4  ... > 
  at <Anonymous value= {hashed: true, components: Object, theme: undefined, token: Object} > 
  at <ALocaleProvider locale=undefined ANT_MARK__="internalMark" > 
  at <LocaleReceiver children=fn<children> > 
  at <AConfigProvider theme= {token: Object} > 
  at <App> @ http://127.0.0.1:5175/@vite/client:528
[    1701ms] [WARNING] [Vue warn]: Invalid prop: type check failed for prop "onKeydown". Expected Function, got Array  
  at <ATextarea value="" onUpdate:value=fn rows=4  ... > 
  at <Anonymous value= {hashed: true, components: Object, theme: undefined, token: Object} > 
  at <ALocaleProvider locale=undefined ANT_MARK__="internalMark" > 
  at <LocaleReceiver children=fn<children> > 
  at <AConfigProvider theme= {token: Object} > 
  at <App> @ http://127.0.0.1:5175/@vite/client:528
[    1704ms] [WARNING] [Vue warn]: Invalid prop: type check failed for prop "onKeydown". Expected Function, got Array  
  at <ATextarea value="" onUpdate:value=fn rows=4  ... > 
  at <Anonymous value= {hashed: true, components: Object, theme: undefined, token: Object} > 
  at <ALocaleProvider locale=undefined ANT_MARK__="internalMark" > 
  at <LocaleReceiver children=fn<children> > 
  at <AConfigProvider theme= {token: Object} > 
  at <App> @ http://127.0.0.1:5175/@vite/client:528
[    1707ms] [WARNING] [Vue warn]: Invalid prop: type check failed for prop "onKeydown". Expected Function, got Array  
  at <ATextarea value="" onUpdate:value=fn rows=4  ... > 
  at <Anonymous value= {hashed: true, components: Object, theme: undefined, token: Object} > 
  at <ALocaleProvider locale=undefined ANT_MARK__="internalMark" > 
  at <LocaleReceiver children=fn<children> > 
  at <AConfigProvider theme= {token: Object} > 
  at <App> @ http://127.0.0.1:5175/@vite/client:528
[    1710ms] [WARNING] [Vue warn]: Invalid prop: type check failed for prop "onKeydown". Expected Function, got Array  
  at <ATextarea value="" onUpdate:value=fn rows=4  ... > 
  at <Anonymous value= {hashed: true, components: Object, theme: undefined, token: Object} > 
  at <ALocaleProvider locale=undefined ANT_MARK__="internalMark" > 
  at <LocaleReceiver children=fn<children> > 
  at <AConfigProvider theme= {token: Object} > 
  at <App> @ http://127.0.0.1:5175/@vite/client:528
[    1713ms] [WARNING] [Vue warn]: Invalid prop: type check failed for prop "onKeydown". Expected Function, got Array  
  at <ATextarea value="" onUpdate:value=fn rows=4  ... > 
  at <Anonymous value= {hashed: true, components: Object, theme: undefined, token: Object} > 
  at <ALocaleProvider locale=undefined ANT_MARK__="internalMark" > 
  at <LocaleReceiver children=fn<children> > 
  at <AConfigProvider theme= {token: Object} > 
  at <App> @ http://127.0.0.1:5175/@vite/client:528
[    1716ms] [WARNING] [Vue warn]: Invalid prop: type check failed for prop "onKeydown". Expected Function, got Array  
  at <ATextarea value="" onUpdate:value=fn rows=4  ... > 
  at <Anonymous value= {hashed: true, components: Object, theme: undefined, token: Object} > 
  at <ALocaleProvider locale=undefined ANT_MARK__="internalMark" > 
  at <LocaleReceiver children=fn<children> > 
  at <AConfigProvider theme= {token: Object} > 
  at <App> @ http://127.0.0.1:5175/@vite/client:528
[    1719ms] [WARNING] [Vue warn]: Invalid prop: type check failed for prop "onKeydown". Expected Function, got Array  
  at <ATextarea value="" onUpdate:value=fn rows=4  ... > 
  at <Anonymous value= {hashed: true, components: Object, theme: undefined, token: Object} > 
  at <ALocaleProvider locale=undefined ANT_MARK__="internalMark" > 
  at <LocaleReceiver children=fn<children> > 
  at <AConfigProvider theme= {token: Object} > 
  at <App> @ http://127.0.0.1:5175/@vite/client:528
[    1722ms] [WARNING] [Vue warn]: Invalid prop: type check failed for prop "onKeydown". Expected Function, got Array  
  at <ATextarea value="" onUpdate:value=fn rows=4  ... > 
  at <Anonymous value= {hashed: true, components: Object, theme: undefined, token: Object} > 
  at <ALocaleProvider locale=undefined ANT_MARK__="internalMark" > 
  at <LocaleReceiver children=fn<children> > 
  at <AConfigProvider theme= {token: Object} > 
  at <App> @ http://127.0.0.1:5175/@vite/client:528
[    1725ms] [WARNING] [Vue warn]: Invalid prop: type check failed for prop "onKeydown". Expected Function, got Array  
  at <ATextarea value="" onUpdate:value=fn rows=4  ... > 
  at <Anonymous value= {hashed: true, components: Object, theme: undefined, token: Object} > 
  at <ALocaleProvider locale=undefined ANT_MARK__="internalMark" > 
  at <LocaleReceiver children=fn<children> > 
  at <AConfigProvider theme= {token: Object} > 
  at <App> @ http://127.0.0.1:5175/@vite/client:528
[    1728ms] [WARNING] [Vue warn]: Invalid prop: type check failed for prop "onKeydown". Expected Function, got Array  
  at <ATextarea value="" onUpdate:value=fn rows=4  ... > 
  at <Anonymous value= {hashed: true, components: Object, theme: undefined, token: Object} > 
  at <ALocaleProvider locale=undefined ANT_MARK__="internalMark" > 
  at <LocaleReceiver children=fn<children> > 
  at <AConfigProvider theme= {token: Object} > 
  at <App> @ http://127.0.0.1:5175/@vite/client:528
[    1731ms] [WARNING] [Vue warn]: Invalid prop: type check failed for prop "onKeydown". Expected Function, got Array  
  at <ATextarea value="" onUpdate:value=fn rows=4  ... > 
  at <Anonymous value= {hashed: true, components: Object, theme: undefined, token: Object} > 
  at <ALocaleProvider locale=undefined ANT_MARK__="internalMark" > 
  at <LocaleReceiver children=fn<children> > 
  at <AConfigProvider theme= {token: Object} > 
  at <App> @ http://127.0.0.1:5175/@vite/client:528
[    1734ms] [WARNING] [Vue warn]: Invalid prop: type check failed for prop "onKeydown". Expected Function, got Array  
  at <ATextarea value="" onUpdate:value=fn rows=4  ... > 
  at <Anonymous value= {hashed: true, components: Object, theme: undefined, token: Object} > 
  at <ALocaleProvider locale=undefined ANT_MARK__="internalMark" > 
  at <LocaleReceiver children=fn<children> > 
  at <AConfigProvider theme= {token: Object} > 
  at <App> @ http://127.0.0.1:5175/@vite/client:528
[    1737ms] [WARNING] [Vue warn]: Invalid prop: type check failed for prop "onKeydown". Expected Function, got Array  
  at <ATextarea value="" onUpdate:value=fn rows=4  ... > 
  at <Anonymous value= {hashed: true, components: Object, theme: undefined, token: Object} > 
  at <ALocaleProvider locale=undefined ANT_MARK__="internalMark" > 
  at <LocaleReceiver children=fn<children> > 
  at <AConfigProvider theme= {token: Object} > 
  at <App> @ http://127.0.0.1:5175/@vite/client:528
[    1740ms] [WARNING] [Vue warn]: Invalid prop: type check failed for prop "onKeydown". Expected Function, got Array  
  at <ATextarea value="" onUpdate:value=fn rows=4  ... > 
  at <Anonymous value= {hashed: true, components: Object, theme: undefined, token: Object} > 
  at <ALocaleProvider locale=undefined ANT_MARK__="internalMark" > 
  at <LocaleReceiver children=fn<children> > 
  at <AConfigProvider theme= {token: Object} > 
  at <App> @ http://127.0.0.1:5175/@vite/client:528
[    1743ms] [WARNING] [Vue warn]: Invalid prop: type check failed for prop "onKeydown". Expected Function, got Array  
  at <ATextarea value="" onUpdate:value=fn rows=4  ... > 
  at <Anonymous value= {hashed: true, components: Object, theme: undefined, token: Object} > 
  at <ALocaleProvider locale=undefined ANT_MARK__="internalMark" > 
  at <LocaleReceiver children=fn<children> > 
  at <AConfigProvider theme= {token: Object} > 
  at <App> @ http://127.0.0.1:5175/@vite/client:528
[    1746ms] [WARNING] [Vue warn]: Invalid prop: type check failed for prop "onKeydown". Expected Function, got Array  
  at <ATextarea value="" onUpdate:value=fn rows=4  ... > 
  at <Anonymous value= {hashed: true, components: Object, theme: undefined, token: Object} > 
  at <ALocaleProvider locale=undefined ANT_MARK__="internalMark" > 
  at <LocaleReceiver children=fn<children> > 
  at <AConfigProvider theme= {token: Object} > 
  at <App> @ http://127.0.0.1:5175/@vite/client:528
[    1749ms] [WARNING] [Vue warn]: Invalid prop: type check failed for prop "onKeydown". Expected Function, got Array  
  at <ATextarea value="" onUpdate:value=fn rows=4  ... > 
  at <Anonymous value= {hashed: true, components: Object, theme: undefined, token: Object} > 
  at <ALocaleProvider locale=undefined ANT_MARK__="internalMark" > 
  at <LocaleReceiver children=fn<children> > 
  at <AConfigProvider theme= {token: Object} > 
  at <App> @ http://127.0.0.1:5175/@vite/client:528
[    1753ms] [WARNING] [Vue warn]: Invalid prop: type check failed for prop "onKeydown". Expected Function, got Array  
  at <ATextarea value="" onUpdate:value=fn rows=4  ... > 
  at <Anonymous value= {hashed: true, components: Object, theme: undefined, token: Object} > 
  at <ALocaleProvider locale=undefined ANT_MARK__="internalMark" > 
  at <LocaleReceiver children=fn<children> > 
  at <AConfigProvider theme= {token: Object} > 
  at <App> @ http://127.0.0.1:5175/@vite/client:528
[    1756ms] [WARNING] [Vue warn]: Invalid prop: type check failed for prop "onKeydown". Expected Function, got Array  
  at <ATextarea value="" onUpdate:value=fn rows=4  ... > 
  at <Anonymous value= {hashed: true, components: Object, theme: undefined, token: Object} > 
  at <ALocaleProvider locale=undefined ANT_MARK__="internalMark" > 
  at <LocaleReceiver children=fn<children> > 
  at <AConfigProvider theme= {token: Object} > 
  at <App> @ http://127.0.0.1:5175/@vite/client:528
[    1760ms] [WARNING] [Vue warn]: Invalid prop: type check failed for prop "onKeydown". Expected Function, got Array  
  at <ATextarea value="" onUpdate:value=fn rows=4  ... > 
  at <Anonymous value= {hashed: true, components: Object, theme: undefined, token: Object} > 
  at <ALocaleProvider locale=undefined ANT_MARK__="internalMark" > 
  at <LocaleReceiver children=fn<children> > 
  at <AConfigProvider theme= {token: Object} > 
  at <App> @ http://127.0.0.1:5175/@vite/client:528
[    1764ms] [WARNING] [Vue warn]: Invalid prop: type check failed for prop "onKeydown". Expected Function, got Array  
  at <ATextarea value="" onUpdate:value=fn rows=4  ... > 
  at <Anonymous value= {hashed: true, components: Object, theme: undefined, token: Object} > 
  at <ALocaleProvider locale=undefined ANT_MARK__="internalMark" > 
  at <LocaleReceiver children=fn<children> > 
  at <AConfigProvider theme= {token: Object} > 
  at <App> @ http://127.0.0.1:5175/@vite/client:528
[    1767ms] [WARNING] [Vue warn]: Invalid prop: type check failed for prop "onKeydown". Expected Function, got Array  
  at <ATextarea value="" onUpdate:value=fn rows=4  ... > 
  at <Anonymous value= {hashed: true, components: Object, theme: undefined, token: Object} > 
  at <ALocaleProvider locale=undefined ANT_MARK__="internalMark" > 
  at <LocaleReceiver children=fn<children> > 
  at <AConfigProvider theme= {token: Object} > 
  at <App> @ http://127.0.0.1:5175/@vite/client:528
[    1770ms] [WARNING] [Vue warn]: Invalid prop: type check failed for prop "onKeydown". Expected Function, got Array  
  at <ATextarea value="" onUpdate:value=fn rows=4  ... > 
  at <Anonymous value= {hashed: true, components: Object, theme: undefined, token: Object} > 
  at <ALocaleProvider locale=undefined ANT_MARK__="internalMark" > 
  at <LocaleReceiver children=fn<children> > 
  at <AConfigProvider theme= {token: Object} > 
  at <App> @ http://127.0.0.1:5175/@vite/client:528
[    1773ms] [WARNING] [Vue warn]: Invalid prop: type check failed for prop "onKeydown". Expected Function, got Array  
  at <ATextarea value="" onUpdate:value=fn rows=4  ... > 
  at <Anonymous value= {hashed: true, components: Object, theme: undefined, token: Object} > 
  at <ALocaleProvider locale=undefined ANT_MARK__="internalMark" > 
  at <LocaleReceiver children=fn<children> > 
  at <AConfigProvider theme= {token: Object} > 
  at <App> @ http://127.0.0.1:5175/@vite/client:528
[    1777ms] [WARNING] [Vue warn]: Invalid prop: type check failed for prop "onKeydown". Expected Function, got Array  
  at <ATextarea value="" onUpdate:value=fn rows=4  ... > 
  at <Anonymous value= {hashed: true, components: Object, theme: undefined, token: Object} > 
  at <ALocaleProvider locale=undefined ANT_MARK__="internalMark" > 
  at <LocaleReceiver children=fn<children> > 
  at <AConfigProvider theme= {token: Object} > 
  at <App> @ http://127.0.0.1:5175/@vite/client:528
[    1780ms] [WARNING] [Vue warn]: Invalid prop: type check failed for prop "onKeydown". Expected Function, got Array  
  at <ATextarea value="" onUpdate:value=fn rows=4  ... > 
  at <Anonymous value= {hashed: true, components: Object, theme: undefined, token: Object} > 
  at <ALocaleProvider locale=undefined ANT_MARK__="internalMark" > 
  at <LocaleReceiver children=fn<children> > 
  at <AConfigProvider theme= {token: Object} > 
  at <App> @ http://127.0.0.1:5175/@vite/client:528
[    1783ms] [WARNING] [Vue warn]: Invalid prop: type check failed for prop "onKeydown". Expected Function, got Array  
  at <ATextarea value="" onUpdate:value=fn rows=4  ... > 
  at <Anonymous value= {hashed: true, components: Object, theme: undefined, token: Object} > 
  at <ALocaleProvider locale=undefined ANT_MARK__="internalMark" > 
  at <LocaleReceiver children=fn<children> > 
  at <AConfigProvider theme= {token: Object} > 
  at <App> @ http://127.0.0.1:5175/@vite/client:528
[    1786ms] [WARNING] [Vue warn]: Invalid prop: type check failed for prop "onKeydown". Expected Function, got Array  
  at <ATextarea value="" onUpdate:value=fn rows=4  ... > 
  at <Anonymous value= {hashed: true, components: Object, theme: undefined, token: Object} > 
  at <ALocaleProvider locale=undefined ANT_MARK__="internalMark" > 
  at <LocaleReceiver children=fn<children> > 
  at <AConfigProvider theme= {token: Object} > 
  at <App> @ http://127.0.0.1:5175/@vite/client:528
[    1790ms] [WARNING] [Vue warn]: Invalid prop: type check failed for prop "onKeydown". Expected Function, got Array  
  at <ATextarea value="" onUpdate:value=fn rows=4  ... > 
  at <Anonymous value= {hashed: true, components: Object, theme: undefined, token: Object} > 
  at <ALocaleProvider locale=undefined ANT_MARK__="internalMark" > 
  at <LocaleReceiver children=fn<children> > 
  at <AConfigProvider theme= {token: Object} > 
  at <App> @ http://127.0.0.1:5175/@vite/client:528
[    1793ms] [WARNING] [Vue warn]: Invalid prop: type check failed for prop "onKeydown". Expected Function, got Array  
  at <ATextarea value="" onUpdate:value=fn rows=4  ... > 
  at <Anonymous value= {hashed: true, components: Object, theme: undefined, token: Object} > 
  at <ALocaleProvider locale=undefined ANT_MARK__="internalMark" > 
  at <LocaleReceiver children=fn<children> > 
  at <AConfigProvider theme= {token: Object} > 
  at <App> @ http://127.0.0.1:5175/@vite/client:528
[    1796ms] [WARNING] [Vue warn]: Invalid prop: type check failed for prop "onKeydown". Expected Function, got Array  
  at <ATextarea value="" onUpdate:value=fn rows=4  ... > 
  at <Anonymous value= {hashed: true, components: Object, theme: undefined, token: Object} > 
  at <ALocaleProvider locale=undefined ANT_MARK__="internalMark" > 
  at <LocaleReceiver children=fn<children> > 
  at <AConfigProvider theme= {token: Object} > 
  at <App> @ http://127.0.0.1:5175/@vite/client:528
[    1799ms] [WARNING] [Vue warn]: Invalid prop: type check failed for prop "onKeydown". Expected Function, got Array  
  at <ATextarea value="" onUpdate:value=fn rows=4  ... > 
  at <Anonymous value= {hashed: true, components: Object, theme: undefined, token: Object} > 
  at <ALocaleProvider locale=undefined ANT_MARK__="internalMark" > 
  at <LocaleReceiver children=fn<children> > 
  at <AConfigProvider theme= {token: Object} > 
  at <App> @ http://127.0.0.1:5175/@vite/client:528
[    1802ms] [WARNING] [Vue warn]: Invalid prop: type check failed for prop "onKeydown". Expected Function, got Array  
  at <ATextarea value="" onUpdate:value=fn rows=4  ... > 
  at <Anonymous value= {hashed: true, components: Object, theme: undefined, token: Object} > 
  at <ALocaleProvider locale=undefined ANT_MARK__="internalMark" > 
  at <LocaleReceiver children=fn<children> > 
  at <AConfigProvider theme= {token: Object} > 
  at <App> @ http://127.0.0.1:5175/@vite/client:528
[    1805ms] [WARNING] [Vue warn]: Invalid prop: type check failed for prop "onKeydown". Expected Function, got Array  
  at <ATextarea value="" onUpdate:value=fn rows=4  ... > 
  at <Anonymous value= {hashed: true, components: Object, theme: undefined, token: Object} > 
  at <ALocaleProvider locale=undefined ANT_MARK__="internalMark" > 
  at <LocaleReceiver children=fn<children> > 
  at <AConfigProvider theme= {token: Object} > 
  at <App> @ http://127.0.0.1:5175/@vite/client:528
[    1808ms] [WARNING] [Vue warn]: Invalid prop: type check failed for prop "onKeydown". Expected Function, got Array  
  at <ATextarea value="" onUpdate:value=fn rows=4  ... > 
  at <Anonymous value= {hashed: true, components: Object, theme: undefined, token: Object} > 
  at <ALocaleProvider locale=undefined ANT_MARK__="internalMark" > 
  at <LocaleReceiver children=fn<children> > 
  at <AConfigProvider theme= {token: Object} > 
  at <App> @ http://127.0.0.1:5175/@vite/client:528
[    1811ms] [WARNING] [Vue warn]: Invalid prop: type check failed for prop "onKeydown". Expected Function, got Array  
  at <ATextarea value="" onUpdate:value=fn rows=4  ... > 
  at <Anonymous value= {hashed: true, components: Object, theme: undefined, token: Object} > 
  at <ALocaleProvider locale=undefined ANT_MARK__="internalMark" > 
  at <LocaleReceiver children=fn<children> > 
  at <AConfigProvider theme= {token: Object} > 
  at <App> @ http://127.0.0.1:5175/@vite/client:528
[    1814ms] [WARNING] [Vue warn]: Invalid prop: type check failed for prop "onKeydown". Expected Function, got Array  
  at <ATextarea value="" onUpdate:value=fn rows=4  ... > 
  at <Anonymous value= {hashed: true, components: Object, theme: undefined, token: Object} > 
  at <ALocaleProvider locale=undefined ANT_MARK__="internalMark" > 
  at <LocaleReceiver children=fn<children> > 
  at <AConfigProvider theme= {token: Object} > 
  at <App> @ http://127.0.0.1:5175/@vite/client:528
[    1817ms] [WARNING] [Vue warn]: Invalid prop: type check failed for prop "onKeydown". Expected Function, got Array  
  at <ATextarea value="" onUpdate:value=fn rows=4  ... > 
  at <Anonymous value= {hashed: true, components: Object, theme: undefined, token: Object} > 
  at <ALocaleProvider locale=undefined ANT_MARK__="internalMark" > 
  at <LocaleReceiver children=fn<children> > 
  at <AConfigProvider theme= {token: Object} > 
  at <App> @ http://127.0.0.1:5175/@vite/client:528
[    1820ms] [WARNING] [Vue warn]: Invalid prop: type check failed for prop "onKeydown". Expected Function, got Array  
  at <ATextarea value="" onUpdate:value=fn rows=4  ... > 
  at <Anonymous value= {hashed: true, components: Object, theme: undefined, token: Object} > 
  at <ALocaleProvider locale=undefined ANT_MARK__="internalMark" > 
  at <LocaleReceiver children=fn<children> > 
  at <AConfigProvider theme= {token: Object} > 
  at <App> @ http://127.0.0.1:5175/@vite/client:528
[    1823ms] [WARNING] [Vue warn]: Invalid prop: type check failed for prop "onKeydown". Expected Function, got Array  
  at <ATextarea value="" onUpdate:value=fn rows=4  ... > 
  at <Anonymous value= {hashed: true, components: Object, theme: undefined, token: Object} > 
  at <ALocaleProvider locale=undefined ANT_MARK__="internalMark" > 
  at <LocaleReceiver children=fn<children> > 
  at <AConfigProvider theme= {token: Object} > 
  at <App> @ http://127.0.0.1:5175/@vite/client:528
[    1826ms] [WARNING] [Vue warn]: Invalid prop: type check failed for prop "onKeydown". Expected Function, got Array  
  at <ATextarea value="" onUpdate:value=fn rows=4  ... > 
  at <Anonymous value= {hashed: true, components: Object, theme: undefined, token: Object} > 
  at <ALocaleProvider locale=undefined ANT_MARK__="internalMark" > 
  at <LocaleReceiver children=fn<children> > 
  at <AConfigProvider theme= {token: Object} > 
  at <App> @ http://127.0.0.1:5175/@vite/client:528
[    1830ms] [WARNING] [Vue warn]: Invalid prop: type check failed for prop "onKeydown". Expected Function, got Array  
  at <ATextarea value="" onUpdate:value=fn rows=4  ... > 
  at <Anonymous value= {hashed: true, components: Object, theme: undefined, token: Object} > 
  at <ALocaleProvider locale=undefined ANT_MARK__="internalMark" > 
  at <LocaleReceiver children=fn<children> > 
  at <AConfigProvider theme= {token: Object} > 
  at <App> @ http://127.0.0.1:5175/@vite/client:528
[    1833ms] [WARNING] [Vue warn]: Invalid prop: type check failed for prop "onKeydown". Expected Function, got Array  
  at <ATextarea value="" onUpdate:value=fn rows=4  ... > 
  at <Anonymous value= {hashed: true, components: Object, theme: undefined, token: Object} > 
  at <ALocaleProvider locale=undefined ANT_MARK__="internalMark" > 
  at <LocaleReceiver children=fn<children> > 
  at <AConfigProvider theme= {token: Object} > 
  at <App> @ http://127.0.0.1:5175/@vite/client:528
[    1836ms] [WARNING] [Vue warn]: Invalid prop: type check failed for prop "onKeydown". Expected Function, got Array  
  at <ATextarea value="" onUpdate:value=fn rows=4  ... > 
  at <Anonymous value= {hashed: true, components: Object, theme: undefined, token: Object} > 
  at <ALocaleProvider locale=undefined ANT_MARK__="internalMark" > 
  at <LocaleReceiver children=fn<children> > 
  at <AConfigProvider theme= {token: Object} > 
  at <App> @ http://127.0.0.1:5175/@vite/client:528
[    1839ms] [WARNING] [Vue warn]: Invalid prop: type check failed for prop "onKeydown". Expected Function, got Array  
  at <ATextarea value="" onUpdate:value=fn rows=4  ... > 
  at <Anonymous value= {hashed: true, components: Object, theme: undefined, token: Object} > 
  at <ALocaleProvider locale=undefined ANT_MARK__="internalMark" > 
  at <LocaleReceiver children=fn<children> > 
  at <AConfigProvider theme= {token: Object} > 
  at <App> @ http://127.0.0.1:5175/@vite/client:528
[    1842ms] [WARNING] [Vue warn]: Invalid prop: type check failed for prop "onKeydown". Expected Function, got Array  
  at <ATextarea value="" onUpdate:value=fn rows=4  ... > 
  at <Anonymous value= {hashed: true, components: Object, theme: undefined, token: Object} > 
  at <ALocaleProvider locale=undefined ANT_MARK__="internalMark" > 
  at <LocaleReceiver children=fn<children> > 
  at <AConfigProvider theme= {token: Object} > 
  at <App> @ http://127.0.0.1:5175/@vite/client:528
[    1846ms] [WARNING] [Vue warn]: Invalid prop: type check failed for prop "onKeydown". Expected Function, got Array  
  at <ATextarea value="" onUpdate:value=fn rows=4  ... > 
  at <Anonymous value= {hashed: true, components: Object, theme: undefined, token: Object} > 
  at <ALocaleProvider locale=undefined ANT_MARK__="internalMark" > 
  at <LocaleReceiver children=fn<children> > 
  at <AConfigProvider theme= {token: Object} > 
  at <App> @ http://127.0.0.1:5175/@vite/client:528
[    1849ms] [WARNING] [Vue warn]: Invalid prop: type check failed for prop "onKeydown". Expected Function, got Array  
  at <ATextarea value="" onUpdate:value=fn rows=4  ... > 
  at <Anonymous value= {hashed: true, components: Object, theme: undefined, token: Object} > 
  at <ALocaleProvider locale=undefined ANT_MARK__="internalMark" > 
  at <LocaleReceiver children=fn<children> > 
  at <AConfigProvider theme= {token: Object} > 
  at <App> @ http://127.0.0.1:5175/@vite/client:528
[    1852ms] [WARNING] [Vue warn]: Invalid prop: type check failed for prop "onKeydown". Expected Function, got Array  
  at <ATextarea value="" onUpdate:value=fn rows=4  ... > 
  at <Anonymous value= {hashed: true, components: Object, theme: undefined, token: Object} > 
  at <ALocaleProvider locale=undefined ANT_MARK__="internalMark" > 
  at <LocaleReceiver children=fn<children> > 
  at <AConfigProvider theme= {token: Object} > 
  at <App> @ http://127.0.0.1:5175/@vite/client:528
[    1856ms] [WARNING] [Vue warn]: Invalid prop: type check failed for prop "onKeydown". Expected Function, got Array  
  at <ATextarea value="" onUpdate:value=fn rows=4  ... > 
  at <Anonymous value= {hashed: true, components: Object, theme: undefined, token: Object} > 
  at <ALocaleProvider locale=undefined ANT_MARK__="internalMark" > 
  at <LocaleReceiver children=fn<children> > 
  at <AConfigProvider theme= {token: Object} > 
  at <App> @ http://127.0.0.1:5175/@vite/client:528
[    1860ms] [WARNING] [Vue warn]: Invalid prop: type check failed for prop "onKeydown". Expected Function, got Array  
  at <ATextarea value="" onUpdate:value=fn rows=4  ... > 
  at <Anonymous value= {hashed: true, components: Object, theme: undefined, token: Object} > 
  at <ALocaleProvider locale=undefined ANT_MARK__="internalMark" > 
  at <LocaleReceiver children=fn<children> > 
  at <AConfigProvider theme= {token: Object} > 
  at <App> @ http://127.0.0.1:5175/@vite/client:528
[    1864ms] [WARNING] [Vue warn]: Invalid prop: type check failed for prop "onKeydown". Expected Function, got Array  
  at <ATextarea value="" onUpdate:value=fn rows=4  ... > 
  at <Anonymous value= {hashed: true, components: Object, theme: undefined, token: Object} > 
  at <ALocaleProvider locale=undefined ANT_MARK__="internalMark" > 
  at <LocaleReceiver children=fn<children> > 
  at <AConfigProvider theme= {token: Object} > 
  at <App> @ http://127.0.0.1:5175/@vite/client:528
[    1868ms] [WARNING] [Vue warn]: Invalid prop: type check failed for prop "onKeydown". Expected Function, got Array  
  at <ATextarea value="" onUpdate:value=fn rows=4  ... > 
  at <Anonymous value= {hashed: true, components: Object, theme: undefined, token: Object} > 
  at <ALocaleProvider locale=undefined ANT_MARK__="internalMark" > 
  at <LocaleReceiver children=fn<children> > 
  at <AConfigProvider theme= {token: Object} > 
  at <App> @ http://127.0.0.1:5175/@vite/client:528
[    1871ms] [WARNING] [Vue warn]: Invalid prop: type check failed for prop "onKeydown". Expected Function, got Array  
  at <ATextarea value="" onUpdate:value=fn rows=4  ... > 
  at <Anonymous value= {hashed: true, components: Object, theme: undefined, token: Object} > 
  at <ALocaleProvider locale=undefined ANT_MARK__="internalMark" > 
  at <LocaleReceiver children=fn<children> > 
  at <AConfigProvider theme= {token: Object} > 
  at <App> @ http://127.0.0.1:5175/@vite/client:528
[    1875ms] [WARNING] [Vue warn]: Invalid prop: type check failed for prop "onKeydown". Expected Function, got Array  
  at <ATextarea value="" onUpdate:value=fn rows=4  ... > 
  at <Anonymous value= {hashed: true, components: Object, theme: undefined, token: Object} > 
  at <ALocaleProvider locale=undefined ANT_MARK__="internalMark" > 
  at <LocaleReceiver children=fn<children> > 
  at <AConfigProvider theme= {token: Object} > 
  at <App> @ http://127.0.0.1:5175/@vite/client:528
[    1878ms] [WARNING] [Vue warn]: Invalid prop: type check failed for prop "onKeydown". Expected Function, got Array  
  at <ATextarea value="" onUpdate:value=fn rows=4  ... > 
  at <Anonymous value= {hashed: true, components: Object, theme: undefined, token: Object} > 
  at <ALocaleProvider locale=undefined ANT_MARK__="internalMark" > 
  at <LocaleReceiver children=fn<children> > 
  at <AConfigProvider theme= {token: Object} > 
  at <App> @ http://127.0.0.1:5175/@vite/client:528
[    1881ms] [WARNING] [Vue warn]: Invalid prop: type check failed for prop "onKeydown". Expected Function, got Array  
  at <ATextarea value="" onUpdate:value=fn rows=4  ... > 
  at <Anonymous value= {hashed: true, components: Object, theme: undefined, token: Object} > 
  at <ALocaleProvider locale=undefined ANT_MARK__="internalMark" > 
  at <LocaleReceiver children=fn<children> > 
  at <AConfigProvider theme= {token: Object} > 
  at <App> @ http://127.0.0.1:5175/@vite/client:528
[    1884ms] [WARNING] [Vue warn]: Invalid prop: type check failed for prop "onKeydown". Expected Function, got Array  
  at <ATextarea value="" onUpdate:value=fn rows=4  ... > 
  at <Anonymous value= {hashed: true, components: Object, theme: undefined, token: Object} > 
  at <ALocaleProvider locale=undefined ANT_MARK__="internalMark" > 
  at <LocaleReceiver children=fn<children> > 
  at <AConfigProvider theme= {token: Object} > 
  at <App> @ http://127.0.0.1:5175/@vite/client:528
[    1888ms] [WARNING] [Vue warn]: Invalid prop: type check failed for prop "onKeydown". Expected Function, got Array  
  at <ATextarea value="" onUpdate:value=fn rows=4  ... > 
  at <Anonymous value= {hashed: true, components: Object, theme: undefined, token: Object} > 
  at <ALocaleProvider locale=undefined ANT_MARK__="internalMark" > 
  at <LocaleReceiver children=fn<children> > 
  at <AConfigProvider theme= {token: Object} > 
  at <App> @ http://127.0.0.1:5175/@vite/client:528
[    1891ms] [WARNING] [Vue warn]: Invalid prop: type check failed for prop "onKeydown". Expected Function, got Array  
  at <ATextarea value="" onUpdate:value=fn rows=4  ... > 
  at <Anonymous value= {hashed: true, components: Object, theme: undefined, token: Object} > 
  at <ALocaleProvider locale=undefined ANT_MARK__="internalMark" > 
  at <LocaleReceiver children=fn<children> > 
  at <AConfigProvider theme= {token: Object} > 
  at <App> @ http://127.0.0.1:5175/@vite/client:528
[    1894ms] [WARNING] [Vue warn]: Invalid prop: type check failed for prop "onKeydown". Expected Function, got Array  
  at <ATextarea value="" onUpdate:value=fn rows=4  ... > 
  at <Anonymous value= {hashed: true, components: Object, theme: undefined, token: Object} > 
  at <ALocaleProvider locale=undefined ANT_MARK__="internalMark" > 
  at <LocaleReceiver children=fn<children> > 
  at <AConfigProvider theme= {token: Object} > 
  at <App> @ http://127.0.0.1:5175/@vite/client:528
[    1897ms] [WARNING] [Vue warn]: Invalid prop: type check failed for prop "onKeydown". Expected Function, got Array  
  at <ATextarea value="" onUpdate:value=fn rows=4  ... > 
  at <Anonymous value= {hashed: true, components: Object, theme: undefined, token: Object} > 
  at <ALocaleProvider locale=undefined ANT_MARK__="internalMark" > 
  at <LocaleReceiver children=fn<children> > 
  at <AConfigProvider theme= {token: Object} > 
  at <App> @ http://127.0.0.1:5175/@vite/client:528
[    1900ms] [WARNING] [Vue warn]: Invalid prop: type check failed for prop "onKeydown". Expected Function, got Array  
  at <ATextarea value="" onUpdate:value=fn rows=4  ... > 
  at <Anonymous value= {hashed: true, components: Object, theme: undefined, token: Object} > 
  at <ALocaleProvider locale=undefined ANT_MARK__="internalMark" > 
  at <LocaleReceiver children=fn<children> > 
  at <AConfigProvider theme= {token: Object} > 
  at <App> @ http://127.0.0.1:5175/@vite/client:528
[    1903ms] [WARNING] [Vue warn]: Invalid prop: type check failed for prop "onKeydown". Expected Function, got Array  
  at <ATextarea value="" onUpdate:value=fn rows=4  ... > 
  at <Anonymous value= {hashed: true, components: Object, theme: undefined, token: Object} > 
  at <ALocaleProvider locale=undefined ANT_MARK__="internalMark" > 
  at <LocaleReceiver children=fn<children> > 
  at <AConfigProvider theme= {token: Object} > 
  at <App> @ http://127.0.0.1:5175/@vite/client:528
[    1906ms] [WARNING] [Vue warn]: Invalid prop: type check failed for prop "onKeydown". Expected Function, got Array  
  at <ATextarea value="" onUpdate:value=fn rows=4  ... > 
  at <Anonymous value= {hashed: true, components: Object, theme: undefined, token: Object} > 
  at <ALocaleProvider locale=undefined ANT_MARK__="internalMark" > 
  at <LocaleReceiver children=fn<children> > 
  at <AConfigProvider theme= {token: Object} > 
  at <App> @ http://127.0.0.1:5175/@vite/client:528
[    1910ms] [WARNING] [Vue warn]: Invalid prop: type check failed for prop "onKeydown". Expected Function, got Array  
  at <ATextarea value="" onUpdate:value=fn rows=4  ... > 
  at <Anonymous value= {hashed: true, components: Object, theme: undefined, token: Object} > 
  at <ALocaleProvider locale=undefined ANT_MARK__="internalMark" > 
  at <LocaleReceiver children=fn<children> > 
  at <AConfigProvider theme= {token: Object} > 
  at <App> @ http://127.0.0.1:5175/@vite/client:528
[    1913ms] [WARNING] [Vue warn]: Invalid prop: type check failed for prop "onKeydown". Expected Function, got Array  
  at <ATextarea value="" onUpdate:value=fn rows=4  ... > 
  at <Anonymous value= {hashed: true, components: Object, theme: undefined, token: Object} > 
  at <ALocaleProvider locale=undefined ANT_MARK__="internalMark" > 
  at <LocaleReceiver children=fn<children> > 
  at <AConfigProvider theme= {token: Object} > 
  at <App> @ http://127.0.0.1:5175/@vite/client:528
[    1916ms] [WARNING] [Vue warn]: Invalid prop: type check failed for prop "onKeydown". Expected Function, got Array  
  at <ATextarea value="" onUpdate:value=fn rows=4  ... > 
  at <Anonymous value= {hashed: true, components: Object, theme: undefined, token: Object} > 
  at <ALocaleProvider locale=undefined ANT_MARK__="internalMark" > 
  at <LocaleReceiver children=fn<children> > 
  at <AConfigProvider theme= {token: Object} > 
  at <App> @ http://127.0.0.1:5175/@vite/client:528
[    1919ms] [WARNING] [Vue warn]: Invalid prop: type check failed for prop "onKeydown". Expected Function, got Array  
  at <ATextarea value="" onUpdate:value=fn rows=4  ... > 
  at <Anonymous value= {hashed: true, components: Object, theme: undefined, token: Object} > 
  at <ALocaleProvider locale=undefined ANT_MARK__="internalMark" > 
  at <LocaleReceiver children=fn<children> > 
  at <AConfigProvider theme= {token: Object} > 
  at <App> @ http://127.0.0.1:5175/@vite/client:528
[    1923ms] [WARNING] [Vue warn]: Invalid prop: type check failed for prop "onKeydown". Expected Function, got Array  
  at <ATextarea value="" onUpdate:value=fn rows=4  ... > 
  at <Anonymous value= {hashed: true, components: Object, theme: undefined, token: Object} > 
  at <ALocaleProvider locale=undefined ANT_MARK__="internalMark" > 
  at <LocaleReceiver children=fn<children> > 
  at <AConfigProvider theme= {token: Object} > 
  at <App> @ http://127.0.0.1:5175/@vite/client:528
[    1926ms] [WARNING] [Vue warn]: Invalid prop: type check failed for prop "onKeydown". Expected Function, got Array  
  at <ATextarea value="" onUpdate:value=fn rows=4  ... > 
  at <Anonymous value= {hashed: true, components: Object, theme: undefined, token: Object} > 
  at <ALocaleProvider locale=undefined ANT_MARK__="internalMark" > 
  at <LocaleReceiver children=fn<children> > 
  at <AConfigProvider theme= {token: Object} > 
  at <App> @ http://127.0.0.1:5175/@vite/client:528
[    1930ms] [WARNING] [Vue warn]: Invalid prop: type check failed for prop "onKeydown". Expected Function, got Array  
  at <ATextarea value="" onUpdate:value=fn rows=4  ... > 
  at <Anonymous value= {hashed: true, components: Object, theme: undefined, token: Object} > 
  at <ALocaleProvider locale=undefined ANT_MARK__="internalMark" > 
  at <LocaleReceiver children=fn<children> > 
  at <AConfigProvider theme= {token: Object} > 
  at <App> @ http://127.0.0.1:5175/@vite/client:528
[    1933ms] [WARNING] [Vue warn]: Invalid prop: type check failed for prop "onKeydown". Expected Function, got Array  
  at <ATextarea value="" onUpdate:value=fn rows=4  ... > 
  at <Anonymous value= {hashed: true, components: Object, theme: undefined, token: Object} > 
  at <ALocaleProvider locale=undefined ANT_MARK__="internalMark" > 
  at <LocaleReceiver children=fn<children> > 
  at <AConfigProvider theme= {token: Object} > 
  at <App> @ http://127.0.0.1:5175/@vite/client:528
[    1936ms] [WARNING] [Vue warn]: Invalid prop: type check failed for prop "onKeydown". Expected Function, got Array  
  at <ATextarea value="" onUpdate:value=fn rows=4  ... > 
  at <Anonymous value= {hashed: true, components: Object, theme: undefined, token: Object} > 
  at <ALocaleProvider locale=undefined ANT_MARK__="internalMark" > 
  at <LocaleReceiver children=fn<children> > 
  at <AConfigProvider theme= {token: Object} > 
  at <App> @ http://127.0.0.1:5175/@vite/client:528
[    1939ms] [WARNING] [Vue warn]: Invalid prop: type check failed for prop "onKeydown". Expected Function, got Array  
  at <ATextarea value="" onUpdate:value=fn rows=4  ... > 
  at <Anonymous value= {hashed: true, components: Object, theme: undefined, token: Object} > 
  at <ALocaleProvider locale=undefined ANT_MARK__="internalMark" > 
  at <LocaleReceiver children=fn<children> > 
  at <AConfigProvider theme= {token: Object} > 
  at <App> @ http://127.0.0.1:5175/@vite/client:528
[    1942ms] [WARNING] [Vue warn]: Invalid prop: type check failed for prop "onKeydown". Expected Function, got Array  
  at <ATextarea value="" onUpdate:value=fn rows=4  ... > 
  at <Anonymous value= {hashed: true, components: Object, theme: undefined, token: Object} > 
  at <ALocaleProvider locale=undefined ANT_MARK__="internalMark" > 
  at <LocaleReceiver children=fn<children> > 
  at <AConfigProvider theme= {token: Object} > 
  at <App> @ http://127.0.0.1:5175/@vite/client:528
[    1945ms] [WARNING] [Vue warn]: Invalid prop: type check failed for prop "onKeydown". Expected Function, got Array  
  at <ATextarea value="" onUpdate:value=fn rows=4  ... > 
  at <Anonymous value= {hashed: true, components: Object, theme: undefined, token: Object} > 
  at <ALocaleProvider locale=undefined ANT_MARK__="internalMark" > 
  at <LocaleReceiver children=fn<children> > 
  at <AConfigProvider theme= {token: Object} > 
  at <App> @ http://127.0.0.1:5175/@vite/client:528
[    1948ms] [WARNING] [Vue warn]: Invalid prop: type check failed for prop "onKeydown". Expected Function, got Array  
  at <ATextarea value="" onUpdate:value=fn rows=4  ... > 
  at <Anonymous value= {hashed: true, components: Object, theme: undefined, token: Object} > 
  at <ALocaleProvider locale=undefined ANT_MARK__="internalMark" > 
  at <LocaleReceiver children=fn<children> > 
  at <AConfigProvider theme= {token: Object} > 
  at <App> @ http://127.0.0.1:5175/@vite/client:528
[    1951ms] [WARNING] [Vue warn]: Invalid prop: type check failed for prop "onKeydown". Expected Function, got Array  
  at <ATextarea value="" onUpdate:value=fn rows=4  ... > 
  at <Anonymous value= {hashed: true, components: Object, theme: undefined, token: Object} > 
  at <ALocaleProvider locale=undefined ANT_MARK__="internalMark" > 
  at <LocaleReceiver children=fn<children> > 
  at <AConfigProvider theme= {token: Object} > 
  at <App> @ http://127.0.0.1:5175/@vite/client:528
[    1954ms] [WARNING] [Vue warn]: Invalid prop: type check failed for prop "onKeydown". Expected Function, got Array  
  at <ATextarea value="" onUpdate:value=fn rows=4  ... > 
  at <Anonymous value= {hashed: true, components: Object, theme: undefined, token: Object} > 
  at <ALocaleProvider locale=undefined ANT_MARK__="internalMark" > 
  at <LocaleReceiver children=fn<children> > 
  at <AConfigProvider theme= {token: Object} > 
  at <App> @ http://127.0.0.1:5175/@vite/client:528
[    1957ms] [WARNING] [Vue warn]: Invalid prop: type check failed for prop "onKeydown". Expected Function, got Array  
  at <ATextarea value="" onUpdate:value=fn rows=4  ... > 
  at <Anonymous value= {hashed: true, components: Object, theme: undefined, token: Object} > 
  at <ALocaleProvider locale=undefined ANT_MARK__="internalMark" > 
  at <LocaleReceiver children=fn<children> > 
  at <AConfigProvider theme= {token: Object} > 
  at <App> @ http://127.0.0.1:5175/@vite/client:528
[    1961ms] [WARNING] [Vue warn]: Invalid prop: type check failed for prop "onKeydown". Expected Function, got Array  
  at <ATextarea value="" onUpdate:value=fn rows=4  ... > 
  at <Anonymous value= {hashed: true, components: Object, theme: undefined, token: Object} > 
  at <ALocaleProvider locale=undefined ANT_MARK__="internalMark" > 
  at <LocaleReceiver children=fn<children> > 
  at <AConfigProvider theme= {token: Object} > 
  at <App> @ http://127.0.0.1:5175/@vite/client:528
[    1965ms] [WARNING] [Vue warn]: Invalid prop: type check failed for prop "onKeydown". Expected Function, got Array  
  at <ATextarea value="" onUpdate:value=fn rows=4  ... > 
  at <Anonymous value= {hashed: true, components: Object, theme: undefined, token: Object} > 
  at <ALocaleProvider locale=undefined ANT_MARK__="internalMark" > 
  at <LocaleReceiver children=fn<children> > 
  at <AConfigProvider theme= {token: Object} > 
  at <App> @ http://127.0.0.1:5175/@vite/client:528
[    1968ms] [WARNING] [Vue warn]: Invalid prop: type check failed for prop "onKeydown". Expected Function, got Array  
  at <ATextarea value="" onUpdate:value=fn rows=4  ... > 
  at <Anonymous value= {hashed: true, components: Object, theme: undefined, token: Object} > 
  at <ALocaleProvider locale=undefined ANT_MARK__="internalMark" > 
  at <LocaleReceiver children=fn<children> > 
  at <AConfigProvider theme= {token: Object} > 
  at <App> @ http://127.0.0.1:5175/@vite/client:528
[    1972ms] [WARNING] [Vue warn]: Invalid prop: type check failed for prop "onKeydown". Expected Function, got Array  
  at <ATextarea value="" onUpdate:value=fn rows=4  ... > 
  at <Anonymous value= {hashed: true, components: Object, theme: undefined, token: Object} > 
  at <ALocaleProvider locale=undefined ANT_MARK__="internalMark" > 
  at <LocaleReceiver children=fn<children> > 
  at <AConfigProvider theme= {token: Object} > 
  at <App> @ http://127.0.0.1:5175/@vite/client:528
[    1975ms] [WARNING] [Vue warn]: Invalid prop: type check failed for prop "onKeydown". Expected Function, got Array  
  at <ATextarea value="" onUpdate:value=fn rows=4  ... > 
  at <Anonymous value= {hashed: true, components: Object, theme: undefined, token: Object} > 
  at <ALocaleProvider locale=undefined ANT_MARK__="internalMark" > 
  at <LocaleReceiver children=fn<children> > 
  at <AConfigProvider theme= {token: Object} > 
  at <App> @ http://127.0.0.1:5175/@vite/client:528
[    1979ms] [WARNING] [Vue warn]: Invalid prop: type check failed for prop "onKeydown". Expected Function, got Array  
  at <ATextarea value="" onUpdate:value=fn rows=4  ... > 
  at <Anonymous value= {hashed: true, components: Object, theme: undefined, token: Object} > 
  at <ALocaleProvider locale=undefined ANT_MARK__="internalMark" > 
  at <LocaleReceiver children=fn<children> > 
  at <AConfigProvider theme= {token: Object} > 
  at <App> @ http://127.0.0.1:5175/@vite/client:528
[    1982ms] [WARNING] [Vue warn]: Invalid prop: type check failed for prop "onKeydown". Expected Function, got Array  
  at <ATextarea value="" onUpdate:value=fn rows=4  ... > 
  at <Anonymous value= {hashed: true, components: Object, theme: undefined, token: Object} > 
  at <ALocaleProvider locale=undefined ANT_MARK__="internalMark" > 
  at <LocaleReceiver children=fn<children> > 
  at <AConfigProvider theme= {token: Object} > 
  at <App> @ http://127.0.0.1:5175/@vite/client:528
[    1985ms] [WARNING] [Vue warn]: Invalid prop: type check failed for prop "onKeydown". Expected Function, got Array  
  at <ATextarea value="" onUpdate:value=fn rows=4  ... > 
  at <Anonymous value= {hashed: true, components: Object, theme: undefined, token: Object} > 
  at <ALocaleProvider locale=undefined ANT_MARK__="internalMark" > 
  at <LocaleReceiver children=fn<children> > 
  at <AConfigProvider theme= {token: Object} > 
  at <App> @ http://127.0.0.1:5175/@vite/client:528
[    1988ms] [WARNING] [Vue warn]: Invalid prop: type check failed for prop "onKeydown". Expected Function, got Array  
  at <ATextarea value="" onUpdate:value=fn rows=4  ... > 
  at <Anonymous value= {hashed: true, components: Object, theme: undefined, token: Object} > 
  at <ALocaleProvider locale=undefined ANT_MARK__="internalMark" > 
  at <LocaleReceiver children=fn<children> > 
  at <AConfigProvider theme= {token: Object} > 
  at <App> @ http://127.0.0.1:5175/@vite/client:528
[    1991ms] [WARNING] [Vue warn]: Invalid prop: type check failed for prop "onKeydown". Expected Function, got Array  
  at <ATextarea value="" onUpdate:value=fn rows=4  ... > 
  at <Anonymous value= {hashed: true, components: Object, theme: undefined, token: Object} > 
  at <ALocaleProvider locale=undefined ANT_MARK__="internalMark" > 
  at <LocaleReceiver children=fn<children> > 
  at <AConfigProvider theme= {token: Object} > 
  at <App> @ http://127.0.0.1:5175/@vite/client:528
[    1995ms] [WARNING] [Vue warn]: Invalid prop: type check failed for prop "onKeydown". Expected Function, got Array  
  at <ATextarea value="" onUpdate:value=fn rows=4  ... > 
  at <Anonymous value= {hashed: true, components: Object, theme: undefined, token: Object} > 
  at <ALocaleProvider locale=undefined ANT_MARK__="internalMark" > 
  at <LocaleReceiver children=fn<children> > 
  at <AConfigProvider theme= {token: Object} > 
  at <App> @ http://127.0.0.1:5175/@vite/client:528
[    1998ms] [WARNING] [Vue warn]: Invalid prop: type check failed for prop "onKeydown". Expected Function, got Array  
  at <ATextarea value="" onUpdate:value=fn rows=4  ... > 
  at <Anonymous value= {hashed: true, components: Object, theme: undefined, token: Object} > 
  at <ALocaleProvider locale=undefined ANT_MARK__="internalMark" > 
  at <LocaleReceiver children=fn<children> > 
  at <AConfigProvider theme= {token: Object} > 
  at <App> @ http://127.0.0.1:5175/@vite/client:528
[    2001ms] [WARNING] [Vue warn]: Invalid prop: type check failed for prop "onKeydown". Expected Function, got Array  
  at <ATextarea value="" onUpdate:value=fn rows=4  ... > 
  at <Anonymous value= {hashed: true, components: Object, theme: undefined, token: Object} > 
  at <ALocaleProvider locale=undefined ANT_MARK__="internalMark" > 
  at <LocaleReceiver children=fn<children> > 
  at <AConfigProvider theme= {token: Object} > 
  at <App> @ http://127.0.0.1:5175/@vite/client:528
[    2005ms] [WARNING] [Vue warn]: Invalid prop: type check failed for prop "onKeydown". Expected Function, got Array  
  at <ATextarea value="" onUpdate:value=fn rows=4  ... > 
  at <Anonymous value= {hashed: true, components: Object, theme: undefined, token: Object} > 
  at <ALocaleProvider locale=undefined ANT_MARK__="internalMark" > 
  at <LocaleReceiver children=fn<children> > 
  at <AConfigProvider theme= {token: Object} > 
  at <App> @ http://127.0.0.1:5175/@vite/client:528
[    2008ms] [WARNING] [Vue warn]: Invalid prop: type check failed for prop "onKeydown". Expected Function, got Array  
  at <ATextarea value="" onUpdate:value=fn rows=4  ... > 
  at <Anonymous value= {hashed: true, components: Object, theme: undefined, token: Object} > 
  at <ALocaleProvider locale=undefined ANT_MARK__="internalMark" > 
  at <LocaleReceiver children=fn<children> > 
  at <AConfigProvider theme= {token: Object} > 
  at <App> @ http://127.0.0.1:5175/@vite/client:528
[    2011ms] [WARNING] [Vue warn]: Invalid prop: type check failed for prop "onKeydown". Expected Function, got Array  
  at <ATextarea value="" onUpdate:value=fn rows=4  ... > 
  at <Anonymous value= {hashed: true, components: Object, theme: undefined, token: Object} > 
  at <ALocaleProvider locale=undefined ANT_MARK__="internalMark" > 
  at <LocaleReceiver children=fn<children> > 
  at <AConfigProvider theme= {token: Object} > 
  at <App> @ http://127.0.0.1:5175/@vite/client:528
[    2014ms] [WARNING] [Vue warn]: Invalid prop: type check failed for prop "onKeydown". Expected Function, got Array  
  at <ATextarea value="" onUpdate:value=fn rows=4  ... > 
  at <Anonymous value= {hashed: true, components: Object, theme: undefined, token: Object} > 
  at <ALocaleProvider locale=undefined ANT_MARK__="internalMark" > 
  at <LocaleReceiver children=fn<children> > 
  at <AConfigProvider theme= {token: Object} > 
  at <App> @ http://127.0.0.1:5175/@vite/client:528
[    2017ms] [WARNING] [Vue warn]: Invalid prop: type check failed for prop "onKeydown". Expected Function, got Array  
  at <ATextarea value="" onUpdate:value=fn rows=4  ... > 
  at <Anonymous value= {hashed: true, components: Object, theme: undefined, token: Object} > 
  at <ALocaleProvider locale=undefined ANT_MARK__="internalMark" > 
  at <LocaleReceiver children=fn<children> > 
  at <AConfigProvider theme= {token: Object} > 
  at <App> @ http://127.0.0.1:5175/@vite/client:528
[    2020ms] [WARNING] [Vue warn]: Invalid prop: type check failed for prop "onKeydown". Expected Function, got Array  
  at <ATextarea value="" onUpdate:value=fn rows=4  ... > 
  at <Anonymous value= {hashed: true, components: Object, theme: undefined, token: Object} > 
  at <ALocaleProvider locale=undefined ANT_MARK__="internalMark" > 
  at <LocaleReceiver children=fn<children> > 
  at <AConfigProvider theme= {token: Object} > 
  at <App> @ http://127.0.0.1:5175/@vite/client:528
[    2023ms] [WARNING] [Vue warn]: Invalid prop: type check failed for prop "onKeydown". Expected Function, got Array  
  at <ATextarea value="" onUpdate:value=fn rows=4  ... > 
  at <Anonymous value= {hashed: true, components: Object, theme: undefined, token: Object} > 
  at <ALocaleProvider locale=undefined ANT_MARK__="internalMark" > 
  at <LocaleReceiver children=fn<children> > 
  at <AConfigProvider theme= {token: Object} > 
  at <App> @ http://127.0.0.1:5175/@vite/client:528
[    2026ms] [WARNING] [Vue warn]: Invalid prop: type check failed for prop "onKeydown". Expected Function, got Array  
  at <ATextarea value="" onUpdate:value=fn rows=4  ... > 
  at <Anonymous value= {hashed: true, components: Object, theme: undefined, token: Object} > 
  at <ALocaleProvider locale=undefined ANT_MARK__="internalMark" > 
  at <LocaleReceiver children=fn<children> > 
  at <AConfigProvider theme= {token: Object} > 
  at <App> @ http://127.0.0.1:5175/@vite/client:528
[    2029ms] [WARNING] [Vue warn]: Invalid prop: type check failed for prop "onKeydown". Expected Function, got Array  
  at <ATextarea value="" onUpdate:value=fn rows=4  ... > 
  at <Anonymous value= {hashed: true, components: Object, theme: undefined, token: Object} > 
  at <ALocaleProvider locale=undefined ANT_MARK__="internalMark" > 
  at <LocaleReceiver children=fn<children> > 
  at <AConfigProvider theme= {token: Object} > 
  at <App> @ http://127.0.0.1:5175/@vite/client:528
[    2032ms] [WARNING] [Vue warn]: Invalid prop: type check failed for prop "onKeydown". Expected Function, got Array  
  at <ATextarea value="" onUpdate:value=fn rows=4  ... > 
  at <Anonymous value= {hashed: true, components: Object, theme: undefined, token: Object} > 
  at <ALocaleProvider locale=undefined ANT_MARK__="internalMark" > 
  at <LocaleReceiver children=fn<children> > 
  at <AConfigProvider theme= {token: Object} > 
  at <App> @ http://127.0.0.1:5175/@vite/client:528
[    2036ms] [WARNING] [Vue warn]: Invalid prop: type check failed for prop "onKeydown". Expected Function, got Array  
  at <ATextarea value="" onUpdate:value=fn rows=4  ... > 
  at <Anonymous value= {hashed: true, components: Object, theme: undefined, token: Object} > 
  at <ALocaleProvider locale=undefined ANT_MARK__="internalMark" > 
  at <LocaleReceiver children=fn<children> > 
  at <AConfigProvider theme= {token: Object} > 
  at <App> @ http://127.0.0.1:5175/@vite/client:528
[    2040ms] [WARNING] [Vue warn]: Invalid prop: type check failed for prop "onKeydown". Expected Function, got Array  
  at <ATextarea value="" onUpdate:value=fn rows=4  ... > 
  at <Anonymous value= {hashed: true, components: Object, theme: undefined, token: Object} > 
  at <ALocaleProvider locale=undefined ANT_MARK__="internalMark" > 
  at <LocaleReceiver children=fn<children> > 
  at <AConfigProvider theme= {token: Object} > 
  at <App> @ http://127.0.0.1:5175/@vite/client:528
[    2043ms] [WARNING] [Vue warn]: Invalid prop: type check failed for prop "onKeydown". Expected Function, got Array  
  at <ATextarea value="" onUpdate:value=fn rows=4  ... > 
  at <Anonymous value= {hashed: true, components: Object, theme: undefined, token: Object} > 
  at <ALocaleProvider locale=undefined ANT_MARK__="internalMark" > 
  at <LocaleReceiver children=fn<children> > 
  at <AConfigProvider theme= {token: Object} > 
  at <App> @ http://127.0.0.1:5175/@vite/client:528
[    2046ms] [WARNING] [Vue warn]: Invalid prop: type check failed for prop "onKeydown". Expected Function, got Array  
  at <ATextarea value="" onUpdate:value=fn rows=4  ... > 
  at <Anonymous value= {hashed: true, components: Object, theme: undefined, token: Object} > 
  at <ALocaleProvider locale=undefined ANT_MARK__="internalMark" > 
  at <LocaleReceiver children=fn<children> > 
  at <AConfigProvider theme= {token: Object} > 
  at <App> @ http://127.0.0.1:5175/@vite/client:528
[    2049ms] [WARNING] [Vue warn]: Invalid prop: type check failed for prop "onKeydown". Expected Function, got Array  
  at <ATextarea value="" onUpdate:value=fn rows=4  ... > 
  at <Anonymous value= {hashed: true, components: Object, theme: undefined, token: Object} > 
  at <ALocaleProvider locale=undefined ANT_MARK__="internalMark" > 
  at <LocaleReceiver children=fn<children> > 
  at <AConfigProvider theme= {token: Object} > 
  at <App> @ http://127.0.0.1:5175/@vite/client:528
[    2053ms] [WARNING] [Vue warn]: Invalid prop: type check failed for prop "onKeydown". Expected Function, got Array  
  at <ATextarea value="" onUpdate:value=fn rows=4  ... > 
  at <Anonymous value= {hashed: true, components: Object, theme: undefined, token: Object} > 
  at <ALocaleProvider locale=undefined ANT_MARK__="internalMark" > 
  at <LocaleReceiver children=fn<children> > 
  at <AConfigProvider theme= {token: Object} > 
  at <App> @ http://127.0.0.1:5175/@vite/client:528
[    2056ms] [WARNING] [Vue warn]: Invalid prop: type check failed for prop "onKeydown". Expected Function, got Array  
  at <ATextarea value="" onUpdate:value=fn rows=4  ... > 
  at <Anonymous value= {hashed: true, components: Object, theme: undefined, token: Object} > 
  at <ALocaleProvider locale=undefined ANT_MARK__="internalMark" > 
  at <LocaleReceiver children=fn<children> > 
  at <AConfigProvider theme= {token: Object} > 
  at <App> @ http://127.0.0.1:5175/@vite/client:528
[    2059ms] [WARNING] [Vue warn]: Invalid prop: type check failed for prop "onKeydown". Expected Function, got Array  
  at <ATextarea value="" onUpdate:value=fn rows=4  ... > 
  at <Anonymous value= {hashed: true, components: Object, theme: undefined, token: Object} > 
  at <ALocaleProvider locale=undefined ANT_MARK__="internalMark" > 
  at <LocaleReceiver children=fn<children> > 
  at <AConfigProvider theme= {token: Object} > 
  at <App> @ http://127.0.0.1:5175/@vite/client:528
[    2063ms] [WARNING] [Vue warn]: Invalid prop: type check failed for prop "onKeydown". Expected Function, got Array  
  at <ATextarea value="" onUpdate:value=fn rows=4  ... > 
  at <Anonymous value= {hashed: true, components: Object, theme: undefined, token: Object} > 
  at <ALocaleProvider locale=undefined ANT_MARK__="internalMark" > 
  at <LocaleReceiver children=fn<children> > 
  at <AConfigProvider theme= {token: Object} > 
  at <App> @ http://127.0.0.1:5175/@vite/client:528
[    2067ms] [WARNING] [Vue warn]: Invalid prop: type check failed for prop "onKeydown". Expected Function, got Array  
  at <ATextarea value="" onUpdate:value=fn rows=4  ... > 
  at <Anonymous value= {hashed: true, components: Object, theme: undefined, token: Object} > 
  at <ALocaleProvider locale=undefined ANT_MARK__="internalMark" > 
  at <LocaleReceiver children=fn<children> > 
  at <AConfigProvider theme= {token: Object} > 
  at <App> @ http://127.0.0.1:5175/@vite/client:528
[    2070ms] [WARNING] [Vue warn]: Invalid prop: type check failed for prop "onKeydown". Expected Function, got Array  
  at <ATextarea value="" onUpdate:value=fn rows=4  ... > 
  at <Anonymous value= {hashed: true, components: Object, theme: undefined, token: Object} > 
  at <ALocaleProvider locale=undefined ANT_MARK__="internalMark" > 
  at <LocaleReceiver children=fn<children> > 
  at <AConfigProvider theme= {token: Object} > 
  at <App> @ http://127.0.0.1:5175/@vite/client:528
[    2073ms] [WARNING] [Vue warn]: Invalid prop: type check failed for prop "onKeydown". Expected Function, got Array  
  at <ATextarea value="" onUpdate:value=fn rows=4  ... > 
  at <Anonymous value= {hashed: true, components: Object, theme: undefined, token: Object} > 
  at <ALocaleProvider locale=undefined ANT_MARK__="internalMark" > 
  at <LocaleReceiver children=fn<children> > 
  at <AConfigProvider theme= {token: Object} > 
  at <App> @ http://127.0.0.1:5175/@vite/client:528
[    2076ms] [WARNING] [Vue warn]: Invalid prop: type check failed for prop "onKeydown". Expected Function, got Array  
  at <ATextarea value="" onUpdate:value=fn rows=4  ... > 
  at <Anonymous value= {hashed: true, components: Object, theme: undefined, token: Object} > 
  at <ALocaleProvider locale=undefined ANT_MARK__="internalMark" > 
  at <LocaleReceiver children=fn<children> > 
  at <AConfigProvider theme= {token: Object} > 
  at <App> @ http://127.0.0.1:5175/@vite/client:528
[    2079ms] [WARNING] [Vue warn]: Invalid prop: type check failed for prop "onKeydown". Expected Function, got Array  
  at <ATextarea value="" onUpdate:value=fn rows=4  ... > 
  at <Anonymous value= {hashed: true, components: Object, theme: undefined, token: Object} > 
  at <ALocaleProvider locale=undefined ANT_MARK__="internalMark" > 
  at <LocaleReceiver children=fn<children> > 
  at <AConfigProvider theme= {token: Object} > 
  at <App> @ http://127.0.0.1:5175/@vite/client:528
[    2083ms] [WARNING] [Vue warn]: Invalid prop: type check failed for prop "onKeydown". Expected Function, got Array  
  at <ATextarea value="" onUpdate:value=fn rows=4  ... > 
  at <Anonymous value= {hashed: true, components: Object, theme: undefined, token: Object} > 
  at <ALocaleProvider locale=undefined ANT_MARK__="internalMark" > 
  at <LocaleReceiver children=fn<children> > 
  at <AConfigProvider theme= {token: Object} > 
  at <App> @ http://127.0.0.1:5175/@vite/client:528
[    2086ms] [WARNING] [Vue warn]: Invalid prop: type check failed for prop "onKeydown". Expected Function, got Array  
  at <ATextarea value="" onUpdate:value=fn rows=4  ... > 
  at <Anonymous value= {hashed: true, components: Object, theme: undefined, token: Object} > 
  at <ALocaleProvider locale=undefined ANT_MARK__="internalMark" > 
  at <LocaleReceiver children=fn<children> > 
  at <AConfigProvider theme= {token: Object} > 
  at <App> @ http://127.0.0.1:5175/@vite/client:528
[    2089ms] [WARNING] [Vue warn]: Invalid prop: type check failed for prop "onKeydown". Expected Function, got Array  
  at <ATextarea value="" onUpdate:value=fn rows=4  ... > 
  at <Anonymous value= {hashed: true, components: Object, theme: undefined, token: Object} > 
  at <ALocaleProvider locale=undefined ANT_MARK__="internalMark" > 
  at <LocaleReceiver children=fn<children> > 
  at <AConfigProvider theme= {token: Object} > 
  at <App> @ http://127.0.0.1:5175/@vite/client:528
[    2092ms] [WARNING] [Vue warn]: Invalid prop: type check failed for prop "onKeydown". Expected Function, got Array  
  at <ATextarea value="" onUpdate:value=fn rows=4  ... > 
  at <Anonymous value= {hashed: true, components: Object, theme: undefined, token: Object} > 
  at <ALocaleProvider locale=undefined ANT_MARK__="internalMark" > 
  at <LocaleReceiver children=fn<children> > 
  at <AConfigProvider theme= {token: Object} > 
  at <App> @ http://127.0.0.1:5175/@vite/client:528
[    2095ms] [WARNING] [Vue warn]: Invalid prop: type check failed for prop "onKeydown". Expected Function, got Array  
  at <ATextarea value="" onUpdate:value=fn rows=4  ... > 
  at <Anonymous value= {hashed: true, components: Object, theme: undefined, token: Object} > 
  at <ALocaleProvider locale=undefined ANT_MARK__="internalMark" > 
  at <LocaleReceiver children=fn<children> > 
  at <AConfigProvider theme= {token: Object} > 
  at <App> @ http://127.0.0.1:5175/@vite/client:528
[    2098ms] [WARNING] [Vue warn]: Invalid prop: type check failed for prop "onKeydown". Expected Function, got Array  
  at <ATextarea value="" onUpdate:value=fn rows=4  ... > 
  at <Anonymous value= {hashed: true, components: Object, theme: undefined, token: Object} > 
  at <ALocaleProvider locale=undefined ANT_MARK__="internalMark" > 
  at <LocaleReceiver children=fn<children> > 
  at <AConfigProvider theme= {token: Object} > 
  at <App> @ http://127.0.0.1:5175/@vite/client:528
[    2101ms] [WARNING] [Vue warn]: Invalid prop: type check failed for prop "onKeydown". Expected Function, got Array  
  at <ATextarea value="" onUpdate:value=fn rows=4  ... > 
  at <Anonymous value= {hashed: true, components: Object, theme: undefined, token: Object} > 
  at <ALocaleProvider locale=undefined ANT_MARK__="internalMark" > 
  at <LocaleReceiver children=fn<children> > 
  at <AConfigProvider theme= {token: Object} > 
  at <App> @ http://127.0.0.1:5175/@vite/client:528
[    2104ms] [WARNING] [Vue warn]: Invalid prop: type check failed for prop "onKeydown". Expected Function, got Array  
  at <ATextarea value="" onUpdate:value=fn rows=4  ... > 
  at <Anonymous value= {hashed: true, components: Object, theme: undefined, token: Object} > 
  at <ALocaleProvider locale=undefined ANT_MARK__="internalMark" > 
  at <LocaleReceiver children=fn<children> > 
  at <AConfigProvider theme= {token: Object} > 
  at <App> @ http://127.0.0.1:5175/@vite/client:528
[    2107ms] [WARNING] [Vue warn]: Invalid prop: type check failed for prop "onKeydown". Expected Function, got Array  
  at <ATextarea value="" onUpdate:value=fn rows=4  ... > 
  at <Anonymous value= {hashed: true, components: Object, theme: undefined, token: Object} > 
  at <ALocaleProvider locale=undefined ANT_MARK__="internalMark" > 
  at <LocaleReceiver children=fn<children> > 
  at <AConfigProvider theme= {token: Object} > 
  at <App> @ http://127.0.0.1:5175/@vite/client:528
[    2110ms] [WARNING] [Vue warn]: Invalid prop: type check failed for prop "onKeydown". Expected Function, got Array  
  at <ATextarea value="" onUpdate:value=fn rows=4  ... > 
  at <Anonymous value= {hashed: true, components: Object, theme: undefined, token: Object} > 
  at <ALocaleProvider locale=undefined ANT_MARK__="internalMark" > 
  at <LocaleReceiver children=fn<children> > 
  at <AConfigProvider theme= {token: Object} > 
  at <App> @ http://127.0.0.1:5175/@vite/client:528
[    2113ms] [WARNING] [Vue warn]: Invalid prop: type check failed for prop "onKeydown". Expected Function, got Array  
  at <ATextarea value="" onUpdate:value=fn rows=4  ... > 
  at <Anonymous value= {hashed: true, components: Object, theme: undefined, token: Object} > 
  at <ALocaleProvider locale=undefined ANT_MARK__="internalMark" > 
  at <LocaleReceiver children=fn<children> > 
  at <AConfigProvider theme= {token: Object} > 
  at <App> @ http://127.0.0.1:5175/@vite/client:528
[    2117ms] [WARNING] [Vue warn]: Invalid prop: type check failed for prop "onKeydown". Expected Function, got Array  
  at <ATextarea value="" onUpdate:value=fn rows=4  ... > 
  at <Anonymous value= {hashed: true, components: Object, theme: undefined, token: Object} > 
  at <ALocaleProvider locale=undefined ANT_MARK__="internalMark" > 
  at <LocaleReceiver children=fn<children> > 
  at <AConfigProvider theme= {token: Object} > 
  at <App> @ http://127.0.0.1:5175/@vite/client:528
[    2120ms] [WARNING] [Vue warn]: Invalid prop: type check failed for prop "onKeydown". Expected Function, got Array  
  at <ATextarea value="" onUpdate:value=fn rows=4  ... > 
  at <Anonymous value= {hashed: true, components: Object, theme: undefined, token: Object} > 
  at <ALocaleProvider locale=undefined ANT_MARK__="internalMark" > 
  at <LocaleReceiver children=fn<children> > 
  at <AConfigProvider theme= {token: Object} > 
  at <App> @ http://127.0.0.1:5175/@vite/client:528
[    2123ms] [WARNING] [Vue warn]: Invalid prop: type check failed for prop "onKeydown". Expected Function, got Array  
  at <ATextarea value="" onUpdate:value=fn rows=4  ... > 
  at <Anonymous value= {hashed: true, components: Object, theme: undefined, token: Object} > 
  at <ALocaleProvider locale=undefined ANT_MARK__="internalMark" > 
  at <LocaleReceiver children=fn<children> > 
  at <AConfigProvider theme= {token: Object} > 
  at <App> @ http://127.0.0.1:5175/@vite/client:528
[    2126ms] [WARNING] [Vue warn]: Invalid prop: type check failed for prop "onKeydown". Expected Function, got Array  
  at <ATextarea value="" onUpdate:value=fn rows=4  ... > 
  at <Anonymous value= {hashed: true, components: Object, theme: undefined, token: Object} > 
  at <ALocaleProvider locale=undefined ANT_MARK__="internalMark" > 
  at <LocaleReceiver children=fn<children> > 
  at <AConfigProvider theme= {token: Object} > 
  at <App> @ http://127.0.0.1:5175/@vite/client:528
[    2129ms] [WARNING] [Vue warn]: Invalid prop: type check failed for prop "onKeydown". Expected Function, got Array  
  at <ATextarea value="" onUpdate:value=fn rows=4  ... > 
  at <Anonymous value= {hashed: true, components: Object, theme: undefined, token: Object} > 
  at <ALocaleProvider locale=undefined ANT_MARK__="internalMark" > 
  at <LocaleReceiver children=fn<children> > 
  at <AConfigProvider theme= {token: Object} > 
  at <App> @ http://127.0.0.1:5175/@vite/client:528
[    2132ms] [WARNING] [Vue warn]: Invalid prop: type check failed for prop "onKeydown". Expected Function, got Array  
  at <ATextarea value="" onUpdate:value=fn rows=4  ... > 
  at <Anonymous value= {hashed: true, components: Object, theme: undefined, token: Object} > 
  at <ALocaleProvider locale=undefined ANT_MARK__="internalMark" > 
  at <LocaleReceiver children=fn<children> > 
  at <AConfigProvider theme= {token: Object} > 
  at <App> @ http://127.0.0.1:5175/@vite/client:528
[    2135ms] [WARNING] [Vue warn]: Invalid prop: type check failed for prop "onKeydown". Expected Function, got Array  
  at <ATextarea value="" onUpdate:value=fn rows=4  ... > 
  at <Anonymous value= {hashed: true, components: Object, theme: undefined, token: Object} > 
  at <ALocaleProvider locale=undefined ANT_MARK__="internalMark" > 
  at <LocaleReceiver children=fn<children> > 
  at <AConfigProvider theme= {token: Object} > 
  at <App> @ http://127.0.0.1:5175/@vite/client:528
[    2138ms] [WARNING] [Vue warn]: Invalid prop: type check failed for prop "onKeydown". Expected Function, got Array  
  at <ATextarea value="" onUpdate:value=fn rows=4  ... > 
  at <Anonymous value= {hashed: true, components: Object, theme: undefined, token: Object} > 
  at <ALocaleProvider locale=undefined ANT_MARK__="internalMark" > 
  at <LocaleReceiver children=fn<children> > 
  at <AConfigProvider theme= {token: Object} > 
  at <App> @ http://127.0.0.1:5175/@vite/client:528
[    2141ms] [WARNING] [Vue warn]: Invalid prop: type check failed for prop "onKeydown". Expected Function, got Array  
  at <ATextarea value="" onUpdate:value=fn rows=4  ... > 
  at <Anonymous value= {hashed: true, components: Object, theme: undefined, token: Object} > 
  at <ALocaleProvider locale=undefined ANT_MARK__="internalMark" > 
  at <LocaleReceiver children=fn<children> > 
  at <AConfigProvider theme= {token: Object} > 
  at <App> @ http://127.0.0.1:5175/@vite/client:528
[    2144ms] [WARNING] [Vue warn]: Invalid prop: type check failed for prop "onKeydown". Expected Function, got Array  
  at <ATextarea value="" onUpdate:value=fn rows=4  ... > 
  at <Anonymous value= {hashed: true, components: Object, theme: undefined, token: Object} > 
  at <ALocaleProvider locale=undefined ANT_MARK__="internalMark" > 
  at <LocaleReceiver children=fn<children> > 
  at <AConfigProvider theme= {token: Object} > 
  at <App> @ http://127.0.0.1:5175/@vite/client:528
[    2147ms] [WARNING] [Vue warn]: Invalid prop: type check failed for prop "onKeydown". Expected Function, got Array  
  at <ATextarea value="" onUpdate:value=fn rows=4  ... > 
  at <Anonymous value= {hashed: true, components: Object, theme: undefined, token: Object} > 
  at <ALocaleProvider locale=undefined ANT_MARK__="internalMark" > 
  at <LocaleReceiver children=fn<children> > 
  at <AConfigProvider theme= {token: Object} > 
  at <App> @ http://127.0.0.1:5175/@vite/client:528
[    2151ms] [WARNING] [Vue warn]: Invalid prop: type check failed for prop "onKeydown". Expected Function, got Array  
  at <ATextarea value="" onUpdate:value=fn rows=4  ... > 
  at <Anonymous value= {hashed: true, components: Object, theme: undefined, token: Object} > 
  at <ALocaleProvider locale=undefined ANT_MARK__="internalMark" > 
  at <LocaleReceiver children=fn<children> > 
  at <AConfigProvider theme= {token: Object} > 
  at <App> @ http://127.0.0.1:5175/@vite/client:528
[    2155ms] [WARNING] [Vue warn]: Invalid prop: type check failed for prop "onKeydown". Expected Function, got Array  
  at <ATextarea value="" onUpdate:value=fn rows=4  ... > 
  at <Anonymous value= {hashed: true, components: Object, theme: undefined, token: Object} > 
  at <ALocaleProvider locale=undefined ANT_MARK__="internalMark" > 
  at <LocaleReceiver children=fn<children> > 
  at <AConfigProvider theme= {token: Object} > 
  at <App> @ http://127.0.0.1:5175/@vite/client:528
[    2159ms] [WARNING] [Vue warn]: Invalid prop: type check failed for prop "onKeydown". Expected Function, got Array  
  at <ATextarea value="" onUpdate:value=fn rows=4  ... > 
  at <Anonymous value= {hashed: true, components: Object, theme: undefined, token: Object} > 
  at <ALocaleProvider locale=undefined ANT_MARK__="internalMark" > 
  at <LocaleReceiver children=fn<children> > 
  at <AConfigProvider theme= {token: Object} > 
  at <App> @ http://127.0.0.1:5175/@vite/client:528
[    2165ms] [WARNING] [Vue warn]: Invalid prop: type check failed for prop "onKeydown". Expected Function, got Array  
  at <ATextarea value="" onUpdate:value=fn rows=4  ... > 
  at <Anonymous value= {hashed: true, components: Object, theme: undefined, token: Object} > 
  at <ALocaleProvider locale=undefined ANT_MARK__="internalMark" > 
  at <LocaleReceiver children=fn<children> > 
  at <AConfigProvider theme= {token: Object} > 
  at <App> @ http://127.0.0.1:5175/@vite/client:528
[    2170ms] [WARNING] [Vue warn]: Invalid prop: type check failed for prop "onKeydown". Expected Function, got Array  
  at <ATextarea value="" onUpdate:value=fn rows=4  ... > 
  at <Anonymous value= {hashed: true, components: Object, theme: undefined, token: Object} > 
  at <ALocaleProvider locale=undefined ANT_MARK__="internalMark" > 
  at <LocaleReceiver children=fn<children> > 
  at <AConfigProvider theme= {token: Object} > 
  at <App> @ http://127.0.0.1:5175/@vite/client:528
[    2174ms] [WARNING] [Vue warn]: Invalid prop: type check failed for prop "onKeydown". Expected Function, got Array  
  at <ATextarea value="" onUpdate:value=fn rows=4  ... > 
  at <Anonymous value= {hashed: true, components: Object, theme: undefined, token: Object} > 
  at <ALocaleProvider locale=undefined ANT_MARK__="internalMark" > 
  at <LocaleReceiver children=fn<children> > 
  at <AConfigProvider theme= {token: Object} > 
  at <App> @ http://127.0.0.1:5175/@vite/client:528
[    2178ms] [WARNING] [Vue warn]: Invalid prop: type check failed for prop "onKeydown". Expected Function, got Array  
  at <ATextarea value="" onUpdate:value=fn rows=4  ... > 
  at <Anonymous value= {hashed: true, components: Object, theme: undefined, token: Object} > 
  at <ALocaleProvider locale=undefined ANT_MARK__="internalMark" > 
  at <LocaleReceiver children=fn<children> > 
  at <AConfigProvider theme= {token: Object} > 
  at <App> @ http://127.0.0.1:5175/@vite/client:528
[    2181ms] [WARNING] [Vue warn]: Invalid prop: type check failed for prop "onKeydown". Expected Function, got Array  
  at <ATextarea value="" onUpdate:value=fn rows=4  ... > 
  at <Anonymous value= {hashed: true, components: Object, theme: undefined, token: Object} > 
  at <ALocaleProvider locale=undefined ANT_MARK__="internalMark" > 
  at <LocaleReceiver children=fn<children> > 
  at <AConfigProvider theme= {token: Object} > 
  at <App> @ http://127.0.0.1:5175/@vite/client:528
[    2185ms] [WARNING] [Vue warn]: Invalid prop: type check failed for prop "onKeydown". Expected Function, got Array  
  at <ATextarea value="" onUpdate:value=fn rows=4  ... > 
  at <Anonymous value= {hashed: true, components: Object, theme: undefined, token: Object} > 
  at <ALocaleProvider locale=undefined ANT_MARK__="internalMark" > 
  at <LocaleReceiver children=fn<children> > 
  at <AConfigProvider theme= {token: Object} > 
  at <App> @ http://127.0.0.1:5175/@vite/client:528
[    2188ms] [WARNING] [Vue warn]: Invalid prop: type check failed for prop "onKeydown". Expected Function, got Array  
  at <ATextarea value="" onUpdate:value=fn rows=4  ... > 
  at <Anonymous value= {hashed: true, components: Object, theme: undefined, token: Object} > 
  at <ALocaleProvider locale=undefined ANT_MARK__="internalMark" > 
  at <LocaleReceiver children=fn<children> > 
  at <AConfigProvider theme= {token: Object} > 
  at <App> @ http://127.0.0.1:5175/@vite/client:528
[    2191ms] [WARNING] [Vue warn]: Invalid prop: type check failed for prop "onKeydown". Expected Function, got Array  
  at <ATextarea value="" onUpdate:value=fn rows=4  ... > 
  at <Anonymous value= {hashed: true, components: Object, theme: undefined, token: Object} > 
  at <ALocaleProvider locale=undefined ANT_MARK__="internalMark" > 
  at <LocaleReceiver children=fn<children> > 
  at <AConfigProvider theme= {token: Object} > 
  at <App> @ http://127.0.0.1:5175/@vite/client:528
[    2194ms] [WARNING] [Vue warn]: Invalid prop: type check failed for prop "onKeydown". Expected Function, got Array  
  at <ATextarea value="" onUpdate:value=fn rows=4  ... > 
  at <Anonymous value= {hashed: true, components: Object, theme: undefined, token: Object} > 
  at <ALocaleProvider locale=undefined ANT_MARK__="internalMark" > 
  at <LocaleReceiver children=fn<children> > 
  at <AConfigProvider theme= {token: Object} > 
  at <App> @ http://127.0.0.1:5175/@vite/client:528
[    2197ms] [WARNING] [Vue warn]: Invalid prop: type check failed for prop "onKeydown". Expected Function, got Array  
  at <ATextarea value="" onUpdate:value=fn rows=4  ... > 
  at <Anonymous value= {hashed: true, components: Object, theme: undefined, token: Object} > 
  at <ALocaleProvider locale=undefined ANT_MARK__="internalMark" > 
  at <LocaleReceiver children=fn<children> > 
  at <AConfigProvider theme= {token: Object} > 
  at <App> @ http://127.0.0.1:5175/@vite/client:528
[    2201ms] [WARNING] [Vue warn]: Invalid prop: type check failed for prop "onKeydown". Expected Function, got Array  
  at <ATextarea value="" onUpdate:value=fn rows=4  ... > 
  at <Anonymous value= {hashed: true, components: Object, theme: undefined, token: Object} > 
  at <ALocaleProvider locale=undefined ANT_MARK__="internalMark" > 
  at <LocaleReceiver children=fn<children> > 
  at <AConfigProvider theme= {token: Object} > 
  at <App> @ http://127.0.0.1:5175/@vite/client:528
[    2204ms] [WARNING] [Vue warn]: Invalid prop: type check failed for prop "onKeydown". Expected Function, got Array  
  at <ATextarea value="" onUpdate:value=fn rows=4  ... > 
  at <Anonymous value= {hashed: true, components: Object, theme: undefined, token: Object} > 
  at <ALocaleProvider locale=undefined ANT_MARK__="internalMark" > 
  at <LocaleReceiver children=fn<children> > 
  at <AConfigProvider theme= {token: Object} > 
  at <App> @ http://127.0.0.1:5175/@vite/client:528
[    2207ms] [WARNING] [Vue warn]: Invalid prop: type check failed for prop "onKeydown". Expected Function, got Array  
  at <ATextarea value="" onUpdate:value=fn rows=4  ... > 
  at <Anonymous value= {hashed: true, components: Object, theme: undefined, token: Object} > 
  at <ALocaleProvider locale=undefined ANT_MARK__="internalMark" > 
  at <LocaleReceiver children=fn<children> > 
  at <AConfigProvider theme= {token: Object} > 
  at <App> @ http://127.0.0.1:5175/@vite/client:528
[    2210ms] [WARNING] [Vue warn]: Invalid prop: type check failed for prop "onKeydown". Expected Function, got Array  
  at <ATextarea value="" onUpdate:value=fn rows=4  ... > 
  at <Anonymous value= {hashed: true, components: Object, theme: undefined, token: Object} > 
  at <ALocaleProvider locale=undefined ANT_MARK__="internalMark" > 
  at <LocaleReceiver children=fn<children> > 
  at <AConfigProvider theme= {token: Object} > 
  at <App> @ http://127.0.0.1:5175/@vite/client:528
[    2214ms] [WARNING] [Vue warn]: Invalid prop: type check failed for prop "onKeydown". Expected Function, got Array  
  at <ATextarea value="" onUpdate:value=fn rows=4  ... > 
  at <Anonymous value= {hashed: true, components: Object, theme: undefined, token: Object} > 
  at <ALocaleProvider locale=undefined ANT_MARK__="internalMark" > 
  at <LocaleReceiver children=fn<children> > 
  at <AConfigProvider theme= {token: Object} > 
  at <App> @ http://127.0.0.1:5175/@vite/client:528
[    2217ms] [WARNING] [Vue warn]: Invalid prop: type check failed for prop "onKeydown". Expected Function, got Array  
  at <ATextarea value="" onUpdate:value=fn rows=4  ... > 
  at <Anonymous value= {hashed: true, components: Object, theme: undefined, token: Object} > 
  at <ALocaleProvider locale=undefined ANT_MARK__="internalMark" > 
  at <LocaleReceiver children=fn<children> > 
  at <AConfigProvider theme= {token: Object} > 
  at <App> @ http://127.0.0.1:5175/@vite/client:528
[    2220ms] [WARNING] [Vue warn]: Invalid prop: type check failed for prop "onKeydown". Expected Function, got Array  
  at <ATextarea value="" onUpdate:value=fn rows=4  ... > 
  at <Anonymous value= {hashed: true, components: Object, theme: undefined, token: Object} > 
  at <ALocaleProvider locale=undefined ANT_MARK__="internalMark" > 
  at <LocaleReceiver children=fn<children> > 
  at <AConfigProvider theme= {token: Object} > 
  at <App> @ http://127.0.0.1:5175/@vite/client:528
[    2223ms] [WARNING] [Vue warn]: Invalid prop: type check failed for prop "onKeydown". Expected Function, got Array  
  at <ATextarea value="" onUpdate:value=fn rows=4  ... > 
  at <Anonymous value= {hashed: true, components: Object, theme: undefined, token: Object} > 
  at <ALocaleProvider locale=undefined ANT_MARK__="internalMark" > 
  at <LocaleReceiver children=fn<children> > 
  at <AConfigProvider theme= {token: Object} > 
  at <App> @ http://127.0.0.1:5175/@vite/client:528
[    2225ms] [WARNING] [Vue warn]: Invalid prop: type check failed for prop "onKeydown". Expected Function, got Array  
  at <ATextarea value="" onUpdate:value=fn rows=4  ... > 
  at <Anonymous value= {hashed: true, components: Object, theme: undefined, token: Object} > 
  at <ALocaleProvider locale=undefined ANT_MARK__="internalMark" > 
  at <LocaleReceiver children=fn<children> > 
  at <AConfigProvider theme= {token: Object} > 
  at <App> @ http://127.0.0.1:5175/@vite/client:528
[    2228ms] [WARNING] [Vue warn]: Invalid prop: type check failed for prop "onKeydown". Expected Function, got Array  
  at <ATextarea value="" onUpdate:value=fn rows=4  ... > 
  at <Anonymous value= {hashed: true, components: Object, theme: undefined, token: Object} > 
  at <ALocaleProvider locale=undefined ANT_MARK__="internalMark" > 
  at <LocaleReceiver children=fn<children> > 
  at <AConfigProvider theme= {token: Object} > 
  at <App> @ http://127.0.0.1:5175/@vite/client:528
[    2231ms] [WARNING] [Vue warn]: Invalid prop: type check failed for prop "onKeydown". Expected Function, got Array  
  at <ATextarea value="" onUpdate:value=fn rows=4  ... > 
  at <Anonymous value= {hashed: true, components: Object, theme: undefined, token: Object} > 
  at <ALocaleProvider locale=undefined ANT_MARK__="internalMark" > 
  at <LocaleReceiver children=fn<children> > 
  at <AConfigProvider theme= {token: Object} > 
  at <App> @ http://127.0.0.1:5175/@vite/client:528
[    2234ms] [WARNING] [Vue warn]: Invalid prop: type check failed for prop "onKeydown". Expected Function, got Array  
  at <ATextarea value="" onUpdate:value=fn rows=4  ... > 
  at <Anonymous value= {hashed: true, components: Object, theme: undefined, token: Object} > 
  at <ALocaleProvider locale=undefined ANT_MARK__="internalMark" > 
  at <LocaleReceiver children=fn<children> > 
  at <AConfigProvider theme= {token: Object} > 
  at <App> @ http://127.0.0.1:5175/@vite/client:528
[    2238ms] [WARNING] [Vue warn]: Invalid prop: type check failed for prop "onKeydown". Expected Function, got Array  
  at <ATextarea value="" onUpdate:value=fn rows=4  ... > 
  at <Anonymous value= {hashed: true, components: Object, theme: undefined, token: Object} > 
  at <ALocaleProvider locale=undefined ANT_MARK__="internalMark" > 
  at <LocaleReceiver children=fn<children> > 
  at <AConfigProvider theme= {token: Object} > 
  at <App> @ http://127.0.0.1:5175/@vite/client:528
[    2241ms] [WARNING] [Vue warn]: Invalid prop: type check failed for prop "onKeydown". Expected Function, got Array  
  at <ATextarea value="" onUpdate:value=fn rows=4  ... > 
  at <Anonymous value= {hashed: true, components: Object, theme: undefined, token: Object} > 
  at <ALocaleProvider locale=undefined ANT_MARK__="internalMark" > 
  at <LocaleReceiver children=fn<children> > 
  at <AConfigProvider theme= {token: Object} > 
  at <App> @ http://127.0.0.1:5175/@vite/client:528
[    2244ms] [WARNING] [Vue warn]: Invalid prop: type check failed for prop "onKeydown". Expected Function, got Array  
  at <ATextarea value="" onUpdate:value=fn rows=4  ... > 
  at <Anonymous value= {hashed: true, components: Object, theme: undefined, token: Object} > 
  at <ALocaleProvider locale=undefined ANT_MARK__="internalMark" > 
  at <LocaleReceiver children=fn<children> > 
  at <AConfigProvider theme= {token: Object} > 
  at <App> @ http://127.0.0.1:5175/@vite/client:528
[    2247ms] [WARNING] [Vue warn]: Invalid prop: type check failed for prop "onKeydown". Expected Function, got Array  
  at <ATextarea value="" onUpdate:value=fn rows=4  ... > 
  at <Anonymous value= {hashed: true, components: Object, theme: undefined, token: Object} > 
  at <ALocaleProvider locale=undefined ANT_MARK__="internalMark" > 
  at <LocaleReceiver children=fn<children> > 
  at <AConfigProvider theme= {token: Object} > 
  at <App> @ http://127.0.0.1:5175/@vite/client:528
[    2250ms] [WARNING] [Vue warn]: Invalid prop: type check failed for prop "onKeydown". Expected Function, got Array  
  at <ATextarea value="" onUpdate:value=fn rows=4  ... > 
  at <Anonymous value= {hashed: true, components: Object, theme: undefined, token: Object} > 
  at <ALocaleProvider locale=undefined ANT_MARK__="internalMark" > 
  at <LocaleReceiver children=fn<children> > 
  at <AConfigProvider theme= {token: Object} > 
  at <App> @ http://127.0.0.1:5175/@vite/client:528
[    2254ms] [WARNING] [Vue warn]: Invalid prop: type check failed for prop "onKeydown". Expected Function, got Array  
  at <ATextarea value="" onUpdate:value=fn rows=4  ... > 
  at <Anonymous value= {hashed: true, components: Object, theme: undefined, token: Object} > 
  at <ALocaleProvider locale=undefined ANT_MARK__="internalMark" > 
  at <LocaleReceiver children=fn<children> > 
  at <AConfigProvider theme= {token: Object} > 
  at <App> @ http://127.0.0.1:5175/@vite/client:528
[    2257ms] [WARNING] [Vue warn]: Invalid prop: type check failed for prop "onKeydown". Expected Function, got Array  
  at <ATextarea value="" onUpdate:value=fn rows=4  ... > 
  at <Anonymous value= {hashed: true, components: Object, theme: undefined, token: Object} > 
  at <ALocaleProvider locale=undefined ANT_MARK__="internalMark" > 
  at <LocaleReceiver children=fn<children> > 
  at <AConfigProvider theme= {token: Object} > 
  at <App> @ http://127.0.0.1:5175/@vite/client:528
[    2260ms] [WARNING] [Vue warn]: Invalid prop: type check failed for prop "onKeydown". Expected Function, got Array  
  at <ATextarea value="" onUpdate:value=fn rows=4  ... > 
  at <Anonymous value= {hashed: true, components: Object, theme: undefined, token: Object} > 
  at <ALocaleProvider locale=undefined ANT_MARK__="internalMark" > 
  at <LocaleReceiver children=fn<children> > 
  at <AConfigProvider theme= {token: Object} > 
  at <App> @ http://127.0.0.1:5175/@vite/client:528
[    2263ms] [WARNING] [Vue warn]: Invalid prop: type check failed for prop "onKeydown". Expected Function, got Array  
  at <ATextarea value="" onUpdate:value=fn rows=4  ... > 
  at <Anonymous value= {hashed: true, components: Object, theme: undefined, token: Object} > 
  at <ALocaleProvider locale=undefined ANT_MARK__="internalMark" > 
  at <LocaleReceiver children=fn<children> > 
  at <AConfigProvider theme= {token: Object} > 
  at <App> @ http://127.0.0.1:5175/@vite/client:528
[    2266ms] [WARNING] [Vue warn]: Invalid prop: type check failed for prop "onKeydown". Expected Function, got Array  
  at <ATextarea value="" onUpdate:value=fn rows=4  ... > 
  at <Anonymous value= {hashed: true, components: Object, theme: undefined, token: Object} > 
  at <ALocaleProvider locale=undefined ANT_MARK__="internalMark" > 
  at <LocaleReceiver children=fn<children> > 
  at <AConfigProvider theme= {token: Object} > 
  at <App> @ http://127.0.0.1:5175/@vite/client:528
[    2270ms] [WARNING] [Vue warn]: Invalid prop: type check failed for prop "onKeydown". Expected Function, got Array  
  at <ATextarea value="" onUpdate:value=fn rows=4  ... > 
  at <Anonymous value= {hashed: true, components: Object, theme: undefined, token: Object} > 
  at <ALocaleProvider locale=undefined ANT_MARK__="internalMark" > 
  at <LocaleReceiver children=fn<children> > 
  at <AConfigProvider theme= {token: Object} > 
  at <App> @ http://127.0.0.1:5175/@vite/client:528
[    2273ms] [WARNING] [Vue warn]: Invalid prop: type check failed for prop "onKeydown". Expected Function, got Array  
  at <ATextarea value="" onUpdate:value=fn rows=4  ... > 
  at <Anonymous value= {hashed: true, components: Object, theme: undefined, token: Object} > 
  at <ALocaleProvider locale=undefined ANT_MARK__="internalMark" > 
  at <LocaleReceiver children=fn<children> > 
  at <AConfigProvider theme= {token: Object} > 
  at <App> @ http://127.0.0.1:5175/@vite/client:528
[    2276ms] [WARNING] [Vue warn]: Invalid prop: type check failed for prop "onKeydown". Expected Function, got Array  
  at <ATextarea value="" onUpdate:value=fn rows=4  ... > 
  at <Anonymous value= {hashed: true, components: Object, theme: undefined, token: Object} > 
  at <ALocaleProvider locale=undefined ANT_MARK__="internalMark" > 
  at <LocaleReceiver children=fn<children> > 
  at <AConfigProvider theme= {token: Object} > 
  at <App> @ http://127.0.0.1:5175/@vite/client:528
[    2279ms] [WARNING] [Vue warn]: Invalid prop: type check failed for prop "onKeydown". Expected Function, got Array  
  at <ATextarea value="" onUpdate:value=fn rows=4  ... > 
  at <Anonymous value= {hashed: true, components: Object, theme: undefined, token: Object} > 
  at <ALocaleProvider locale=undefined ANT_MARK__="internalMark" > 
  at <LocaleReceiver children=fn<children> > 
  at <AConfigProvider theme= {token: Object} > 
  at <App> @ http://127.0.0.1:5175/@vite/client:528
[    2282ms] [WARNING] [Vue warn]: Invalid prop: type check failed for prop "onKeydown". Expected Function, got Array  
  at <ATextarea value="" onUpdate:value=fn rows=4  ... > 
  at <Anonymous value= {hashed: true, components: Object, theme: undefined, token: Object} > 
  at <ALocaleProvider locale=undefined ANT_MARK__="internalMark" > 
  at <LocaleReceiver children=fn<children> > 
  at <AConfigProvider theme= {token: Object} > 
  at <App> @ http://127.0.0.1:5175/@vite/client:528
[    2285ms] [WARNING] [Vue warn]: Invalid prop: type check failed for prop "onKeydown". Expected Function, got Array  
  at <ATextarea value="" onUpdate:value=fn rows=4  ... > 
  at <Anonymous value= {hashed: true, components: Object, theme: undefined, token: Object} > 
  at <ALocaleProvider locale=undefined ANT_MARK__="internalMark" > 
  at <LocaleReceiver children=fn<children> > 
  at <AConfigProvider theme= {token: Object} > 
  at <App> @ http://127.0.0.1:5175/@vite/client:528
[    2289ms] [WARNING] [Vue warn]: Invalid prop: type check failed for prop "onKeydown". Expected Function, got Array  
  at <ATextarea value="" onUpdate:value=fn rows=4  ... > 
  at <Anonymous value= {hashed: true, components: Object, theme: undefined, token: Object} > 
  at <ALocaleProvider locale=undefined ANT_MARK__="internalMark" > 
  at <LocaleReceiver children=fn<children> > 
  at <AConfigProvider theme= {token: Object} > 
  at <App> @ http://127.0.0.1:5175/@vite/client:528
[    2292ms] [WARNING] [Vue warn]: Invalid prop: type check failed for prop "onKeydown". Expected Function, got Array  
  at <ATextarea value="" onUpdate:value=fn rows=4  ... > 
  at <Anonymous value= {hashed: true, components: Object, theme: undefined, token: Object} > 
  at <ALocaleProvider locale=undefined ANT_MARK__="internalMark" > 
  at <LocaleReceiver children=fn<children> > 
  at <AConfigProvider theme= {token: Object} > 
  at <App> @ http://127.0.0.1:5175/@vite/client:528
[    2295ms] [WARNING] [Vue warn]: Invalid prop: type check failed for prop "onKeydown". Expected Function, got Array  
  at <ATextarea value="" onUpdate:value=fn rows=4  ... > 
  at <Anonymous value= {hashed: true, components: Object, theme: undefined, token: Object} > 
  at <ALocaleProvider locale=undefined ANT_MARK__="internalMark" > 
  at <LocaleReceiver children=fn<children> > 
  at <AConfigProvider theme= {token: Object} > 
  at <App> @ http://127.0.0.1:5175/@vite/client:528
[    2298ms] [WARNING] [Vue warn]: Invalid prop: type check failed for prop "onKeydown". Expected Function, got Array  
  at <ATextarea value="" onUpdate:value=fn rows=4  ... > 
  at <Anonymous value= {hashed: true, components: Object, theme: undefined, token: Object} > 
  at <ALocaleProvider locale=undefined ANT_MARK__="internalMark" > 
  at <LocaleReceiver children=fn<children> > 
  at <AConfigProvider theme= {token: Object} > 
  at <App> @ http://127.0.0.1:5175/@vite/client:528
[    2301ms] [WARNING] [Vue warn]: Invalid prop: type check failed for prop "onKeydown". Expected Function, got Array  
  at <ATextarea value="" onUpdate:value=fn rows=4  ... > 
  at <Anonymous value= {hashed: true, components: Object, theme: undefined, token: Object} > 
  at <ALocaleProvider locale=undefined ANT_MARK__="internalMark" > 
  at <LocaleReceiver children=fn<children> > 
  at <AConfigProvider theme= {token: Object} > 
  at <App> @ http://127.0.0.1:5175/@vite/client:528
[    2304ms] [WARNING] [Vue warn]: Invalid prop: type check failed for prop "onKeydown". Expected Function, got Array  
  at <ATextarea value="" onUpdate:value=fn rows=4  ... > 
  at <Anonymous value= {hashed: true, components: Object, theme: undefined, token: Object} > 
  at <ALocaleProvider locale=undefined ANT_MARK__="internalMark" > 
  at <LocaleReceiver children=fn<children> > 
  at <AConfigProvider theme= {token: Object} > 
  at <App> @ http://127.0.0.1:5175/@vite/client:528
[    2307ms] [WARNING] [Vue warn]: Invalid prop: type check failed for prop "onKeydown". Expected Function, got Array  
  at <ATextarea value="" onUpdate:value=fn rows=4  ... > 
  at <Anonymous value= {hashed: true, components: Object, theme: undefined, token: Object} > 
  at <ALocaleProvider locale=undefined ANT_MARK__="internalMark" > 
  at <LocaleReceiver children=fn<children> > 
  at <AConfigProvider theme= {token: Object} > 
  at <App> @ http://127.0.0.1:5175/@vite/client:528
[    2311ms] [WARNING] [Vue warn]: Invalid prop: type check failed for prop "onKeydown". Expected Function, got Array  
  at <ATextarea value="" onUpdate:value=fn rows=4  ... > 
  at <Anonymous value= {hashed: true, components: Object, theme: undefined, token: Object} > 
  at <ALocaleProvider locale=undefined ANT_MARK__="internalMark" > 
  at <LocaleReceiver children=fn<children> > 
  at <AConfigProvider theme= {token: Object} > 
  at <App> @ http://127.0.0.1:5175/@vite/client:528
[    2314ms] [WARNING] [Vue warn]: Invalid prop: type check failed for prop "onKeydown". Expected Function, got Array  
  at <ATextarea value="" onUpdate:value=fn rows=4  ... > 
  at <Anonymous value= {hashed: true, components: Object, theme: undefined, token: Object} > 
  at <ALocaleProvider locale=undefined ANT_MARK__="internalMark" > 
  at <LocaleReceiver children=fn<children> > 
  at <AConfigProvider theme= {token: Object} > 
  at <App> @ http://127.0.0.1:5175/@vite/client:528
[    2317ms] [WARNING] [Vue warn]: Invalid prop: type check failed for prop "onKeydown". Expected Function, got Array  
  at <ATextarea value="" onUpdate:value=fn rows=4  ... > 
  at <Anonymous value= {hashed: true, components: Object, theme: undefined, token: Object} > 
  at <ALocaleProvider locale=undefined ANT_MARK__="internalMark" > 
  at <LocaleReceiver children=fn<children> > 
  at <AConfigProvider theme= {token: Object} > 
  at <App> @ http://127.0.0.1:5175/@vite/client:528
[    2320ms] [WARNING] [Vue warn]: Invalid prop: type check failed for prop "onKeydown". Expected Function, got Array  
  at <ATextarea value="" onUpdate:value=fn rows=4  ... > 
  at <Anonymous value= {hashed: true, components: Object, theme: undefined, token: Object} > 
  at <ALocaleProvider locale=undefined ANT_MARK__="internalMark" > 
  at <LocaleReceiver children=fn<children> > 
  at <AConfigProvider theme= {token: Object} > 
  at <App> @ http://127.0.0.1:5175/@vite/client:528
[    2323ms] [WARNING] [Vue warn]: Invalid prop: type check failed for prop "onKeydown". Expected Function, got Array  
  at <ATextarea value="" onUpdate:value=fn rows=4  ... > 
  at <Anonymous value= {hashed: true, components: Object, theme: undefined, token: Object} > 
  at <ALocaleProvider locale=undefined ANT_MARK__="internalMark" > 
  at <LocaleReceiver children=fn<children> > 
  at <AConfigProvider theme= {token: Object} > 
  at <App> @ http://127.0.0.1:5175/@vite/client:528
[    2326ms] [WARNING] [Vue warn]: Invalid prop: type check failed for prop "onKeydown". Expected Function, got Array  
  at <ATextarea value="" onUpdate:value=fn rows=4  ... > 
  at <Anonymous value= {hashed: true, components: Object, theme: undefined, token: Object} > 
  at <ALocaleProvider locale=undefined ANT_MARK__="internalMark" > 
  at <LocaleReceiver children=fn<children> > 
  at <AConfigProvider theme= {token: Object} > 
  at <App> @ http://127.0.0.1:5175/@vite/client:528
[    2329ms] [WARNING] [Vue warn]: Invalid prop: type check failed for prop "onKeydown". Expected Function, got Array  
  at <ATextarea value="" onUpdate:value=fn rows=4  ... > 
  at <Anonymous value= {hashed: true, components: Object, theme: undefined, token: Object} > 
  at <ALocaleProvider locale=undefined ANT_MARK__="internalMark" > 
  at <LocaleReceiver children=fn<children> > 
  at <AConfigProvider theme= {token: Object} > 
  at <App> @ http://127.0.0.1:5175/@vite/client:528
[    2331ms] [WARNING] [Vue warn]: Invalid prop: type check failed for prop "onKeydown". Expected Function, got Array  
  at <ATextarea value="" onUpdate:value=fn rows=4  ... > 
  at <Anonymous value= {hashed: true, components: Object, theme: undefined, token: Object} > 
  at <ALocaleProvider locale=undefined ANT_MARK__="internalMark" > 
  at <LocaleReceiver children=fn<children> > 
  at <AConfigProvider theme= {token: Object} > 
  at <App> @ http://127.0.0.1:5175/@vite/client:528
[    2334ms] [WARNING] [Vue warn]: Invalid prop: type check failed for prop "onKeydown". Expected Function, got Array  
  at <ATextarea value="" onUpdate:value=fn rows=4  ... > 
  at <Anonymous value= {hashed: true, components: Object, theme: undefined, token: Object} > 
  at <ALocaleProvider locale=undefined ANT_MARK__="internalMark" > 
  at <LocaleReceiver children=fn<children> > 
  at <AConfigProvider theme= {token: Object} > 
  at <App> @ http://127.0.0.1:5175/@vite/client:528
[    2337ms] [WARNING] [Vue warn]: Invalid prop: type check failed for prop "onKeydown". Expected Function, got Array  
  at <ATextarea value="" onUpdate:value=fn rows=4  ... > 
  at <Anonymous value= {hashed: true, components: Object, theme: undefined, token: Object} > 
  at <ALocaleProvider locale=undefined ANT_MARK__="internalMark" > 
  at <LocaleReceiver children=fn<children> > 
  at <AConfigProvider theme= {token: Object} > 
  at <App> @ http://127.0.0.1:5175/@vite/client:528
[    2340ms] [WARNING] [Vue warn]: Invalid prop: type check failed for prop "onKeydown". Expected Function, got Array  
  at <ATextarea value="" onUpdate:value=fn rows=4  ... > 
  at <Anonymous value= {hashed: true, components: Object, theme: undefined, token: Object} > 
  at <ALocaleProvider locale=undefined ANT_MARK__="internalMark" > 
  at <LocaleReceiver children=fn<children> > 
  at <AConfigProvider theme= {token: Object} > 
  at <App> @ http://127.0.0.1:5175/@vite/client:528
[    2343ms] [WARNING] [Vue warn]: Invalid prop: type check failed for prop "onKeydown". Expected Function, got Array  
  at <ATextarea value="" onUpdate:value=fn rows=4  ... > 
  at <Anonymous value= {hashed: true, components: Object, theme: undefined, token: Object} > 
  at <ALocaleProvider locale=undefined ANT_MARK__="internalMark" > 
  at <LocaleReceiver children=fn<children> > 
  at <AConfigProvider theme= {token: Object} > 
  at <App> @ http://127.0.0.1:5175/@vite/client:528
[    2346ms] [WARNING] [Vue warn]: Invalid prop: type check failed for prop "onKeydown". Expected Function, got Array  
  at <ATextarea value="" onUpdate:value=fn rows=4  ... > 
  at <Anonymous value= {hashed: true, components: Object, theme: undefined, token: Object} > 
  at <ALocaleProvider locale=undefined ANT_MARK__="internalMark" > 
  at <LocaleReceiver children=fn<children> > 
  at <AConfigProvider theme= {token: Object} > 
  at <App> @ http://127.0.0.1:5175/@vite/client:528
[    2349ms] [WARNING] [Vue warn]: Invalid prop: type check failed for prop "onKeydown". Expected Function, got Array  
  at <ATextarea value="" onUpdate:value=fn rows=4  ... > 
  at <Anonymous value= {hashed: true, components: Object, theme: undefined, token: Object} > 
  at <ALocaleProvider locale=undefined ANT_MARK__="internalMark" > 
  at <LocaleReceiver children=fn<children> > 
  at <AConfigProvider theme= {token: Object} > 
  at <App> @ http://127.0.0.1:5175/@vite/client:528
[    2352ms] [WARNING] [Vue warn]: Invalid prop: type check failed for prop "onKeydown". Expected Function, got Array  
  at <ATextarea value="" onUpdate:value=fn rows=4  ... > 
  at <Anonymous value= {hashed: true, components: Object, theme: undefined, token: Object} > 
  at <ALocaleProvider locale=undefined ANT_MARK__="internalMark" > 
  at <LocaleReceiver children=fn<children> > 
  at <AConfigProvider theme= {token: Object} > 
  at <App> @ http://127.0.0.1:5175/@vite/client:528
[    2355ms] [WARNING] [Vue warn]: Invalid prop: type check failed for prop "onKeydown". Expected Function, got Array  
  at <ATextarea value="" onUpdate:value=fn rows=4  ... > 
  at <Anonymous value= {hashed: true, components: Object, theme: undefined, token: Object} > 
  at <ALocaleProvider locale=undefined ANT_MARK__="internalMark" > 
  at <LocaleReceiver children=fn<children> > 
  at <AConfigProvider theme= {token: Object} > 
  at <App> @ http://127.0.0.1:5175/@vite/client:528
[    2357ms] [WARNING] [Vue warn]: Invalid prop: type check failed for prop "onKeydown". Expected Function, got Array  
  at <ATextarea value="" onUpdate:value=fn rows=4  ... > 
  at <Anonymous value= {hashed: true, components: Object, theme: undefined, token: Object} > 
  at <ALocaleProvider locale=undefined ANT_MARK__="internalMark" > 
  at <LocaleReceiver children=fn<children> > 
  at <AConfigProvider theme= {token: Object} > 
  at <App> @ http://127.0.0.1:5175/@vite/client:528
[    2360ms] [WARNING] [Vue warn]: Invalid prop: type check failed for prop "onKeydown". Expected Function, got Array  
  at <ATextarea value="" onUpdate:value=fn rows=4  ... > 
  at <Anonymous value= {hashed: true, components: Object, theme: undefined, token: Object} > 
  at <ALocaleProvider locale=undefined ANT_MARK__="internalMark" > 
  at <LocaleReceiver children=fn<children> > 
  at <AConfigProvider theme= {token: Object} > 
  at <App> @ http://127.0.0.1:5175/@vite/client:528
[    2365ms] [WARNING] [Vue warn]: Invalid prop: type check failed for prop "onKeydown". Expected Function, got Array  
  at <ATextarea value="" onUpdate:value=fn rows=4  ... > 
  at <Anonymous value= {hashed: true, components: Object, theme: undefined, token: Object} > 
  at <ALocaleProvider locale=undefined ANT_MARK__="internalMark" > 
  at <LocaleReceiver children=fn<children> > 
  at <AConfigProvider theme= {token: Object} > 
  at <App> @ http://127.0.0.1:5175/@vite/client:528
[    2368ms] [WARNING] [Vue warn]: Invalid prop: type check failed for prop "onKeydown". Expected Function, got Array  
  at <ATextarea value="" onUpdate:value=fn rows=4  ... > 
  at <Anonymous value= {hashed: true, components: Object, theme: undefined, token: Object} > 
  at <ALocaleProvider locale=undefined ANT_MARK__="internalMark" > 
  at <LocaleReceiver children=fn<children> > 
  at <AConfigProvider theme= {token: Object} > 
  at <App> @ http://127.0.0.1:5175/@vite/client:528
[    2372ms] [WARNING] [Vue warn]: Invalid prop: type check failed for prop "onKeydown". Expected Function, got Array  
  at <ATextarea value="" onUpdate:value=fn rows=4  ... > 
  at <Anonymous value= {hashed: true, components: Object, theme: undefined, token: Object} > 
  at <ALocaleProvider locale=undefined ANT_MARK__="internalMark" > 
  at <LocaleReceiver children=fn<children> > 
  at <AConfigProvider theme= {token: Object} > 
  at <App> @ http://127.0.0.1:5175/@vite/client:528
[    2375ms] [WARNING] [Vue warn]: Invalid prop: type check failed for prop "onKeydown". Expected Function, got Array  
  at <ATextarea value="" onUpdate:value=fn rows=4  ... > 
  at <Anonymous value= {hashed: true, components: Object, theme: undefined, token: Object} > 
  at <ALocaleProvider locale=undefined ANT_MARK__="internalMark" > 
  at <LocaleReceiver children=fn<children> > 
  at <AConfigProvider theme= {token: Object} > 
  at <App> @ http://127.0.0.1:5175/@vite/client:528
[    2378ms] [WARNING] [Vue warn]: Invalid prop: type check failed for prop "onKeydown". Expected Function, got Array  
  at <ATextarea value="" onUpdate:value=fn rows=4  ... > 
  at <Anonymous value= {hashed: true, components: Object, theme: undefined, token: Object} > 
  at <ALocaleProvider locale=undefined ANT_MARK__="internalMark" > 
  at <LocaleReceiver children=fn<children> > 
  at <AConfigProvider theme= {token: Object} > 
  at <App> @ http://127.0.0.1:5175/@vite/client:528
[    2381ms] [WARNING] [Vue warn]: Invalid prop: type check failed for prop "onKeydown". Expected Function, got Array  
  at <ATextarea value="" onUpdate:value=fn rows=4  ... > 
  at <Anonymous value= {hashed: true, components: Object, theme: undefined, token: Object} > 
  at <ALocaleProvider locale=undefined ANT_MARK__="internalMark" > 
  at <LocaleReceiver children=fn<children> > 
  at <AConfigProvider theme= {token: Object} > 
  at <App> @ http://127.0.0.1:5175/@vite/client:528
[    2384ms] [WARNING] [Vue warn]: Invalid prop: type check failed for prop "onKeydown". Expected Function, got Array  
  at <ATextarea value="" onUpdate:value=fn rows=4  ... > 
  at <Anonymous value= {hashed: true, components: Object, theme: undefined, token: Object} > 
  at <ALocaleProvider locale=undefined ANT_MARK__="internalMark" > 
  at <LocaleReceiver children=fn<children> > 
  at <AConfigProvider theme= {token: Object} > 
  at <App> @ http://127.0.0.1:5175/@vite/client:528
[    2387ms] [WARNING] [Vue warn]: Invalid prop: type check failed for prop "onKeydown". Expected Function, got Array  
  at <ATextarea value="" onUpdate:value=fn rows=4  ... > 
  at <Anonymous value= {hashed: true, components: Object, theme: undefined, token: Object} > 
  at <ALocaleProvider locale=undefined ANT_MARK__="internalMark" > 
  at <LocaleReceiver children=fn<children> > 
  at <AConfigProvider theme= {token: Object} > 
  at <App> @ http://127.0.0.1:5175/@vite/client:528
[    2390ms] [WARNING] [Vue warn]: Invalid prop: type check failed for prop "onKeydown". Expected Function, got Array  
  at <ATextarea value="" onUpdate:value=fn rows=4  ... > 
  at <Anonymous value= {hashed: true, components: Object, theme: undefined, token: Object} > 
  at <ALocaleProvider locale=undefined ANT_MARK__="internalMark" > 
  at <LocaleReceiver children=fn<children> > 
  at <AConfigProvider theme= {token: Object} > 
  at <App> @ http://127.0.0.1:5175/@vite/client:528
[    2393ms] [WARNING] [Vue warn]: Invalid prop: type check failed for prop "onKeydown". Expected Function, got Array  
  at <ATextarea value="" onUpdate:value=fn rows=4  ... > 
  at <Anonymous value= {hashed: true, components: Object, theme: undefined, token: Object} > 
  at <ALocaleProvider locale=undefined ANT_MARK__="internalMark" > 
  at <LocaleReceiver children=fn<children> > 
  at <AConfigProvider theme= {token: Object} > 
  at <App> @ http://127.0.0.1:5175/@vite/client:528
[    2396ms] [WARNING] [Vue warn]: Invalid prop: type check failed for prop "onKeydown". Expected Function, got Array  
  at <ATextarea value="" onUpdate:value=fn rows=4  ... > 
  at <Anonymous value= {hashed: true, components: Object, theme: undefined, token: Object} > 
  at <ALocaleProvider locale=undefined ANT_MARK__="internalMark" > 
  at <LocaleReceiver children=fn<children> > 
  at <AConfigProvider theme= {token: Object} > 
  at <App> @ http://127.0.0.1:5175/@vite/client:528
[    2398ms] [WARNING] [Vue warn]: Invalid prop: type check failed for prop "onKeydown". Expected Function, got Array  
  at <ATextarea value="" onUpdate:value=fn rows=4  ... > 
  at <Anonymous value= {hashed: true, components: Object, theme: undefined, token: Object} > 
  at <ALocaleProvider locale=undefined ANT_MARK__="internalMark" > 
  at <LocaleReceiver children=fn<children> > 
  at <AConfigProvider theme= {token: Object} > 
  at <App> @ http://127.0.0.1:5175/@vite/client:528
[    2401ms] [WARNING] [Vue warn]: Invalid prop: type check failed for prop "onKeydown". Expected Function, got Array  
  at <ATextarea value="" onUpdate:value=fn rows=4  ... > 
  at <Anonymous value= {hashed: true, components: Object, theme: undefined, token: Object} > 
  at <ALocaleProvider locale=undefined ANT_MARK__="internalMark" > 
  at <LocaleReceiver children=fn<children> > 
  at <AConfigProvider theme= {token: Object} > 
  at <App> @ http://127.0.0.1:5175/@vite/client:528
[    2404ms] [WARNING] [Vue warn]: Invalid prop: type check failed for prop "onKeydown". Expected Function, got Array  
  at <ATextarea value="" onUpdate:value=fn rows=4  ... > 
  at <Anonymous value= {hashed: true, components: Object, theme: undefined, token: Object} > 
  at <ALocaleProvider locale=undefined ANT_MARK__="internalMark" > 
  at <LocaleReceiver children=fn<children> > 
  at <AConfigProvider theme= {token: Object} > 
  at <App> @ http://127.0.0.1:5175/@vite/client:528
[    2407ms] [WARNING] [Vue warn]: Invalid prop: type check failed for prop "onKeydown". Expected Function, got Array  
  at <ATextarea value="" onUpdate:value=fn rows=4  ... > 
  at <Anonymous value= {hashed: true, components: Object, theme: undefined, token: Object} > 
  at <ALocaleProvider locale=undefined ANT_MARK__="internalMark" > 
  at <LocaleReceiver children=fn<children> > 
  at <AConfigProvider theme= {token: Object} > 
  at <App> @ http://127.0.0.1:5175/@vite/client:528
[    2410ms] [WARNING] [Vue warn]: Invalid prop: type check failed for prop "onKeydown". Expected Function, got Array  
  at <ATextarea value="" onUpdate:value=fn rows=4  ... > 
  at <Anonymous value= {hashed: true, components: Object, theme: undefined, token: Object} > 
  at <ALocaleProvider locale=undefined ANT_MARK__="internalMark" > 
  at <LocaleReceiver children=fn<children> > 
  at <AConfigProvider theme= {token: Object} > 
  at <App> @ http://127.0.0.1:5175/@vite/client:528
[    2413ms] [WARNING] [Vue warn]: Invalid prop: type check failed for prop "onKeydown". Expected Function, got Array  
  at <ATextarea value="" onUpdate:value=fn rows=4  ... > 
  at <Anonymous value= {hashed: true, components: Object, theme: undefined, token: Object} > 
  at <ALocaleProvider locale=undefined ANT_MARK__="internalMark" > 
  at <LocaleReceiver children=fn<children> > 
  at <AConfigProvider theme= {token: Object} > 
  at <App> @ http://127.0.0.1:5175/@vite/client:528
[    2416ms] [WARNING] [Vue warn]: Invalid prop: type check failed for prop "onKeydown". Expected Function, got Array  
  at <ATextarea value="" onUpdate:value=fn rows=4  ... > 
  at <Anonymous value= {hashed: true, components: Object, theme: undefined, token: Object} > 
  at <ALocaleProvider locale=undefined ANT_MARK__="internalMark" > 
  at <LocaleReceiver children=fn<children> > 
  at <AConfigProvider theme= {token: Object} > 
  at <App> @ http://127.0.0.1:5175/@vite/client:528
[    2419ms] [WARNING] [Vue warn]: Invalid prop: type check failed for prop "onKeydown". Expected Function, got Array  
  at <ATextarea value="" onUpdate:value=fn rows=4  ... > 
  at <Anonymous value= {hashed: true, components: Object, theme: undefined, token: Object} > 
  at <ALocaleProvider locale=undefined ANT_MARK__="internalMark" > 
  at <LocaleReceiver children=fn<children> > 
  at <AConfigProvider theme= {token: Object} > 
  at <App> @ http://127.0.0.1:5175/@vite/client:528
[    2422ms] [WARNING] [Vue warn]: Invalid prop: type check failed for prop "onKeydown". Expected Function, got Array  
  at <ATextarea value="" onUpdate:value=fn rows=4  ... > 
  at <Anonymous value= {hashed: true, components: Object, theme: undefined, token: Object} > 
  at <ALocaleProvider locale=undefined ANT_MARK__="internalMark" > 
  at <LocaleReceiver children=fn<children> > 
  at <AConfigProvider theme= {token: Object} > 
  at <App> @ http://127.0.0.1:5175/@vite/client:528
[    2425ms] [WARNING] [Vue warn]: Invalid prop: type check failed for prop "onKeydown". Expected Function, got Array  
  at <ATextarea value="" onUpdate:value=fn rows=4  ... > 
  at <Anonymous value= {hashed: true, components: Object, theme: undefined, token: Object} > 
  at <ALocaleProvider locale=undefined ANT_MARK__="internalMark" > 
  at <LocaleReceiver children=fn<children> > 
  at <AConfigProvider theme= {token: Object} > 
  at <App> @ http://127.0.0.1:5175/@vite/client:528
[    2428ms] [WARNING] [Vue warn]: Invalid prop: type check failed for prop "onKeydown". Expected Function, got Array  
  at <ATextarea value="" onUpdate:value=fn rows=4  ... > 
  at <Anonymous value= {hashed: true, components: Object, theme: undefined, token: Object} > 
  at <ALocaleProvider locale=undefined ANT_MARK__="internalMark" > 
  at <LocaleReceiver children=fn<children> > 
  at <AConfigProvider theme= {token: Object} > 
  at <App> @ http://127.0.0.1:5175/@vite/client:528
[    2431ms] [WARNING] [Vue warn]: Invalid prop: type check failed for prop "onKeydown". Expected Function, got Array  
  at <ATextarea value="" onUpdate:value=fn rows=4  ... > 
  at <Anonymous value= {hashed: true, components: Object, theme: undefined, token: Object} > 
  at <ALocaleProvider locale=undefined ANT_MARK__="internalMark" > 
  at <LocaleReceiver children=fn<children> > 
  at <AConfigProvider theme= {token: Object} > 
  at <App> @ http://127.0.0.1:5175/@vite/client:528
[    2433ms] [WARNING] [Vue warn]: Invalid prop: type check failed for prop "onKeydown". Expected Function, got Array  
  at <ATextarea value="" onUpdate:value=fn rows=4  ... > 
  at <Anonymous value= {hashed: true, components: Object, theme: undefined, token: Object} > 
  at <ALocaleProvider locale=undefined ANT_MARK__="internalMark" > 
  at <LocaleReceiver children=fn<children> > 
  at <AConfigProvider theme= {token: Object} > 
  at <App> @ http://127.0.0.1:5175/@vite/client:528
[    2436ms] [WARNING] [Vue warn]: Invalid prop: type check failed for prop "onKeydown". Expected Function, got Array  
  at <ATextarea value="" onUpdate:value=fn rows=4  ... > 
  at <Anonymous value= {hashed: true, components: Object, theme: undefined, token: Object} > 
  at <ALocaleProvider locale=undefined ANT_MARK__="internalMark" > 
  at <LocaleReceiver children=fn<children> > 
  at <AConfigProvider theme= {token: Object} > 
  at <App> @ http://127.0.0.1:5175/@vite/client:528
[    2439ms] [WARNING] [Vue warn]: Invalid prop: type check failed for prop "onKeydown". Expected Function, got Array  
  at <ATextarea value="" onUpdate:value=fn rows=4  ... > 
  at <Anonymous value= {hashed: true, components: Object, theme: undefined, token: Object} > 
  at <ALocaleProvider locale=undefined ANT_MARK__="internalMark" > 
  at <LocaleReceiver children=fn<children> > 
  at <AConfigProvider theme= {token: Object} > 
  at <App> @ http://127.0.0.1:5175/@vite/client:528
[    2442ms] [WARNING] [Vue warn]: Invalid prop: type check failed for prop "onKeydown". Expected Function, got Array  
  at <ATextarea value="" onUpdate:value=fn rows=4  ... > 
  at <Anonymous value= {hashed: true, components: Object, theme: undefined, token: Object} > 
  at <ALocaleProvider locale=undefined ANT_MARK__="internalMark" > 
  at <LocaleReceiver children=fn<children> > 
  at <AConfigProvider theme= {token: Object} > 
  at <App> @ http://127.0.0.1:5175/@vite/client:528
[    2446ms] [WARNING] [Vue warn]: Invalid prop: type check failed for prop "onKeydown". Expected Function, got Array  
  at <ATextarea value="" onUpdate:value=fn rows=4  ... > 
  at <Anonymous value= {hashed: true, components: Object, theme: undefined, token: Object} > 
  at <ALocaleProvider locale=undefined ANT_MARK__="internalMark" > 
  at <LocaleReceiver children=fn<children> > 
  at <AConfigProvider theme= {token: Object} > 
  at <App> @ http://127.0.0.1:5175/@vite/client:528
[    2449ms] [WARNING] [Vue warn]: Invalid prop: type check failed for prop "onKeydown". Expected Function, got Array  
  at <ATextarea value="" onUpdate:value=fn rows=4  ... > 
  at <Anonymous value= {hashed: true, components: Object, theme: undefined, token: Object} > 
  at <ALocaleProvider locale=undefined ANT_MARK__="internalMark" > 
  at <LocaleReceiver children=fn<children> > 
  at <AConfigProvider theme= {token: Object} > 
  at <App> @ http://127.0.0.1:5175/@vite/client:528
[    2452ms] [WARNING] [Vue warn]: Invalid prop: type check failed for prop "onKeydown". Expected Function, got Array  
  at <ATextarea value="" onUpdate:value=fn rows=4  ... > 
  at <Anonymous value= {hashed: true, components: Object, theme: undefined, token: Object} > 
  at <ALocaleProvider locale=undefined ANT_MARK__="internalMark" > 
  at <LocaleReceiver children=fn<children> > 
  at <AConfigProvider theme= {token: Object} > 
  at <App> @ http://127.0.0.1:5175/@vite/client:528
[    2455ms] [WARNING] [Vue warn]: Invalid prop: type check failed for prop "onKeydown". Expected Function, got Array  
  at <ATextarea value="" onUpdate:value=fn rows=4  ... > 
  at <Anonymous value= {hashed: true, components: Object, theme: undefined, token: Object} > 
  at <ALocaleProvider locale=undefined ANT_MARK__="internalMark" > 
  at <LocaleReceiver children=fn<children> > 
  at <AConfigProvider theme= {token: Object} > 
  at <App> @ http://127.0.0.1:5175/@vite/client:528
[    2460ms] [WARNING] [Vue warn]: Invalid prop: type check failed for prop "onKeydown". Expected Function, got Array  
  at <ATextarea value="" onUpdate:value=fn rows=4  ... > 
  at <Anonymous value= {hashed: true, components: Object, theme: undefined, token: Object} > 
  at <ALocaleProvider locale=undefined ANT_MARK__="internalMark" > 
  at <LocaleReceiver children=fn<children> > 
  at <AConfigProvider theme= {token: Object} > 
  at <App> @ http://127.0.0.1:5175/@vite/client:528
[    2463ms] [WARNING] [Vue warn]: Invalid prop: type check failed for prop "onKeydown". Expected Function, got Array  
  at <ATextarea value="" onUpdate:value=fn rows=4  ... > 
  at <Anonymous value= {hashed: true, components: Object, theme: undefined, token: Object} > 
  at <ALocaleProvider locale=undefined ANT_MARK__="internalMark" > 
  at <LocaleReceiver children=fn<children> > 
  at <AConfigProvider theme= {token: Object} > 
  at <App> @ http://127.0.0.1:5175/@vite/client:528
[    2466ms] [WARNING] [Vue warn]: Invalid prop: type check failed for prop "onKeydown". Expected Function, got Array  
  at <ATextarea value="" onUpdate:value=fn rows=4  ... > 
  at <Anonymous value= {hashed: true, components: Object, theme: undefined, token: Object} > 
  at <ALocaleProvider locale=undefined ANT_MARK__="internalMark" > 
  at <LocaleReceiver children=fn<children> > 
  at <AConfigProvider theme= {token: Object} > 
  at <App> @ http://127.0.0.1:5175/@vite/client:528
[    2470ms] [WARNING] [Vue warn]: Invalid prop: type check failed for prop "onKeydown". Expected Function, got Array  
  at <ATextarea value="" onUpdate:value=fn rows=4  ... > 
  at <Anonymous value= {hashed: true, components: Object, theme: undefined, token: Object} > 
  at <ALocaleProvider locale=undefined ANT_MARK__="internalMark" > 
  at <LocaleReceiver children=fn<children> > 
  at <AConfigProvider theme= {token: Object} > 
  at <App> @ http://127.0.0.1:5175/@vite/client:528
[    2473ms] [WARNING] [Vue warn]: Invalid prop: type check failed for prop "onKeydown". Expected Function, got Array  
  at <ATextarea value="" onUpdate:value=fn rows=4  ... > 
  at <Anonymous value= {hashed: true, components: Object, theme: undefined, token: Object} > 
  at <ALocaleProvider locale=undefined ANT_MARK__="internalMark" > 
  at <LocaleReceiver children=fn<children> > 
  at <AConfigProvider theme= {token: Object} > 
  at <App> @ http://127.0.0.1:5175/@vite/client:528
[    2476ms] [WARNING] [Vue warn]: Invalid prop: type check failed for prop "onKeydown". Expected Function, got Array  
  at <ATextarea value="" onUpdate:value=fn rows=4  ... > 
  at <Anonymous value= {hashed: true, components: Object, theme: undefined, token: Object} > 
  at <ALocaleProvider locale=undefined ANT_MARK__="internalMark" > 
  at <LocaleReceiver children=fn<children> > 
  at <AConfigProvider theme= {token: Object} > 
  at <App> @ http://127.0.0.1:5175/@vite/client:528
[    2479ms] [WARNING] [Vue warn]: Invalid prop: type check failed for prop "onKeydown". Expected Function, got Array  
  at <ATextarea value="" onUpdate:value=fn rows=4  ... > 
  at <Anonymous value= {hashed: true, components: Object, theme: undefined, token: Object} > 
  at <ALocaleProvider locale=undefined ANT_MARK__="internalMark" > 
  at <LocaleReceiver children=fn<children> > 
  at <AConfigProvider theme= {token: Object} > 
  at <App> @ http://127.0.0.1:5175/@vite/client:528
[    2482ms] [WARNING] [Vue warn]: Invalid prop: type check failed for prop "onKeydown". Expected Function, got Array  
  at <ATextarea value="" onUpdate:value=fn rows=4  ... > 
  at <Anonymous value= {hashed: true, components: Object, theme: undefined, token: Object} > 
  at <ALocaleProvider locale=undefined ANT_MARK__="internalMark" > 
  at <LocaleReceiver children=fn<children> > 
  at <AConfigProvider theme= {token: Object} > 
  at <App> @ http://127.0.0.1:5175/@vite/client:528
[    2487ms] [WARNING] [Vue warn]: Invalid prop: type check failed for prop "onKeydown". Expected Function, got Array  
  at <ATextarea value="" onUpdate:value=fn rows=4  ... > 
  at <Anonymous value= {hashed: true, components: Object, theme: undefined, token: Object} > 
  at <ALocaleProvider locale=undefined ANT_MARK__="internalMark" > 
  at <LocaleReceiver children=fn<children> > 
  at <AConfigProvider theme= {token: Object} > 
  at <App> @ http://127.0.0.1:5175/@vite/client:528
[    2490ms] [WARNING] [Vue warn]: Invalid prop: type check failed for prop "onKeydown". Expected Function, got Array  
  at <ATextarea value="" onUpdate:value=fn rows=4  ... > 
  at <Anonymous value= {hashed: true, components: Object, theme: undefined, token: Object} > 
  at <ALocaleProvider locale=undefined ANT_MARK__="internalMark" > 
  at <LocaleReceiver children=fn<children> > 
  at <AConfigProvider theme= {token: Object} > 
  at <App> @ http://127.0.0.1:5175/@vite/client:528
[    2493ms] [WARNING] [Vue warn]: Invalid prop: type check failed for prop "onKeydown". Expected Function, got Array  
  at <ATextarea value="" onUpdate:value=fn rows=4  ... > 
  at <Anonymous value= {hashed: true, components: Object, theme: undefined, token: Object} > 
  at <ALocaleProvider locale=undefined ANT_MARK__="internalMark" > 
  at <LocaleReceiver children=fn<children> > 
  at <AConfigProvider theme= {token: Object} > 
  at <App> @ http://127.0.0.1:5175/@vite/client:528
[    2496ms] [WARNING] [Vue warn]: Invalid prop: type check failed for prop "onKeydown". Expected Function, got Array  
  at <ATextarea value="" onUpdate:value=fn rows=4  ... > 
  at <Anonymous value= {hashed: true, components: Object, theme: undefined, token: Object} > 
  at <ALocaleProvider locale=undefined ANT_MARK__="internalMark" > 
  at <LocaleReceiver children=fn<children> > 
  at <AConfigProvider theme= {token: Object} > 
  at <App> @ http://127.0.0.1:5175/@vite/client:528
[    2499ms] [WARNING] [Vue warn]: Invalid prop: type check failed for prop "onKeydown". Expected Function, got Array  
  at <ATextarea value="" onUpdate:value=fn rows=4  ... > 
  at <Anonymous value= {hashed: true, components: Object, theme: undefined, token: Object} > 
  at <ALocaleProvider locale=undefined ANT_MARK__="internalMark" > 
  at <LocaleReceiver children=fn<children> > 
  at <AConfigProvider theme= {token: Object} > 
  at <App> @ http://127.0.0.1:5175/@vite/client:528
[    2502ms] [WARNING] [Vue warn]: Invalid prop: type check failed for prop "onKeydown". Expected Function, got Array  
  at <ATextarea value="" onUpdate:value=fn rows=4  ... > 
  at <Anonymous value= {hashed: true, components: Object, theme: undefined, token: Object} > 
  at <ALocaleProvider locale=undefined ANT_MARK__="internalMark" > 
  at <LocaleReceiver children=fn<children> > 
  at <AConfigProvider theme= {token: Object} > 
  at <App> @ http://127.0.0.1:5175/@vite/client:528
[    2505ms] [WARNING] [Vue warn]: Invalid prop: type check failed for prop "onKeydown". Expected Function, got Array  
  at <ATextarea value="" onUpdate:value=fn rows=4  ... > 
  at <Anonymous value= {hashed: true, components: Object, theme: undefined, token: Object} > 
  at <ALocaleProvider locale=undefined ANT_MARK__="internalMark" > 
  at <LocaleReceiver children=fn<children> > 
  at <AConfigProvider theme= {token: Object} > 
  at <App> @ http://127.0.0.1:5175/@vite/client:528
[    2508ms] [WARNING] [Vue warn]: Invalid prop: type check failed for prop "onKeydown". Expected Function, got Array  
  at <ATextarea value="" onUpdate:value=fn rows=4  ... > 
  at <Anonymous value= {hashed: true, components: Object, theme: undefined, token: Object} > 
  at <ALocaleProvider locale=undefined ANT_MARK__="internalMark" > 
  at <LocaleReceiver children=fn<children> > 
  at <AConfigProvider theme= {token: Object} > 
  at <App> @ http://127.0.0.1:5175/@vite/client:528
[    2511ms] [WARNING] [Vue warn]: Invalid prop: type check failed for prop "onKeydown". Expected Function, got Array  
  at <ATextarea value="" onUpdate:value=fn rows=4  ... > 
  at <Anonymous value= {hashed: true, components: Object, theme: undefined, token: Object} > 
  at <ALocaleProvider locale=undefined ANT_MARK__="internalMark" > 
  at <LocaleReceiver children=fn<children> > 
  at <AConfigProvider theme= {token: Object} > 
  at <App> @ http://127.0.0.1:5175/@vite/client:528
[    2514ms] [WARNING] [Vue warn]: Invalid prop: type check failed for prop "onKeydown". Expected Function, got Array  
  at <ATextarea value="" onUpdate:value=fn rows=4  ... > 
  at <Anonymous value= {hashed: true, components: Object, theme: undefined, token: Object} > 
  at <ALocaleProvider locale=undefined ANT_MARK__="internalMark" > 
  at <LocaleReceiver children=fn<children> > 
  at <AConfigProvider theme= {token: Object} > 
  at <App> @ http://127.0.0.1:5175/@vite/client:528
[    2517ms] [WARNING] [Vue warn]: Invalid prop: type check failed for prop "onKeydown". Expected Function, got Array  
  at <ATextarea value="" onUpdate:value=fn rows=4  ... > 
  at <Anonymous value= {hashed: true, components: Object, theme: undefined, token: Object} > 
  at <ALocaleProvider locale=undefined ANT_MARK__="internalMark" > 
  at <LocaleReceiver children=fn<children> > 
  at <AConfigProvider theme= {token: Object} > 
  at <App> @ http://127.0.0.1:5175/@vite/client:528
[    2520ms] [WARNING] [Vue warn]: Invalid prop: type check failed for prop "onKeydown". Expected Function, got Array  
  at <ATextarea value="" onUpdate:value=fn rows=4  ... > 
  at <Anonymous value= {hashed: true, components: Object, theme: undefined, token: Object} > 
  at <ALocaleProvider locale=undefined ANT_MARK__="internalMark" > 
  at <LocaleReceiver children=fn<children> > 
  at <AConfigProvider theme= {token: Object} > 
  at <App> @ http://127.0.0.1:5175/@vite/client:528
[    2523ms] [WARNING] [Vue warn]: Invalid prop: type check failed for prop "onKeydown". Expected Function, got Array  
  at <ATextarea value="" onUpdate:value=fn rows=4  ... > 
  at <Anonymous value= {hashed: true, components: Object, theme: undefined, token: Object} > 
  at <ALocaleProvider locale=undefined ANT_MARK__="internalMark" > 
  at <LocaleReceiver children=fn<children> > 
  at <AConfigProvider theme= {token: Object} > 
  at <App> @ http://127.0.0.1:5175/@vite/client:528
[    2526ms] [WARNING] [Vue warn]: Invalid prop: type check failed for prop "onKeydown". Expected Function, got Array  
  at <ATextarea value="" onUpdate:value=fn rows=4  ... > 
  at <Anonymous value= {hashed: true, components: Object, theme: undefined, token: Object} > 
  at <ALocaleProvider locale=undefined ANT_MARK__="internalMark" > 
  at <LocaleReceiver children=fn<children> > 
  at <AConfigProvider theme= {token: Object} > 
  at <App> @ http://127.0.0.1:5175/@vite/client:528
[    2529ms] [WARNING] [Vue warn]: Invalid prop: type check failed for prop "onKeydown". Expected Function, got Array  
  at <ATextarea value="" onUpdate:value=fn rows=4  ... > 
  at <Anonymous value= {hashed: true, components: Object, theme: undefined, token: Object} > 
  at <ALocaleProvider locale=undefined ANT_MARK__="internalMark" > 
  at <LocaleReceiver children=fn<children> > 
  at <AConfigProvider theme= {token: Object} > 
  at <App> @ http://127.0.0.1:5175/@vite/client:528
[    2532ms] [WARNING] [Vue warn]: Invalid prop: type check failed for prop "onKeydown". Expected Function, got Array  
  at <ATextarea value="" onUpdate:value=fn rows=4  ... > 
  at <Anonymous value= {hashed: true, components: Object, theme: undefined, token: Object} > 
  at <ALocaleProvider locale=undefined ANT_MARK__="internalMark" > 
  at <LocaleReceiver children=fn<children> > 
  at <AConfigProvider theme= {token: Object} > 
  at <App> @ http://127.0.0.1:5175/@vite/client:528
[    2535ms] [WARNING] [Vue warn]: Invalid prop: type check failed for prop "onKeydown". Expected Function, got Array  
  at <ATextarea value="" onUpdate:value=fn rows=4  ... > 
  at <Anonymous value= {hashed: true, components: Object, theme: undefined, token: Object} > 
  at <ALocaleProvider locale=undefined ANT_MARK__="internalMark" > 
  at <LocaleReceiver children=fn<children> > 
  at <AConfigProvider theme= {token: Object} > 
  at <App> @ http://127.0.0.1:5175/@vite/client:528
[    2538ms] [WARNING] [Vue warn]: Invalid prop: type check failed for prop "onKeydown". Expected Function, got Array  
  at <ATextarea value="" onUpdate:value=fn rows=4  ... > 
  at <Anonymous value= {hashed: true, components: Object, theme: undefined, token: Object} > 
  at <ALocaleProvider locale=undefined ANT_MARK__="internalMark" > 
  at <LocaleReceiver children=fn<children> > 
  at <AConfigProvider theme= {token: Object} > 
  at <App> @ http://127.0.0.1:5175/@vite/client:528
[    2541ms] [WARNING] [Vue warn]: Invalid prop: type check failed for prop "onKeydown". Expected Function, got Array  
  at <ATextarea value="" onUpdate:value=fn rows=4  ... > 
  at <Anonymous value= {hashed: true, components: Object, theme: undefined, token: Object} > 
  at <ALocaleProvider locale=undefined ANT_MARK__="internalMark" > 
  at <LocaleReceiver children=fn<children> > 
  at <AConfigProvider theme= {token: Object} > 
  at <App> @ http://127.0.0.1:5175/@vite/client:528
[    2544ms] [WARNING] [Vue warn]: Invalid prop: type check failed for prop "onKeydown". Expected Function, got Array  
  at <ATextarea value="" onUpdate:value=fn rows=4  ... > 
  at <Anonymous value= {hashed: true, components: Object, theme: undefined, token: Object} > 
  at <ALocaleProvider locale=undefined ANT_MARK__="internalMark" > 
  at <LocaleReceiver children=fn<children> > 
  at <AConfigProvider theme= {token: Object} > 
  at <App> @ http://127.0.0.1:5175/@vite/client:528
[    2547ms] [WARNING] [Vue warn]: Invalid prop: type check failed for prop "onKeydown". Expected Function, got Array  
  at <ATextarea value="" onUpdate:value=fn rows=4  ... > 
  at <Anonymous value= {hashed: true, components: Object, theme: undefined, token: Object} > 
  at <ALocaleProvider locale=undefined ANT_MARK__="internalMark" > 
  at <LocaleReceiver children=fn<children> > 
  at <AConfigProvider theme= {token: Object} > 
  at <App> @ http://127.0.0.1:5175/@vite/client:528
[    2549ms] [WARNING] [Vue warn]: Invalid prop: type check failed for prop "onKeydown". Expected Function, got Array  
  at <ATextarea value="" onUpdate:value=fn rows=4  ... > 
  at <Anonymous value= {hashed: true, components: Object, theme: undefined, token: Object} > 
  at <ALocaleProvider locale=undefined ANT_MARK__="internalMark" > 
  at <LocaleReceiver children=fn<children> > 
  at <AConfigProvider theme= {token: Object} > 
  at <App> @ http://127.0.0.1:5175/@vite/client:528
[    2552ms] [WARNING] [Vue warn]: Invalid prop: type check failed for prop "onKeydown". Expected Function, got Array  
  at <ATextarea value="" onUpdate:value=fn rows=4  ... > 
  at <Anonymous value= {hashed: true, components: Object, theme: undefined, token: Object} > 
  at <ALocaleProvider locale=undefined ANT_MARK__="internalMark" > 
  at <LocaleReceiver children=fn<children> > 
  at <AConfigProvider theme= {token: Object} > 
  at <App> @ http://127.0.0.1:5175/@vite/client:528
[    2556ms] [WARNING] [Vue warn]: Invalid prop: type check failed for prop "onKeydown". Expected Function, got Array  
  at <ATextarea value="" onUpdate:value=fn rows=4  ... > 
  at <Anonymous value= {hashed: true, components: Object, theme: undefined, token: Object} > 
  at <ALocaleProvider locale=undefined ANT_MARK__="internalMark" > 
  at <LocaleReceiver children=fn<children> > 
  at <AConfigProvider theme= {token: Object} > 
  at <App> @ http://127.0.0.1:5175/@vite/client:528
[    2560ms] [WARNING] [Vue warn]: Invalid prop: type check failed for prop "onKeydown". Expected Function, got Array  
  at <ATextarea value="" onUpdate:value=fn rows=4  ... > 
  at <Anonymous value= {hashed: true, components: Object, theme: undefined, token: Object} > 
  at <ALocaleProvider locale=undefined ANT_MARK__="internalMark" > 
  at <LocaleReceiver children=fn<children> > 
  at <AConfigProvider theme= {token: Object} > 
  at <App> @ http://127.0.0.1:5175/@vite/client:528
[    2563ms] [WARNING] [Vue warn]: Invalid prop: type check failed for prop "onKeydown". Expected Function, got Array  
  at <ATextarea value="" onUpdate:value=fn rows=4  ... > 
  at <Anonymous value= {hashed: true, components: Object, theme: undefined, token: Object} > 
  at <ALocaleProvider locale=undefined ANT_MARK__="internalMark" > 
  at <LocaleReceiver children=fn<children> > 
  at <AConfigProvider theme= {token: Object} > 
  at <App> @ http://127.0.0.1:5175/@vite/client:528
[    2566ms] [WARNING] [Vue warn]: Invalid prop: type check failed for prop "onKeydown". Expected Function, got Array  
  at <ATextarea value="" onUpdate:value=fn rows=4  ... > 
  at <Anonymous value= {hashed: true, components: Object, theme: undefined, token: Object} > 
  at <ALocaleProvider locale=undefined ANT_MARK__="internalMark" > 
  at <LocaleReceiver children=fn<children> > 
  at <AConfigProvider theme= {token: Object} > 
  at <App> @ http://127.0.0.1:5175/@vite/client:528
[    2569ms] [WARNING] [Vue warn]: Invalid prop: type check failed for prop "onKeydown". Expected Function, got Array  
  at <ATextarea value="" onUpdate:value=fn rows=4  ... > 
  at <Anonymous value= {hashed: true, components: Object, theme: undefined, token: Object} > 
  at <ALocaleProvider locale=undefined ANT_MARK__="internalMark" > 
  at <LocaleReceiver children=fn<children> > 
  at <AConfigProvider theme= {token: Object} > 
  at <App> @ http://127.0.0.1:5175/@vite/client:528
[    2572ms] [WARNING] [Vue warn]: Invalid prop: type check failed for prop "onKeydown". Expected Function, got Array  
  at <ATextarea value="" onUpdate:value=fn rows=4  ... > 
  at <Anonymous value= {hashed: true, components: Object, theme: undefined, token: Object} > 
  at <ALocaleProvider locale=undefined ANT_MARK__="internalMark" > 
  at <LocaleReceiver children=fn<children> > 
  at <AConfigProvider theme= {token: Object} > 
  at <App> @ http://127.0.0.1:5175/@vite/client:528
[    2575ms] [WARNING] [Vue warn]: Invalid prop: type check failed for prop "onKeydown". Expected Function, got Array  
  at <ATextarea value="" onUpdate:value=fn rows=4  ... > 
  at <Anonymous value= {hashed: true, components: Object, theme: undefined, token: Object} > 
  at <ALocaleProvider locale=undefined ANT_MARK__="internalMark" > 
  at <LocaleReceiver children=fn<children> > 
  at <AConfigProvider theme= {token: Object} > 
  at <App> @ http://127.0.0.1:5175/@vite/client:528
[    2578ms] [WARNING] [Vue warn]: Invalid prop: type check failed for prop "onKeydown". Expected Function, got Array  
  at <ATextarea value="" onUpdate:value=fn rows=4  ... > 
  at <Anonymous value= {hashed: true, components: Object, theme: undefined, token: Object} > 
  at <ALocaleProvider locale=undefined ANT_MARK__="internalMark" > 
  at <LocaleReceiver children=fn<children> > 
  at <AConfigProvider theme= {token: Object} > 
  at <App> @ http://127.0.0.1:5175/@vite/client:528
[    2581ms] [WARNING] [Vue warn]: Invalid prop: type check failed for prop "onKeydown". Expected Function, got Array  
  at <ATextarea value="" onUpdate:value=fn rows=4  ... > 
  at <Anonymous value= {hashed: true, components: Object, theme: undefined, token: Object} > 
  at <ALocaleProvider locale=undefined ANT_MARK__="internalMark" > 
  at <LocaleReceiver children=fn<children> > 
  at <AConfigProvider theme= {token: Object} > 
  at <App> @ http://127.0.0.1:5175/@vite/client:528
[    2584ms] [WARNING] [Vue warn]: Invalid prop: type check failed for prop "onKeydown". Expected Function, got Array  
  at <ATextarea value="" onUpdate:value=fn rows=4  ... > 
  at <Anonymous value= {hashed: true, components: Object, theme: undefined, token: Object} > 
  at <ALocaleProvider locale=undefined ANT_MARK__="internalMark" > 
  at <LocaleReceiver children=fn<children> > 
  at <AConfigProvider theme= {token: Object} > 
  at <App> @ http://127.0.0.1:5175/@vite/client:528
[    2588ms] [WARNING] [Vue warn]: Invalid prop: type check failed for prop "onKeydown". Expected Function, got Array  
  at <ATextarea value="" onUpdate:value=fn rows=4  ... > 
  at <Anonymous value= {hashed: true, components: Object, theme: undefined, token: Object} > 
  at <ALocaleProvider locale=undefined ANT_MARK__="internalMark" > 
  at <LocaleReceiver children=fn<children> > 
  at <AConfigProvider theme= {token: Object} > 
  at <App> @ http://127.0.0.1:5175/@vite/client:528
[    2591ms] [WARNING] [Vue warn]: Invalid prop: type check failed for prop "onKeydown". Expected Function, got Array  
  at <ATextarea value="" onUpdate:value=fn rows=4  ... > 
  at <Anonymous value= {hashed: true, components: Object, theme: undefined, token: Object} > 
  at <ALocaleProvider locale=undefined ANT_MARK__="internalMark" > 
  at <LocaleReceiver children=fn<children> > 
  at <AConfigProvider theme= {token: Object} > 
  at <App> @ http://127.0.0.1:5175/@vite/client:528
[    2594ms] [WARNING] [Vue warn]: Invalid prop: type check failed for prop "onKeydown". Expected Function, got Array  
  at <ATextarea value="" onUpdate:value=fn rows=4  ... > 
  at <Anonymous value= {hashed: true, components: Object, theme: undefined, token: Object} > 
  at <ALocaleProvider locale=undefined ANT_MARK__="internalMark" > 
  at <LocaleReceiver children=fn<children> > 
  at <AConfigProvider theme= {token: Object} > 
  at <App> @ http://127.0.0.1:5175/@vite/client:528
[    2597ms] [WARNING] [Vue warn]: Invalid prop: type check failed for prop "onKeydown". Expected Function, got Array  
  at <ATextarea value="" onUpdate:value=fn rows=4  ... > 
  at <Anonymous value= {hashed: true, components: Object, theme: undefined, token: Object} > 
  at <ALocaleProvider locale=undefined ANT_MARK__="internalMark" > 
  at <LocaleReceiver children=fn<children> > 
  at <AConfigProvider theme= {token: Object} > 
  at <App> @ http://127.0.0.1:5175/@vite/client:528
[    2600ms] [WARNING] [Vue warn]: Invalid prop: type check failed for prop "onKeydown". Expected Function, got Array  
  at <ATextarea value="" onUpdate:value=fn rows=4  ... > 
  at <Anonymous value= {hashed: true, components: Object, theme: undefined, token: Object} > 
  at <ALocaleProvider locale=undefined ANT_MARK__="internalMark" > 
  at <LocaleReceiver children=fn<children> > 
  at <AConfigProvider theme= {token: Object} > 
  at <App> @ http://127.0.0.1:5175/@vite/client:528
[    2603ms] [WARNING] [Vue warn]: Invalid prop: type check failed for prop "onKeydown". Expected Function, got Array  
  at <ATextarea value="" onUpdate:value=fn rows=4  ... > 
  at <Anonymous value= {hashed: true, components: Object, theme: undefined, token: Object} > 
  at <ALocaleProvider locale=undefined ANT_MARK__="internalMark" > 
  at <LocaleReceiver children=fn<children> > 
  at <AConfigProvider theme= {token: Object} > 
  at <App> @ http://127.0.0.1:5175/@vite/client:528
[    2606ms] [WARNING] [Vue warn]: Invalid prop: type check failed for prop "onKeydown". Expected Function, got Array  
  at <ATextarea value="" onUpdate:value=fn rows=4  ... > 
  at <Anonymous value= {hashed: true, components: Object, theme: undefined, token: Object} > 
  at <ALocaleProvider locale=undefined ANT_MARK__="internalMark" > 
  at <LocaleReceiver children=fn<children> > 
  at <AConfigProvider theme= {token: Object} > 
  at <App> @ http://127.0.0.1:5175/@vite/client:528
[    2608ms] [WARNING] [Vue warn]: Invalid prop: type check failed for prop "onKeydown". Expected Function, got Array  
  at <ATextarea value="" onUpdate:value=fn rows=4  ... > 
  at <Anonymous value= {hashed: true, components: Object, theme: undefined, token: Object} > 
  at <ALocaleProvider locale=undefined ANT_MARK__="internalMark" > 
  at <LocaleReceiver children=fn<children> > 
  at <AConfigProvider theme= {token: Object} > 
  at <App> @ http://127.0.0.1:5175/@vite/client:528
[    2612ms] [WARNING] [Vue warn]: Invalid prop: type check failed for prop "onKeydown". Expected Function, got Array  
  at <ATextarea value="" onUpdate:value=fn rows=4  ... > 
  at <Anonymous value= {hashed: true, components: Object, theme: undefined, token: Object} > 
  at <ALocaleProvider locale=undefined ANT_MARK__="internalMark" > 
  at <LocaleReceiver children=fn<children> > 
  at <AConfigProvider theme= {token: Object} > 
  at <App> @ http://127.0.0.1:5175/@vite/client:528
[    2614ms] [WARNING] [Vue warn]: Invalid prop: type check failed for prop "onKeydown". Expected Function, got Array  
  at <ATextarea value="" onUpdate:value=fn rows=4  ... > 
  at <Anonymous value= {hashed: true, components: Object, theme: undefined, token: Object} > 
  at <ALocaleProvider locale=undefined ANT_MARK__="internalMark" > 
  at <LocaleReceiver children=fn<children> > 
  at <AConfigProvider theme= {token: Object} > 
  at <App> @ http://127.0.0.1:5175/@vite/client:528
[    2617ms] [WARNING] [Vue warn]: Invalid prop: type check failed for prop "onKeydown". Expected Function, got Array  
  at <ATextarea value="" onUpdate:value=fn rows=4  ... > 
  at <Anonymous value= {hashed: true, components: Object, theme: undefined, token: Object} > 
  at <ALocaleProvider locale=undefined ANT_MARK__="internalMark" > 
  at <LocaleReceiver children=fn<children> > 
  at <AConfigProvider theme= {token: Object} > 
  at <App> @ http://127.0.0.1:5175/@vite/client:528
[    2620ms] [WARNING] [Vue warn]: Invalid prop: type check failed for prop "onKeydown". Expected Function, got Array  
  at <ATextarea value="" onUpdate:value=fn rows=4  ... > 
  at <Anonymous value= {hashed: true, components: Object, theme: undefined, token: Object} > 
  at <ALocaleProvider locale=undefined ANT_MARK__="internalMark" > 
  at <LocaleReceiver children=fn<children> > 
  at <AConfigProvider theme= {token: Object} > 
  at <App> @ http://127.0.0.1:5175/@vite/client:528
[    2623ms] [WARNING] [Vue warn]: Invalid prop: type check failed for prop "onKeydown". Expected Function, got Array  
  at <ATextarea value="" onUpdate:value=fn rows=4  ... > 
  at <Anonymous value= {hashed: true, components: Object, theme: undefined, token: Object} > 
  at <ALocaleProvider locale=undefined ANT_MARK__="internalMark" > 
  at <LocaleReceiver children=fn<children> > 
  at <AConfigProvider theme= {token: Object} > 
  at <App> @ http://127.0.0.1:5175/@vite/client:528
[    2626ms] [WARNING] [Vue warn]: Invalid prop: type check failed for prop "onKeydown". Expected Function, got Array  
  at <ATextarea value="" onUpdate:value=fn rows=4  ... > 
  at <Anonymous value= {hashed: true, components: Object, theme: undefined, token: Object} > 
  at <ALocaleProvider locale=undefined ANT_MARK__="internalMark" > 
  at <LocaleReceiver children=fn<children> > 
  at <AConfigProvider theme= {token: Object} > 
  at <App> @ http://127.0.0.1:5175/@vite/client:528
[    2629ms] [WARNING] [Vue warn]: Invalid prop: type check failed for prop "onKeydown". Expected Function, got Array  
  at <ATextarea value="" onUpdate:value=fn rows=4  ... > 
  at <Anonymous value= {hashed: true, components: Object, theme: undefined, token: Object} > 
  at <ALocaleProvider locale=undefined ANT_MARK__="internalMark" > 
  at <LocaleReceiver children=fn<children> > 
  at <AConfigProvider theme= {token: Object} > 
  at <App> @ http://127.0.0.1:5175/@vite/client:528
[    2632ms] [WARNING] [Vue warn]: Invalid prop: type check failed for prop "onKeydown". Expected Function, got Array  
  at <ATextarea value="" onUpdate:value=fn rows=4  ... > 
  at <Anonymous value= {hashed: true, components: Object, theme: undefined, token: Object} > 
  at <ALocaleProvider locale=undefined ANT_MARK__="internalMark" > 
  at <LocaleReceiver children=fn<children> > 
  at <AConfigProvider theme= {token: Object} > 
  at <App> @ http://127.0.0.1:5175/@vite/client:528
[    2635ms] [WARNING] [Vue warn]: Invalid prop: type check failed for prop "onKeydown". Expected Function, got Array  
  at <ATextarea value="" onUpdate:value=fn rows=4  ... > 
  at <Anonymous value= {hashed: true, components: Object, theme: undefined, token: Object} > 
  at <ALocaleProvider locale=undefined ANT_MARK__="internalMark" > 
  at <LocaleReceiver children=fn<children> > 
  at <AConfigProvider theme= {token: Object} > 
  at <App> @ http://127.0.0.1:5175/@vite/client:528
[    2638ms] [WARNING] [Vue warn]: Invalid prop: type check failed for prop "onKeydown". Expected Function, got Array  
  at <ATextarea value="" onUpdate:value=fn rows=4  ... > 
  at <Anonymous value= {hashed: true, components: Object, theme: undefined, token: Object} > 
  at <ALocaleProvider locale=undefined ANT_MARK__="internalMark" > 
  at <LocaleReceiver children=fn<children> > 
  at <AConfigProvider theme= {token: Object} > 
  at <App> @ http://127.0.0.1:5175/@vite/client:528
[    2641ms] [WARNING] [Vue warn]: Invalid prop: type check failed for prop "onKeydown". Expected Function, got Array  
  at <ATextarea value="" onUpdate:value=fn rows=4  ... > 
  at <Anonymous value= {hashed: true, components: Object, theme: undefined, token: Object} > 
  at <ALocaleProvider locale=undefined ANT_MARK__="internalMark" > 
  at <LocaleReceiver children=fn<children> > 
  at <AConfigProvider theme= {token: Object} > 
  at <App> @ http://127.0.0.1:5175/@vite/client:528
[    2644ms] [WARNING] [Vue warn]: Invalid prop: type check failed for prop "onKeydown". Expected Function, got Array  
  at <ATextarea value="" onUpdate:value=fn rows=4  ... > 
  at <Anonymous value= {hashed: true, components: Object, theme: undefined, token: Object} > 
  at <ALocaleProvider locale=undefined ANT_MARK__="internalMark" > 
  at <LocaleReceiver children=fn<children> > 
  at <AConfigProvider theme= {token: Object} > 
  at <App> @ http://127.0.0.1:5175/@vite/client:528
[    2647ms] [WARNING] [Vue warn]: Invalid prop: type check failed for prop "onKeydown". Expected Function, got Array  
  at <ATextarea value="" onUpdate:value=fn rows=4  ... > 
  at <Anonymous value= {hashed: true, components: Object, theme: undefined, token: Object} > 
  at <ALocaleProvider locale=undefined ANT_MARK__="internalMark" > 
  at <LocaleReceiver children=fn<children> > 
  at <AConfigProvider theme= {token: Object} > 
  at <App> @ http://127.0.0.1:5175/@vite/client:528
[    2651ms] [WARNING] [Vue warn]: Invalid prop: type check failed for prop "onKeydown". Expected Function, got Array  
  at <ATextarea value="" onUpdate:value=fn rows=4  ... > 
  at <Anonymous value= {hashed: true, components: Object, theme: undefined, token: Object} > 
  at <ALocaleProvider locale=undefined ANT_MARK__="internalMark" > 
  at <LocaleReceiver children=fn<children> > 
  at <AConfigProvider theme= {token: Object} > 
  at <App> @ http://127.0.0.1:5175/@vite/client:528
[    2655ms] [WARNING] [Vue warn]: Invalid prop: type check failed for prop "onKeydown". Expected Function, got Array  
  at <ATextarea value="" onUpdate:value=fn rows=4  ... > 
  at <Anonymous value= {hashed: true, components: Object, theme: undefined, token: Object} > 
  at <ALocaleProvider locale=undefined ANT_MARK__="internalMark" > 
  at <LocaleReceiver children=fn<children> > 
  at <AConfigProvider theme= {token: Object} > 
  at <App> @ http://127.0.0.1:5175/@vite/client:528
[    2658ms] [WARNING] [Vue warn]: Invalid prop: type check failed for prop "onKeydown". Expected Function, got Array  
  at <ATextarea value="" onUpdate:value=fn rows=4  ... > 
  at <Anonymous value= {hashed: true, components: Object, theme: undefined, token: Object} > 
  at <ALocaleProvider locale=undefined ANT_MARK__="internalMark" > 
  at <LocaleReceiver children=fn<children> > 
  at <AConfigProvider theme= {token: Object} > 
  at <App> @ http://127.0.0.1:5175/@vite/client:528
[    2661ms] [WARNING] [Vue warn]: Invalid prop: type check failed for prop "onKeydown". Expected Function, got Array  
  at <ATextarea value="" onUpdate:value=fn rows=4  ... > 
  at <Anonymous value= {hashed: true, components: Object, theme: undefined, token: Object} > 
  at <ALocaleProvider locale=undefined ANT_MARK__="internalMark" > 
  at <LocaleReceiver children=fn<children> > 
  at <AConfigProvider theme= {token: Object} > 
  at <App> @ http://127.0.0.1:5175/@vite/client:528
[    2664ms] [WARNING] [Vue warn]: Invalid prop: type check failed for prop "onKeydown". Expected Function, got Array  
  at <ATextarea value="" onUpdate:value=fn rows=4  ... > 
  at <Anonymous value= {hashed: true, components: Object, theme: undefined, token: Object} > 
  at <ALocaleProvider locale=undefined ANT_MARK__="internalMark" > 
  at <LocaleReceiver children=fn<children> > 
  at <AConfigProvider theme= {token: Object} > 
  at <App> @ http://127.0.0.1:5175/@vite/client:528
[    2667ms] [WARNING] [Vue warn]: Invalid prop: type check failed for prop "onKeydown". Expected Function, got Array  
  at <ATextarea value="" onUpdate:value=fn rows=4  ... > 
  at <Anonymous value= {hashed: true, components: Object, theme: undefined, token: Object} > 
  at <ALocaleProvider locale=undefined ANT_MARK__="internalMark" > 
  at <LocaleReceiver children=fn<children> > 
  at <AConfigProvider theme= {token: Object} > 
  at <App> @ http://127.0.0.1:5175/@vite/client:528
[    2670ms] [WARNING] [Vue warn]: Invalid prop: type check failed for prop "onKeydown". Expected Function, got Array  
  at <ATextarea value="" onUpdate:value=fn rows=4  ... > 
  at <Anonymous value= {hashed: true, components: Object, theme: undefined, token: Object} > 
  at <ALocaleProvider locale=undefined ANT_MARK__="internalMark" > 
  at <LocaleReceiver children=fn<children> > 
  at <AConfigProvider theme= {token: Object} > 
  at <App> @ http://127.0.0.1:5175/@vite/client:528
[    2673ms] [WARNING] [Vue warn]: Invalid prop: type check failed for prop "onKeydown". Expected Function, got Array  
  at <ATextarea value="" onUpdate:value=fn rows=4  ... > 
  at <Anonymous value= {hashed: true, components: Object, theme: undefined, token: Object} > 
  at <ALocaleProvider locale=undefined ANT_MARK__="internalMark" > 
  at <LocaleReceiver children=fn<children> > 
  at <AConfigProvider theme= {token: Object} > 
  at <App> @ http://127.0.0.1:5175/@vite/client:528
[    2676ms] [WARNING] [Vue warn]: Invalid prop: type check failed for prop "onKeydown". Expected Function, got Array  
  at <ATextarea value="" onUpdate:value=fn rows=4  ... > 
  at <Anonymous value= {hashed: true, components: Object, theme: undefined, token: Object} > 
  at <ALocaleProvider locale=undefined ANT_MARK__="internalMark" > 
  at <LocaleReceiver children=fn<children> > 
  at <AConfigProvider theme= {token: Object} > 
  at <App> @ http://127.0.0.1:5175/@vite/client:528
[    2679ms] [WARNING] [Vue warn]: Invalid prop: type check failed for prop "onKeydown". Expected Function, got Array  
  at <ATextarea value="" onUpdate:value=fn rows=4  ... > 
  at <Anonymous value= {hashed: true, components: Object, theme: undefined, token: Object} > 
  at <ALocaleProvider locale=undefined ANT_MARK__="internalMark" > 
  at <LocaleReceiver children=fn<children> > 
  at <AConfigProvider theme= {token: Object} > 
  at <App> @ http://127.0.0.1:5175/@vite/client:528
[    2682ms] [WARNING] [Vue warn]: Invalid prop: type check failed for prop "onKeydown". Expected Function, got Array  
  at <ATextarea value="" onUpdate:value=fn rows=4  ... > 
  at <Anonymous value= {hashed: true, components: Object, theme: undefined, token: Object} > 
  at <ALocaleProvider locale=undefined ANT_MARK__="internalMark" > 
  at <LocaleReceiver children=fn<children> > 
  at <AConfigProvider theme= {token: Object} > 
  at <App> @ http://127.0.0.1:5175/@vite/client:528
[    2685ms] [WARNING] [Vue warn]: Invalid prop: type check failed for prop "onKeydown". Expected Function, got Array  
  at <ATextarea value="" onUpdate:value=fn rows=4  ... > 
  at <Anonymous value= {hashed: true, components: Object, theme: undefined, token: Object} > 
  at <ALocaleProvider locale=undefined ANT_MARK__="internalMark" > 
  at <LocaleReceiver children=fn<children> > 
  at <AConfigProvider theme= {token: Object} > 
  at <App> @ http://127.0.0.1:5175/@vite/client:528
[    2688ms] [WARNING] [Vue warn]: Invalid prop: type check failed for prop "onKeydown". Expected Function, got Array  
  at <ATextarea value="" onUpdate:value=fn rows=4  ... > 
  at <Anonymous value= {hashed: true, components: Object, theme: undefined, token: Object} > 
  at <ALocaleProvider locale=undefined ANT_MARK__="internalMark" > 
  at <LocaleReceiver children=fn<children> > 
  at <AConfigProvider theme= {token: Object} > 
  at <App> @ http://127.0.0.1:5175/@vite/client:528
[    2691ms] [WARNING] [Vue warn]: Invalid prop: type check failed for prop "onKeydown". Expected Function, got Array  
  at <ATextarea value="" onUpdate:value=fn rows=4  ... > 
  at <Anonymous value= {hashed: true, components: Object, theme: undefined, token: Object} > 
  at <ALocaleProvider locale=undefined ANT_MARK__="internalMark" > 
  at <LocaleReceiver children=fn<children> > 
  at <AConfigProvider theme= {token: Object} > 
  at <App> @ http://127.0.0.1:5175/@vite/client:528
[    2694ms] [WARNING] [Vue warn]: Invalid prop: type check failed for prop "onKeydown". Expected Function, got Array  
  at <ATextarea value="" onUpdate:value=fn rows=4  ... > 
  at <Anonymous value= {hashed: true, components: Object, theme: undefined, token: Object} > 
  at <ALocaleProvider locale=undefined ANT_MARK__="internalMark" > 
  at <LocaleReceiver children=fn<children> > 
  at <AConfigProvider theme= {token: Object} > 
  at <App> @ http://127.0.0.1:5175/@vite/client:528
[    2697ms] [WARNING] [Vue warn]: Invalid prop: type check failed for prop "onKeydown". Expected Function, got Array  
  at <ATextarea value="" onUpdate:value=fn rows=4  ... > 
  at <Anonymous value= {hashed: true, components: Object, theme: undefined, token: Object} > 
  at <ALocaleProvider locale=undefined ANT_MARK__="internalMark" > 
  at <LocaleReceiver children=fn<children> > 
  at <AConfigProvider theme= {token: Object} > 
  at <App> @ http://127.0.0.1:5175/@vite/client:528
[    2700ms] [WARNING] [Vue warn]: Invalid prop: type check failed for prop "onKeydown". Expected Function, got Array  
  at <ATextarea value="" onUpdate:value=fn rows=4  ... > 
  at <Anonymous value= {hashed: true, components: Object, theme: undefined, token: Object} > 
  at <ALocaleProvider locale=undefined ANT_MARK__="internalMark" > 
  at <LocaleReceiver children=fn<children> > 
  at <AConfigProvider theme= {token: Object} > 
  at <App> @ http://127.0.0.1:5175/@vite/client:528
[    2703ms] [WARNING] [Vue warn]: Invalid prop: type check failed for prop "onKeydown". Expected Function, got Array  
  at <ATextarea value="" onUpdate:value=fn rows=4  ... > 
  at <Anonymous value= {hashed: true, components: Object, theme: undefined, token: Object} > 
  at <ALocaleProvider locale=undefined ANT_MARK__="internalMark" > 
  at <LocaleReceiver children=fn<children> > 
  at <AConfigProvider theme= {token: Object} > 
  at <App> @ http://127.0.0.1:5175/@vite/client:528
[    2706ms] [WARNING] [Vue warn]: Invalid prop: type check failed for prop "onKeydown". Expected Function, got Array  
  at <ATextarea value="" onUpdate:value=fn rows=4  ... > 
  at <Anonymous value= {hashed: true, components: Object, theme: undefined, token: Object} > 
  at <ALocaleProvider locale=undefined ANT_MARK__="internalMark" > 
  at <LocaleReceiver children=fn<children> > 
  at <AConfigProvider theme= {token: Object} > 
  at <App> @ http://127.0.0.1:5175/@vite/client:528
[    2709ms] [WARNING] [Vue warn]: Invalid prop: type check failed for prop "onKeydown". Expected Function, got Array  
  at <ATextarea value="" onUpdate:value=fn rows=4  ... > 
  at <Anonymous value= {hashed: true, components: Object, theme: undefined, token: Object} > 
  at <ALocaleProvider locale=undefined ANT_MARK__="internalMark" > 
  at <LocaleReceiver children=fn<children> > 
  at <AConfigProvider theme= {token: Object} > 
  at <App> @ http://127.0.0.1:5175/@vite/client:528
[    2712ms] [WARNING] [Vue warn]: Invalid prop: type check failed for prop "onKeydown". Expected Function, got Array  
  at <ATextarea value="" onUpdate:value=fn rows=4  ... > 
  at <Anonymous value= {hashed: true, components: Object, theme: undefined, token: Object} > 
  at <ALocaleProvider locale=undefined ANT_MARK__="internalMark" > 
  at <LocaleReceiver children=fn<children> > 
  at <AConfigProvider theme= {token: Object} > 
  at <App> @ http://127.0.0.1:5175/@vite/client:528
[    2715ms] [WARNING] [Vue warn]: Invalid prop: type check failed for prop "onKeydown". Expected Function, got Array  
  at <ATextarea value="" onUpdate:value=fn rows=4  ... > 
  at <Anonymous value= {hashed: true, components: Object, theme: undefined, token: Object} > 
  at <ALocaleProvider locale=undefined ANT_MARK__="internalMark" > 
  at <LocaleReceiver children=fn<children> > 
  at <AConfigProvider theme= {token: Object} > 
  at <App> @ http://127.0.0.1:5175/@vite/client:528
[    2718ms] [WARNING] [Vue warn]: Invalid prop: type check failed for prop "onKeydown". Expected Function, got Array  
  at <ATextarea value="" onUpdate:value=fn rows=4  ... > 
  at <Anonymous value= {hashed: true, components: Object, theme: undefined, token: Object} > 
  at <ALocaleProvider locale=undefined ANT_MARK__="internalMark" > 
  at <LocaleReceiver children=fn<children> > 
  at <AConfigProvider theme= {token: Object} > 
  at <App> @ http://127.0.0.1:5175/@vite/client:528
[    2721ms] [WARNING] [Vue warn]: Invalid prop: type check failed for prop "onKeydown". Expected Function, got Array  
  at <ATextarea value="" onUpdate:value=fn rows=4  ... > 
  at <Anonymous value= {hashed: true, components: Object, theme: undefined, token: Object} > 
  at <ALocaleProvider locale=undefined ANT_MARK__="internalMark" > 
  at <LocaleReceiver children=fn<children> > 
  at <AConfigProvider theme= {token: Object} > 
  at <App> @ http://127.0.0.1:5175/@vite/client:528
[    2724ms] [WARNING] [Vue warn]: Invalid prop: type check failed for prop "onKeydown". Expected Function, got Array  
  at <ATextarea value="" onUpdate:value=fn rows=4  ... > 
  at <Anonymous value= {hashed: true, components: Object, theme: undefined, token: Object} > 
  at <ALocaleProvider locale=undefined ANT_MARK__="internalMark" > 
  at <LocaleReceiver children=fn<children> > 
  at <AConfigProvider theme= {token: Object} > 
  at <App> @ http://127.0.0.1:5175/@vite/client:528
[    2728ms] [WARNING] [Vue warn]: Invalid prop: type check failed for prop "onKeydown". Expected Function, got Array  
  at <ATextarea value="" onUpdate:value=fn rows=4  ... > 
  at <Anonymous value= {hashed: true, components: Object, theme: undefined, token: Object} > 
  at <ALocaleProvider locale=undefined ANT_MARK__="internalMark" > 
  at <LocaleReceiver children=fn<children> > 
  at <AConfigProvider theme= {token: Object} > 
  at <App> @ http://127.0.0.1:5175/@vite/client:528
[    2731ms] [WARNING] [Vue warn]: Invalid prop: type check failed for prop "onKeydown". Expected Function, got Array  
  at <ATextarea value="" onUpdate:value=fn rows=4  ... > 
  at <Anonymous value= {hashed: true, components: Object, theme: undefined, token: Object} > 
  at <ALocaleProvider locale=undefined ANT_MARK__="internalMark" > 
  at <LocaleReceiver children=fn<children> > 
  at <AConfigProvider theme= {token: Object} > 
  at <App> @ http://127.0.0.1:5175/@vite/client:528
[    2734ms] [WARNING] [Vue warn]: Invalid prop: type check failed for prop "onKeydown". Expected Function, got Array  
  at <ATextarea value="" onUpdate:value=fn rows=4  ... > 
  at <Anonymous value= {hashed: true, components: Object, theme: undefined, token: Object} > 
  at <ALocaleProvider locale=undefined ANT_MARK__="internalMark" > 
  at <LocaleReceiver children=fn<children> > 
  at <AConfigProvider theme= {token: Object} > 
  at <App> @ http://127.0.0.1:5175/@vite/client:528
[    2737ms] [WARNING] [Vue warn]: Invalid prop: type check failed for prop "onKeydown". Expected Function, got Array  
  at <ATextarea value="" onUpdate:value=fn rows=4  ... > 
  at <Anonymous value= {hashed: true, components: Object, theme: undefined, token: Object} > 
  at <ALocaleProvider locale=undefined ANT_MARK__="internalMark" > 
  at <LocaleReceiver children=fn<children> > 
  at <AConfigProvider theme= {token: Object} > 
  at <App> @ http://127.0.0.1:5175/@vite/client:528
[    2740ms] [WARNING] [Vue warn]: Invalid prop: type check failed for prop "onKeydown". Expected Function, got Array  
  at <ATextarea value="" onUpdate:value=fn rows=4  ... > 
  at <Anonymous value= {hashed: true, components: Object, theme: undefined, token: Object} > 
  at <ALocaleProvider locale=undefined ANT_MARK__="internalMark" > 
  at <LocaleReceiver children=fn<children> > 
  at <AConfigProvider theme= {token: Object} > 
  at <App> @ http://127.0.0.1:5175/@vite/client:528
[    2743ms] [WARNING] [Vue warn]: Invalid prop: type check failed for prop "onKeydown". Expected Function, got Array  
  at <ATextarea value="" onUpdate:value=fn rows=4  ... > 
  at <Anonymous value= {hashed: true, components: Object, theme: undefined, token: Object} > 
  at <ALocaleProvider locale=undefined ANT_MARK__="internalMark" > 
  at <LocaleReceiver children=fn<children> > 
  at <AConfigProvider theme= {token: Object} > 
  at <App> @ http://127.0.0.1:5175/@vite/client:528
[    2747ms] [WARNING] [Vue warn]: Invalid prop: type check failed for prop "onKeydown". Expected Function, got Array  
  at <ATextarea value="" onUpdate:value=fn rows=4  ... > 
  at <Anonymous value= {hashed: true, components: Object, theme: undefined, token: Object} > 
  at <ALocaleProvider locale=undefined ANT_MARK__="internalMark" > 
  at <LocaleReceiver children=fn<children> > 
  at <AConfigProvider theme= {token: Object} > 
  at <App> @ http://127.0.0.1:5175/@vite/client:528
[    2750ms] [WARNING] [Vue warn]: Invalid prop: type check failed for prop "onKeydown". Expected Function, got Array  
  at <ATextarea value="" onUpdate:value=fn rows=4  ... > 
  at <Anonymous value= {hashed: true, components: Object, theme: undefined, token: Object} > 
  at <ALocaleProvider locale=undefined ANT_MARK__="internalMark" > 
  at <LocaleReceiver children=fn<children> > 
  at <AConfigProvider theme= {token: Object} > 
  at <App> @ http://127.0.0.1:5175/@vite/client:528
[    2754ms] [WARNING] [Vue warn]: Invalid prop: type check failed for prop "onKeydown". Expected Function, got Array  
  at <ATextarea value="" onUpdate:value=fn rows=4  ... > 
  at <Anonymous value= {hashed: true, components: Object, theme: undefined, token: Object} > 
  at <ALocaleProvider locale=undefined ANT_MARK__="internalMark" > 
  at <LocaleReceiver children=fn<children> > 
  at <AConfigProvider theme= {token: Object} > 
  at <App> @ http://127.0.0.1:5175/@vite/client:528
[    2757ms] [WARNING] [Vue warn]: Invalid prop: type check failed for prop "onKeydown". Expected Function, got Array  
  at <ATextarea value="" onUpdate:value=fn rows=4  ... > 
  at <Anonymous value= {hashed: true, components: Object, theme: undefined, token: Object} > 
  at <ALocaleProvider locale=undefined ANT_MARK__="internalMark" > 
  at <LocaleReceiver children=fn<children> > 
  at <AConfigProvider theme= {token: Object} > 
  at <App> @ http://127.0.0.1:5175/@vite/client:528
[    2760ms] [WARNING] [Vue warn]: Invalid prop: type check failed for prop "onKeydown". Expected Function, got Array  
  at <ATextarea value="" onUpdate:value=fn rows=4  ... > 
  at <Anonymous value= {hashed: true, components: Object, theme: undefined, token: Object} > 
  at <ALocaleProvider locale=undefined ANT_MARK__="internalMark" > 
  at <LocaleReceiver children=fn<children> > 
  at <AConfigProvider theme= {token: Object} > 
  at <App> @ http://127.0.0.1:5175/@vite/client:528
[    2763ms] [WARNING] [Vue warn]: Invalid prop: type check failed for prop "onKeydown". Expected Function, got Array  
  at <ATextarea value="" onUpdate:value=fn rows=4  ... > 
  at <Anonymous value= {hashed: true, components: Object, theme: undefined, token: Object} > 
  at <ALocaleProvider locale=undefined ANT_MARK__="internalMark" > 
  at <LocaleReceiver children=fn<children> > 
  at <AConfigProvider theme= {token: Object} > 
  at <App> @ http://127.0.0.1:5175/@vite/client:528
[    2766ms] [WARNING] [Vue warn]: Invalid prop: type check failed for prop "onKeydown". Expected Function, got Array  
  at <ATextarea value="" onUpdate:value=fn rows=4  ... > 
  at <Anonymous value= {hashed: true, components: Object, theme: undefined, token: Object} > 
  at <ALocaleProvider locale=undefined ANT_MARK__="internalMark" > 
  at <LocaleReceiver children=fn<children> > 
  at <AConfigProvider theme= {token: Object} > 
  at <App> @ http://127.0.0.1:5175/@vite/client:528
[    2769ms] [WARNING] [Vue warn]: Invalid prop: type check failed for prop "onKeydown". Expected Function, got Array  
  at <ATextarea value="" onUpdate:value=fn rows=4  ... > 
  at <Anonymous value= {hashed: true, components: Object, theme: undefined, token: Object} > 
  at <ALocaleProvider locale=undefined ANT_MARK__="internalMark" > 
  at <LocaleReceiver children=fn<children> > 
  at <AConfigProvider theme= {token: Object} > 
  at <App> @ http://127.0.0.1:5175/@vite/client:528
[    2772ms] [WARNING] [Vue warn]: Invalid prop: type check failed for prop "onKeydown". Expected Function, got Array  
  at <ATextarea value="" onUpdate:value=fn rows=4  ... > 
  at <Anonymous value= {hashed: true, components: Object, theme: undefined, token: Object} > 
  at <ALocaleProvider locale=undefined ANT_MARK__="internalMark" > 
  at <LocaleReceiver children=fn<children> > 
  at <AConfigProvider theme= {token: Object} > 
  at <App> @ http://127.0.0.1:5175/@vite/client:528
[    2776ms] [WARNING] [Vue warn]: Invalid prop: type check failed for prop "onKeydown". Expected Function, got Array  
  at <ATextarea value="" onUpdate:value=fn rows=4  ... > 
  at <Anonymous value= {hashed: true, components: Object, theme: undefined, token: Object} > 
  at <ALocaleProvider locale=undefined ANT_MARK__="internalMark" > 
  at <LocaleReceiver children=fn<children> > 
  at <AConfigProvider theme= {token: Object} > 
  at <App> @ http://127.0.0.1:5175/@vite/client:528
[    2779ms] [WARNING] [Vue warn]: Invalid prop: type check failed for prop "onKeydown". Expected Function, got Array  
  at <ATextarea value="" onUpdate:value=fn rows=4  ... > 
  at <Anonymous value= {hashed: true, components: Object, theme: undefined, token: Object} > 
  at <ALocaleProvider locale=undefined ANT_MARK__="internalMark" > 
  at <LocaleReceiver children=fn<children> > 
  at <AConfigProvider theme= {token: Object} > 
  at <App> @ http://127.0.0.1:5175/@vite/client:528
[    2782ms] [WARNING] [Vue warn]: Invalid prop: type check failed for prop "onKeydown". Expected Function, got Array  
  at <ATextarea value="" onUpdate:value=fn rows=4  ... > 
  at <Anonymous value= {hashed: true, components: Object, theme: undefined, token: Object} > 
  at <ALocaleProvider locale=undefined ANT_MARK__="internalMark" > 
  at <LocaleReceiver children=fn<children> > 
  at <AConfigProvider theme= {token: Object} > 
  at <App> @ http://127.0.0.1:5175/@vite/client:528
[    2785ms] [WARNING] [Vue warn]: Invalid prop: type check failed for prop "onKeydown". Expected Function, got Array  
  at <ATextarea value="" onUpdate:value=fn rows=4  ... > 
  at <Anonymous value= {hashed: true, components: Object, theme: undefined, token: Object} > 
  at <ALocaleProvider locale=undefined ANT_MARK__="internalMark" > 
  at <LocaleReceiver children=fn<children> > 
  at <AConfigProvider theme= {token: Object} > 
  at <App> @ http://127.0.0.1:5175/@vite/client:528
[    2788ms] [WARNING] [Vue warn]: Invalid prop: type check failed for prop "onKeydown". Expected Function, got Array  
  at <ATextarea value="" onUpdate:value=fn rows=4  ... > 
  at <Anonymous value= {hashed: true, components: Object, theme: undefined, token: Object} > 
  at <ALocaleProvider locale=undefined ANT_MARK__="internalMark" > 
  at <LocaleReceiver children=fn<children> > 
  at <AConfigProvider theme= {token: Object} > 
  at <App> @ http://127.0.0.1:5175/@vite/client:528
[    2791ms] [WARNING] [Vue warn]: Invalid prop: type check failed for prop "onKeydown". Expected Function, got Array  
  at <ATextarea value="" onUpdate:value=fn rows=4  ... > 
  at <Anonymous value= {hashed: true, components: Object, theme: undefined, token: Object} > 
  at <ALocaleProvider locale=undefined ANT_MARK__="internalMark" > 
  at <LocaleReceiver children=fn<children> > 
  at <AConfigProvider theme= {token: Object} > 
  at <App> @ http://127.0.0.1:5175/@vite/client:528
[    2794ms] [WARNING] [Vue warn]: Invalid prop: type check failed for prop "onKeydown". Expected Function, got Array  
  at <ATextarea value="" onUpdate:value=fn rows=4  ... > 
  at <Anonymous value= {hashed: true, components: Object, theme: undefined, token: Object} > 
  at <ALocaleProvider locale=undefined ANT_MARK__="internalMark" > 
  at <LocaleReceiver children=fn<children> > 
  at <AConfigProvider theme= {token: Object} > 
  at <App> @ http://127.0.0.1:5175/@vite/client:528
[    2797ms] [WARNING] [Vue warn]: Invalid prop: type check failed for prop "onKeydown". Expected Function, got Array  
  at <ATextarea value="" onUpdate:value=fn rows=4  ... > 
  at <Anonymous value= {hashed: true, components: Object, theme: undefined, token: Object} > 
  at <ALocaleProvider locale=undefined ANT_MARK__="internalMark" > 
  at <LocaleReceiver children=fn<children> > 
  at <AConfigProvider theme= {token: Object} > 
  at <App> @ http://127.0.0.1:5175/@vite/client:528
[    2800ms] [WARNING] [Vue warn]: Invalid prop: type check failed for prop "onKeydown". Expected Function, got Array  
  at <ATextarea value="" onUpdate:value=fn rows=4  ... > 
  at <Anonymous value= {hashed: true, components: Object, theme: undefined, token: Object} > 
  at <ALocaleProvider locale=undefined ANT_MARK__="internalMark" > 
  at <LocaleReceiver children=fn<children> > 
  at <AConfigProvider theme= {token: Object} > 
  at <App> @ http://127.0.0.1:5175/@vite/client:528
[    2803ms] [WARNING] [Vue warn]: Invalid prop: type check failed for prop "onKeydown". Expected Function, got Array  
  at <ATextarea value="" onUpdate:value=fn rows=4  ... > 
  at <Anonymous value= {hashed: true, components: Object, theme: undefined, token: Object} > 
  at <ALocaleProvider locale=undefined ANT_MARK__="internalMark" > 
  at <LocaleReceiver children=fn<children> > 
  at <AConfigProvider theme= {token: Object} > 
  at <App> @ http://127.0.0.1:5175/@vite/client:528
[    2806ms] [WARNING] [Vue warn]: Invalid prop: type check failed for prop "onKeydown". Expected Function, got Array  
  at <ATextarea value="" onUpdate:value=fn rows=4  ... > 
  at <Anonymous value= {hashed: true, components: Object, theme: undefined, token: Object} > 
  at <ALocaleProvider locale=undefined ANT_MARK__="internalMark" > 
  at <LocaleReceiver children=fn<children> > 
  at <AConfigProvider theme= {token: Object} > 
  at <App> @ http://127.0.0.1:5175/@vite/client:528
[    2809ms] [WARNING] [Vue warn]: Invalid prop: type check failed for prop "onKeydown". Expected Function, got Array  
  at <ATextarea value="" onUpdate:value=fn rows=4  ... > 
  at <Anonymous value= {hashed: true, components: Object, theme: undefined, token: Object} > 
  at <ALocaleProvider locale=undefined ANT_MARK__="internalMark" > 
  at <LocaleReceiver children=fn<children> > 
  at <AConfigProvider theme= {token: Object} > 
  at <App> @ http://127.0.0.1:5175/@vite/client:528
[    2812ms] [WARNING] [Vue warn]: Invalid prop: type check failed for prop "onKeydown". Expected Function, got Array  
  at <ATextarea value="" onUpdate:value=fn rows=4  ... > 
  at <Anonymous value= {hashed: true, components: Object, theme: undefined, token: Object} > 
  at <ALocaleProvider locale=undefined ANT_MARK__="internalMark" > 
  at <LocaleReceiver children=fn<children> > 
  at <AConfigProvider theme= {token: Object} > 
  at <App> @ http://127.0.0.1:5175/@vite/client:528
[    2815ms] [WARNING] [Vue warn]: Invalid prop: type check failed for prop "onKeydown". Expected Function, got Array  
  at <ATextarea value="" onUpdate:value=fn rows=4  ... > 
  at <Anonymous value= {hashed: true, components: Object, theme: undefined, token: Object} > 
  at <ALocaleProvider locale=undefined ANT_MARK__="internalMark" > 
  at <LocaleReceiver children=fn<children> > 
  at <AConfigProvider theme= {token: Object} > 
  at <App> @ http://127.0.0.1:5175/@vite/client:528
[    2818ms] [WARNING] [Vue warn]: Invalid prop: type check failed for prop "onKeydown". Expected Function, got Array  
  at <ATextarea value="" onUpdate:value=fn rows=4  ... > 
  at <Anonymous value= {hashed: true, components: Object, theme: undefined, token: Object} > 
  at <ALocaleProvider locale=undefined ANT_MARK__="internalMark" > 
  at <LocaleReceiver children=fn<children> > 
  at <AConfigProvider theme= {token: Object} > 
  at <App> @ http://127.0.0.1:5175/@vite/client:528
[    2821ms] [WARNING] [Vue warn]: Invalid prop: type check failed for prop "onKeydown". Expected Function, got Array  
  at <ATextarea value="" onUpdate:value=fn rows=4  ... > 
  at <Anonymous value= {hashed: true, components: Object, theme: undefined, token: Object} > 
  at <ALocaleProvider locale=undefined ANT_MARK__="internalMark" > 
  at <LocaleReceiver children=fn<children> > 
  at <AConfigProvider theme= {token: Object} > 
  at <App> @ http://127.0.0.1:5175/@vite/client:528
[    2824ms] [WARNING] [Vue warn]: Invalid prop: type check failed for prop "onKeydown". Expected Function, got Array  
  at <ATextarea value="" onUpdate:value=fn rows=4  ... > 
  at <Anonymous value= {hashed: true, components: Object, theme: undefined, token: Object} > 
  at <ALocaleProvider locale=undefined ANT_MARK__="internalMark" > 
  at <LocaleReceiver children=fn<children> > 
  at <AConfigProvider theme= {token: Object} > 
  at <App> @ http://127.0.0.1:5175/@vite/client:528
[    2827ms] [WARNING] [Vue warn]: Invalid prop: type check failed for prop "onKeydown". Expected Function, got Array  
  at <ATextarea value="" onUpdate:value=fn rows=4  ... > 
  at <Anonymous value= {hashed: true, components: Object, theme: undefined, token: Object} > 
  at <ALocaleProvider locale=undefined ANT_MARK__="internalMark" > 
  at <LocaleReceiver children=fn<children> > 
  at <AConfigProvider theme= {token: Object} > 
  at <App> @ http://127.0.0.1:5175/@vite/client:528
[    2830ms] [WARNING] [Vue warn]: Invalid prop: type check failed for prop "onKeydown". Expected Function, got Array  
  at <ATextarea value="" onUpdate:value=fn rows=4  ... > 
  at <Anonymous value= {hashed: true, components: Object, theme: undefined, token: Object} > 
  at <ALocaleProvider locale=undefined ANT_MARK__="internalMark" > 
  at <LocaleReceiver children=fn<children> > 
  at <AConfigProvider theme= {token: Object} > 
  at <App> @ http://127.0.0.1:5175/@vite/client:528
[    2833ms] [WARNING] [Vue warn]: Invalid prop: type check failed for prop "onKeydown". Expected Function, got Array  
  at <ATextarea value="" onUpdate:value=fn rows=4  ... > 
  at <Anonymous value= {hashed: true, components: Object, theme: undefined, token: Object} > 
  at <ALocaleProvider locale=undefined ANT_MARK__="internalMark" > 
  at <LocaleReceiver children=fn<children> > 
  at <AConfigProvider theme= {token: Object} > 
  at <App> @ http://127.0.0.1:5175/@vite/client:528
[    2836ms] [WARNING] [Vue warn]: Invalid prop: type check failed for prop "onKeydown". Expected Function, got Array  
  at <ATextarea value="" onUpdate:value=fn rows=4  ... > 
  at <Anonymous value= {hashed: true, components: Object, theme: undefined, token: Object} > 
  at <ALocaleProvider locale=undefined ANT_MARK__="internalMark" > 
  at <LocaleReceiver children=fn<children> > 
  at <AConfigProvider theme= {token: Object} > 
  at <App> @ http://127.0.0.1:5175/@vite/client:528
[    2839ms] [WARNING] [Vue warn]: Invalid prop: type check failed for prop "onKeydown". Expected Function, got Array  
  at <ATextarea value="" onUpdate:value=fn rows=4  ... > 
  at <Anonymous value= {hashed: true, components: Object, theme: undefined, token: Object} > 
  at <ALocaleProvider locale=undefined ANT_MARK__="internalMark" > 
  at <LocaleReceiver children=fn<children> > 
  at <AConfigProvider theme= {token: Object} > 
  at <App> @ http://127.0.0.1:5175/@vite/client:528
[    2844ms] [WARNING] [Vue warn]: Invalid prop: type check failed for prop "onKeydown". Expected Function, got Array  
  at <ATextarea value="" onUpdate:value=fn rows=4  ... > 
  at <Anonymous value= {hashed: true, components: Object, theme: undefined, token: Object} > 
  at <ALocaleProvider locale=undefined ANT_MARK__="internalMark" > 
  at <LocaleReceiver children=fn<children> > 
  at <AConfigProvider theme= {token: Object} > 
  at <App> @ http://127.0.0.1:5175/@vite/client:528
[    2848ms] [WARNING] [Vue warn]: Invalid prop: type check failed for prop "onKeydown". Expected Function, got Array  
  at <ATextarea value="" onUpdate:value=fn rows=4  ... > 
  at <Anonymous value= {hashed: true, components: Object, theme: undefined, token: Object} > 
  at <ALocaleProvider locale=undefined ANT_MARK__="internalMark" > 
  at <LocaleReceiver children=fn<children> > 
  at <AConfigProvider theme= {token: Object} > 
  at <App> @ http://127.0.0.1:5175/@vite/client:528
[    2851ms] [WARNING] [Vue warn]: Invalid prop: type check failed for prop "onKeydown". Expected Function, got Array  
  at <ATextarea value="" onUpdate:value=fn rows=4  ... > 
  at <Anonymous value= {hashed: true, components: Object, theme: undefined, token: Object} > 
  at <ALocaleProvider locale=undefined ANT_MARK__="internalMark" > 
  at <LocaleReceiver children=fn<children> > 
  at <AConfigProvider theme= {token: Object} > 
  at <App> @ http://127.0.0.1:5175/@vite/client:528
[    2854ms] [WARNING] [Vue warn]: Invalid prop: type check failed for prop "onKeydown". Expected Function, got Array  
  at <ATextarea value="" onUpdate:value=fn rows=4  ... > 
  at <Anonymous value= {hashed: true, components: Object, theme: undefined, token: Object} > 
  at <ALocaleProvider locale=undefined ANT_MARK__="internalMark" > 
  at <LocaleReceiver children=fn<children> > 
  at <AConfigProvider theme= {token: Object} > 
  at <App> @ http://127.0.0.1:5175/@vite/client:528
[    2857ms] [WARNING] [Vue warn]: Invalid prop: type check failed for prop "onKeydown". Expected Function, got Array  
  at <ATextarea value="" onUpdate:value=fn rows=4  ... > 
  at <Anonymous value= {hashed: true, components: Object, theme: undefined, token: Object} > 
  at <ALocaleProvider locale=undefined ANT_MARK__="internalMark" > 
  at <LocaleReceiver children=fn<children> > 
  at <AConfigProvider theme= {token: Object} > 
  at <App> @ http://127.0.0.1:5175/@vite/client:528
[    2860ms] [WARNING] [Vue warn]: Invalid prop: type check failed for prop "onKeydown". Expected Function, got Array  
  at <ATextarea value="" onUpdate:value=fn rows=4  ... > 
  at <Anonymous value= {hashed: true, components: Object, theme: undefined, token: Object} > 
  at <ALocaleProvider locale=undefined ANT_MARK__="internalMark" > 
  at <LocaleReceiver children=fn<children> > 
  at <AConfigProvider theme= {token: Object} > 
  at <App> @ http://127.0.0.1:5175/@vite/client:528
[    2863ms] [WARNING] [Vue warn]: Invalid prop: type check failed for prop "onKeydown". Expected Function, got Array  
  at <ATextarea value="" onUpdate:value=fn rows=4  ... > 
  at <Anonymous value= {hashed: true, components: Object, theme: undefined, token: Object} > 
  at <ALocaleProvider locale=undefined ANT_MARK__="internalMark" > 
  at <LocaleReceiver children=fn<children> > 
  at <AConfigProvider theme= {token: Object} > 
  at <App> @ http://127.0.0.1:5175/@vite/client:528
[    2866ms] [WARNING] [Vue warn]: Invalid prop: type check failed for prop "onKeydown". Expected Function, got Array  
  at <ATextarea value="" onUpdate:value=fn rows=4  ... > 
  at <Anonymous value= {hashed: true, components: Object, theme: undefined, token: Object} > 
  at <ALocaleProvider locale=undefined ANT_MARK__="internalMark" > 
  at <LocaleReceiver children=fn<children> > 
  at <AConfigProvider theme= {token: Object} > 
  at <App> @ http://127.0.0.1:5175/@vite/client:528
[    2869ms] [WARNING] [Vue warn]: Invalid prop: type check failed for prop "onKeydown". Expected Function, got Array  
  at <ATextarea value="" onUpdate:value=fn rows=4  ... > 
  at <Anonymous value= {hashed: true, components: Object, theme: undefined, token: Object} > 
  at <ALocaleProvider locale=undefined ANT_MARK__="internalMark" > 
  at <LocaleReceiver children=fn<children> > 
  at <AConfigProvider theme= {token: Object} > 
  at <App> @ http://127.0.0.1:5175/@vite/client:528
[    2872ms] [WARNING] [Vue warn]: Invalid prop: type check failed for prop "onKeydown". Expected Function, got Array  
  at <ATextarea value="" onUpdate:value=fn rows=4  ... > 
  at <Anonymous value= {hashed: true, components: Object, theme: undefined, token: Object} > 
  at <ALocaleProvider locale=undefined ANT_MARK__="internalMark" > 
  at <LocaleReceiver children=fn<children> > 
  at <AConfigProvider theme= {token: Object} > 
  at <App> @ http://127.0.0.1:5175/@vite/client:528
[    2875ms] [WARNING] [Vue warn]: Invalid prop: type check failed for prop "onKeydown". Expected Function, got Array  
  at <ATextarea value="" onUpdate:value=fn rows=4  ... > 
  at <Anonymous value= {hashed: true, components: Object, theme: undefined, token: Object} > 
  at <ALocaleProvider locale=undefined ANT_MARK__="internalMark" > 
  at <LocaleReceiver children=fn<children> > 
  at <AConfigProvider theme= {token: Object} > 
  at <App> @ http://127.0.0.1:5175/@vite/client:528
[    2878ms] [WARNING] [Vue warn]: Invalid prop: type check failed for prop "onKeydown". Expected Function, got Array  
  at <ATextarea value="" onUpdate:value=fn rows=4  ... > 
  at <Anonymous value= {hashed: true, components: Object, theme: undefined, token: Object} > 
  at <ALocaleProvider locale=undefined ANT_MARK__="internalMark" > 
  at <LocaleReceiver children=fn<children> > 
  at <AConfigProvider theme= {token: Object} > 
  at <App> @ http://127.0.0.1:5175/@vite/client:528
[    2881ms] [WARNING] [Vue warn]: Invalid prop: type check failed for prop "onKeydown". Expected Function, got Array  
  at <ATextarea value="" onUpdate:value=fn rows=4  ... > 
  at <Anonymous value= {hashed: true, components: Object, theme: undefined, token: Object} > 
  at <ALocaleProvider locale=undefined ANT_MARK__="internalMark" > 
  at <LocaleReceiver children=fn<children> > 
  at <AConfigProvider theme= {token: Object} > 
  at <App> @ http://127.0.0.1:5175/@vite/client:528
[    2884ms] [WARNING] [Vue warn]: Invalid prop: type check failed for prop "onKeydown". Expected Function, got Array  
  at <ATextarea value="" onUpdate:value=fn rows=4  ... > 
  at <Anonymous value= {hashed: true, components: Object, theme: undefined, token: Object} > 
  at <ALocaleProvider locale=undefined ANT_MARK__="internalMark" > 
  at <LocaleReceiver children=fn<children> > 
  at <AConfigProvider theme= {token: Object} > 
  at <App> @ http://127.0.0.1:5175/@vite/client:528
[    2887ms] [WARNING] [Vue warn]: Invalid prop: type check failed for prop "onKeydown". Expected Function, got Array  
  at <ATextarea value="" onUpdate:value=fn rows=4  ... > 
  at <Anonymous value= {hashed: true, components: Object, theme: undefined, token: Object} > 
  at <ALocaleProvider locale=undefined ANT_MARK__="internalMark" > 
  at <LocaleReceiver children=fn<children> > 
  at <AConfigProvider theme= {token: Object} > 
  at <App> @ http://127.0.0.1:5175/@vite/client:528
[    2890ms] [WARNING] [Vue warn]: Invalid prop: type check failed for prop "onKeydown". Expected Function, got Array  
  at <ATextarea value="" onUpdate:value=fn rows=4  ... > 
  at <Anonymous value= {hashed: true, components: Object, theme: undefined, token: Object} > 
  at <ALocaleProvider locale=undefined ANT_MARK__="internalMark" > 
  at <LocaleReceiver children=fn<children> > 
  at <AConfigProvider theme= {token: Object} > 
  at <App> @ http://127.0.0.1:5175/@vite/client:528
[    2893ms] [WARNING] [Vue warn]: Invalid prop: type check failed for prop "onKeydown". Expected Function, got Array  
  at <ATextarea value="" onUpdate:value=fn rows=4  ... > 
  at <Anonymous value= {hashed: true, components: Object, theme: undefined, token: Object} > 
  at <ALocaleProvider locale=undefined ANT_MARK__="internalMark" > 
  at <LocaleReceiver children=fn<children> > 
  at <AConfigProvider theme= {token: Object} > 
  at <App> @ http://127.0.0.1:5175/@vite/client:528
[    2897ms] [WARNING] [Vue warn]: Invalid prop: type check failed for prop "onKeydown". Expected Function, got Array  
  at <ATextarea value="" onUpdate:value=fn rows=4  ... > 
  at <Anonymous value= {hashed: true, components: Object, theme: undefined, token: Object} > 
  at <ALocaleProvider locale=undefined ANT_MARK__="internalMark" > 
  at <LocaleReceiver children=fn<children> > 
  at <AConfigProvider theme= {token: Object} > 
  at <App> @ http://127.0.0.1:5175/@vite/client:528
[    2900ms] [WARNING] [Vue warn]: Invalid prop: type check failed for prop "onKeydown". Expected Function, got Array  
  at <ATextarea value="" onUpdate:value=fn rows=4  ... > 
  at <Anonymous value= {hashed: true, components: Object, theme: undefined, token: Object} > 
  at <ALocaleProvider locale=undefined ANT_MARK__="internalMark" > 
  at <LocaleReceiver children=fn<children> > 
  at <AConfigProvider theme= {token: Object} > 
  at <App> @ http://127.0.0.1:5175/@vite/client:528
[    2904ms] [WARNING] [Vue warn]: Invalid prop: type check failed for prop "onKeydown". Expected Function, got Array  
  at <ATextarea value="" onUpdate:value=fn rows=4  ... > 
  at <Anonymous value= {hashed: true, components: Object, theme: undefined, token: Object} > 
  at <ALocaleProvider locale=undefined ANT_MARK__="internalMark" > 
  at <LocaleReceiver children=fn<children> > 
  at <AConfigProvider theme= {token: Object} > 
  at <App> @ http://127.0.0.1:5175/@vite/client:528
[    2907ms] [WARNING] [Vue warn]: Invalid prop: type check failed for prop "onKeydown". Expected Function, got Array  
  at <ATextarea value="" onUpdate:value=fn rows=4  ... > 
  at <Anonymous value= {hashed: true, components: Object, theme: undefined, token: Object} > 
  at <ALocaleProvider locale=undefined ANT_MARK__="internalMark" > 
  at <LocaleReceiver children=fn<children> > 
  at <AConfigProvider theme= {token: Object} > 
  at <App> @ http://127.0.0.1:5175/@vite/client:528
[    2910ms] [WARNING] [Vue warn]: Invalid prop: type check failed for prop "onKeydown". Expected Function, got Array  
  at <ATextarea value="" onUpdate:value=fn rows=4  ... > 
  at <Anonymous value= {hashed: true, components: Object, theme: undefined, token: Object} > 
  at <ALocaleProvider locale=undefined ANT_MARK__="internalMark" > 
  at <LocaleReceiver children=fn<children> > 
  at <AConfigProvider theme= {token: Object} > 
  at <App> @ http://127.0.0.1:5175/@vite/client:528
[    2913ms] [WARNING] [Vue warn]: Invalid prop: type check failed for prop "onKeydown". Expected Function, got Array  
  at <ATextarea value="" onUpdate:value=fn rows=4  ... > 
  at <Anonymous value= {hashed: true, components: Object, theme: undefined, token: Object} > 
  at <ALocaleProvider locale=undefined ANT_MARK__="internalMark" > 
  at <LocaleReceiver children=fn<children> > 
  at <AConfigProvider theme= {token: Object} > 
  at <App> @ http://127.0.0.1:5175/@vite/client:528
[    2916ms] [WARNING] [Vue warn]: Invalid prop: type check failed for prop "onKeydown". Expected Function, got Array  
  at <ATextarea value="" onUpdate:value=fn rows=4  ... > 
  at <Anonymous value= {hashed: true, components: Object, theme: undefined, token: Object} > 
  at <ALocaleProvider locale=undefined ANT_MARK__="internalMark" > 
  at <LocaleReceiver children=fn<children> > 
  at <AConfigProvider theme= {token: Object} > 
  at <App> @ http://127.0.0.1:5175/@vite/client:528
[    2919ms] [WARNING] [Vue warn]: Invalid prop: type check failed for prop "onKeydown". Expected Function, got Array  
  at <ATextarea value="" onUpdate:value=fn rows=4  ... > 
  at <Anonymous value= {hashed: true, components: Object, theme: undefined, token: Object} > 
  at <ALocaleProvider locale=undefined ANT_MARK__="internalMark" > 
  at <LocaleReceiver children=fn<children> > 
  at <AConfigProvider theme= {token: Object} > 
  at <App> @ http://127.0.0.1:5175/@vite/client:528
[    2922ms] [WARNING] [Vue warn]: Invalid prop: type check failed for prop "onKeydown". Expected Function, got Array  
  at <ATextarea value="" onUpdate:value=fn rows=4  ... > 
  at <Anonymous value= {hashed: true, components: Object, theme: undefined, token: Object} > 
  at <ALocaleProvider locale=undefined ANT_MARK__="internalMark" > 
  at <LocaleReceiver children=fn<children> > 
  at <AConfigProvider theme= {token: Object} > 
  at <App> @ http://127.0.0.1:5175/@vite/client:528
[    2926ms] [WARNING] [Vue warn]: Invalid prop: type check failed for prop "onKeydown". Expected Function, got Array  
  at <ATextarea value="" onUpdate:value=fn rows=4  ... > 
  at <Anonymous value= {hashed: true, components: Object, theme: undefined, token: Object} > 
  at <ALocaleProvider locale=undefined ANT_MARK__="internalMark" > 
  at <LocaleReceiver children=fn<children> > 
  at <AConfigProvider theme= {token: Object} > 
  at <App> @ http://127.0.0.1:5175/@vite/client:528
[    2929ms] [WARNING] [Vue warn]: Invalid prop: type check failed for prop "onKeydown". Expected Function, got Array  
  at <ATextarea value="" onUpdate:value=fn rows=4  ... > 
  at <Anonymous value= {hashed: true, components: Object, theme: undefined, token: Object} > 
  at <ALocaleProvider locale=undefined ANT_MARK__="internalMark" > 
  at <LocaleReceiver children=fn<children> > 
  at <AConfigProvider theme= {token: Object} > 
  at <App> @ http://127.0.0.1:5175/@vite/client:528
[    2932ms] [WARNING] [Vue warn]: Invalid prop: type check failed for prop "onKeydown". Expected Function, got Array  
  at <ATextarea value="" onUpdate:value=fn rows=4  ... > 
  at <Anonymous value= {hashed: true, components: Object, theme: undefined, token: Object} > 
  at <ALocaleProvider locale=undefined ANT_MARK__="internalMark" > 
  at <LocaleReceiver children=fn<children> > 
  at <AConfigProvider theme= {token: Object} > 
  at <App> @ http://127.0.0.1:5175/@vite/client:528
[    2936ms] [WARNING] [Vue warn]: Invalid prop: type check failed for prop "onKeydown". Expected Function, got Array  
  at <ATextarea value="" onUpdate:value=fn rows=4  ... > 
  at <Anonymous value= {hashed: true, components: Object, theme: undefined, token: Object} > 
  at <ALocaleProvider locale=undefined ANT_MARK__="internalMark" > 
  at <LocaleReceiver children=fn<children> > 
  at <AConfigProvider theme= {token: Object} > 
  at <App> @ http://127.0.0.1:5175/@vite/client:528
[    2939ms] [WARNING] [Vue warn]: Invalid prop: type check failed for prop "onKeydown". Expected Function, got Array  
  at <ATextarea value="" onUpdate:value=fn rows=4  ... > 
  at <Anonymous value= {hashed: true, components: Object, theme: undefined, token: Object} > 
  at <ALocaleProvider locale=undefined ANT_MARK__="internalMark" > 
  at <LocaleReceiver children=fn<children> > 
  at <AConfigProvider theme= {token: Object} > 
  at <App> @ http://127.0.0.1:5175/@vite/client:528
[    2942ms] [WARNING] [Vue warn]: Invalid prop: type check failed for prop "onKeydown". Expected Function, got Array  
  at <ATextarea value="" onUpdate:value=fn rows=4  ... > 
  at <Anonymous value= {hashed: true, components: Object, theme: undefined, token: Object} > 
  at <ALocaleProvider locale=undefined ANT_MARK__="internalMark" > 
  at <LocaleReceiver children=fn<children> > 
  at <AConfigProvider theme= {token: Object} > 
  at <App> @ http://127.0.0.1:5175/@vite/client:528
[    2946ms] [WARNING] [Vue warn]: Invalid prop: type check failed for prop "onKeydown". Expected Function, got Array  
  at <ATextarea value="" onUpdate:value=fn rows=4  ... > 
  at <Anonymous value= {hashed: true, components: Object, theme: undefined, token: Object} > 
  at <ALocaleProvider locale=undefined ANT_MARK__="internalMark" > 
  at <LocaleReceiver children=fn<children> > 
  at <AConfigProvider theme= {token: Object} > 
  at <App> @ http://127.0.0.1:5175/@vite/client:528
[    2949ms] [WARNING] [Vue warn]: Invalid prop: type check failed for prop "onKeydown". Expected Function, got Array  
  at <ATextarea value="" onUpdate:value=fn rows=4  ... > 
  at <Anonymous value= {hashed: true, components: Object, theme: undefined, token: Object} > 
  at <ALocaleProvider locale=undefined ANT_MARK__="internalMark" > 
  at <LocaleReceiver children=fn<children> > 
  at <AConfigProvider theme= {token: Object} > 
  at <App> @ http://127.0.0.1:5175/@vite/client:528
[    2953ms] [WARNING] [Vue warn]: Invalid prop: type check failed for prop "onKeydown". Expected Function, got Array  
  at <ATextarea value="" onUpdate:value=fn rows=4  ... > 
  at <Anonymous value= {hashed: true, components: Object, theme: undefined, token: Object} > 
  at <ALocaleProvider locale=undefined ANT_MARK__="internalMark" > 
  at <LocaleReceiver children=fn<children> > 
  at <AConfigProvider theme= {token: Object} > 
  at <App> @ http://127.0.0.1:5175/@vite/client:528
[    2956ms] [WARNING] [Vue warn]: Invalid prop: type check failed for prop "onKeydown". Expected Function, got Array  
  at <ATextarea value="" onUpdate:value=fn rows=4  ... > 
  at <Anonymous value= {hashed: true, components: Object, theme: undefined, token: Object} > 
  at <ALocaleProvider locale=undefined ANT_MARK__="internalMark" > 
  at <LocaleReceiver children=fn<children> > 
  at <AConfigProvider theme= {token: Object} > 
  at <App> @ http://127.0.0.1:5175/@vite/client:528
[    2959ms] [WARNING] [Vue warn]: Invalid prop: type check failed for prop "onKeydown". Expected Function, got Array  
  at <ATextarea value="" onUpdate:value=fn rows=4  ... > 
  at <Anonymous value= {hashed: true, components: Object, theme: undefined, token: Object} > 
  at <ALocaleProvider locale=undefined ANT_MARK__="internalMark" > 
  at <LocaleReceiver children=fn<children> > 
  at <AConfigProvider theme= {token: Object} > 
  at <App> @ http://127.0.0.1:5175/@vite/client:528
[    2962ms] [WARNING] [Vue warn]: Invalid prop: type check failed for prop "onKeydown". Expected Function, got Array  
  at <ATextarea value="" onUpdate:value=fn rows=4  ... > 
  at <Anonymous value= {hashed: true, components: Object, theme: undefined, token: Object} > 
  at <ALocaleProvider locale=undefined ANT_MARK__="internalMark" > 
  at <LocaleReceiver children=fn<children> > 
  at <AConfigProvider theme= {token: Object} > 
  at <App> @ http://127.0.0.1:5175/@vite/client:528
[    2965ms] [WARNING] [Vue warn]: Invalid prop: type check failed for prop "onKeydown". Expected Function, got Array  
  at <ATextarea value="" onUpdate:value=fn rows=4  ... > 
  at <Anonymous value= {hashed: true, components: Object, theme: undefined, token: Object} > 
  at <ALocaleProvider locale=undefined ANT_MARK__="internalMark" > 
  at <LocaleReceiver children=fn<children> > 
  at <AConfigProvider theme= {token: Object} > 
  at <App> @ http://127.0.0.1:5175/@vite/client:528
[    2968ms] [WARNING] [Vue warn]: Invalid prop: type check failed for prop "onKeydown". Expected Function, got Array  
  at <ATextarea value="" onUpdate:value=fn rows=4  ... > 
  at <Anonymous value= {hashed: true, components: Object, theme: undefined, token: Object} > 
  at <ALocaleProvider locale=undefined ANT_MARK__="internalMark" > 
  at <LocaleReceiver children=fn<children> > 
  at <AConfigProvider theme= {token: Object} > 
  at <App> @ http://127.0.0.1:5175/@vite/client:528
[    2971ms] [WARNING] [Vue warn]: Invalid prop: type check failed for prop "onKeydown". Expected Function, got Array  
  at <ATextarea value="" onUpdate:value=fn rows=4  ... > 
  at <Anonymous value= {hashed: true, components: Object, theme: undefined, token: Object} > 
  at <ALocaleProvider locale=undefined ANT_MARK__="internalMark" > 
  at <LocaleReceiver children=fn<children> > 
  at <AConfigProvider theme= {token: Object} > 
  at <App> @ http://127.0.0.1:5175/@vite/client:528
[    2974ms] [WARNING] [Vue warn]: Invalid prop: type check failed for prop "onKeydown". Expected Function, got Array  
  at <ATextarea value="" onUpdate:value=fn rows=4  ... > 
  at <Anonymous value= {hashed: true, components: Object, theme: undefined, token: Object} > 
  at <ALocaleProvider locale=undefined ANT_MARK__="internalMark" > 
  at <LocaleReceiver children=fn<children> > 
  at <AConfigProvider theme= {token: Object} > 
  at <App> @ http://127.0.0.1:5175/@vite/client:528
[    2977ms] [WARNING] [Vue warn]: Invalid prop: type check failed for prop "onKeydown". Expected Function, got Array  
  at <ATextarea value="" onUpdate:value=fn rows=4  ... > 
  at <Anonymous value= {hashed: true, components: Object, theme: undefined, token: Object} > 
  at <ALocaleProvider locale=undefined ANT_MARK__="internalMark" > 
  at <LocaleReceiver children=fn<children> > 
  at <AConfigProvider theme= {token: Object} > 
  at <App> @ http://127.0.0.1:5175/@vite/client:528
[    2980ms] [WARNING] [Vue warn]: Invalid prop: type check failed for prop "onKeydown". Expected Function, got Array  
  at <ATextarea value="" onUpdate:value=fn rows=4  ... > 
  at <Anonymous value= {hashed: true, components: Object, theme: undefined, token: Object} > 
  at <ALocaleProvider locale=undefined ANT_MARK__="internalMark" > 
  at <LocaleReceiver children=fn<children> > 
  at <AConfigProvider theme= {token: Object} > 
  at <App> @ http://127.0.0.1:5175/@vite/client:528
[    2983ms] [WARNING] [Vue warn]: Invalid prop: type check failed for prop "onKeydown". Expected Function, got Array  
  at <ATextarea value="" onUpdate:value=fn rows=4  ... > 
  at <Anonymous value= {hashed: true, components: Object, theme: undefined, token: Object} > 
  at <ALocaleProvider locale=undefined ANT_MARK__="internalMark" > 
  at <LocaleReceiver children=fn<children> > 
  at <AConfigProvider theme= {token: Object} > 
  at <App> @ http://127.0.0.1:5175/@vite/client:528
[    2986ms] [WARNING] [Vue warn]: Invalid prop: type check failed for prop "onKeydown". Expected Function, got Array  
  at <ATextarea value="" onUpdate:value=fn rows=4  ... > 
  at <Anonymous value= {hashed: true, components: Object, theme: undefined, token: Object} > 
  at <ALocaleProvider locale=undefined ANT_MARK__="internalMark" > 
  at <LocaleReceiver children=fn<children> > 
  at <AConfigProvider theme= {token: Object} > 
  at <App> @ http://127.0.0.1:5175/@vite/client:528
[    2989ms] [WARNING] [Vue warn]: Invalid prop: type check failed for prop "onKeydown". Expected Function, got Array  
  at <ATextarea value="" onUpdate:value=fn rows=4  ... > 
  at <Anonymous value= {hashed: true, components: Object, theme: undefined, token: Object} > 
  at <ALocaleProvider locale=undefined ANT_MARK__="internalMark" > 
  at <LocaleReceiver children=fn<children> > 
  at <AConfigProvider theme= {token: Object} > 
  at <App> @ http://127.0.0.1:5175/@vite/client:528
[    2992ms] [WARNING] [Vue warn]: Invalid prop: type check failed for prop "onKeydown". Expected Function, got Array  
  at <ATextarea value="" onUpdate:value=fn rows=4  ... > 
  at <Anonymous value= {hashed: true, components: Object, theme: undefined, token: Object} > 
  at <ALocaleProvider locale=undefined ANT_MARK__="internalMark" > 
  at <LocaleReceiver children=fn<children> > 
  at <AConfigProvider theme= {token: Object} > 
  at <App> @ http://127.0.0.1:5175/@vite/client:528
[    2995ms] [WARNING] [Vue warn]: Invalid prop: type check failed for prop "onKeydown". Expected Function, got Array  
  at <ATextarea value="" onUpdate:value=fn rows=4  ... > 
  at <Anonymous value= {hashed: true, components: Object, theme: undefined, token: Object} > 
  at <ALocaleProvider locale=undefined ANT_MARK__="internalMark" > 
  at <LocaleReceiver children=fn<children> > 
  at <AConfigProvider theme= {token: Object} > 
  at <App> @ http://127.0.0.1:5175/@vite/client:528
[    2998ms] [WARNING] [Vue warn]: Invalid prop: type check failed for prop "onKeydown". Expected Function, got Array  
  at <ATextarea value="" onUpdate:value=fn rows=4  ... > 
  at <Anonymous value= {hashed: true, components: Object, theme: undefined, token: Object} > 
  at <ALocaleProvider locale=undefined ANT_MARK__="internalMark" > 
  at <LocaleReceiver children=fn<children> > 
  at <AConfigProvider theme= {token: Object} > 
  at <App> @ http://127.0.0.1:5175/@vite/client:528
[    3001ms] [WARNING] [Vue warn]: Invalid prop: type check failed for prop "onKeydown". Expected Function, got Array  
  at <ATextarea value="" onUpdate:value=fn rows=4  ... > 
  at <Anonymous value= {hashed: true, components: Object, theme: undefined, token: Object} > 
  at <ALocaleProvider locale=undefined ANT_MARK__="internalMark" > 
  at <LocaleReceiver children=fn<children> > 
  at <AConfigProvider theme= {token: Object} > 
  at <App> @ http://127.0.0.1:5175/@vite/client:528
[    3004ms] [WARNING] [Vue warn]: Invalid prop: type check failed for prop "onKeydown". Expected Function, got Array  
  at <ATextarea value="" onUpdate:value=fn rows=4  ... > 
  at <Anonymous value= {hashed: true, components: Object, theme: undefined, token: Object} > 
  at <ALocaleProvider locale=undefined ANT_MARK__="internalMark" > 
  at <LocaleReceiver children=fn<children> > 
  at <AConfigProvider theme= {token: Object} > 
  at <App> @ http://127.0.0.1:5175/@vite/client:528
[    3007ms] [WARNING] [Vue warn]: Invalid prop: type check failed for prop "onKeydown". Expected Function, got Array  
  at <ATextarea value="" onUpdate:value=fn rows=4  ... > 
  at <Anonymous value= {hashed: true, components: Object, theme: undefined, token: Object} > 
  at <ALocaleProvider locale=undefined ANT_MARK__="internalMark" > 
  at <LocaleReceiver children=fn<children> > 
  at <AConfigProvider theme= {token: Object} > 
  at <App> @ http://127.0.0.1:5175/@vite/client:528
[    3010ms] [WARNING] [Vue warn]: Invalid prop: type check failed for prop "onKeydown". Expected Function, got Array  
  at <ATextarea value="" onUpdate:value=fn rows=4  ... > 
  at <Anonymous value= {hashed: true, components: Object, theme: undefined, token: Object} > 
  at <ALocaleProvider locale=undefined ANT_MARK__="internalMark" > 
  at <LocaleReceiver children=fn<children> > 
  at <AConfigProvider theme= {token: Object} > 
  at <App> @ http://127.0.0.1:5175/@vite/client:528
[    3013ms] [WARNING] [Vue warn]: Invalid prop: type check failed for prop "onKeydown". Expected Function, got Array  
  at <ATextarea value="" onUpdate:value=fn rows=4  ... > 
  at <Anonymous value= {hashed: true, components: Object, theme: undefined, token: Object} > 
  at <ALocaleProvider locale=undefined ANT_MARK__="internalMark" > 
  at <LocaleReceiver children=fn<children> > 
  at <AConfigProvider theme= {token: Object} > 
  at <App> @ http://127.0.0.1:5175/@vite/client:528
[    3016ms] [WARNING] [Vue warn]: Invalid prop: type check failed for prop "onKeydown". Expected Function, got Array  
  at <ATextarea value="" onUpdate:value=fn rows=4  ... > 
  at <Anonymous value= {hashed: true, components: Object, theme: undefined, token: Object} > 
  at <ALocaleProvider locale=undefined ANT_MARK__="internalMark" > 
  at <LocaleReceiver children=fn<children> > 
  at <AConfigProvider theme= {token: Object} > 
  at <App> @ http://127.0.0.1:5175/@vite/client:528
[    3019ms] [WARNING] [Vue warn]: Invalid prop: type check failed for prop "onKeydown". Expected Function, got Array  
  at <ATextarea value="" onUpdate:value=fn rows=4  ... > 
  at <Anonymous value= {hashed: true, components: Object, theme: undefined, token: Object} > 
  at <ALocaleProvider locale=undefined ANT_MARK__="internalMark" > 
  at <LocaleReceiver children=fn<children> > 
  at <AConfigProvider theme= {token: Object} > 
  at <App> @ http://127.0.0.1:5175/@vite/client:528
[    3022ms] [WARNING] [Vue warn]: Invalid prop: type check failed for prop "onKeydown". Expected Function, got Array  
  at <ATextarea value="" onUpdate:value=fn rows=4  ... > 
  at <Anonymous value= {hashed: true, components: Object, theme: undefined, token: Object} > 
  at <ALocaleProvider locale=undefined ANT_MARK__="internalMark" > 
  at <LocaleReceiver children=fn<children> > 
  at <AConfigProvider theme= {token: Object} > 
  at <App> @ http://127.0.0.1:5175/@vite/client:528
[    3025ms] [WARNING] [Vue warn]: Invalid prop: type check failed for prop "onKeydown". Expected Function, got Array  
  at <ATextarea value="" onUpdate:value=fn rows=4  ... > 
  at <Anonymous value= {hashed: true, components: Object, theme: undefined, token: Object} > 
  at <ALocaleProvider locale=undefined ANT_MARK__="internalMark" > 
  at <LocaleReceiver children=fn<children> > 
  at <AConfigProvider theme= {token: Object} > 
  at <App> @ http://127.0.0.1:5175/@vite/client:528
[    3028ms] [WARNING] [Vue warn]: Invalid prop: type check failed for prop "onKeydown". Expected Function, got Array  
  at <ATextarea value="" onUpdate:value=fn rows=4  ... > 
  at <Anonymous value= {hashed: true, components: Object, theme: undefined, token: Object} > 
  at <ALocaleProvider locale=undefined ANT_MARK__="internalMark" > 
  at <LocaleReceiver children=fn<children> > 
  at <AConfigProvider theme= {token: Object} > 
  at <App> @ http://127.0.0.1:5175/@vite/client:528
[    3030ms] [WARNING] [Vue warn]: Invalid prop: type check failed for prop "onKeydown". Expected Function, got Array  
  at <ATextarea value="" onUpdate:value=fn rows=4  ... > 
  at <Anonymous value= {hashed: true, components: Object, theme: undefined, token: Object} > 
  at <ALocaleProvider locale=undefined ANT_MARK__="internalMark" > 
  at <LocaleReceiver children=fn<children> > 
  at <AConfigProvider theme= {token: Object} > 
  at <App> @ http://127.0.0.1:5175/@vite/client:528
[    3033ms] [WARNING] [Vue warn]: Invalid prop: type check failed for prop "onKeydown". Expected Function, got Array  
  at <ATextarea value="" onUpdate:value=fn rows=4  ... > 
  at <Anonymous value= {hashed: true, components: Object, theme: undefined, token: Object} > 
  at <ALocaleProvider locale=undefined ANT_MARK__="internalMark" > 
  at <LocaleReceiver children=fn<children> > 
  at <AConfigProvider theme= {token: Object} > 
  at <App> @ http://127.0.0.1:5175/@vite/client:528
[    3036ms] [WARNING] [Vue warn]: Invalid prop: type check failed for prop "onKeydown". Expected Function, got Array  
  at <ATextarea value="" onUpdate:value=fn rows=4  ... > 
  at <Anonymous value= {hashed: true, components: Object, theme: undefined, token: Object} > 
  at <ALocaleProvider locale=undefined ANT_MARK__="internalMark" > 
  at <LocaleReceiver children=fn<children> > 
  at <AConfigProvider theme= {token: Object} > 
  at <App> @ http://127.0.0.1:5175/@vite/client:528
[    3041ms] [WARNING] [Vue warn]: Invalid prop: type check failed for prop "onKeydown". Expected Function, got Array  
  at <ATextarea value="" onUpdate:value=fn rows=4  ... > 
  at <Anonymous value= {hashed: true, components: Object, theme: undefined, token: Object} > 
  at <ALocaleProvider locale=undefined ANT_MARK__="internalMark" > 
  at <LocaleReceiver children=fn<children> > 
  at <AConfigProvider theme= {token: Object} > 
  at <App> @ http://127.0.0.1:5175/@vite/client:528
[    3044ms] [WARNING] [Vue warn]: Invalid prop: type check failed for prop "onKeydown". Expected Function, got Array  
  at <ATextarea value="" onUpdate:value=fn rows=4  ... > 
  at <Anonymous value= {hashed: true, components: Object, theme: undefined, token: Object} > 
  at <ALocaleProvider locale=undefined ANT_MARK__="internalMark" > 
  at <LocaleReceiver children=fn<children> > 
  at <AConfigProvider theme= {token: Object} > 
  at <App> @ http://127.0.0.1:5175/@vite/client:528
[    3047ms] [WARNING] [Vue warn]: Invalid prop: type check failed for prop "onKeydown". Expected Function, got Array  
  at <ATextarea value="" onUpdate:value=fn rows=4  ... > 
  at <Anonymous value= {hashed: true, components: Object, theme: undefined, token: Object} > 
  at <ALocaleProvider locale=undefined ANT_MARK__="internalMark" > 
  at <LocaleReceiver children=fn<children> > 
  at <AConfigProvider theme= {token: Object} > 
  at <App> @ http://127.0.0.1:5175/@vite/client:528
[    3050ms] [WARNING] [Vue warn]: Invalid prop: type check failed for prop "onKeydown". Expected Function, got Array  
  at <ATextarea value="" onUpdate:value=fn rows=4  ... > 
  at <Anonymous value= {hashed: true, components: Object, theme: undefined, token: Object} > 
  at <ALocaleProvider locale=undefined ANT_MARK__="internalMark" > 
  at <LocaleReceiver children=fn<children> > 
  at <AConfigProvider theme= {token: Object} > 
  at <App> @ http://127.0.0.1:5175/@vite/client:528
[    3054ms] [WARNING] [Vue warn]: Invalid prop: type check failed for prop "onKeydown". Expected Function, got Array  
  at <ATextarea value="" onUpdate:value=fn rows=4  ... > 
  at <Anonymous value= {hashed: true, components: Object, theme: undefined, token: Object} > 
  at <ALocaleProvider locale=undefined ANT_MARK__="internalMark" > 
  at <LocaleReceiver children=fn<children> > 
  at <AConfigProvider theme= {token: Object} > 
  at <App> @ http://127.0.0.1:5175/@vite/client:528
[    3057ms] [WARNING] [Vue warn]: Invalid prop: type check failed for prop "onKeydown". Expected Function, got Array  
  at <ATextarea value="" onUpdate:value=fn rows=4  ... > 
  at <Anonymous value= {hashed: true, components: Object, theme: undefined, token: Object} > 
  at <ALocaleProvider locale=undefined ANT_MARK__="internalMark" > 
  at <LocaleReceiver children=fn<children> > 
  at <AConfigProvider theme= {token: Object} > 
  at <App> @ http://127.0.0.1:5175/@vite/client:528
[    3060ms] [WARNING] [Vue warn]: Invalid prop: type check failed for prop "onKeydown". Expected Function, got Array  
  at <ATextarea value="" onUpdate:value=fn rows=4  ... > 
  at <Anonymous value= {hashed: true, components: Object, theme: undefined, token: Object} > 
  at <ALocaleProvider locale=undefined ANT_MARK__="internalMark" > 
  at <LocaleReceiver children=fn<children> > 
  at <AConfigProvider theme= {token: Object} > 
  at <App> @ http://127.0.0.1:5175/@vite/client:528
[    3063ms] [WARNING] [Vue warn]: Invalid prop: type check failed for prop "onKeydown". Expected Function, got Array  
  at <ATextarea value="" onUpdate:value=fn rows=4  ... > 
  at <Anonymous value= {hashed: true, components: Object, theme: undefined, token: Object} > 
  at <ALocaleProvider locale=undefined ANT_MARK__="internalMark" > 
  at <LocaleReceiver children=fn<children> > 
  at <AConfigProvider theme= {token: Object} > 
  at <App> @ http://127.0.0.1:5175/@vite/client:528
[    3066ms] [WARNING] [Vue warn]: Invalid prop: type check failed for prop "onKeydown". Expected Function, got Array  
  at <ATextarea value="" onUpdate:value=fn rows=4  ... > 
  at <Anonymous value= {hashed: true, components: Object, theme: undefined, token: Object} > 
  at <ALocaleProvider locale=undefined ANT_MARK__="internalMark" > 
  at <LocaleReceiver children=fn<children> > 
  at <AConfigProvider theme= {token: Object} > 
  at <App> @ http://127.0.0.1:5175/@vite/client:528
[    3069ms] [WARNING] [Vue warn]: Invalid prop: type check failed for prop "onKeydown". Expected Function, got Array  
  at <ATextarea value="" onUpdate:value=fn rows=4  ... > 
  at <Anonymous value= {hashed: true, components: Object, theme: undefined, token: Object} > 
  at <ALocaleProvider locale=undefined ANT_MARK__="internalMark" > 
  at <LocaleReceiver children=fn<children> > 
  at <AConfigProvider theme= {token: Object} > 
  at <App> @ http://127.0.0.1:5175/@vite/client:528
[    3072ms] [WARNING] [Vue warn]: Invalid prop: type check failed for prop "onKeydown". Expected Function, got Array  
  at <ATextarea value="" onUpdate:value=fn rows=4  ... > 
  at <Anonymous value= {hashed: true, components: Object, theme: undefined, token: Object} > 
  at <ALocaleProvider locale=undefined ANT_MARK__="internalMark" > 
  at <LocaleReceiver children=fn<children> > 
  at <AConfigProvider theme= {token: Object} > 
  at <App> @ http://127.0.0.1:5175/@vite/client:528
[    3075ms] [WARNING] [Vue warn]: Invalid prop: type check failed for prop "onKeydown". Expected Function, got Array  
  at <ATextarea value="" onUpdate:value=fn rows=4  ... > 
  at <Anonymous value= {hashed: true, components: Object, theme: undefined, token: Object} > 
  at <ALocaleProvider locale=undefined ANT_MARK__="internalMark" > 
  at <LocaleReceiver children=fn<children> > 
  at <AConfigProvider theme= {token: Object} > 
  at <App> @ http://127.0.0.1:5175/@vite/client:528
[    3079ms] [WARNING] [Vue warn]: Invalid prop: type check failed for prop "onKeydown". Expected Function, got Array  
  at <ATextarea value="" onUpdate:value=fn rows=4  ... > 
  at <Anonymous value= {hashed: true, components: Object, theme: undefined, token: Object} > 
  at <ALocaleProvider locale=undefined ANT_MARK__="internalMark" > 
  at <LocaleReceiver children=fn<children> > 
  at <AConfigProvider theme= {token: Object} > 
  at <App> @ http://127.0.0.1:5175/@vite/client:528
[    3082ms] [WARNING] [Vue warn]: Invalid prop: type check failed for prop "onKeydown". Expected Function, got Array  
  at <ATextarea value="" onUpdate:value=fn rows=4  ... > 
  at <Anonymous value= {hashed: true, components: Object, theme: undefined, token: Object} > 
  at <ALocaleProvider locale=undefined ANT_MARK__="internalMark" > 
  at <LocaleReceiver children=fn<children> > 
  at <AConfigProvider theme= {token: Object} > 
  at <App> @ http://127.0.0.1:5175/@vite/client:528
[    3086ms] [WARNING] [Vue warn]: Invalid prop: type check failed for prop "onKeydown". Expected Function, got Array  
  at <ATextarea value="" onUpdate:value=fn rows=4  ... > 
  at <Anonymous value= {hashed: true, components: Object, theme: undefined, token: Object} > 
  at <ALocaleProvider locale=undefined ANT_MARK__="internalMark" > 
  at <LocaleReceiver children=fn<children> > 
  at <AConfigProvider theme= {token: Object} > 
  at <App> @ http://127.0.0.1:5175/@vite/client:528
[    3089ms] [WARNING] [Vue warn]: Invalid prop: type check failed for prop "onKeydown". Expected Function, got Array  
  at <ATextarea value="" onUpdate:value=fn rows=4  ... > 
  at <Anonymous value= {hashed: true, components: Object, theme: undefined, token: Object} > 
  at <ALocaleProvider locale=undefined ANT_MARK__="internalMark" > 
  at <LocaleReceiver children=fn<children> > 
  at <AConfigProvider theme= {token: Object} > 
  at <App> @ http://127.0.0.1:5175/@vite/client:528
[    3092ms] [WARNING] [Vue warn]: Invalid prop: type check failed for prop "onKeydown". Expected Function, got Array  
  at <ATextarea value="" onUpdate:value=fn rows=4  ... > 
  at <Anonymous value= {hashed: true, components: Object, theme: undefined, token: Object} > 
  at <ALocaleProvider locale=undefined ANT_MARK__="internalMark" > 
  at <LocaleReceiver children=fn<children> > 
  at <AConfigProvider theme= {token: Object} > 
  at <App> @ http://127.0.0.1:5175/@vite/client:528
[    3095ms] [WARNING] [Vue warn]: Invalid prop: type check failed for prop "onKeydown". Expected Function, got Array  
  at <ATextarea value="" onUpdate:value=fn rows=4  ... > 
  at <Anonymous value= {hashed: true, components: Object, theme: undefined, token: Object} > 
  at <ALocaleProvider locale=undefined ANT_MARK__="internalMark" > 
  at <LocaleReceiver children=fn<children> > 
  at <AConfigProvider theme= {token: Object} > 
  at <App> @ http://127.0.0.1:5175/@vite/client:528
[    3098ms] [WARNING] [Vue warn]: Invalid prop: type check failed for prop "onKeydown". Expected Function, got Array  
  at <ATextarea value="" onUpdate:value=fn rows=4  ... > 
  at <Anonymous value= {hashed: true, components: Object, theme: undefined, token: Object} > 
  at <ALocaleProvider locale=undefined ANT_MARK__="internalMark" > 
  at <LocaleReceiver children=fn<children> > 
  at <AConfigProvider theme= {token: Object} > 
  at <App> @ http://127.0.0.1:5175/@vite/client:528
[    3102ms] [WARNING] [Vue warn]: Invalid prop: type check failed for prop "onKeydown". Expected Function, got Array  
  at <ATextarea value="" onUpdate:value=fn rows=4  ... > 
  at <Anonymous value= {hashed: true, components: Object, theme: undefined, token: Object} > 
  at <ALocaleProvider locale=undefined ANT_MARK__="internalMark" > 
  at <LocaleReceiver children=fn<children> > 
  at <AConfigProvider theme= {token: Object} > 
  at <App> @ http://127.0.0.1:5175/@vite/client:528
[    3105ms] [WARNING] [Vue warn]: Invalid prop: type check failed for prop "onKeydown". Expected Function, got Array  
  at <ATextarea value="" onUpdate:value=fn rows=4  ... > 
  at <Anonymous value= {hashed: true, components: Object, theme: undefined, token: Object} > 
  at <ALocaleProvider locale=undefined ANT_MARK__="internalMark" > 
  at <LocaleReceiver children=fn<children> > 
  at <AConfigProvider theme= {token: Object} > 
  at <App> @ http://127.0.0.1:5175/@vite/client:528
[    3108ms] [WARNING] [Vue warn]: Invalid prop: type check failed for prop "onKeydown". Expected Function, got Array  
  at <ATextarea value="" onUpdate:value=fn rows=4  ... > 
  at <Anonymous value= {hashed: true, components: Object, theme: undefined, token: Object} > 
  at <ALocaleProvider locale=undefined ANT_MARK__="internalMark" > 
  at <LocaleReceiver children=fn<children> > 
  at <AConfigProvider theme= {token: Object} > 
  at <App> @ http://127.0.0.1:5175/@vite/client:528
[    3112ms] [WARNING] [Vue warn]: Invalid prop: type check failed for prop "onKeydown". Expected Function, got Array  
  at <ATextarea value="" onUpdate:value=fn rows=4  ... > 
  at <Anonymous value= {hashed: true, components: Object, theme: undefined, token: Object} > 
  at <ALocaleProvider locale=undefined ANT_MARK__="internalMark" > 
  at <LocaleReceiver children=fn<children> > 
  at <AConfigProvider theme= {token: Object} > 
  at <App> @ http://127.0.0.1:5175/@vite/client:528
[    3115ms] [WARNING] [Vue warn]: Invalid prop: type check failed for prop "onKeydown". Expected Function, got Array  
  at <ATextarea value="" onUpdate:value=fn rows=4  ... > 
  at <Anonymous value= {hashed: true, components: Object, theme: undefined, token: Object} > 
  at <ALocaleProvider locale=undefined ANT_MARK__="internalMark" > 
  at <LocaleReceiver children=fn<children> > 
  at <AConfigProvider theme= {token: Object} > 
  at <App> @ http://127.0.0.1:5175/@vite/client:528
[    3118ms] [WARNING] [Vue warn]: Invalid prop: type check failed for prop "onKeydown". Expected Function, got Array  
  at <ATextarea value="" onUpdate:value=fn rows=4  ... > 
  at <Anonymous value= {hashed: true, components: Object, theme: undefined, token: Object} > 
  at <ALocaleProvider locale=undefined ANT_MARK__="internalMark" > 
  at <LocaleReceiver children=fn<children> > 
  at <AConfigProvider theme= {token: Object} > 
  at <App> @ http://127.0.0.1:5175/@vite/client:528
[    3122ms] [WARNING] [Vue warn]: Invalid prop: type check failed for prop "onKeydown". Expected Function, got Array  
  at <ATextarea value="" onUpdate:value=fn rows=4  ... > 
  at <Anonymous value= {hashed: true, components: Object, theme: undefined, token: Object} > 
  at <ALocaleProvider locale=undefined ANT_MARK__="internalMark" > 
  at <LocaleReceiver children=fn<children> > 
  at <AConfigProvider theme= {token: Object} > 
  at <App> @ http://127.0.0.1:5175/@vite/client:528
[    3125ms] [WARNING] [Vue warn]: Invalid prop: type check failed for prop "onKeydown". Expected Function, got Array  
  at <ATextarea value="" onUpdate:value=fn rows=4  ... > 
  at <Anonymous value= {hashed: true, components: Object, theme: undefined, token: Object} > 
  at <ALocaleProvider locale=undefined ANT_MARK__="internalMark" > 
  at <LocaleReceiver children=fn<children> > 
  at <AConfigProvider theme= {token: Object} > 
  at <App> @ http://127.0.0.1:5175/@vite/client:528
[    3128ms] [WARNING] [Vue warn]: Invalid prop: type check failed for prop "onKeydown". Expected Function, got Array  
  at <ATextarea value="" onUpdate:value=fn rows=4  ... > 
  at <Anonymous value= {hashed: true, components: Object, theme: undefined, token: Object} > 
  at <ALocaleProvider locale=undefined ANT_MARK__="internalMark" > 
  at <LocaleReceiver children=fn<children> > 
  at <AConfigProvider theme= {token: Object} > 
  at <App> @ http://127.0.0.1:5175/@vite/client:528
[    3131ms] [WARNING] [Vue warn]: Invalid prop: type check failed for prop "onKeydown". Expected Function, got Array  
  at <ATextarea value="" onUpdate:value=fn rows=4  ... > 
  at <Anonymous value= {hashed: true, components: Object, theme: undefined, token: Object} > 
  at <ALocaleProvider locale=undefined ANT_MARK__="internalMark" > 
  at <LocaleReceiver children=fn<children> > 
  at <AConfigProvider theme= {token: Object} > 
  at <App> @ http://127.0.0.1:5175/@vite/client:528
[    3134ms] [WARNING] [Vue warn]: Invalid prop: type check failed for prop "onKeydown". Expected Function, got Array  
  at <ATextarea value="" onUpdate:value=fn rows=4  ... > 
  at <Anonymous value= {hashed: true, components: Object, theme: undefined, token: Object} > 
  at <ALocaleProvider locale=undefined ANT_MARK__="internalMark" > 
  at <LocaleReceiver children=fn<children> > 
  at <AConfigProvider theme= {token: Object} > 
  at <App> @ http://127.0.0.1:5175/@vite/client:528
[    3137ms] [WARNING] [Vue warn]: Invalid prop: type check failed for prop "onKeydown". Expected Function, got Array  
  at <ATextarea value="" onUpdate:value=fn rows=4  ... > 
  at <Anonymous value= {hashed: true, components: Object, theme: undefined, token: Object} > 
  at <ALocaleProvider locale=undefined ANT_MARK__="internalMark" > 
  at <LocaleReceiver children=fn<children> > 
  at <AConfigProvider theme= {token: Object} > 
  at <App> @ http://127.0.0.1:5175/@vite/client:528
[    3141ms] [WARNING] [Vue warn]: Invalid prop: type check failed for prop "onKeydown". Expected Function, got Array  
  at <ATextarea value="" onUpdate:value=fn rows=4  ... > 
  at <Anonymous value= {hashed: true, components: Object, theme: undefined, token: Object} > 
  at <ALocaleProvider locale=undefined ANT_MARK__="internalMark" > 
  at <LocaleReceiver children=fn<children> > 
  at <AConfigProvider theme= {token: Object} > 
  at <App> @ http://127.0.0.1:5175/@vite/client:528
[    3145ms] [WARNING] [Vue warn]: Invalid prop: type check failed for prop "onKeydown". Expected Function, got Array  
  at <ATextarea value="" onUpdate:value=fn rows=4  ... > 
  at <Anonymous value= {hashed: true, components: Object, theme: undefined, token: Object} > 
  at <ALocaleProvider locale=undefined ANT_MARK__="internalMark" > 
  at <LocaleReceiver children=fn<children> > 
  at <AConfigProvider theme= {token: Object} > 
  at <App> @ http://127.0.0.1:5175/@vite/client:528
[    3148ms] [WARNING] [Vue warn]: Invalid prop: type check failed for prop "onKeydown". Expected Function, got Array  
  at <ATextarea value="" onUpdate:value=fn rows=4  ... > 
  at <Anonymous value= {hashed: true, components: Object, theme: undefined, token: Object} > 
  at <ALocaleProvider locale=undefined ANT_MARK__="internalMark" > 
  at <LocaleReceiver children=fn<children> > 
  at <AConfigProvider theme= {token: Object} > 
  at <App> @ http://127.0.0.1:5175/@vite/client:528
[    3151ms] [WARNING] [Vue warn]: Invalid prop: type check failed for prop "onKeydown". Expected Function, got Array  
  at <ATextarea value="" onUpdate:value=fn rows=4  ... > 
  at <Anonymous value= {hashed: true, components: Object, theme: undefined, token: Object} > 
  at <ALocaleProvider locale=undefined ANT_MARK__="internalMark" > 
  at <LocaleReceiver children=fn<children> > 
  at <AConfigProvider theme= {token: Object} > 
  at <App> @ http://127.0.0.1:5175/@vite/client:528
[    3155ms] [WARNING] [Vue warn]: Invalid prop: type check failed for prop "onKeydown". Expected Function, got Array  
  at <ATextarea value="" onUpdate:value=fn rows=4  ... > 
  at <Anonymous value= {hashed: true, components: Object, theme: undefined, token: Object} > 
  at <ALocaleProvider locale=undefined ANT_MARK__="internalMark" > 
  at <LocaleReceiver children=fn<children> > 
  at <AConfigProvider theme= {token: Object} > 
  at <App> @ http://127.0.0.1:5175/@vite/client:528
[    3158ms] [WARNING] [Vue warn]: Invalid prop: type check failed for prop "onKeydown". Expected Function, got Array  
  at <ATextarea value="" onUpdate:value=fn rows=4  ... > 
  at <Anonymous value= {hashed: true, components: Object, theme: undefined, token: Object} > 
  at <ALocaleProvider locale=undefined ANT_MARK__="internalMark" > 
  at <LocaleReceiver children=fn<children> > 
  at <AConfigProvider theme= {token: Object} > 
  at <App> @ http://127.0.0.1:5175/@vite/client:528
[    3161ms] [WARNING] [Vue warn]: Invalid prop: type check failed for prop "onKeydown". Expected Function, got Array  
  at <ATextarea value="" onUpdate:value=fn rows=4  ... > 
  at <Anonymous value= {hashed: true, components: Object, theme: undefined, token: Object} > 
  at <ALocaleProvider locale=undefined ANT_MARK__="internalMark" > 
  at <LocaleReceiver children=fn<children> > 
  at <AConfigProvider theme= {token: Object} > 
  at <App> @ http://127.0.0.1:5175/@vite/client:528
[    3164ms] [WARNING] [Vue warn]: Invalid prop: type check failed for prop "onKeydown". Expected Function, got Array  
  at <ATextarea value="" onUpdate:value=fn rows=4  ... > 
  at <Anonymous value= {hashed: true, components: Object, theme: undefined, token: Object} > 
  at <ALocaleProvider locale=undefined ANT_MARK__="internalMark" > 
  at <LocaleReceiver children=fn<children> > 
  at <AConfigProvider theme= {token: Object} > 
  at <App> @ http://127.0.0.1:5175/@vite/client:528
[    3167ms] [WARNING] [Vue warn]: Invalid prop: type check failed for prop "onKeydown". Expected Function, got Array  
  at <ATextarea value="" onUpdate:value=fn rows=4  ... > 
  at <Anonymous value= {hashed: true, components: Object, theme: undefined, token: Object} > 
  at <ALocaleProvider locale=undefined ANT_MARK__="internalMark" > 
  at <LocaleReceiver children=fn<children> > 
  at <AConfigProvider theme= {token: Object} > 
  at <App> @ http://127.0.0.1:5175/@vite/client:528
[    3170ms] [WARNING] [Vue warn]: Invalid prop: type check failed for prop "onKeydown". Expected Function, got Array  
  at <ATextarea value="" onUpdate:value=fn rows=4  ... > 
  at <Anonymous value= {hashed: true, components: Object, theme: undefined, token: Object} > 
  at <ALocaleProvider locale=undefined ANT_MARK__="internalMark" > 
  at <LocaleReceiver children=fn<children> > 
  at <AConfigProvider theme= {token: Object} > 
  at <App> @ http://127.0.0.1:5175/@vite/client:528
[    3174ms] [WARNING] [Vue warn]: Invalid prop: type check failed for prop "onKeydown". Expected Function, got Array  
  at <ATextarea value="" onUpdate:value=fn rows=4  ... > 
  at <Anonymous value= {hashed: true, components: Object, theme: undefined, token: Object} > 
  at <ALocaleProvider locale=undefined ANT_MARK__="internalMark" > 
  at <LocaleReceiver children=fn<children> > 
  at <AConfigProvider theme= {token: Object} > 
  at <App> @ http://127.0.0.1:5175/@vite/client:528
[    3177ms] [WARNING] [Vue warn]: Invalid prop: type check failed for prop "onKeydown". Expected Function, got Array  
  at <ATextarea value="" onUpdate:value=fn rows=4  ... > 
  at <Anonymous value= {hashed: true, components: Object, theme: undefined, token: Object} > 
  at <ALocaleProvider locale=undefined ANT_MARK__="internalMark" > 
  at <LocaleReceiver children=fn<children> > 
  at <AConfigProvider theme= {token: Object} > 
  at <App> @ http://127.0.0.1:5175/@vite/client:528
[    3181ms] [WARNING] [Vue warn]: Invalid prop: type check failed for prop "onKeydown". Expected Function, got Array  
  at <ATextarea value="" onUpdate:value=fn rows=4  ... > 
  at <Anonymous value= {hashed: true, components: Object, theme: undefined, token: Object} > 
  at <ALocaleProvider locale=undefined ANT_MARK__="internalMark" > 
  at <LocaleReceiver children=fn<children> > 
  at <AConfigProvider theme= {token: Object} > 
  at <App> @ http://127.0.0.1:5175/@vite/client:528
[    3184ms] [WARNING] [Vue warn]: Invalid prop: type check failed for prop "onKeydown". Expected Function, got Array  
  at <ATextarea value="" onUpdate:value=fn rows=4  ... > 
  at <Anonymous value= {hashed: true, components: Object, theme: undefined, token: Object} > 
  at <ALocaleProvider locale=undefined ANT_MARK__="internalMark" > 
  at <LocaleReceiver children=fn<children> > 
  at <AConfigProvider theme= {token: Object} > 
  at <App> @ http://127.0.0.1:5175/@vite/client:528
[    3187ms] [WARNING] [Vue warn]: Invalid prop: type check failed for prop "onKeydown". Expected Function, got Array  
  at <ATextarea value="" onUpdate:value=fn rows=4  ... > 
  at <Anonymous value= {hashed: true, components: Object, theme: undefined, token: Object} > 
  at <ALocaleProvider locale=undefined ANT_MARK__="internalMark" > 
  at <LocaleReceiver children=fn<children> > 
  at <AConfigProvider theme= {token: Object} > 
  at <App> @ http://127.0.0.1:5175/@vite/client:528
[    3190ms] [WARNING] [Vue warn]: Invalid prop: type check failed for prop "onKeydown". Expected Function, got Array  
  at <ATextarea value="" onUpdate:value=fn rows=4  ... > 
  at <Anonymous value= {hashed: true, components: Object, theme: undefined, token: Object} > 
  at <ALocaleProvider locale=undefined ANT_MARK__="internalMark" > 
  at <LocaleReceiver children=fn<children> > 
  at <AConfigProvider theme= {token: Object} > 
  at <App> @ http://127.0.0.1:5175/@vite/client:528
[    3193ms] [WARNING] [Vue warn]: Invalid prop: type check failed for prop "onKeydown". Expected Function, got Array  
  at <ATextarea value="" onUpdate:value=fn rows=4  ... > 
  at <Anonymous value= {hashed: true, components: Object, theme: undefined, token: Object} > 
  at <ALocaleProvider locale=undefined ANT_MARK__="internalMark" > 
  at <LocaleReceiver children=fn<children> > 
  at <AConfigProvider theme= {token: Object} > 
  at <App> @ http://127.0.0.1:5175/@vite/client:528
[    3196ms] [WARNING] [Vue warn]: Invalid prop: type check failed for prop "onKeydown". Expected Function, got Array  
  at <ATextarea value="" onUpdate:value=fn rows=4  ... > 
  at <Anonymous value= {hashed: true, components: Object, theme: undefined, token: Object} > 
  at <ALocaleProvider locale=undefined ANT_MARK__="internalMark" > 
  at <LocaleReceiver children=fn<children> > 
  at <AConfigProvider theme= {token: Object} > 
  at <App> @ http://127.0.0.1:5175/@vite/client:528
[    3200ms] [WARNING] [Vue warn]: Invalid prop: type check failed for prop "onKeydown". Expected Function, got Array  
  at <ATextarea value="" onUpdate:value=fn rows=4  ... > 
  at <Anonymous value= {hashed: true, components: Object, theme: undefined, token: Object} > 
  at <ALocaleProvider locale=undefined ANT_MARK__="internalMark" > 
  at <LocaleReceiver children=fn<children> > 
  at <AConfigProvider theme= {token: Object} > 
  at <App> @ http://127.0.0.1:5175/@vite/client:528
[    3203ms] [WARNING] [Vue warn]: Invalid prop: type check failed for prop "onKeydown". Expected Function, got Array  
  at <ATextarea value="" onUpdate:value=fn rows=4  ... > 
  at <Anonymous value= {hashed: true, components: Object, theme: undefined, token: Object} > 
  at <ALocaleProvider locale=undefined ANT_MARK__="internalMark" > 
  at <LocaleReceiver children=fn<children> > 
  at <AConfigProvider theme= {token: Object} > 
  at <App> @ http://127.0.0.1:5175/@vite/client:528
[    3206ms] [WARNING] [Vue warn]: Invalid prop: type check failed for prop "onKeydown". Expected Function, got Array  
  at <ATextarea value="" onUpdate:value=fn rows=4  ... > 
  at <Anonymous value= {hashed: true, components: Object, theme: undefined, token: Object} > 
  at <ALocaleProvider locale=undefined ANT_MARK__="internalMark" > 
  at <LocaleReceiver children=fn<children> > 
  at <AConfigProvider theme= {token: Object} > 
  at <App> @ http://127.0.0.1:5175/@vite/client:528
[    3209ms] [WARNING] [Vue warn]: Invalid prop: type check failed for prop "onKeydown". Expected Function, got Array  
  at <ATextarea value="" onUpdate:value=fn rows=4  ... > 
  at <Anonymous value= {hashed: true, components: Object, theme: undefined, token: Object} > 
  at <ALocaleProvider locale=undefined ANT_MARK__="internalMark" > 
  at <LocaleReceiver children=fn<children> > 
  at <AConfigProvider theme= {token: Object} > 
  at <App> @ http://127.0.0.1:5175/@vite/client:528
[    3212ms] [WARNING] [Vue warn]: Invalid prop: type check failed for prop "onKeydown". Expected Function, got Array  
  at <ATextarea value="" onUpdate:value=fn rows=4  ... > 
  at <Anonymous value= {hashed: true, components: Object, theme: undefined, token: Object} > 
  at <ALocaleProvider locale=undefined ANT_MARK__="internalMark" > 
  at <LocaleReceiver children=fn<children> > 
  at <AConfigProvider theme= {token: Object} > 
  at <App> @ http://127.0.0.1:5175/@vite/client:528
[    3215ms] [WARNING] [Vue warn]: Invalid prop: type check failed for prop "onKeydown". Expected Function, got Array  
  at <ATextarea value="" onUpdate:value=fn rows=4  ... > 
  at <Anonymous value= {hashed: true, components: Object, theme: undefined, token: Object} > 
  at <ALocaleProvider locale=undefined ANT_MARK__="internalMark" > 
  at <LocaleReceiver children=fn<children> > 
  at <AConfigProvider theme= {token: Object} > 
  at <App> @ http://127.0.0.1:5175/@vite/client:528
[    3218ms] [WARNING] [Vue warn]: Invalid prop: type check failed for prop "onKeydown". Expected Function, got Array  
  at <ATextarea value="" onUpdate:value=fn rows=4  ... > 
  at <Anonymous value= {hashed: true, components: Object, theme: undefined, token: Object} > 
  at <ALocaleProvider locale=undefined ANT_MARK__="internalMark" > 
  at <LocaleReceiver children=fn<children> > 
  at <AConfigProvider theme= {token: Object} > 
  at <App> @ http://127.0.0.1:5175/@vite/client:528
[    3221ms] [WARNING] [Vue warn]: Invalid prop: type check failed for prop "onKeydown". Expected Function, got Array  
  at <ATextarea value="" onUpdate:value=fn rows=4  ... > 
  at <Anonymous value= {hashed: true, components: Object, theme: undefined, token: Object} > 
  at <ALocaleProvider locale=undefined ANT_MARK__="internalMark" > 
  at <LocaleReceiver children=fn<children> > 
  at <AConfigProvider theme= {token: Object} > 
  at <App> @ http://127.0.0.1:5175/@vite/client:528
[    3223ms] [WARNING] [Vue warn]: Invalid prop: type check failed for prop "onKeydown". Expected Function, got Array  
  at <ATextarea value="" onUpdate:value=fn rows=4  ... > 
  at <Anonymous value= {hashed: true, components: Object, theme: undefined, token: Object} > 
  at <ALocaleProvider locale=undefined ANT_MARK__="internalMark" > 
  at <LocaleReceiver children=fn<children> > 
  at <AConfigProvider theme= {token: Object} > 
  at <App> @ http://127.0.0.1:5175/@vite/client:528
[    3226ms] [WARNING] [Vue warn]: Invalid prop: type check failed for prop "onKeydown". Expected Function, got Array  
  at <ATextarea value="" onUpdate:value=fn rows=4  ... > 
  at <Anonymous value= {hashed: true, components: Object, theme: undefined, token: Object} > 
  at <ALocaleProvider locale=undefined ANT_MARK__="internalMark" > 
  at <LocaleReceiver children=fn<children> > 
  at <AConfigProvider theme= {token: Object} > 
  at <App> @ http://127.0.0.1:5175/@vite/client:528
[    3229ms] [WARNING] [Vue warn]: Invalid prop: type check failed for prop "onKeydown". Expected Function, got Array  
  at <ATextarea value="" onUpdate:value=fn rows=4  ... > 
  at <Anonymous value= {hashed: true, components: Object, theme: undefined, token: Object} > 
  at <ALocaleProvider locale=undefined ANT_MARK__="internalMark" > 
  at <LocaleReceiver children=fn<children> > 
  at <AConfigProvider theme= {token: Object} > 
  at <App> @ http://127.0.0.1:5175/@vite/client:528
[    3232ms] [WARNING] [Vue warn]: Invalid prop: type check failed for prop "onKeydown". Expected Function, got Array  
  at <ATextarea value="" onUpdate:value=fn rows=4  ... > 
  at <Anonymous value= {hashed: true, components: Object, theme: undefined, token: Object} > 
  at <ALocaleProvider locale=undefined ANT_MARK__="internalMark" > 
  at <LocaleReceiver children=fn<children> > 
  at <AConfigProvider theme= {token: Object} > 
  at <App> @ http://127.0.0.1:5175/@vite/client:528
[    3235ms] [WARNING] [Vue warn]: Invalid prop: type check failed for prop "onKeydown". Expected Function, got Array  
  at <ATextarea value="" onUpdate:value=fn rows=4  ... > 
  at <Anonymous value= {hashed: true, components: Object, theme: undefined, token: Object} > 
  at <ALocaleProvider locale=undefined ANT_MARK__="internalMark" > 
  at <LocaleReceiver children=fn<children> > 
  at <AConfigProvider theme= {token: Object} > 
  at <App> @ http://127.0.0.1:5175/@vite/client:528
[    3240ms] [WARNING] [Vue warn]: Invalid prop: type check failed for prop "onKeydown". Expected Function, got Array  
  at <ATextarea value="" onUpdate:value=fn rows=4  ... > 
  at <Anonymous value= {hashed: true, components: Object, theme: undefined, token: Object} > 
  at <ALocaleProvider locale=undefined ANT_MARK__="internalMark" > 
  at <LocaleReceiver children=fn<children> > 
  at <AConfigProvider theme= {token: Object} > 
  at <App> @ http://127.0.0.1:5175/@vite/client:528
[    3243ms] [WARNING] [Vue warn]: Invalid prop: type check failed for prop "onKeydown". Expected Function, got Array  
  at <ATextarea value="" onUpdate:value=fn rows=4  ... > 
  at <Anonymous value= {hashed: true, components: Object, theme: undefined, token: Object} > 
  at <ALocaleProvider locale=undefined ANT_MARK__="internalMark" > 
  at <LocaleReceiver children=fn<children> > 
  at <AConfigProvider theme= {token: Object} > 
  at <App> @ http://127.0.0.1:5175/@vite/client:528
[    3247ms] [WARNING] [Vue warn]: Invalid prop: type check failed for prop "onKeydown". Expected Function, got Array  
  at <ATextarea value="" onUpdate:value=fn rows=4  ... > 
  at <Anonymous value= {hashed: true, components: Object, theme: undefined, token: Object} > 
  at <ALocaleProvider locale=undefined ANT_MARK__="internalMark" > 
  at <LocaleReceiver children=fn<children> > 
  at <AConfigProvider theme= {token: Object} > 
  at <App> @ http://127.0.0.1:5175/@vite/client:528
[    3250ms] [WARNING] [Vue warn]: Invalid prop: type check failed for prop "onKeydown". Expected Function, got Array  
  at <ATextarea value="" onUpdate:value=fn rows=4  ... > 
  at <Anonymous value= {hashed: true, components: Object, theme: undefined, token: Object} > 
  at <ALocaleProvider locale=undefined ANT_MARK__="internalMark" > 
  at <LocaleReceiver children=fn<children> > 
  at <AConfigProvider theme= {token: Object} > 
  at <App> @ http://127.0.0.1:5175/@vite/client:528
[    3253ms] [WARNING] [Vue warn]: Invalid prop: type check failed for prop "onKeydown". Expected Function, got Array  
  at <ATextarea value="" onUpdate:value=fn rows=4  ... > 
  at <Anonymous value= {hashed: true, components: Object, theme: undefined, token: Object} > 
  at <ALocaleProvider locale=undefined ANT_MARK__="internalMark" > 
  at <LocaleReceiver children=fn<children> > 
  at <AConfigProvider theme= {token: Object} > 
  at <App> @ http://127.0.0.1:5175/@vite/client:528
[    3257ms] [WARNING] [Vue warn]: Invalid prop: type check failed for prop "onKeydown". Expected Function, got Array  
  at <ATextarea value="" onUpdate:value=fn rows=4  ... > 
  at <Anonymous value= {hashed: true, components: Object, theme: undefined, token: Object} > 
  at <ALocaleProvider locale=undefined ANT_MARK__="internalMark" > 
  at <LocaleReceiver children=fn<children> > 
  at <AConfigProvider theme= {token: Object} > 
  at <App> @ http://127.0.0.1:5175/@vite/client:528
[    3260ms] [WARNING] [Vue warn]: Invalid prop: type check failed for prop "onKeydown". Expected Function, got Array  
  at <ATextarea value="" onUpdate:value=fn rows=4  ... > 
  at <Anonymous value= {hashed: true, components: Object, theme: undefined, token: Object} > 
  at <ALocaleProvider locale=undefined ANT_MARK__="internalMark" > 
  at <LocaleReceiver children=fn<children> > 
  at <AConfigProvider theme= {token: Object} > 
  at <App> @ http://127.0.0.1:5175/@vite/client:528
[    3263ms] [WARNING] [Vue warn]: Invalid prop: type check failed for prop "onKeydown". Expected Function, got Array  
  at <ATextarea value="" onUpdate:value=fn rows=4  ... > 
  at <Anonymous value= {hashed: true, components: Object, theme: undefined, token: Object} > 
  at <ALocaleProvider locale=undefined ANT_MARK__="internalMark" > 
  at <LocaleReceiver children=fn<children> > 
  at <AConfigProvider theme= {token: Object} > 
  at <App> @ http://127.0.0.1:5175/@vite/client:528
[    3266ms] [WARNING] [Vue warn]: Invalid prop: type check failed for prop "onKeydown". Expected Function, got Array  
  at <ATextarea value="" onUpdate:value=fn rows=4  ... > 
  at <Anonymous value= {hashed: true, components: Object, theme: undefined, token: Object} > 
  at <ALocaleProvider locale=undefined ANT_MARK__="internalMark" > 
  at <LocaleReceiver children=fn<children> > 
  at <AConfigProvider theme= {token: Object} > 
  at <App> @ http://127.0.0.1:5175/@vite/client:528
[    3269ms] [WARNING] [Vue warn]: Invalid prop: type check failed for prop "onKeydown". Expected Function, got Array  
  at <ATextarea value="" onUpdate:value=fn rows=4  ... > 
  at <Anonymous value= {hashed: true, components: Object, theme: undefined, token: Object} > 
  at <ALocaleProvider locale=undefined ANT_MARK__="internalMark" > 
  at <LocaleReceiver children=fn<children> > 
  at <AConfigProvider theme= {token: Object} > 
  at <App> @ http://127.0.0.1:5175/@vite/client:528
[    3271ms] [WARNING] [Vue warn]: Invalid prop: type check failed for prop "onKeydown". Expected Function, got Array  
  at <ATextarea value="" onUpdate:value=fn rows=4  ... > 
  at <Anonymous value= {hashed: true, components: Object, theme: undefined, token: Object} > 
  at <ALocaleProvider locale=undefined ANT_MARK__="internalMark" > 
  at <LocaleReceiver children=fn<children> > 
  at <AConfigProvider theme= {token: Object} > 
  at <App> @ http://127.0.0.1:5175/@vite/client:528
[    3274ms] [WARNING] [Vue warn]: Invalid prop: type check failed for prop "onKeydown". Expected Function, got Array  
  at <ATextarea value="" onUpdate:value=fn rows=4  ... > 
  at <Anonymous value= {hashed: true, components: Object, theme: undefined, token: Object} > 
  at <ALocaleProvider locale=undefined ANT_MARK__="internalMark" > 
  at <LocaleReceiver children=fn<children> > 
  at <AConfigProvider theme= {token: Object} > 
  at <App> @ http://127.0.0.1:5175/@vite/client:528
[    3277ms] [WARNING] [Vue warn]: Invalid prop: type check failed for prop "onKeydown". Expected Function, got Array  
  at <ATextarea value="" onUpdate:value=fn rows=4  ... > 
  at <Anonymous value= {hashed: true, components: Object, theme: undefined, token: Object} > 
  at <ALocaleProvider locale=undefined ANT_MARK__="internalMark" > 
  at <LocaleReceiver children=fn<children> > 
  at <AConfigProvider theme= {token: Object} > 
  at <App> @ http://127.0.0.1:5175/@vite/client:528
[    3281ms] [WARNING] [Vue warn]: Invalid prop: type check failed for prop "onKeydown". Expected Function, got Array  
  at <ATextarea value="" onUpdate:value=fn rows=4  ... > 
  at <Anonymous value= {hashed: true, components: Object, theme: undefined, token: Object} > 
  at <ALocaleProvider locale=undefined ANT_MARK__="internalMark" > 
  at <LocaleReceiver children=fn<children> > 
  at <AConfigProvider theme= {token: Object} > 
  at <App> @ http://127.0.0.1:5175/@vite/client:528
[    3284ms] [WARNING] [Vue warn]: Invalid prop: type check failed for prop "onKeydown". Expected Function, got Array  
  at <ATextarea value="" onUpdate:value=fn rows=4  ... > 
  at <Anonymous value= {hashed: true, components: Object, theme: undefined, token: Object} > 
  at <ALocaleProvider locale=undefined ANT_MARK__="internalMark" > 
  at <LocaleReceiver children=fn<children> > 
  at <AConfigProvider theme= {token: Object} > 
  at <App> @ http://127.0.0.1:5175/@vite/client:528
[    3287ms] [WARNING] [Vue warn]: Invalid prop: type check failed for prop "onKeydown". Expected Function, got Array  
  at <ATextarea value="" onUpdate:value=fn rows=4  ... > 
  at <Anonymous value= {hashed: true, components: Object, theme: undefined, token: Object} > 
  at <ALocaleProvider locale=undefined ANT_MARK__="internalMark" > 
  at <LocaleReceiver children=fn<children> > 
  at <AConfigProvider theme= {token: Object} > 
  at <App> @ http://127.0.0.1:5175/@vite/client:528
[    3291ms] [WARNING] [Vue warn]: Invalid prop: type check failed for prop "onKeydown". Expected Function, got Array  
  at <ATextarea value="" onUpdate:value=fn rows=4  ... > 
  at <Anonymous value= {hashed: true, components: Object, theme: undefined, token: Object} > 
  at <ALocaleProvider locale=undefined ANT_MARK__="internalMark" > 
  at <LocaleReceiver children=fn<children> > 
  at <AConfigProvider theme= {token: Object} > 
  at <App> @ http://127.0.0.1:5175/@vite/client:528
[    3294ms] [WARNING] [Vue warn]: Invalid prop: type check failed for prop "onKeydown". Expected Function, got Array  
  at <ATextarea value="" onUpdate:value=fn rows=4  ... > 
  at <Anonymous value= {hashed: true, components: Object, theme: undefined, token: Object} > 
  at <ALocaleProvider locale=undefined ANT_MARK__="internalMark" > 
  at <LocaleReceiver children=fn<children> > 
  at <AConfigProvider theme= {token: Object} > 
  at <App> @ http://127.0.0.1:5175/@vite/client:528
[    3297ms] [WARNING] [Vue warn]: Invalid prop: type check failed for prop "onKeydown". Expected Function, got Array  
  at <ATextarea value="" onUpdate:value=fn rows=4  ... > 
  at <Anonymous value= {hashed: true, components: Object, theme: undefined, token: Object} > 
  at <ALocaleProvider locale=undefined ANT_MARK__="internalMark" > 
  at <LocaleReceiver children=fn<children> > 
  at <AConfigProvider theme= {token: Object} > 
  at <App> @ http://127.0.0.1:5175/@vite/client:528
[    3300ms] [WARNING] [Vue warn]: Invalid prop: type check failed for prop "onKeydown". Expected Function, got Array  
  at <ATextarea value="" onUpdate:value=fn rows=4  ... > 
  at <Anonymous value= {hashed: true, components: Object, theme: undefined, token: Object} > 
  at <ALocaleProvider locale=undefined ANT_MARK__="internalMark" > 
  at <LocaleReceiver children=fn<children> > 
  at <AConfigProvider theme= {token: Object} > 
  at <App> @ http://127.0.0.1:5175/@vite/client:528
[    3303ms] [WARNING] [Vue warn]: Invalid prop: type check failed for prop "onKeydown". Expected Function, got Array  
  at <ATextarea value="" onUpdate:value=fn rows=4  ... > 
  at <Anonymous value= {hashed: true, components: Object, theme: undefined, token: Object} > 
  at <ALocaleProvider locale=undefined ANT_MARK__="internalMark" > 
  at <LocaleReceiver children=fn<children> > 
  at <AConfigProvider theme= {token: Object} > 
  at <App> @ http://127.0.0.1:5175/@vite/client:528
[    3306ms] [WARNING] [Vue warn]: Invalid prop: type check failed for prop "onKeydown". Expected Function, got Array  
  at <ATextarea value="" onUpdate:value=fn rows=4  ... > 
  at <Anonymous value= {hashed: true, components: Object, theme: undefined, token: Object} > 
  at <ALocaleProvider locale=undefined ANT_MARK__="internalMark" > 
  at <LocaleReceiver children=fn<children> > 
  at <AConfigProvider theme= {token: Object} > 
  at <App> @ http://127.0.0.1:5175/@vite/client:528
[    3309ms] [WARNING] [Vue warn]: Invalid prop: type check failed for prop "onKeydown". Expected Function, got Array  
  at <ATextarea value="" onUpdate:value=fn rows=4  ... > 
  at <Anonymous value= {hashed: true, components: Object, theme: undefined, token: Object} > 
  at <ALocaleProvider locale=undefined ANT_MARK__="internalMark" > 
  at <LocaleReceiver children=fn<children> > 
  at <AConfigProvider theme= {token: Object} > 
  at <App> @ http://127.0.0.1:5175/@vite/client:528
[    3312ms] [WARNING] [Vue warn]: Invalid prop: type check failed for prop "onKeydown". Expected Function, got Array  
  at <ATextarea value="" onUpdate:value=fn rows=4  ... > 
  at <Anonymous value= {hashed: true, components: Object, theme: undefined, token: Object} > 
  at <ALocaleProvider locale=undefined ANT_MARK__="internalMark" > 
  at <LocaleReceiver children=fn<children> > 
  at <AConfigProvider theme= {token: Object} > 
  at <App> @ http://127.0.0.1:5175/@vite/client:528
[    3315ms] [WARNING] [Vue warn]: Invalid prop: type check failed for prop "onKeydown". Expected Function, got Array  
  at <ATextarea value="" onUpdate:value=fn rows=4  ... > 
  at <Anonymous value= {hashed: true, components: Object, theme: undefined, token: Object} > 
  at <ALocaleProvider locale=undefined ANT_MARK__="internalMark" > 
  at <LocaleReceiver children=fn<children> > 
  at <AConfigProvider theme= {token: Object} > 
  at <App> @ http://127.0.0.1:5175/@vite/client:528
[    3318ms] [WARNING] [Vue warn]: Invalid prop: type check failed for prop "onKeydown". Expected Function, got Array  
  at <ATextarea value="" onUpdate:value=fn rows=4  ... > 
  at <Anonymous value= {hashed: true, components: Object, theme: undefined, token: Object} > 
  at <ALocaleProvider locale=undefined ANT_MARK__="internalMark" > 
  at <LocaleReceiver children=fn<children> > 
  at <AConfigProvider theme= {token: Object} > 
  at <App> @ http://127.0.0.1:5175/@vite/client:528
[    3321ms] [WARNING] [Vue warn]: Invalid prop: type check failed for prop "onKeydown". Expected Function, got Array  
  at <ATextarea value="" onUpdate:value=fn rows=4  ... > 
  at <Anonymous value= {hashed: true, components: Object, theme: undefined, token: Object} > 
  at <ALocaleProvider locale=undefined ANT_MARK__="internalMark" > 
  at <LocaleReceiver children=fn<children> > 
  at <AConfigProvider theme= {token: Object} > 
  at <App> @ http://127.0.0.1:5175/@vite/client:528
[    3324ms] [WARNING] [Vue warn]: Invalid prop: type check failed for prop "onKeydown". Expected Function, got Array  
  at <ATextarea value="" onUpdate:value=fn rows=4  ... > 
  at <Anonymous value= {hashed: true, components: Object, theme: undefined, token: Object} > 
  at <ALocaleProvider locale=undefined ANT_MARK__="internalMark" > 
  at <LocaleReceiver children=fn<children> > 
  at <AConfigProvider theme= {token: Object} > 
  at <App> @ http://127.0.0.1:5175/@vite/client:528
[    3327ms] [WARNING] [Vue warn]: Invalid prop: type check failed for prop "onKeydown". Expected Function, got Array  
  at <ATextarea value="" onUpdate:value=fn rows=4  ... > 
  at <Anonymous value= {hashed: true, components: Object, theme: undefined, token: Object} > 
  at <ALocaleProvider locale=undefined ANT_MARK__="internalMark" > 
  at <LocaleReceiver children=fn<children> > 
  at <AConfigProvider theme= {token: Object} > 
  at <App> @ http://127.0.0.1:5175/@vite/client:528
[    3330ms] [WARNING] [Vue warn]: Invalid prop: type check failed for prop "onKeydown". Expected Function, got Array  
  at <ATextarea value="" onUpdate:value=fn rows=4  ... > 
  at <Anonymous value= {hashed: true, components: Object, theme: undefined, token: Object} > 
  at <ALocaleProvider locale=undefined ANT_MARK__="internalMark" > 
  at <LocaleReceiver children=fn<children> > 
  at <AConfigProvider theme= {token: Object} > 
  at <App> @ http://127.0.0.1:5175/@vite/client:528
[    3333ms] [WARNING] [Vue warn]: Invalid prop: type check failed for prop "onKeydown". Expected Function, got Array  
  at <ATextarea value="" onUpdate:value=fn rows=4  ... > 
  at <Anonymous value= {hashed: true, components: Object, theme: undefined, token: Object} > 
  at <ALocaleProvider locale=undefined ANT_MARK__="internalMark" > 
  at <LocaleReceiver children=fn<children> > 
  at <AConfigProvider theme= {token: Object} > 
  at <App> @ http://127.0.0.1:5175/@vite/client:528
[    3337ms] [WARNING] [Vue warn]: Invalid prop: type check failed for prop "onKeydown". Expected Function, got Array  
  at <ATextarea value="" onUpdate:value=fn rows=4  ... > 
  at <Anonymous value= {hashed: true, components: Object, theme: undefined, token: Object} > 
  at <ALocaleProvider locale=undefined ANT_MARK__="internalMark" > 
  at <LocaleReceiver children=fn<children> > 
  at <AConfigProvider theme= {token: Object} > 
  at <App> @ http://127.0.0.1:5175/@vite/client:528
[    3340ms] [WARNING] [Vue warn]: Invalid prop: type check failed for prop "onKeydown". Expected Function, got Array  
  at <ATextarea value="" onUpdate:value=fn rows=4  ... > 
  at <Anonymous value= {hashed: true, components: Object, theme: undefined, token: Object} > 
  at <ALocaleProvider locale=undefined ANT_MARK__="internalMark" > 
  at <LocaleReceiver children=fn<children> > 
  at <AConfigProvider theme= {token: Object} > 
  at <App> @ http://127.0.0.1:5175/@vite/client:528
[    3344ms] [WARNING] [Vue warn]: Invalid prop: type check failed for prop "onKeydown". Expected Function, got Array  
  at <ATextarea value="" onUpdate:value=fn rows=4  ... > 
  at <Anonymous value= {hashed: true, components: Object, theme: undefined, token: Object} > 
  at <ALocaleProvider locale=undefined ANT_MARK__="internalMark" > 
  at <LocaleReceiver children=fn<children> > 
  at <AConfigProvider theme= {token: Object} > 
  at <App> @ http://127.0.0.1:5175/@vite/client:528
[    3347ms] [WARNING] [Vue warn]: Invalid prop: type check failed for prop "onKeydown". Expected Function, got Array  
  at <ATextarea value="" onUpdate:value=fn rows=4  ... > 
  at <Anonymous value= {hashed: true, components: Object, theme: undefined, token: Object} > 
  at <ALocaleProvider locale=undefined ANT_MARK__="internalMark" > 
  at <LocaleReceiver children=fn<children> > 
  at <AConfigProvider theme= {token: Object} > 
  at <App> @ http://127.0.0.1:5175/@vite/client:528
[    3350ms] [WARNING] [Vue warn]: Invalid prop: type check failed for prop "onKeydown". Expected Function, got Array  
  at <ATextarea value="" onUpdate:value=fn rows=4  ... > 
  at <Anonymous value= {hashed: true, components: Object, theme: undefined, token: Object} > 
  at <ALocaleProvider locale=undefined ANT_MARK__="internalMark" > 
  at <LocaleReceiver children=fn<children> > 
  at <AConfigProvider theme= {token: Object} > 
  at <App> @ http://127.0.0.1:5175/@vite/client:528
[    3353ms] [WARNING] [Vue warn]: Invalid prop: type check failed for prop "onKeydown". Expected Function, got Array  
  at <ATextarea value="" onUpdate:value=fn rows=4  ... > 
  at <Anonymous value= {hashed: true, components: Object, theme: undefined, token: Object} > 
  at <ALocaleProvider locale=undefined ANT_MARK__="internalMark" > 
  at <LocaleReceiver children=fn<children> > 
  at <AConfigProvider theme= {token: Object} > 
  at <App> @ http://127.0.0.1:5175/@vite/client:528
[    3356ms] [WARNING] [Vue warn]: Invalid prop: type check failed for prop "onKeydown". Expected Function, got Array  
  at <ATextarea value="" onUpdate:value=fn rows=4  ... > 
  at <Anonymous value= {hashed: true, components: Object, theme: undefined, token: Object} > 
  at <ALocaleProvider locale=undefined ANT_MARK__="internalMark" > 
  at <LocaleReceiver children=fn<children> > 
  at <AConfigProvider theme= {token: Object} > 
  at <App> @ http://127.0.0.1:5175/@vite/client:528
[    3359ms] [WARNING] [Vue warn]: Invalid prop: type check failed for prop "onKeydown". Expected Function, got Array  
  at <ATextarea value="" onUpdate:value=fn rows=4  ... > 
  at <Anonymous value= {hashed: true, components: Object, theme: undefined, token: Object} > 
  at <ALocaleProvider locale=undefined ANT_MARK__="internalMark" > 
  at <LocaleReceiver children=fn<children> > 
  at <AConfigProvider theme= {token: Object} > 
  at <App> @ http://127.0.0.1:5175/@vite/client:528
[    3362ms] [WARNING] [Vue warn]: Invalid prop: type check failed for prop "onKeydown". Expected Function, got Array  
  at <ATextarea value="" onUpdate:value=fn rows=4  ... > 
  at <Anonymous value= {hashed: true, components: Object, theme: undefined, token: Object} > 
  at <ALocaleProvider locale=undefined ANT_MARK__="internalMark" > 
  at <LocaleReceiver children=fn<children> > 
  at <AConfigProvider theme= {token: Object} > 
  at <App> @ http://127.0.0.1:5175/@vite/client:528
[    3365ms] [WARNING] [Vue warn]: Invalid prop: type check failed for prop "onKeydown". Expected Function, got Array  
  at <ATextarea value="" onUpdate:value=fn rows=4  ... > 
  at <Anonymous value= {hashed: true, components: Object, theme: undefined, token: Object} > 
  at <ALocaleProvider locale=undefined ANT_MARK__="internalMark" > 
  at <LocaleReceiver children=fn<children> > 
  at <AConfigProvider theme= {token: Object} > 
  at <App> @ http://127.0.0.1:5175/@vite/client:528
[    3368ms] [WARNING] [Vue warn]: Invalid prop: type check failed for prop "onKeydown". Expected Function, got Array  
  at <ATextarea value="" onUpdate:value=fn rows=4  ... > 
  at <Anonymous value= {hashed: true, components: Object, theme: undefined, token: Object} > 
  at <ALocaleProvider locale=undefined ANT_MARK__="internalMark" > 
  at <LocaleReceiver children=fn<children> > 
  at <AConfigProvider theme= {token: Object} > 
  at <App> @ http://127.0.0.1:5175/@vite/client:528
[    3372ms] [WARNING] [Vue warn]: Invalid prop: type check failed for prop "onKeydown". Expected Function, got Array  
  at <ATextarea value="" onUpdate:value=fn rows=4  ... > 
  at <Anonymous value= {hashed: true, components: Object, theme: undefined, token: Object} > 
  at <ALocaleProvider locale=undefined ANT_MARK__="internalMark" > 
  at <LocaleReceiver children=fn<children> > 
  at <AConfigProvider theme= {token: Object} > 
  at <App> @ http://127.0.0.1:5175/@vite/client:528
[    3375ms] [WARNING] [Vue warn]: Invalid prop: type check failed for prop "onKeydown". Expected Function, got Array  
  at <ATextarea value="" onUpdate:value=fn rows=4  ... > 
  at <Anonymous value= {hashed: true, components: Object, theme: undefined, token: Object} > 
  at <ALocaleProvider locale=undefined ANT_MARK__="internalMark" > 
  at <LocaleReceiver children=fn<children> > 
  at <AConfigProvider theme= {token: Object} > 
  at <App> @ http://127.0.0.1:5175/@vite/client:528
[    3378ms] [WARNING] [Vue warn]: Invalid prop: type check failed for prop "onKeydown". Expected Function, got Array  
  at <ATextarea value="" onUpdate:value=fn rows=4  ... > 
  at <Anonymous value= {hashed: true, components: Object, theme: undefined, token: Object} > 
  at <ALocaleProvider locale=undefined ANT_MARK__="internalMark" > 
  at <LocaleReceiver children=fn<children> > 
  at <AConfigProvider theme= {token: Object} > 
  at <App> @ http://127.0.0.1:5175/@vite/client:528
[    3381ms] [WARNING] [Vue warn]: Invalid prop: type check failed for prop "onKeydown". Expected Function, got Array  
  at <ATextarea value="" onUpdate:value=fn rows=4  ... > 
  at <Anonymous value= {hashed: true, components: Object, theme: undefined, token: Object} > 
  at <ALocaleProvider locale=undefined ANT_MARK__="internalMark" > 
  at <LocaleReceiver children=fn<children> > 
  at <AConfigProvider theme= {token: Object} > 
  at <App> @ http://127.0.0.1:5175/@vite/client:528
[    3384ms] [WARNING] [Vue warn]: Invalid prop: type check failed for prop "onKeydown". Expected Function, got Array  
  at <ATextarea value="" onUpdate:value=fn rows=4  ... > 
  at <Anonymous value= {hashed: true, components: Object, theme: undefined, token: Object} > 
  at <ALocaleProvider locale=undefined ANT_MARK__="internalMark" > 
  at <LocaleReceiver children=fn<children> > 
  at <AConfigProvider theme= {token: Object} > 
  at <App> @ http://127.0.0.1:5175/@vite/client:528
[    3387ms] [WARNING] [Vue warn]: Invalid prop: type check failed for prop "onKeydown". Expected Function, got Array  
  at <ATextarea value="" onUpdate:value=fn rows=4  ... > 
  at <Anonymous value= {hashed: true, components: Object, theme: undefined, token: Object} > 
  at <ALocaleProvider locale=undefined ANT_MARK__="internalMark" > 
  at <LocaleReceiver children=fn<children> > 
  at <AConfigProvider theme= {token: Object} > 
  at <App> @ http://127.0.0.1:5175/@vite/client:528
[    3390ms] [WARNING] [Vue warn]: Invalid prop: type check failed for prop "onKeydown". Expected Function, got Array  
  at <ATextarea value="" onUpdate:value=fn rows=4  ... > 
  at <Anonymous value= {hashed: true, components: Object, theme: undefined, token: Object} > 
  at <ALocaleProvider locale=undefined ANT_MARK__="internalMark" > 
  at <LocaleReceiver children=fn<children> > 
  at <AConfigProvider theme= {token: Object} > 
  at <App> @ http://127.0.0.1:5175/@vite/client:528
[    3394ms] [WARNING] [Vue warn]: Invalid prop: type check failed for prop "onKeydown". Expected Function, got Array  
  at <ATextarea value="" onUpdate:value=fn rows=4  ... > 
  at <Anonymous value= {hashed: true, components: Object, theme: undefined, token: Object} > 
  at <ALocaleProvider locale=undefined ANT_MARK__="internalMark" > 
  at <LocaleReceiver children=fn<children> > 
  at <AConfigProvider theme= {token: Object} > 
  at <App> @ http://127.0.0.1:5175/@vite/client:528
[    3397ms] [WARNING] [Vue warn]: Invalid prop: type check failed for prop "onKeydown". Expected Function, got Array  
  at <ATextarea value="" onUpdate:value=fn rows=4  ... > 
  at <Anonymous value= {hashed: true, components: Object, theme: undefined, token: Object} > 
  at <ALocaleProvider locale=undefined ANT_MARK__="internalMark" > 
  at <LocaleReceiver children=fn<children> > 
  at <AConfigProvider theme= {token: Object} > 
  at <App> @ http://127.0.0.1:5175/@vite/client:528
[    3400ms] [WARNING] [Vue warn]: Invalid prop: type check failed for prop "onKeydown". Expected Function, got Array  
  at <ATextarea value="" onUpdate:value=fn rows=4  ... > 
  at <Anonymous value= {hashed: true, components: Object, theme: undefined, token: Object} > 
  at <ALocaleProvider locale=undefined ANT_MARK__="internalMark" > 
  at <LocaleReceiver children=fn<children> > 
  at <AConfigProvider theme= {token: Object} > 
  at <App> @ http://127.0.0.1:5175/@vite/client:528
[    3404ms] [WARNING] [Vue warn]: Invalid prop: type check failed for prop "onKeydown". Expected Function, got Array  
  at <ATextarea value="" onUpdate:value=fn rows=4  ... > 
  at <Anonymous value= {hashed: true, components: Object, theme: undefined, token: Object} > 
  at <ALocaleProvider locale=undefined ANT_MARK__="internalMark" > 
  at <LocaleReceiver children=fn<children> > 
  at <AConfigProvider theme= {token: Object} > 
  at <App> @ http://127.0.0.1:5175/@vite/client:528
[    3406ms] [WARNING] [Vue warn]: Invalid prop: type check failed for prop "onKeydown". Expected Function, got Array  
  at <ATextarea value="" onUpdate:value=fn rows=4  ... > 
  at <Anonymous value= {hashed: true, components: Object, theme: undefined, token: Object} > 
  at <ALocaleProvider locale=undefined ANT_MARK__="internalMark" > 
  at <LocaleReceiver children=fn<children> > 
  at <AConfigProvider theme= {token: Object} > 
  at <App> @ http://127.0.0.1:5175/@vite/client:528
[    3410ms] [WARNING] [Vue warn]: Invalid prop: type check failed for prop "onKeydown". Expected Function, got Array  
  at <ATextarea value="" onUpdate:value=fn rows=4  ... > 
  at <Anonymous value= {hashed: true, components: Object, theme: undefined, token: Object} > 
  at <ALocaleProvider locale=undefined ANT_MARK__="internalMark" > 
  at <LocaleReceiver children=fn<children> > 
  at <AConfigProvider theme= {token: Object} > 
  at <App> @ http://127.0.0.1:5175/@vite/client:528
[    3413ms] [WARNING] [Vue warn]: Invalid prop: type check failed for prop "onKeydown". Expected Function, got Array  
  at <ATextarea value="" onUpdate:value=fn rows=4  ... > 
  at <Anonymous value= {hashed: true, components: Object, theme: undefined, token: Object} > 
  at <ALocaleProvider locale=undefined ANT_MARK__="internalMark" > 
  at <LocaleReceiver children=fn<children> > 
  at <AConfigProvider theme= {token: Object} > 
  at <App> @ http://127.0.0.1:5175/@vite/client:528
[    3416ms] [WARNING] [Vue warn]: Invalid prop: type check failed for prop "onKeydown". Expected Function, got Array  
  at <ATextarea value="" onUpdate:value=fn rows=4  ... > 
  at <Anonymous value= {hashed: true, components: Object, theme: undefined, token: Object} > 
  at <ALocaleProvider locale=undefined ANT_MARK__="internalMark" > 
  at <LocaleReceiver children=fn<children> > 
  at <AConfigProvider theme= {token: Object} > 
  at <App> @ http://127.0.0.1:5175/@vite/client:528
[    3419ms] [WARNING] [Vue warn]: Invalid prop: type check failed for prop "onKeydown". Expected Function, got Array  
  at <ATextarea value="" onUpdate:value=fn rows=4  ... > 
  at <Anonymous value= {hashed: true, components: Object, theme: undefined, token: Object} > 
  at <ALocaleProvider locale=undefined ANT_MARK__="internalMark" > 
  at <LocaleReceiver children=fn<children> > 
  at <AConfigProvider theme= {token: Object} > 
  at <App> @ http://127.0.0.1:5175/@vite/client:528
[    3422ms] [WARNING] [Vue warn]: Invalid prop: type check failed for prop "onKeydown". Expected Function, got Array  
  at <ATextarea value="" onUpdate:value=fn rows=4  ... > 
  at <Anonymous value= {hashed: true, components: Object, theme: undefined, token: Object} > 
  at <ALocaleProvider locale=undefined ANT_MARK__="internalMark" > 
  at <LocaleReceiver children=fn<children> > 
  at <AConfigProvider theme= {token: Object} > 
  at <App> @ http://127.0.0.1:5175/@vite/client:528
[    3425ms] [WARNING] [Vue warn]: Invalid prop: type check failed for prop "onKeydown". Expected Function, got Array  
  at <ATextarea value="" onUpdate:value=fn rows=4  ... > 
  at <Anonymous value= {hashed: true, components: Object, theme: undefined, token: Object} > 
  at <ALocaleProvider locale=undefined ANT_MARK__="internalMark" > 
  at <LocaleReceiver children=fn<children> > 
  at <AConfigProvider theme= {token: Object} > 
  at <App> @ http://127.0.0.1:5175/@vite/client:528
[    3428ms] [WARNING] [Vue warn]: Invalid prop: type check failed for prop "onKeydown". Expected Function, got Array  
  at <ATextarea value="" onUpdate:value=fn rows=4  ... > 
  at <Anonymous value= {hashed: true, components: Object, theme: undefined, token: Object} > 
  at <ALocaleProvider locale=undefined ANT_MARK__="internalMark" > 
  at <LocaleReceiver children=fn<children> > 
  at <AConfigProvider theme= {token: Object} > 
  at <App> @ http://127.0.0.1:5175/@vite/client:528
[    3431ms] [WARNING] [Vue warn]: Invalid prop: type check failed for prop "onKeydown". Expected Function, got Array  
  at <ATextarea value="" onUpdate:value=fn rows=4  ... > 
  at <Anonymous value= {hashed: true, components: Object, theme: undefined, token: Object} > 
  at <ALocaleProvider locale=undefined ANT_MARK__="internalMark" > 
  at <LocaleReceiver children=fn<children> > 
  at <AConfigProvider theme= {token: Object} > 
  at <App> @ http://127.0.0.1:5175/@vite/client:528
[    3434ms] [WARNING] [Vue warn]: Invalid prop: type check failed for prop "onKeydown". Expected Function, got Array  
  at <ATextarea value="" onUpdate:value=fn rows=4  ... > 
  at <Anonymous value= {hashed: true, components: Object, theme: undefined, token: Object} > 
  at <ALocaleProvider locale=undefined ANT_MARK__="internalMark" > 
  at <LocaleReceiver children=fn<children> > 
  at <AConfigProvider theme= {token: Object} > 
  at <App> @ http://127.0.0.1:5175/@vite/client:528
[    3438ms] [WARNING] [Vue warn]: Invalid prop: type check failed for prop "onKeydown". Expected Function, got Array  
  at <ATextarea value="" onUpdate:value=fn rows=4  ... > 
  at <Anonymous value= {hashed: true, components: Object, theme: undefined, token: Object} > 
  at <ALocaleProvider locale=undefined ANT_MARK__="internalMark" > 
  at <LocaleReceiver children=fn<children> > 
  at <AConfigProvider theme= {token: Object} > 
  at <App> @ http://127.0.0.1:5175/@vite/client:528
[    3441ms] [WARNING] [Vue warn]: Invalid prop: type check failed for prop "onKeydown". Expected Function, got Array  
  at <ATextarea value="" onUpdate:value=fn rows=4  ... > 
  at <Anonymous value= {hashed: true, components: Object, theme: undefined, token: Object} > 
  at <ALocaleProvider locale=undefined ANT_MARK__="internalMark" > 
  at <LocaleReceiver children=fn<children> > 
  at <AConfigProvider theme= {token: Object} > 
  at <App> @ http://127.0.0.1:5175/@vite/client:528
[    3444ms] [WARNING] [Vue warn]: Invalid prop: type check failed for prop "onKeydown". Expected Function, got Array  
  at <ATextarea value="" onUpdate:value=fn rows=4  ... > 
  at <Anonymous value= {hashed: true, components: Object, theme: undefined, token: Object} > 
  at <ALocaleProvider locale=undefined ANT_MARK__="internalMark" > 
  at <LocaleReceiver children=fn<children> > 
  at <AConfigProvider theme= {token: Object} > 
  at <App> @ http://127.0.0.1:5175/@vite/client:528
[    3447ms] [WARNING] [Vue warn]: Invalid prop: type check failed for prop "onKeydown". Expected Function, got Array  
  at <ATextarea value="" onUpdate:value=fn rows=4  ... > 
  at <Anonymous value= {hashed: true, components: Object, theme: undefined, token: Object} > 
  at <ALocaleProvider locale=undefined ANT_MARK__="internalMark" > 
  at <LocaleReceiver children=fn<children> > 
  at <AConfigProvider theme= {token: Object} > 
  at <App> @ http://127.0.0.1:5175/@vite/client:528
[    3450ms] [WARNING] [Vue warn]: Invalid prop: type check failed for prop "onKeydown". Expected Function, got Array  
  at <ATextarea value="" onUpdate:value=fn rows=4  ... > 
  at <Anonymous value= {hashed: true, components: Object, theme: undefined, token: Object} > 
  at <ALocaleProvider locale=undefined ANT_MARK__="internalMark" > 
  at <LocaleReceiver children=fn<children> > 
  at <AConfigProvider theme= {token: Object} > 
  at <App> @ http://127.0.0.1:5175/@vite/client:528
[    3453ms] [WARNING] [Vue warn]: Invalid prop: type check failed for prop "onKeydown". Expected Function, got Array  
  at <ATextarea value="" onUpdate:value=fn rows=4  ... > 
  at <Anonymous value= {hashed: true, components: Object, theme: undefined, token: Object} > 
  at <ALocaleProvider locale=undefined ANT_MARK__="internalMark" > 
  at <LocaleReceiver children=fn<children> > 
  at <AConfigProvider theme= {token: Object} > 
  at <App> @ http://127.0.0.1:5175/@vite/client:528
[    3456ms] [WARNING] [Vue warn]: Invalid prop: type check failed for prop "onKeydown". Expected Function, got Array  
  at <ATextarea value="" onUpdate:value=fn rows=4  ... > 
  at <Anonymous value= {hashed: true, components: Object, theme: undefined, token: Object} > 
  at <ALocaleProvider locale=undefined ANT_MARK__="internalMark" > 
  at <LocaleReceiver children=fn<children> > 
  at <AConfigProvider theme= {token: Object} > 
  at <App> @ http://127.0.0.1:5175/@vite/client:528
[    3459ms] [WARNING] [Vue warn]: Invalid prop: type check failed for prop "onKeydown". Expected Function, got Array  
  at <ATextarea value="" onUpdate:value=fn rows=4  ... > 
  at <Anonymous value= {hashed: true, components: Object, theme: undefined, token: Object} > 
  at <ALocaleProvider locale=undefined ANT_MARK__="internalMark" > 
  at <LocaleReceiver children=fn<children> > 
  at <AConfigProvider theme= {token: Object} > 
  at <App> @ http://127.0.0.1:5175/@vite/client:528
[    3462ms] [WARNING] [Vue warn]: Invalid prop: type check failed for prop "onKeydown". Expected Function, got Array  
  at <ATextarea value="" onUpdate:value=fn rows=4  ... > 
  at <Anonymous value= {hashed: true, components: Object, theme: undefined, token: Object} > 
  at <ALocaleProvider locale=undefined ANT_MARK__="internalMark" > 
  at <LocaleReceiver children=fn<children> > 
  at <AConfigProvider theme= {token: Object} > 
  at <App> @ http://127.0.0.1:5175/@vite/client:528
[    3465ms] [WARNING] [Vue warn]: Invalid prop: type check failed for prop "onKeydown". Expected Function, got Array  
  at <ATextarea value="" onUpdate:value=fn rows=4  ... > 
  at <Anonymous value= {hashed: true, components: Object, theme: undefined, token: Object} > 
  at <ALocaleProvider locale=undefined ANT_MARK__="internalMark" > 
  at <LocaleReceiver children=fn<children> > 
  at <AConfigProvider theme= {token: Object} > 
  at <App> @ http://127.0.0.1:5175/@vite/client:528
[    3468ms] [WARNING] [Vue warn]: Invalid prop: type check failed for prop "onKeydown". Expected Function, got Array  
  at <ATextarea value="" onUpdate:value=fn rows=4  ... > 
  at <Anonymous value= {hashed: true, components: Object, theme: undefined, token: Object} > 
  at <ALocaleProvider locale=undefined ANT_MARK__="internalMark" > 
  at <LocaleReceiver children=fn<children> > 
  at <AConfigProvider theme= {token: Object} > 
  at <App> @ http://127.0.0.1:5175/@vite/client:528
[    3471ms] [WARNING] [Vue warn]: Invalid prop: type check failed for prop "onKeydown". Expected Function, got Array  
  at <ATextarea value="" onUpdate:value=fn rows=4  ... > 
  at <Anonymous value= {hashed: true, components: Object, theme: undefined, token: Object} > 
  at <ALocaleProvider locale=undefined ANT_MARK__="internalMark" > 
  at <LocaleReceiver children=fn<children> > 
  at <AConfigProvider theme= {token: Object} > 
  at <App> @ http://127.0.0.1:5175/@vite/client:528
[    3474ms] [WARNING] [Vue warn]: Invalid prop: type check failed for prop "onKeydown". Expected Function, got Array  
  at <ATextarea value="" onUpdate:value=fn rows=4  ... > 
  at <Anonymous value= {hashed: true, components: Object, theme: undefined, token: Object} > 
  at <ALocaleProvider locale=undefined ANT_MARK__="internalMark" > 
  at <LocaleReceiver children=fn<children> > 
  at <AConfigProvider theme= {token: Object} > 
  at <App> @ http://127.0.0.1:5175/@vite/client:528
[    3478ms] [WARNING] [Vue warn]: Invalid prop: type check failed for prop "onKeydown". Expected Function, got Array  
  at <ATextarea value="" onUpdate:value=fn rows=4  ... > 
  at <Anonymous value= {hashed: true, components: Object, theme: undefined, token: Object} > 
  at <ALocaleProvider locale=undefined ANT_MARK__="internalMark" > 
  at <LocaleReceiver children=fn<children> > 
  at <AConfigProvider theme= {token: Object} > 
  at <App> @ http://127.0.0.1:5175/@vite/client:528
[    3481ms] [WARNING] [Vue warn]: Invalid prop: type check failed for prop "onKeydown". Expected Function, got Array  
  at <ATextarea value="" onUpdate:value=fn rows=4  ... > 
  at <Anonymous value= {hashed: true, components: Object, theme: undefined, token: Object} > 
  at <ALocaleProvider locale=undefined ANT_MARK__="internalMark" > 
  at <LocaleReceiver children=fn<children> > 
  at <AConfigProvider theme= {token: Object} > 
  at <App> @ http://127.0.0.1:5175/@vite/client:528
[    3484ms] [WARNING] [Vue warn]: Invalid prop: type check failed for prop "onKeydown". Expected Function, got Array  
  at <ATextarea value="" onUpdate:value=fn rows=4  ... > 
  at <Anonymous value= {hashed: true, components: Object, theme: undefined, token: Object} > 
  at <ALocaleProvider locale=undefined ANT_MARK__="internalMark" > 
  at <LocaleReceiver children=fn<children> > 
  at <AConfigProvider theme= {token: Object} > 
  at <App> @ http://127.0.0.1:5175/@vite/client:528
[    3488ms] [WARNING] [Vue warn]: Invalid prop: type check failed for prop "onKeydown". Expected Function, got Array  
  at <ATextarea value="" onUpdate:value=fn rows=4  ... > 
  at <Anonymous value= {hashed: true, components: Object, theme: undefined, token: Object} > 
  at <ALocaleProvider locale=undefined ANT_MARK__="internalMark" > 
  at <LocaleReceiver children=fn<children> > 
  at <AConfigProvider theme= {token: Object} > 
  at <App> @ http://127.0.0.1:5175/@vite/client:528
[    3491ms] [WARNING] [Vue warn]: Invalid prop: type check failed for prop "onKeydown". Expected Function, got Array  
  at <ATextarea value="" onUpdate:value=fn rows=4  ... > 
  at <Anonymous value= {hashed: true, components: Object, theme: undefined, token: Object} > 
  at <ALocaleProvider locale=undefined ANT_MARK__="internalMark" > 
  at <LocaleReceiver children=fn<children> > 
  at <AConfigProvider theme= {token: Object} > 
  at <App> @ http://127.0.0.1:5175/@vite/client:528
[    3495ms] [WARNING] [Vue warn]: Invalid prop: type check failed for prop "onKeydown". Expected Function, got Array  
  at <ATextarea value="" onUpdate:value=fn rows=4  ... > 
  at <Anonymous value= {hashed: true, components: Object, theme: undefined, token: Object} > 
  at <ALocaleProvider locale=undefined ANT_MARK__="internalMark" > 
  at <LocaleReceiver children=fn<children> > 
  at <AConfigProvider theme= {token: Object} > 
  at <App> @ http://127.0.0.1:5175/@vite/client:528
[    3498ms] [WARNING] [Vue warn]: Invalid prop: type check failed for prop "onKeydown". Expected Function, got Array  
  at <ATextarea value="" onUpdate:value=fn rows=4  ... > 
  at <Anonymous value= {hashed: true, components: Object, theme: undefined, token: Object} > 
  at <ALocaleProvider locale=undefined ANT_MARK__="internalMark" > 
  at <LocaleReceiver children=fn<children> > 
  at <AConfigProvider theme= {token: Object} > 
  at <App> @ http://127.0.0.1:5175/@vite/client:528
[    3502ms] [WARNING] [Vue warn]: Invalid prop: type check failed for prop "onKeydown". Expected Function, got Array  
  at <ATextarea value="" onUpdate:value=fn rows=4  ... > 
  at <Anonymous value= {hashed: true, components: Object, theme: undefined, token: Object} > 
  at <ALocaleProvider locale=undefined ANT_MARK__="internalMark" > 
  at <LocaleReceiver children=fn<children> > 
  at <AConfigProvider theme= {token: Object} > 
  at <App> @ http://127.0.0.1:5175/@vite/client:528
[    3505ms] [WARNING] [Vue warn]: Invalid prop: type check failed for prop "onKeydown". Expected Function, got Array  
  at <ATextarea value="" onUpdate:value=fn rows=4  ... > 
  at <Anonymous value= {hashed: true, components: Object, theme: undefined, token: Object} > 
  at <ALocaleProvider locale=undefined ANT_MARK__="internalMark" > 
  at <LocaleReceiver children=fn<children> > 
  at <AConfigProvider theme= {token: Object} > 
  at <App> @ http://127.0.0.1:5175/@vite/client:528
[    3508ms] [WARNING] [Vue warn]: Invalid prop: type check failed for prop "onKeydown". Expected Function, got Array  
  at <ATextarea value="" onUpdate:value=fn rows=4  ... > 
  at <Anonymous value= {hashed: true, components: Object, theme: undefined, token: Object} > 
  at <ALocaleProvider locale=undefined ANT_MARK__="internalMark" > 
  at <LocaleReceiver children=fn<children> > 
  at <AConfigProvider theme= {token: Object} > 
  at <App> @ http://127.0.0.1:5175/@vite/client:528
[    3512ms] [WARNING] [Vue warn]: Invalid prop: type check failed for prop "onKeydown". Expected Function, got Array  
  at <ATextarea value="" onUpdate:value=fn rows=4  ... > 
  at <Anonymous value= {hashed: true, components: Object, theme: undefined, token: Object} > 
  at <ALocaleProvider locale=undefined ANT_MARK__="internalMark" > 
  at <LocaleReceiver children=fn<children> > 
  at <AConfigProvider theme= {token: Object} > 
  at <App> @ http://127.0.0.1:5175/@vite/client:528
[    3515ms] [WARNING] [Vue warn]: Invalid prop: type check failed for prop "onKeydown". Expected Function, got Array  
  at <ATextarea value="" onUpdate:value=fn rows=4  ... > 
  at <Anonymous value= {hashed: true, components: Object, theme: undefined, token: Object} > 
  at <ALocaleProvider locale=undefined ANT_MARK__="internalMark" > 
  at <LocaleReceiver children=fn<children> > 
  at <AConfigProvider theme= {token: Object} > 
  at <App> @ http://127.0.0.1:5175/@vite/client:528
[    3518ms] [WARNING] [Vue warn]: Invalid prop: type check failed for prop "onKeydown". Expected Function, got Array  
  at <ATextarea value="" onUpdate:value=fn rows=4  ... > 
  at <Anonymous value= {hashed: true, components: Object, theme: undefined, token: Object} > 
  at <ALocaleProvider locale=undefined ANT_MARK__="internalMark" > 
  at <LocaleReceiver children=fn<children> > 
  at <AConfigProvider theme= {token: Object} > 
  at <App> @ http://127.0.0.1:5175/@vite/client:528
[    3521ms] [WARNING] [Vue warn]: Invalid prop: type check failed for prop "onKeydown". Expected Function, got Array  
  at <ATextarea value="" onUpdate:value=fn rows=4  ... > 
  at <Anonymous value= {hashed: true, components: Object, theme: undefined, token: Object} > 
  at <ALocaleProvider locale=undefined ANT_MARK__="internalMark" > 
  at <LocaleReceiver children=fn<children> > 
  at <AConfigProvider theme= {token: Object} > 
  at <App> @ http://127.0.0.1:5175/@vite/client:528
[    3524ms] [WARNING] [Vue warn]: Invalid prop: type check failed for prop "onKeydown". Expected Function, got Array  
  at <ATextarea value="" onUpdate:value=fn rows=4  ... > 
  at <Anonymous value= {hashed: true, components: Object, theme: undefined, token: Object} > 
  at <ALocaleProvider locale=undefined ANT_MARK__="internalMark" > 
  at <LocaleReceiver children=fn<children> > 
  at <AConfigProvider theme= {token: Object} > 
  at <App> @ http://127.0.0.1:5175/@vite/client:528
[    3527ms] [WARNING] [Vue warn]: Invalid prop: type check failed for prop "onKeydown". Expected Function, got Array  
  at <ATextarea value="" onUpdate:value=fn rows=4  ... > 
  at <Anonymous value= {hashed: true, components: Object, theme: undefined, token: Object} > 
  at <ALocaleProvider locale=undefined ANT_MARK__="internalMark" > 
  at <LocaleReceiver children=fn<children> > 
  at <AConfigProvider theme= {token: Object} > 
  at <App> @ http://127.0.0.1:5175/@vite/client:528
[    3530ms] [WARNING] [Vue warn]: Invalid prop: type check failed for prop "onKeydown". Expected Function, got Array  
  at <ATextarea value="" onUpdate:value=fn rows=4  ... > 
  at <Anonymous value= {hashed: true, components: Object, theme: undefined, token: Object} > 
  at <ALocaleProvider locale=undefined ANT_MARK__="internalMark" > 
  at <LocaleReceiver children=fn<children> > 
  at <AConfigProvider theme= {token: Object} > 
  at <App> @ http://127.0.0.1:5175/@vite/client:528
[    3534ms] [WARNING] [Vue warn]: Invalid prop: type check failed for prop "onKeydown". Expected Function, got Array  
  at <ATextarea value="" onUpdate:value=fn rows=4  ... > 
  at <Anonymous value= {hashed: true, components: Object, theme: undefined, token: Object} > 
  at <ALocaleProvider locale=undefined ANT_MARK__="internalMark" > 
  at <LocaleReceiver children=fn<children> > 
  at <AConfigProvider theme= {token: Object} > 
  at <App> @ http://127.0.0.1:5175/@vite/client:528
[    3538ms] [WARNING] [Vue warn]: Invalid prop: type check failed for prop "onKeydown". Expected Function, got Array  
  at <ATextarea value="" onUpdate:value=fn rows=4  ... > 
  at <Anonymous value= {hashed: true, components: Object, theme: undefined, token: Object} > 
  at <ALocaleProvider locale=undefined ANT_MARK__="internalMark" > 
  at <LocaleReceiver children=fn<children> > 
  at <AConfigProvider theme= {token: Object} > 
  at <App> @ http://127.0.0.1:5175/@vite/client:528
[    3541ms] [WARNING] [Vue warn]: Invalid prop: type check failed for prop "onKeydown". Expected Function, got Array  
  at <ATextarea value="" onUpdate:value=fn rows=4  ... > 
  at <Anonymous value= {hashed: true, components: Object, theme: undefined, token: Object} > 
  at <ALocaleProvider locale=undefined ANT_MARK__="internalMark" > 
  at <LocaleReceiver children=fn<children> > 
  at <AConfigProvider theme= {token: Object} > 
  at <App> @ http://127.0.0.1:5175/@vite/client:528
[    3545ms] [WARNING] [Vue warn]: Invalid prop: type check failed for prop "onKeydown". Expected Function, got Array  
  at <ATextarea value="" onUpdate:value=fn rows=4  ... > 
  at <Anonymous value= {hashed: true, components: Object, theme: undefined, token: Object} > 
  at <ALocaleProvider locale=undefined ANT_MARK__="internalMark" > 
  at <LocaleReceiver children=fn<children> > 
  at <AConfigProvider theme= {token: Object} > 
  at <App> @ http://127.0.0.1:5175/@vite/client:528
[    3548ms] [WARNING] [Vue warn]: Invalid prop: type check failed for prop "onKeydown". Expected Function, got Array  
  at <ATextarea value="" onUpdate:value=fn rows=4  ... > 
  at <Anonymous value= {hashed: true, components: Object, theme: undefined, token: Object} > 
  at <ALocaleProvider locale=undefined ANT_MARK__="internalMark" > 
  at <LocaleReceiver children=fn<children> > 
  at <AConfigProvider theme= {token: Object} > 
  at <App> @ http://127.0.0.1:5175/@vite/client:528
[    3551ms] [WARNING] [Vue warn]: Invalid prop: type check failed for prop "onKeydown". Expected Function, got Array  
  at <ATextarea value="" onUpdate:value=fn rows=4  ... > 
  at <Anonymous value= {hashed: true, components: Object, theme: undefined, token: Object} > 
  at <ALocaleProvider locale=undefined ANT_MARK__="internalMark" > 
  at <LocaleReceiver children=fn<children> > 
  at <AConfigProvider theme= {token: Object} > 
  at <App> @ http://127.0.0.1:5175/@vite/client:528
[    3554ms] [WARNING] [Vue warn]: Invalid prop: type check failed for prop "onKeydown". Expected Function, got Array  
  at <ATextarea value="" onUpdate:value=fn rows=4  ... > 
  at <Anonymous value= {hashed: true, components: Object, theme: undefined, token: Object} > 
  at <ALocaleProvider locale=undefined ANT_MARK__="internalMark" > 
  at <LocaleReceiver children=fn<children> > 
  at <AConfigProvider theme= {token: Object} > 
  at <App> @ http://127.0.0.1:5175/@vite/client:528
[    3557ms] [WARNING] [Vue warn]: Invalid prop: type check failed for prop "onKeydown". Expected Function, got Array  
  at <ATextarea value="" onUpdate:value=fn rows=4  ... > 
  at <Anonymous value= {hashed: true, components: Object, theme: undefined, token: Object} > 
  at <ALocaleProvider locale=undefined ANT_MARK__="internalMark" > 
  at <LocaleReceiver children=fn<children> > 
  at <AConfigProvider theme= {token: Object} > 
  at <App> @ http://127.0.0.1:5175/@vite/client:528
[    3560ms] [WARNING] [Vue warn]: Invalid prop: type check failed for prop "onKeydown". Expected Function, got Array  
  at <ATextarea value="" onUpdate:value=fn rows=4  ... > 
  at <Anonymous value= {hashed: true, components: Object, theme: undefined, token: Object} > 
  at <ALocaleProvider locale=undefined ANT_MARK__="internalMark" > 
  at <LocaleReceiver children=fn<children> > 
  at <AConfigProvider theme= {token: Object} > 
  at <App> @ http://127.0.0.1:5175/@vite/client:528
[    3563ms] [WARNING] [Vue warn]: Invalid prop: type check failed for prop "onKeydown". Expected Function, got Array  
  at <ATextarea value="" onUpdate:value=fn rows=4  ... > 
  at <Anonymous value= {hashed: true, components: Object, theme: undefined, token: Object} > 
  at <ALocaleProvider locale=undefined ANT_MARK__="internalMark" > 
  at <LocaleReceiver children=fn<children> > 
  at <AConfigProvider theme= {token: Object} > 
  at <App> @ http://127.0.0.1:5175/@vite/client:528
[    3566ms] [WARNING] [Vue warn]: Invalid prop: type check failed for prop "onKeydown". Expected Function, got Array  
  at <ATextarea value="" onUpdate:value=fn rows=4  ... > 
  at <Anonymous value= {hashed: true, components: Object, theme: undefined, token: Object} > 
  at <ALocaleProvider locale=undefined ANT_MARK__="internalMark" > 
  at <LocaleReceiver children=fn<children> > 
  at <AConfigProvider theme= {token: Object} > 
  at <App> @ http://127.0.0.1:5175/@vite/client:528
[    3569ms] [WARNING] [Vue warn]: Invalid prop: type check failed for prop "onKeydown". Expected Function, got Array  
  at <ATextarea value="" onUpdate:value=fn rows=4  ... > 
  at <Anonymous value= {hashed: true, components: Object, theme: undefined, token: Object} > 
  at <ALocaleProvider locale=undefined ANT_MARK__="internalMark" > 
  at <LocaleReceiver children=fn<children> > 
  at <AConfigProvider theme= {token: Object} > 
  at <App> @ http://127.0.0.1:5175/@vite/client:528
[    3572ms] [WARNING] [Vue warn]: Invalid prop: type check failed for prop "onKeydown". Expected Function, got Array  
  at <ATextarea value="" onUpdate:value=fn rows=4  ... > 
  at <Anonymous value= {hashed: true, components: Object, theme: undefined, token: Object} > 
  at <ALocaleProvider locale=undefined ANT_MARK__="internalMark" > 
  at <LocaleReceiver children=fn<children> > 
  at <AConfigProvider theme= {token: Object} > 
  at <App> @ http://127.0.0.1:5175/@vite/client:528
[    3575ms] [WARNING] [Vue warn]: Invalid prop: type check failed for prop "onKeydown". Expected Function, got Array  
  at <ATextarea value="" onUpdate:value=fn rows=4  ... > 
  at <Anonymous value= {hashed: true, components: Object, theme: undefined, token: Object} > 
  at <ALocaleProvider locale=undefined ANT_MARK__="internalMark" > 
  at <LocaleReceiver children=fn<children> > 
  at <AConfigProvider theme= {token: Object} > 
  at <App> @ http://127.0.0.1:5175/@vite/client:528
[    3578ms] [WARNING] [Vue warn]: Invalid prop: type check failed for prop "onKeydown". Expected Function, got Array  
  at <ATextarea value="" onUpdate:value=fn rows=4  ... > 
  at <Anonymous value= {hashed: true, components: Object, theme: undefined, token: Object} > 
  at <ALocaleProvider locale=undefined ANT_MARK__="internalMark" > 
  at <LocaleReceiver children=fn<children> > 
  at <AConfigProvider theme= {token: Object} > 
  at <App> @ http://127.0.0.1:5175/@vite/client:528
[    3581ms] [WARNING] [Vue warn]: Invalid prop: type check failed for prop "onKeydown". Expected Function, got Array  
  at <ATextarea value="" onUpdate:value=fn rows=4  ... > 
  at <Anonymous value= {hashed: true, components: Object, theme: undefined, token: Object} > 
  at <ALocaleProvider locale=undefined ANT_MARK__="internalMark" > 
  at <LocaleReceiver children=fn<children> > 
  at <AConfigProvider theme= {token: Object} > 
  at <App> @ http://127.0.0.1:5175/@vite/client:528
[    3584ms] [WARNING] [Vue warn]: Invalid prop: type check failed for prop "onKeydown". Expected Function, got Array  
  at <ATextarea value="" onUpdate:value=fn rows=4  ... > 
  at <Anonymous value= {hashed: true, components: Object, theme: undefined, token: Object} > 
  at <ALocaleProvider locale=undefined ANT_MARK__="internalMark" > 
  at <LocaleReceiver children=fn<children> > 
  at <AConfigProvider theme= {token: Object} > 
  at <App> @ http://127.0.0.1:5175/@vite/client:528
[    3587ms] [WARNING] [Vue warn]: Invalid prop: type check failed for prop "onKeydown". Expected Function, got Array  
  at <ATextarea value="" onUpdate:value=fn rows=4  ... > 
  at <Anonymous value= {hashed: true, components: Object, theme: undefined, token: Object} > 
  at <ALocaleProvider locale=undefined ANT_MARK__="internalMark" > 
  at <LocaleReceiver children=fn<children> > 
  at <AConfigProvider theme= {token: Object} > 
  at <App> @ http://127.0.0.1:5175/@vite/client:528
[    3590ms] [WARNING] [Vue warn]: Invalid prop: type check failed for prop "onKeydown". Expected Function, got Array  
  at <ATextarea value="" onUpdate:value=fn rows=4  ... > 
  at <Anonymous value= {hashed: true, components: Object, theme: undefined, token: Object} > 
  at <ALocaleProvider locale=undefined ANT_MARK__="internalMark" > 
  at <LocaleReceiver children=fn<children> > 
  at <AConfigProvider theme= {token: Object} > 
  at <App> @ http://127.0.0.1:5175/@vite/client:528
[    3593ms] [WARNING] [Vue warn]: Invalid prop: type check failed for prop "onKeydown". Expected Function, got Array  
  at <ATextarea value="" onUpdate:value=fn rows=4  ... > 
  at <Anonymous value= {hashed: true, components: Object, theme: undefined, token: Object} > 
  at <ALocaleProvider locale=undefined ANT_MARK__="internalMark" > 
  at <LocaleReceiver children=fn<children> > 
  at <AConfigProvider theme= {token: Object} > 
  at <App> @ http://127.0.0.1:5175/@vite/client:528
[    3596ms] [WARNING] [Vue warn]: Invalid prop: type check failed for prop "onKeydown". Expected Function, got Array  
  at <ATextarea value="" onUpdate:value=fn rows=4  ... > 
  at <Anonymous value= {hashed: true, components: Object, theme: undefined, token: Object} > 
  at <ALocaleProvider locale=undefined ANT_MARK__="internalMark" > 
  at <LocaleReceiver children=fn<children> > 
  at <AConfigProvider theme= {token: Object} > 
  at <App> @ http://127.0.0.1:5175/@vite/client:528
[    3600ms] [WARNING] [Vue warn]: Invalid prop: type check failed for prop "onKeydown". Expected Function, got Array  
  at <ATextarea value="" onUpdate:value=fn rows=4  ... > 
  at <Anonymous value= {hashed: true, components: Object, theme: undefined, token: Object} > 
  at <ALocaleProvider locale=undefined ANT_MARK__="internalMark" > 
  at <LocaleReceiver children=fn<children> > 
  at <AConfigProvider theme= {token: Object} > 
  at <App> @ http://127.0.0.1:5175/@vite/client:528
[    3603ms] [WARNING] [Vue warn]: Invalid prop: type check failed for prop "onKeydown". Expected Function, got Array  
  at <ATextarea value="" onUpdate:value=fn rows=4  ... > 
  at <Anonymous value= {hashed: true, components: Object, theme: undefined, token: Object} > 
  at <ALocaleProvider locale=undefined ANT_MARK__="internalMark" > 
  at <LocaleReceiver children=fn<children> > 
  at <AConfigProvider theme= {token: Object} > 
  at <App> @ http://127.0.0.1:5175/@vite/client:528
[    3607ms] [WARNING] [Vue warn]: Invalid prop: type check failed for prop "onKeydown". Expected Function, got Array  
  at <ATextarea value="" onUpdate:value=fn rows=4  ... > 
  at <Anonymous value= {hashed: true, components: Object, theme: undefined, token: Object} > 
  at <ALocaleProvider locale=undefined ANT_MARK__="internalMark" > 
  at <LocaleReceiver children=fn<children> > 
  at <AConfigProvider theme= {token: Object} > 
  at <App> @ http://127.0.0.1:5175/@vite/client:528
[    3611ms] [WARNING] [Vue warn]: Invalid prop: type check failed for prop "onKeydown". Expected Function, got Array  
  at <ATextarea value="" onUpdate:value=fn rows=4  ... > 
  at <Anonymous value= {hashed: true, components: Object, theme: undefined, token: Object} > 
  at <ALocaleProvider locale=undefined ANT_MARK__="internalMark" > 
  at <LocaleReceiver children=fn<children> > 
  at <AConfigProvider theme= {token: Object} > 
  at <App> @ http://127.0.0.1:5175/@vite/client:528
[    3614ms] [WARNING] [Vue warn]: Invalid prop: type check failed for prop "onKeydown". Expected Function, got Array  
  at <ATextarea value="" onUpdate:value=fn rows=4  ... > 
  at <Anonymous value= {hashed: true, components: Object, theme: undefined, token: Object} > 
  at <ALocaleProvider locale=undefined ANT_MARK__="internalMark" > 
  at <LocaleReceiver children=fn<children> > 
  at <AConfigProvider theme= {token: Object} > 
  at <App> @ http://127.0.0.1:5175/@vite/client:528
[    3617ms] [WARNING] [Vue warn]: Invalid prop: type check failed for prop "onKeydown". Expected Function, got Array  
  at <ATextarea value="" onUpdate:value=fn rows=4  ... > 
  at <Anonymous value= {hashed: true, components: Object, theme: undefined, token: Object} > 
  at <ALocaleProvider locale=undefined ANT_MARK__="internalMark" > 
  at <LocaleReceiver children=fn<children> > 
  at <AConfigProvider theme= {token: Object} > 
  at <App> @ http://127.0.0.1:5175/@vite/client:528
[    3620ms] [WARNING] [Vue warn]: Invalid prop: type check failed for prop "onKeydown". Expected Function, got Array  
  at <ATextarea value="" onUpdate:value=fn rows=4  ... > 
  at <Anonymous value= {hashed: true, components: Object, theme: undefined, token: Object} > 
  at <ALocaleProvider locale=undefined ANT_MARK__="internalMark" > 
  at <LocaleReceiver children=fn<children> > 
  at <AConfigProvider theme= {token: Object} > 
  at <App> @ http://127.0.0.1:5175/@vite/client:528
[    3623ms] [WARNING] [Vue warn]: Invalid prop: type check failed for prop "onKeydown". Expected Function, got Array  
  at <ATextarea value="" onUpdate:value=fn rows=4  ... > 
  at <Anonymous value= {hashed: true, components: Object, theme: undefined, token: Object} > 
  at <ALocaleProvider locale=undefined ANT_MARK__="internalMark" > 
  at <LocaleReceiver children=fn<children> > 
  at <AConfigProvider theme= {token: Object} > 
  at <App> @ http://127.0.0.1:5175/@vite/client:528
[    3626ms] [WARNING] [Vue warn]: Invalid prop: type check failed for prop "onKeydown". Expected Function, got Array  
  at <ATextarea value="" onUpdate:value=fn rows=4  ... > 
  at <Anonymous value= {hashed: true, components: Object, theme: undefined, token: Object} > 
  at <ALocaleProvider locale=undefined ANT_MARK__="internalMark" > 
  at <LocaleReceiver children=fn<children> > 
  at <AConfigProvider theme= {token: Object} > 
  at <App> @ http://127.0.0.1:5175/@vite/client:528
[    3630ms] [WARNING] [Vue warn]: Invalid prop: type check failed for prop "onKeydown". Expected Function, got Array  
  at <ATextarea value="" onUpdate:value=fn rows=4  ... > 
  at <Anonymous value= {hashed: true, components: Object, theme: undefined, token: Object} > 
  at <ALocaleProvider locale=undefined ANT_MARK__="internalMark" > 
  at <LocaleReceiver children=fn<children> > 
  at <AConfigProvider theme= {token: Object} > 
  at <App> @ http://127.0.0.1:5175/@vite/client:528
[    3634ms] [WARNING] [Vue warn]: Invalid prop: type check failed for prop "onKeydown". Expected Function, got Array  
  at <ATextarea value="" onUpdate:value=fn rows=4  ... > 
  at <Anonymous value= {hashed: true, components: Object, theme: undefined, token: Object} > 
  at <ALocaleProvider locale=undefined ANT_MARK__="internalMark" > 
  at <LocaleReceiver children=fn<children> > 
  at <AConfigProvider theme= {token: Object} > 
  at <App> @ http://127.0.0.1:5175/@vite/client:528
[    3638ms] [WARNING] [Vue warn]: Invalid prop: type check failed for prop "onKeydown". Expected Function, got Array  
  at <ATextarea value="" onUpdate:value=fn rows=4  ... > 
  at <Anonymous value= {hashed: true, components: Object, theme: undefined, token: Object} > 
  at <ALocaleProvider locale=undefined ANT_MARK__="internalMark" > 
  at <LocaleReceiver children=fn<children> > 
  at <AConfigProvider theme= {token: Object} > 
  at <App> @ http://127.0.0.1:5175/@vite/client:528
[    3641ms] [WARNING] [Vue warn]: Invalid prop: type check failed for prop "onKeydown". Expected Function, got Array  
  at <ATextarea value="" onUpdate:value=fn rows=4  ... > 
  at <Anonymous value= {hashed: true, components: Object, theme: undefined, token: Object} > 
  at <ALocaleProvider locale=undefined ANT_MARK__="internalMark" > 
  at <LocaleReceiver children=fn<children> > 
  at <AConfigProvider theme= {token: Object} > 
  at <App> @ http://127.0.0.1:5175/@vite/client:528
[    3645ms] [WARNING] [Vue warn]: Invalid prop: type check failed for prop "onKeydown". Expected Function, got Array  
  at <ATextarea value="" onUpdate:value=fn rows=4  ... > 
  at <Anonymous value= {hashed: true, components: Object, theme: undefined, token: Object} > 
  at <ALocaleProvider locale=undefined ANT_MARK__="internalMark" > 
  at <LocaleReceiver children=fn<children> > 
  at <AConfigProvider theme= {token: Object} > 
  at <App> @ http://127.0.0.1:5175/@vite/client:528
[    3648ms] [WARNING] [Vue warn]: Invalid prop: type check failed for prop "onKeydown". Expected Function, got Array  
  at <ATextarea value="" onUpdate:value=fn rows=4  ... > 
  at <Anonymous value= {hashed: true, components: Object, theme: undefined, token: Object} > 
  at <ALocaleProvider locale=undefined ANT_MARK__="internalMark" > 
  at <LocaleReceiver children=fn<children> > 
  at <AConfigProvider theme= {token: Object} > 
  at <App> @ http://127.0.0.1:5175/@vite/client:528
[    3651ms] [WARNING] [Vue warn]: Invalid prop: type check failed for prop "onKeydown". Expected Function, got Array  
  at <ATextarea value="" onUpdate:value=fn rows=4  ... > 
  at <Anonymous value= {hashed: true, components: Object, theme: undefined, token: Object} > 
  at <ALocaleProvider locale=undefined ANT_MARK__="internalMark" > 
  at <LocaleReceiver children=fn<children> > 
  at <AConfigProvider theme= {token: Object} > 
  at <App> @ http://127.0.0.1:5175/@vite/client:528
[    3654ms] [WARNING] [Vue warn]: Invalid prop: type check failed for prop "onKeydown". Expected Function, got Array  
  at <ATextarea value="" onUpdate:value=fn rows=4  ... > 
  at <Anonymous value= {hashed: true, components: Object, theme: undefined, token: Object} > 
  at <ALocaleProvider locale=undefined ANT_MARK__="internalMark" > 
  at <LocaleReceiver children=fn<children> > 
  at <AConfigProvider theme= {token: Object} > 
  at <App> @ http://127.0.0.1:5175/@vite/client:528
[    3657ms] [WARNING] [Vue warn]: Invalid prop: type check failed for prop "onKeydown". Expected Function, got Array  
  at <ATextarea value="" onUpdate:value=fn rows=4  ... > 
  at <Anonymous value= {hashed: true, components: Object, theme: undefined, token: Object} > 
  at <ALocaleProvider locale=undefined ANT_MARK__="internalMark" > 
  at <LocaleReceiver children=fn<children> > 
  at <AConfigProvider theme= {token: Object} > 
  at <App> @ http://127.0.0.1:5175/@vite/client:528
[    3660ms] [WARNING] [Vue warn]: Invalid prop: type check failed for prop "onKeydown". Expected Function, got Array  
  at <ATextarea value="" onUpdate:value=fn rows=4  ... > 
  at <Anonymous value= {hashed: true, components: Object, theme: undefined, token: Object} > 
  at <ALocaleProvider locale=undefined ANT_MARK__="internalMark" > 
  at <LocaleReceiver children=fn<children> > 
  at <AConfigProvider theme= {token: Object} > 
  at <App> @ http://127.0.0.1:5175/@vite/client:528
[    3663ms] [WARNING] [Vue warn]: Invalid prop: type check failed for prop "onKeydown". Expected Function, got Array  
  at <ATextarea value="" onUpdate:value=fn rows=4  ... > 
  at <Anonymous value= {hashed: true, components: Object, theme: undefined, token: Object} > 
  at <ALocaleProvider locale=undefined ANT_MARK__="internalMark" > 
  at <LocaleReceiver children=fn<children> > 
  at <AConfigProvider theme= {token: Object} > 
  at <App> @ http://127.0.0.1:5175/@vite/client:528
[    3666ms] [WARNING] [Vue warn]: Invalid prop: type check failed for prop "onKeydown". Expected Function, got Array  
  at <ATextarea value="" onUpdate:value=fn rows=4  ... > 
  at <Anonymous value= {hashed: true, components: Object, theme: undefined, token: Object} > 
  at <ALocaleProvider locale=undefined ANT_MARK__="internalMark" > 
  at <LocaleReceiver children=fn<children> > 
  at <AConfigProvider theme= {token: Object} > 
  at <App> @ http://127.0.0.1:5175/@vite/client:528
[    3669ms] [WARNING] [Vue warn]: Invalid prop: type check failed for prop "onKeydown". Expected Function, got Array  
  at <ATextarea value="" onUpdate:value=fn rows=4  ... > 
  at <Anonymous value= {hashed: true, components: Object, theme: undefined, token: Object} > 
  at <ALocaleProvider locale=undefined ANT_MARK__="internalMark" > 
  at <LocaleReceiver children=fn<children> > 
  at <AConfigProvider theme= {token: Object} > 
  at <App> @ http://127.0.0.1:5175/@vite/client:528
[    3673ms] [WARNING] [Vue warn]: Invalid prop: type check failed for prop "onKeydown". Expected Function, got Array  
  at <ATextarea value="" onUpdate:value=fn rows=4  ... > 
  at <Anonymous value= {hashed: true, components: Object, theme: undefined, token: Object} > 
  at <ALocaleProvider locale=undefined ANT_MARK__="internalMark" > 
  at <LocaleReceiver children=fn<children> > 
  at <AConfigProvider theme= {token: Object} > 
  at <App> @ http://127.0.0.1:5175/@vite/client:528
[    3676ms] [WARNING] [Vue warn]: Invalid prop: type check failed for prop "onKeydown". Expected Function, got Array  
  at <ATextarea value="" onUpdate:value=fn rows=4  ... > 
  at <Anonymous value= {hashed: true, components: Object, theme: undefined, token: Object} > 
  at <ALocaleProvider locale=undefined ANT_MARK__="internalMark" > 
  at <LocaleReceiver children=fn<children> > 
  at <AConfigProvider theme= {token: Object} > 
  at <App> @ http://127.0.0.1:5175/@vite/client:528
[    3680ms] [WARNING] [Vue warn]: Invalid prop: type check failed for prop "onKeydown". Expected Function, got Array  
  at <ATextarea value="" onUpdate:value=fn rows=4  ... > 
  at <Anonymous value= {hashed: true, components: Object, theme: undefined, token: Object} > 
  at <ALocaleProvider locale=undefined ANT_MARK__="internalMark" > 
  at <LocaleReceiver children=fn<children> > 
  at <AConfigProvider theme= {token: Object} > 
  at <App> @ http://127.0.0.1:5175/@vite/client:528
[    3683ms] [WARNING] [Vue warn]: Invalid prop: type check failed for prop "onKeydown". Expected Function, got Array  
  at <ATextarea value="" onUpdate:value=fn rows=4  ... > 
  at <Anonymous value= {hashed: true, components: Object, theme: undefined, token: Object} > 
  at <ALocaleProvider locale=undefined ANT_MARK__="internalMark" > 
  at <LocaleReceiver children=fn<children> > 
  at <AConfigProvider theme= {token: Object} > 
  at <App> @ http://127.0.0.1:5175/@vite/client:528
[    3686ms] [WARNING] [Vue warn]: Invalid prop: type check failed for prop "onKeydown". Expected Function, got Array  
  at <ATextarea value="" onUpdate:value=fn rows=4  ... > 
  at <Anonymous value= {hashed: true, components: Object, theme: undefined, token: Object} > 
  at <ALocaleProvider locale=undefined ANT_MARK__="internalMark" > 
  at <LocaleReceiver children=fn<children> > 
  at <AConfigProvider theme= {token: Object} > 
  at <App> @ http://127.0.0.1:5175/@vite/client:528
[    3689ms] [WARNING] [Vue warn]: Invalid prop: type check failed for prop "onKeydown". Expected Function, got Array  
  at <ATextarea value="" onUpdate:value=fn rows=4  ... > 
  at <Anonymous value= {hashed: true, components: Object, theme: undefined, token: Object} > 
  at <ALocaleProvider locale=undefined ANT_MARK__="internalMark" > 
  at <LocaleReceiver children=fn<children> > 
  at <AConfigProvider theme= {token: Object} > 
  at <App> @ http://127.0.0.1:5175/@vite/client:528
[    3692ms] [WARNING] [Vue warn]: Invalid prop: type check failed for prop "onKeydown". Expected Function, got Array  
  at <ATextarea value="" onUpdate:value=fn rows=4  ... > 
  at <Anonymous value= {hashed: true, components: Object, theme: undefined, token: Object} > 
  at <ALocaleProvider locale=undefined ANT_MARK__="internalMark" > 
  at <LocaleReceiver children=fn<children> > 
  at <AConfigProvider theme= {token: Object} > 
  at <App> @ http://127.0.0.1:5175/@vite/client:528
[    3695ms] [WARNING] [Vue warn]: Invalid prop: type check failed for prop "onKeydown". Expected Function, got Array  
  at <ATextarea value="" onUpdate:value=fn rows=4  ... > 
  at <Anonymous value= {hashed: true, components: Object, theme: undefined, token: Object} > 
  at <ALocaleProvider locale=undefined ANT_MARK__="internalMark" > 
  at <LocaleReceiver children=fn<children> > 
  at <AConfigProvider theme= {token: Object} > 
  at <App> @ http://127.0.0.1:5175/@vite/client:528
[    3698ms] [WARNING] [Vue warn]: Invalid prop: type check failed for prop "onKeydown". Expected Function, got Array  
  at <ATextarea value="" onUpdate:value=fn rows=4  ... > 
  at <Anonymous value= {hashed: true, components: Object, theme: undefined, token: Object} > 
  at <ALocaleProvider locale=undefined ANT_MARK__="internalMark" > 
  at <LocaleReceiver children=fn<children> > 
  at <AConfigProvider theme= {token: Object} > 
  at <App> @ http://127.0.0.1:5175/@vite/client:528
[    3701ms] [WARNING] [Vue warn]: Invalid prop: type check failed for prop "onKeydown". Expected Function, got Array  
  at <ATextarea value="" onUpdate:value=fn rows=4  ... > 
  at <Anonymous value= {hashed: true, components: Object, theme: undefined, token: Object} > 
  at <ALocaleProvider locale=undefined ANT_MARK__="internalMark" > 
  at <LocaleReceiver children=fn<children> > 
  at <AConfigProvider theme= {token: Object} > 
  at <App> @ http://127.0.0.1:5175/@vite/client:528
[    3704ms] [WARNING] [Vue warn]: Invalid prop: type check failed for prop "onKeydown". Expected Function, got Array  
  at <ATextarea value="" onUpdate:value=fn rows=4  ... > 
  at <Anonymous value= {hashed: true, components: Object, theme: undefined, token: Object} > 
  at <ALocaleProvider locale=undefined ANT_MARK__="internalMark" > 
  at <LocaleReceiver children=fn<children> > 
  at <AConfigProvider theme= {token: Object} > 
  at <App> @ http://127.0.0.1:5175/@vite/client:528
[    3707ms] [WARNING] [Vue warn]: Invalid prop: type check failed for prop "onKeydown". Expected Function, got Array  
  at <ATextarea value="" onUpdate:value=fn rows=4  ... > 
  at <Anonymous value= {hashed: true, components: Object, theme: undefined, token: Object} > 
  at <ALocaleProvider locale=undefined ANT_MARK__="internalMark" > 
  at <LocaleReceiver children=fn<children> > 
  at <AConfigProvider theme= {token: Object} > 
  at <App> @ http://127.0.0.1:5175/@vite/client:528
[    3711ms] [WARNING] [Vue warn]: Invalid prop: type check failed for prop "onKeydown". Expected Function, got Array  
  at <ATextarea value="" onUpdate:value=fn rows=4  ... > 
  at <Anonymous value= {hashed: true, components: Object, theme: undefined, token: Object} > 
  at <ALocaleProvider locale=undefined ANT_MARK__="internalMark" > 
  at <LocaleReceiver children=fn<children> > 
  at <AConfigProvider theme= {token: Object} > 
  at <App> @ http://127.0.0.1:5175/@vite/client:528
[    3713ms] [WARNING] [Vue warn]: Invalid prop: type check failed for prop "onKeydown". Expected Function, got Array  
  at <ATextarea value="" onUpdate:value=fn rows=4  ... > 
  at <Anonymous value= {hashed: true, components: Object, theme: undefined, token: Object} > 
  at <ALocaleProvider locale=undefined ANT_MARK__="internalMark" > 
  at <LocaleReceiver children=fn<children> > 
  at <AConfigProvider theme= {token: Object} > 
  at <App> @ http://127.0.0.1:5175/@vite/client:528
[    3717ms] [WARNING] [Vue warn]: Invalid prop: type check failed for prop "onKeydown". Expected Function, got Array  
  at <ATextarea value="" onUpdate:value=fn rows=4  ... > 
  at <Anonymous value= {hashed: true, components: Object, theme: undefined, token: Object} > 
  at <ALocaleProvider locale=undefined ANT_MARK__="internalMark" > 
  at <LocaleReceiver children=fn<children> > 
  at <AConfigProvider theme= {token: Object} > 
  at <App> @ http://127.0.0.1:5175/@vite/client:528
[    3720ms] [WARNING] [Vue warn]: Invalid prop: type check failed for prop "onKeydown". Expected Function, got Array  
  at <ATextarea value="" onUpdate:value=fn rows=4  ... > 
  at <Anonymous value= {hashed: true, components: Object, theme: undefined, token: Object} > 
  at <ALocaleProvider locale=undefined ANT_MARK__="internalMark" > 
  at <LocaleReceiver children=fn<children> > 
  at <AConfigProvider theme= {token: Object} > 
  at <App> @ http://127.0.0.1:5175/@vite/client:528
[    3723ms] [WARNING] [Vue warn]: Invalid prop: type check failed for prop "onKeydown". Expected Function, got Array  
  at <ATextarea value="" onUpdate:value=fn rows=4  ... > 
  at <Anonymous value= {hashed: true, components: Object, theme: undefined, token: Object} > 
  at <ALocaleProvider locale=undefined ANT_MARK__="internalMark" > 
  at <LocaleReceiver children=fn<children> > 
  at <AConfigProvider theme= {token: Object} > 
  at <App> @ http://127.0.0.1:5175/@vite/client:528
[    3726ms] [WARNING] [Vue warn]: Invalid prop: type check failed for prop "onKeydown". Expected Function, got Array  
  at <ATextarea value="" onUpdate:value=fn rows=4  ... > 
  at <Anonymous value= {hashed: true, components: Object, theme: undefined, token: Object} > 
  at <ALocaleProvider locale=undefined ANT_MARK__="internalMark" > 
  at <LocaleReceiver children=fn<children> > 
  at <AConfigProvider theme= {token: Object} > 
  at <App> @ http://127.0.0.1:5175/@vite/client:528
[    3729ms] [WARNING] [Vue warn]: Invalid prop: type check failed for prop "onKeydown". Expected Function, got Array  
  at <ATextarea value="" onUpdate:value=fn rows=4  ... > 
  at <Anonymous value= {hashed: true, components: Object, theme: undefined, token: Object} > 
  at <ALocaleProvider locale=undefined ANT_MARK__="internalMark" > 
  at <LocaleReceiver children=fn<children> > 
  at <AConfigProvider theme= {token: Object} > 
  at <App> @ http://127.0.0.1:5175/@vite/client:528
[    3732ms] [WARNING] [Vue warn]: Invalid prop: type check failed for prop "onKeydown". Expected Function, got Array  
  at <ATextarea value="" onUpdate:value=fn rows=4  ... > 
  at <Anonymous value= {hashed: true, components: Object, theme: undefined, token: Object} > 
  at <ALocaleProvider locale=undefined ANT_MARK__="internalMark" > 
  at <LocaleReceiver children=fn<children> > 
  at <AConfigProvider theme= {token: Object} > 
  at <App> @ http://127.0.0.1:5175/@vite/client:528
[    3736ms] [WARNING] [Vue warn]: Invalid prop: type check failed for prop "onKeydown". Expected Function, got Array  
  at <ATextarea value="" onUpdate:value=fn rows=4  ... > 
  at <Anonymous value= {hashed: true, components: Object, theme: undefined, token: Object} > 
  at <ALocaleProvider locale=undefined ANT_MARK__="internalMark" > 
  at <LocaleReceiver children=fn<children> > 
  at <AConfigProvider theme= {token: Object} > 
  at <App> @ http://127.0.0.1:5175/@vite/client:528
[    3740ms] [WARNING] [Vue warn]: Invalid prop: type check failed for prop "onKeydown". Expected Function, got Array  
  at <ATextarea value="" onUpdate:value=fn rows=4  ... > 
  at <Anonymous value= {hashed: true, components: Object, theme: undefined, token: Object} > 
  at <ALocaleProvider locale=undefined ANT_MARK__="internalMark" > 
  at <LocaleReceiver children=fn<children> > 
  at <AConfigProvider theme= {token: Object} > 
  at <App> @ http://127.0.0.1:5175/@vite/client:528
[    3743ms] [WARNING] [Vue warn]: Invalid prop: type check failed for prop "onKeydown". Expected Function, got Array  
  at <ATextarea value="" onUpdate:value=fn rows=4  ... > 
  at <Anonymous value= {hashed: true, components: Object, theme: undefined, token: Object} > 
  at <ALocaleProvider locale=undefined ANT_MARK__="internalMark" > 
  at <LocaleReceiver children=fn<children> > 
  at <AConfigProvider theme= {token: Object} > 
  at <App> @ http://127.0.0.1:5175/@vite/client:528
[    3746ms] [WARNING] [Vue warn]: Invalid prop: type check failed for prop "onKeydown". Expected Function, got Array  
  at <ATextarea value="" onUpdate:value=fn rows=4  ... > 
  at <Anonymous value= {hashed: true, components: Object, theme: undefined, token: Object} > 
  at <ALocaleProvider locale=undefined ANT_MARK__="internalMark" > 
  at <LocaleReceiver children=fn<children> > 
  at <AConfigProvider theme= {token: Object} > 
  at <App> @ http://127.0.0.1:5175/@vite/client:528
[    3749ms] [WARNING] [Vue warn]: Invalid prop: type check failed for prop "onKeydown". Expected Function, got Array  
  at <ATextarea value="" onUpdate:value=fn rows=4  ... > 
  at <Anonymous value= {hashed: true, components: Object, theme: undefined, token: Object} > 
  at <ALocaleProvider locale=undefined ANT_MARK__="internalMark" > 
  at <LocaleReceiver children=fn<children> > 
  at <AConfigProvider theme= {token: Object} > 
  at <App> @ http://127.0.0.1:5175/@vite/client:528
[    3752ms] [WARNING] [Vue warn]: Invalid prop: type check failed for prop "onKeydown". Expected Function, got Array  
  at <ATextarea value="" onUpdate:value=fn rows=4  ... > 
  at <Anonymous value= {hashed: true, components: Object, theme: undefined, token: Object} > 
  at <ALocaleProvider locale=undefined ANT_MARK__="internalMark" > 
  at <LocaleReceiver children=fn<children> > 
  at <AConfigProvider theme= {token: Object} > 
  at <App> @ http://127.0.0.1:5175/@vite/client:528
[    3755ms] [WARNING] [Vue warn]: Invalid prop: type check failed for prop "onKeydown". Expected Function, got Array  
  at <ATextarea value="" onUpdate:value=fn rows=4  ... > 
  at <Anonymous value= {hashed: true, components: Object, theme: undefined, token: Object} > 
  at <ALocaleProvider locale=undefined ANT_MARK__="internalMark" > 
  at <LocaleReceiver children=fn<children> > 
  at <AConfigProvider theme= {token: Object} > 
  at <App> @ http://127.0.0.1:5175/@vite/client:528
[    3758ms] [WARNING] [Vue warn]: Invalid prop: type check failed for prop "onKeydown". Expected Function, got Array  
  at <ATextarea value="" onUpdate:value=fn rows=4  ... > 
  at <Anonymous value= {hashed: true, components: Object, theme: undefined, token: Object} > 
  at <ALocaleProvider locale=undefined ANT_MARK__="internalMark" > 
  at <LocaleReceiver children=fn<children> > 
  at <AConfigProvider theme= {token: Object} > 
  at <App> @ http://127.0.0.1:5175/@vite/client:528
[    3762ms] [WARNING] [Vue warn]: Invalid prop: type check failed for prop "onKeydown". Expected Function, got Array  
  at <ATextarea value="" onUpdate:value=fn rows=4  ... > 
  at <Anonymous value= {hashed: true, components: Object, theme: undefined, token: Object} > 
  at <ALocaleProvider locale=undefined ANT_MARK__="internalMark" > 
  at <LocaleReceiver children=fn<children> > 
  at <AConfigProvider theme= {token: Object} > 
  at <App> @ http://127.0.0.1:5175/@vite/client:528
[    3764ms] [WARNING] [Vue warn]: Invalid prop: type check failed for prop "onKeydown". Expected Function, got Array  
  at <ATextarea value="" onUpdate:value=fn rows=4  ... > 
  at <Anonymous value= {hashed: true, components: Object, theme: undefined, token: Object} > 
  at <ALocaleProvider locale=undefined ANT_MARK__="internalMark" > 
  at <LocaleReceiver children=fn<children> > 
  at <AConfigProvider theme= {token: Object} > 
  at <App> @ http://127.0.0.1:5175/@vite/client:528
[    3767ms] [WARNING] [Vue warn]: Invalid prop: type check failed for prop "onKeydown". Expected Function, got Array  
  at <ATextarea value="" onUpdate:value=fn rows=4  ... > 
  at <Anonymous value= {hashed: true, components: Object, theme: undefined, token: Object} > 
  at <ALocaleProvider locale=undefined ANT_MARK__="internalMark" > 
  at <LocaleReceiver children=fn<children> > 
  at <AConfigProvider theme= {token: Object} > 
  at <App> @ http://127.0.0.1:5175/@vite/client:528
[    3770ms] [WARNING] [Vue warn]: Invalid prop: type check failed for prop "onKeydown". Expected Function, got Array  
  at <ATextarea value="" onUpdate:value=fn rows=4  ... > 
  at <Anonymous value= {hashed: true, components: Object, theme: undefined, token: Object} > 
  at <ALocaleProvider locale=undefined ANT_MARK__="internalMark" > 
  at <LocaleReceiver children=fn<children> > 
  at <AConfigProvider theme= {token: Object} > 
  at <App> @ http://127.0.0.1:5175/@vite/client:528
[    3773ms] [WARNING] [Vue warn]: Invalid prop: type check failed for prop "onKeydown". Expected Function, got Array  
  at <ATextarea value="" onUpdate:value=fn rows=4  ... > 
  at <Anonymous value= {hashed: true, components: Object, theme: undefined, token: Object} > 
  at <ALocaleProvider locale=undefined ANT_MARK__="internalMark" > 
  at <LocaleReceiver children=fn<children> > 
  at <AConfigProvider theme= {token: Object} > 
  at <App> @ http://127.0.0.1:5175/@vite/client:528
[    3777ms] [WARNING] [Vue warn]: Invalid prop: type check failed for prop "onKeydown". Expected Function, got Array  
  at <ATextarea value="" onUpdate:value=fn rows=4  ... > 
  at <Anonymous value= {hashed: true, components: Object, theme: undefined, token: Object} > 
  at <ALocaleProvider locale=undefined ANT_MARK__="internalMark" > 
  at <LocaleReceiver children=fn<children> > 
  at <AConfigProvider theme= {token: Object} > 
  at <App> @ http://127.0.0.1:5175/@vite/client:528
[    3780ms] [WARNING] [Vue warn]: Invalid prop: type check failed for prop "onKeydown". Expected Function, got Array  
  at <ATextarea value="" onUpdate:value=fn rows=4  ... > 
  at <Anonymous value= {hashed: true, components: Object, theme: undefined, token: Object} > 
  at <ALocaleProvider locale=undefined ANT_MARK__="internalMark" > 
  at <LocaleReceiver children=fn<children> > 
  at <AConfigProvider theme= {token: Object} > 
  at <App> @ http://127.0.0.1:5175/@vite/client:528
[    3784ms] [WARNING] [Vue warn]: Invalid prop: type check failed for prop "onKeydown". Expected Function, got Array  
  at <ATextarea value="" onUpdate:value=fn rows=4  ... > 
  at <Anonymous value= {hashed: true, components: Object, theme: undefined, token: Object} > 
  at <ALocaleProvider locale=undefined ANT_MARK__="internalMark" > 
  at <LocaleReceiver children=fn<children> > 
  at <AConfigProvider theme= {token: Object} > 
  at <App> @ http://127.0.0.1:5175/@vite/client:528
[    3787ms] [WARNING] [Vue warn]: Invalid prop: type check failed for prop "onKeydown". Expected Function, got Array  
  at <ATextarea value="" onUpdate:value=fn rows=4  ... > 
  at <Anonymous value= {hashed: true, components: Object, theme: undefined, token: Object} > 
  at <ALocaleProvider locale=undefined ANT_MARK__="internalMark" > 
  at <LocaleReceiver children=fn<children> > 
  at <AConfigProvider theme= {token: Object} > 
  at <App> @ http://127.0.0.1:5175/@vite/client:528
[    3790ms] [WARNING] [Vue warn]: Invalid prop: type check failed for prop "onKeydown". Expected Function, got Array  
  at <ATextarea value="" onUpdate:value=fn rows=4  ... > 
  at <Anonymous value= {hashed: true, components: Object, theme: undefined, token: Object} > 
  at <ALocaleProvider locale=undefined ANT_MARK__="internalMark" > 
  at <LocaleReceiver children=fn<children> > 
  at <AConfigProvider theme= {token: Object} > 
  at <App> @ http://127.0.0.1:5175/@vite/client:528
[    3793ms] [WARNING] [Vue warn]: Invalid prop: type check failed for prop "onKeydown". Expected Function, got Array  
  at <ATextarea value="" onUpdate:value=fn rows=4  ... > 
  at <Anonymous value= {hashed: true, components: Object, theme: undefined, token: Object} > 
  at <ALocaleProvider locale=undefined ANT_MARK__="internalMark" > 
  at <LocaleReceiver children=fn<children> > 
  at <AConfigProvider theme= {token: Object} > 
  at <App> @ http://127.0.0.1:5175/@vite/client:528
[    3796ms] [WARNING] [Vue warn]: Invalid prop: type check failed for prop "onKeydown". Expected Function, got Array  
  at <ATextarea value="" onUpdate:value=fn rows=4  ... > 
  at <Anonymous value= {hashed: true, components: Object, theme: undefined, token: Object} > 
  at <ALocaleProvider locale=undefined ANT_MARK__="internalMark" > 
  at <LocaleReceiver children=fn<children> > 
  at <AConfigProvider theme= {token: Object} > 
  at <App> @ http://127.0.0.1:5175/@vite/client:528
[    3800ms] [WARNING] [Vue warn]: Invalid prop: type check failed for prop "onKeydown". Expected Function, got Array  
  at <ATextarea value="" onUpdate:value=fn rows=4  ... > 
  at <Anonymous value= {hashed: true, components: Object, theme: undefined, token: Object} > 
  at <ALocaleProvider locale=undefined ANT_MARK__="internalMark" > 
  at <LocaleReceiver children=fn<children> > 
  at <AConfigProvider theme= {token: Object} > 
  at <App> @ http://127.0.0.1:5175/@vite/client:528
[    3803ms] [WARNING] [Vue warn]: Invalid prop: type check failed for prop "onKeydown". Expected Function, got Array  
  at <ATextarea value="" onUpdate:value=fn rows=4  ... > 
  at <Anonymous value= {hashed: true, components: Object, theme: undefined, token: Object} > 
  at <ALocaleProvider locale=undefined ANT_MARK__="internalMark" > 
  at <LocaleReceiver children=fn<children> > 
  at <AConfigProvider theme= {token: Object} > 
  at <App> @ http://127.0.0.1:5175/@vite/client:528
[    3806ms] [WARNING] [Vue warn]: Invalid prop: type check failed for prop "onKeydown". Expected Function, got Array  
  at <ATextarea value="" onUpdate:value=fn rows=4  ... > 
  at <Anonymous value= {hashed: true, components: Object, theme: undefined, token: Object} > 
  at <ALocaleProvider locale=undefined ANT_MARK__="internalMark" > 
  at <LocaleReceiver children=fn<children> > 
  at <AConfigProvider theme= {token: Object} > 
  at <App> @ http://127.0.0.1:5175/@vite/client:528
[    3810ms] [WARNING] [Vue warn]: Invalid prop: type check failed for prop "onKeydown". Expected Function, got Array  
  at <ATextarea value="" onUpdate:value=fn rows=4  ... > 
  at <Anonymous value= {hashed: true, components: Object, theme: undefined, token: Object} > 
  at <ALocaleProvider locale=undefined ANT_MARK__="internalMark" > 
  at <LocaleReceiver children=fn<children> > 
  at <AConfigProvider theme= {token: Object} > 
  at <App> @ http://127.0.0.1:5175/@vite/client:528
[    3813ms] [WARNING] [Vue warn]: Invalid prop: type check failed for prop "onKeydown". Expected Function, got Array  
  at <ATextarea value="" onUpdate:value=fn rows=4  ... > 
  at <Anonymous value= {hashed: true, components: Object, theme: undefined, token: Object} > 
  at <ALocaleProvider locale=undefined ANT_MARK__="internalMark" > 
  at <LocaleReceiver children=fn<children> > 
  at <AConfigProvider theme= {token: Object} > 
  at <App> @ http://127.0.0.1:5175/@vite/client:528
[    3816ms] [WARNING] [Vue warn]: Invalid prop: type check failed for prop "onKeydown". Expected Function, got Array  
  at <ATextarea value="" onUpdate:value=fn rows=4  ... > 
  at <Anonymous value= {hashed: true, components: Object, theme: undefined, token: Object} > 
  at <ALocaleProvider locale=undefined ANT_MARK__="internalMark" > 
  at <LocaleReceiver children=fn<children> > 
  at <AConfigProvider theme= {token: Object} > 
  at <App> @ http://127.0.0.1:5175/@vite/client:528
[    3819ms] [WARNING] [Vue warn]: Invalid prop: type check failed for prop "onKeydown". Expected Function, got Array  
  at <ATextarea value="" onUpdate:value=fn rows=4  ... > 
  at <Anonymous value= {hashed: true, components: Object, theme: undefined, token: Object} > 
  at <ALocaleProvider locale=undefined ANT_MARK__="internalMark" > 
  at <LocaleReceiver children=fn<children> > 
  at <AConfigProvider theme= {token: Object} > 
  at <App> @ http://127.0.0.1:5175/@vite/client:528
[    3822ms] [WARNING] [Vue warn]: Invalid prop: type check failed for prop "onKeydown". Expected Function, got Array  
  at <ATextarea value="" onUpdate:value=fn rows=4  ... > 
  at <Anonymous value= {hashed: true, components: Object, theme: undefined, token: Object} > 
  at <ALocaleProvider locale=undefined ANT_MARK__="internalMark" > 
  at <LocaleReceiver children=fn<children> > 
  at <AConfigProvider theme= {token: Object} > 
  at <App> @ http://127.0.0.1:5175/@vite/client:528
[    3825ms] [WARNING] [Vue warn]: Invalid prop: type check failed for prop "onKeydown". Expected Function, got Array  
  at <ATextarea value="" onUpdate:value=fn rows=4  ... > 
  at <Anonymous value= {hashed: true, components: Object, theme: undefined, token: Object} > 
  at <ALocaleProvider locale=undefined ANT_MARK__="internalMark" > 
  at <LocaleReceiver children=fn<children> > 
  at <AConfigProvider theme= {token: Object} > 
  at <App> @ http://127.0.0.1:5175/@vite/client:528
[    3828ms] [WARNING] [Vue warn]: Invalid prop: type check failed for prop "onKeydown". Expected Function, got Array  
  at <ATextarea value="" onUpdate:value=fn rows=4  ... > 
  at <Anonymous value= {hashed: true, components: Object, theme: undefined, token: Object} > 
  at <ALocaleProvider locale=undefined ANT_MARK__="internalMark" > 
  at <LocaleReceiver children=fn<children> > 
  at <AConfigProvider theme= {token: Object} > 
  at <App> @ http://127.0.0.1:5175/@vite/client:528
[    3831ms] [WARNING] [Vue warn]: Invalid prop: type check failed for prop "onKeydown". Expected Function, got Array  
  at <ATextarea value="" onUpdate:value=fn rows=4  ... > 
  at <Anonymous value= {hashed: true, components: Object, theme: undefined, token: Object} > 
  at <ALocaleProvider locale=undefined ANT_MARK__="internalMark" > 
  at <LocaleReceiver children=fn<children> > 
  at <AConfigProvider theme= {token: Object} > 
  at <App> @ http://127.0.0.1:5175/@vite/client:528
[    3836ms] [WARNING] [Vue warn]: Invalid prop: type check failed for prop "onKeydown". Expected Function, got Array  
  at <ATextarea value="" onUpdate:value=fn rows=4  ... > 
  at <Anonymous value= {hashed: true, components: Object, theme: undefined, token: Object} > 
  at <ALocaleProvider locale=undefined ANT_MARK__="internalMark" > 
  at <LocaleReceiver children=fn<children> > 
  at <AConfigProvider theme= {token: Object} > 
  at <App> @ http://127.0.0.1:5175/@vite/client:528
[    3839ms] [WARNING] [Vue warn]: Invalid prop: type check failed for prop "onKeydown". Expected Function, got Array  
  at <ATextarea value="" onUpdate:value=fn rows=4  ... > 
  at <Anonymous value= {hashed: true, components: Object, theme: undefined, token: Object} > 
  at <ALocaleProvider locale=undefined ANT_MARK__="internalMark" > 
  at <LocaleReceiver children=fn<children> > 
  at <AConfigProvider theme= {token: Object} > 
  at <App> @ http://127.0.0.1:5175/@vite/client:528
[    3842ms] [WARNING] [Vue warn]: Invalid prop: type check failed for prop "onKeydown". Expected Function, got Array  
  at <ATextarea value="" onUpdate:value=fn rows=4  ... > 
  at <Anonymous value= {hashed: true, components: Object, theme: undefined, token: Object} > 
  at <ALocaleProvider locale=undefined ANT_MARK__="internalMark" > 
  at <LocaleReceiver children=fn<children> > 
  at <AConfigProvider theme= {token: Object} > 
  at <App> @ http://127.0.0.1:5175/@vite/client:528
[    3846ms] [WARNING] [Vue warn]: Invalid prop: type check failed for prop "onKeydown". Expected Function, got Array  
  at <ATextarea value="" onUpdate:value=fn rows=4  ... > 
  at <Anonymous value= {hashed: true, components: Object, theme: undefined, token: Object} > 
  at <ALocaleProvider locale=undefined ANT_MARK__="internalMark" > 
  at <LocaleReceiver children=fn<children> > 
  at <AConfigProvider theme= {token: Object} > 
  at <App> @ http://127.0.0.1:5175/@vite/client:528
[    3849ms] [WARNING] [Vue warn]: Invalid prop: type check failed for prop "onKeydown". Expected Function, got Array  
  at <ATextarea value="" onUpdate:value=fn rows=4  ... > 
  at <Anonymous value= {hashed: true, components: Object, theme: undefined, token: Object} > 
  at <ALocaleProvider locale=undefined ANT_MARK__="internalMark" > 
  at <LocaleReceiver children=fn<children> > 
  at <AConfigProvider theme= {token: Object} > 
  at <App> @ http://127.0.0.1:5175/@vite/client:528
[    3852ms] [WARNING] [Vue warn]: Invalid prop: type check failed for prop "onKeydown". Expected Function, got Array  
  at <ATextarea value="" onUpdate:value=fn rows=4  ... > 
  at <Anonymous value= {hashed: true, components: Object, theme: undefined, token: Object} > 
  at <ALocaleProvider locale=undefined ANT_MARK__="internalMark" > 
  at <LocaleReceiver children=fn<children> > 
  at <AConfigProvider theme= {token: Object} > 
  at <App> @ http://127.0.0.1:5175/@vite/client:528
[    3855ms] [WARNING] [Vue warn]: Invalid prop: type check failed for prop "onKeydown". Expected Function, got Array  
  at <ATextarea value="" onUpdate:value=fn rows=4  ... > 
  at <Anonymous value= {hashed: true, components: Object, theme: undefined, token: Object} > 
  at <ALocaleProvider locale=undefined ANT_MARK__="internalMark" > 
  at <LocaleReceiver children=fn<children> > 
  at <AConfigProvider theme= {token: Object} > 
  at <App> @ http://127.0.0.1:5175/@vite/client:528
[    3858ms] [WARNING] [Vue warn]: Invalid prop: type check failed for prop "onKeydown". Expected Function, got Array  
  at <ATextarea value="" onUpdate:value=fn rows=4  ... > 
  at <Anonymous value= {hashed: true, components: Object, theme: undefined, token: Object} > 
  at <ALocaleProvider locale=undefined ANT_MARK__="internalMark" > 
  at <LocaleReceiver children=fn<children> > 
  at <AConfigProvider theme= {token: Object} > 
  at <App> @ http://127.0.0.1:5175/@vite/client:528
[    3862ms] [WARNING] [Vue warn]: Invalid prop: type check failed for prop "onKeydown". Expected Function, got Array  
  at <ATextarea value="" onUpdate:value=fn rows=4  ... > 
  at <Anonymous value= {hashed: true, components: Object, theme: undefined, token: Object} > 
  at <ALocaleProvider locale=undefined ANT_MARK__="internalMark" > 
  at <LocaleReceiver children=fn<children> > 
  at <AConfigProvider theme= {token: Object} > 
  at <App> @ http://127.0.0.1:5175/@vite/client:528
[    3865ms] [WARNING] [Vue warn]: Invalid prop: type check failed for prop "onKeydown". Expected Function, got Array  
  at <ATextarea value="" onUpdate:value=fn rows=4  ... > 
  at <Anonymous value= {hashed: true, components: Object, theme: undefined, token: Object} > 
  at <ALocaleProvider locale=undefined ANT_MARK__="internalMark" > 
  at <LocaleReceiver children=fn<children> > 
  at <AConfigProvider theme= {token: Object} > 
  at <App> @ http://127.0.0.1:5175/@vite/client:528
[    3868ms] [WARNING] [Vue warn]: Invalid prop: type check failed for prop "onKeydown". Expected Function, got Array  
  at <ATextarea value="" onUpdate:value=fn rows=4  ... > 
  at <Anonymous value= {hashed: true, components: Object, theme: undefined, token: Object} > 
  at <ALocaleProvider locale=undefined ANT_MARK__="internalMark" > 
  at <LocaleReceiver children=fn<children> > 
  at <AConfigProvider theme= {token: Object} > 
  at <App> @ http://127.0.0.1:5175/@vite/client:528
[    3871ms] [WARNING] [Vue warn]: Invalid prop: type check failed for prop "onKeydown". Expected Function, got Array  
  at <ATextarea value="" onUpdate:value=fn rows=4  ... > 
  at <Anonymous value= {hashed: true, components: Object, theme: undefined, token: Object} > 
  at <ALocaleProvider locale=undefined ANT_MARK__="internalMark" > 
  at <LocaleReceiver children=fn<children> > 
  at <AConfigProvider theme= {token: Object} > 
  at <App> @ http://127.0.0.1:5175/@vite/client:528
[    3874ms] [WARNING] [Vue warn]: Invalid prop: type check failed for prop "onKeydown". Expected Function, got Array  
  at <ATextarea value="" onUpdate:value=fn rows=4  ... > 
  at <Anonymous value= {hashed: true, components: Object, theme: undefined, token: Object} > 
  at <ALocaleProvider locale=undefined ANT_MARK__="internalMark" > 
  at <LocaleReceiver children=fn<children> > 
  at <AConfigProvider theme= {token: Object} > 
  at <App> @ http://127.0.0.1:5175/@vite/client:528
[    3877ms] [WARNING] [Vue warn]: Invalid prop: type check failed for prop "onKeydown". Expected Function, got Array  
  at <ATextarea value="" onUpdate:value=fn rows=4  ... > 
  at <Anonymous value= {hashed: true, components: Object, theme: undefined, token: Object} > 
  at <ALocaleProvider locale=undefined ANT_MARK__="internalMark" > 
  at <LocaleReceiver children=fn<children> > 
  at <AConfigProvider theme= {token: Object} > 
  at <App> @ http://127.0.0.1:5175/@vite/client:528
[    3880ms] [WARNING] [Vue warn]: Invalid prop: type check failed for prop "onKeydown". Expected Function, got Array  
  at <ATextarea value="" onUpdate:value=fn rows=4  ... > 
  at <Anonymous value= {hashed: true, components: Object, theme: undefined, token: Object} > 
  at <ALocaleProvider locale=undefined ANT_MARK__="internalMark" > 
  at <LocaleReceiver children=fn<children> > 
  at <AConfigProvider theme= {token: Object} > 
  at <App> @ http://127.0.0.1:5175/@vite/client:528
[    3883ms] [WARNING] [Vue warn]: Invalid prop: type check failed for prop "onKeydown". Expected Function, got Array  
  at <ATextarea value="" onUpdate:value=fn rows=4  ... > 
  at <Anonymous value= {hashed: true, components: Object, theme: undefined, token: Object} > 
  at <ALocaleProvider locale=undefined ANT_MARK__="internalMark" > 
  at <LocaleReceiver children=fn<children> > 
  at <AConfigProvider theme= {token: Object} > 
  at <App> @ http://127.0.0.1:5175/@vite/client:528
[    3886ms] [WARNING] [Vue warn]: Invalid prop: type check failed for prop "onKeydown". Expected Function, got Array  
  at <ATextarea value="" onUpdate:value=fn rows=4  ... > 
  at <Anonymous value= {hashed: true, components: Object, theme: undefined, token: Object} > 
  at <ALocaleProvider locale=undefined ANT_MARK__="internalMark" > 
  at <LocaleReceiver children=fn<children> > 
  at <AConfigProvider theme= {token: Object} > 
  at <App> @ http://127.0.0.1:5175/@vite/client:528
[    3889ms] [WARNING] [Vue warn]: Invalid prop: type check failed for prop "onKeydown". Expected Function, got Array  
  at <ATextarea value="" onUpdate:value=fn rows=4  ... > 
  at <Anonymous value= {hashed: true, components: Object, theme: undefined, token: Object} > 
  at <ALocaleProvider locale=undefined ANT_MARK__="internalMark" > 
  at <LocaleReceiver children=fn<children> > 
  at <AConfigProvider theme= {token: Object} > 
  at <App> @ http://127.0.0.1:5175/@vite/client:528
[    3891ms] [WARNING] [Vue warn]: Invalid prop: type check failed for prop "onKeydown". Expected Function, got Array  
  at <ATextarea value="" onUpdate:value=fn rows=4  ... > 
  at <Anonymous value= {hashed: true, components: Object, theme: undefined, token: Object} > 
  at <ALocaleProvider locale=undefined ANT_MARK__="internalMark" > 
  at <LocaleReceiver children=fn<children> > 
  at <AConfigProvider theme= {token: Object} > 
  at <App> @ http://127.0.0.1:5175/@vite/client:528
[    3895ms] [WARNING] [Vue warn]: Invalid prop: type check failed for prop "onKeydown". Expected Function, got Array  
  at <ATextarea value="" onUpdate:value=fn rows=4  ... > 
  at <Anonymous value= {hashed: true, components: Object, theme: undefined, token: Object} > 
  at <ALocaleProvider locale=undefined ANT_MARK__="internalMark" > 
  at <LocaleReceiver children=fn<children> > 
  at <AConfigProvider theme= {token: Object} > 
  at <App> @ http://127.0.0.1:5175/@vite/client:528
[    3898ms] [WARNING] [Vue warn]: Invalid prop: type check failed for prop "onKeydown". Expected Function, got Array  
  at <ATextarea value="" onUpdate:value=fn rows=4  ... > 
  at <Anonymous value= {hashed: true, components: Object, theme: undefined, token: Object} > 
  at <ALocaleProvider locale=undefined ANT_MARK__="internalMark" > 
  at <LocaleReceiver children=fn<children> > 
  at <AConfigProvider theme= {token: Object} > 
  at <App> @ http://127.0.0.1:5175/@vite/client:528
[    3902ms] [WARNING] [Vue warn]: Invalid prop: type check failed for prop "onKeydown". Expected Function, got Array  
  at <ATextarea value="" onUpdate:value=fn rows=4  ... > 
  at <Anonymous value= {hashed: true, components: Object, theme: undefined, token: Object} > 
  at <ALocaleProvider locale=undefined ANT_MARK__="internalMark" > 
  at <LocaleReceiver children=fn<children> > 
  at <AConfigProvider theme= {token: Object} > 
  at <App> @ http://127.0.0.1:5175/@vite/client:528
[    3905ms] [WARNING] [Vue warn]: Invalid prop: type check failed for prop "onKeydown". Expected Function, got Array  
  at <ATextarea value="" onUpdate:value=fn rows=4  ... > 
  at <Anonymous value= {hashed: true, components: Object, theme: undefined, token: Object} > 
  at <ALocaleProvider locale=undefined ANT_MARK__="internalMark" > 
  at <LocaleReceiver children=fn<children> > 
  at <AConfigProvider theme= {token: Object} > 
  at <App> @ http://127.0.0.1:5175/@vite/client:528
[    3908ms] [WARNING] [Vue warn]: Invalid prop: type check failed for prop "onKeydown". Expected Function, got Array  
  at <ATextarea value="" onUpdate:value=fn rows=4  ... > 
  at <Anonymous value= {hashed: true, components: Object, theme: undefined, token: Object} > 
  at <ALocaleProvider locale=undefined ANT_MARK__="internalMark" > 
  at <LocaleReceiver children=fn<children> > 
  at <AConfigProvider theme= {token: Object} > 
  at <App> @ http://127.0.0.1:5175/@vite/client:528
[    3912ms] [WARNING] [Vue warn]: Invalid prop: type check failed for prop "onKeydown". Expected Function, got Array  
  at <ATextarea value="" onUpdate:value=fn rows=4  ... > 
  at <Anonymous value= {hashed: true, components: Object, theme: undefined, token: Object} > 
  at <ALocaleProvider locale=undefined ANT_MARK__="internalMark" > 
  at <LocaleReceiver children=fn<children> > 
  at <AConfigProvider theme= {token: Object} > 
  at <App> @ http://127.0.0.1:5175/@vite/client:528
[    3915ms] [WARNING] [Vue warn]: Invalid prop: type check failed for prop "onKeydown". Expected Function, got Array  
  at <ATextarea value="" onUpdate:value=fn rows=4  ... > 
  at <Anonymous value= {hashed: true, components: Object, theme: undefined, token: Object} > 
  at <ALocaleProvider locale=undefined ANT_MARK__="internalMark" > 
  at <LocaleReceiver children=fn<children> > 
  at <AConfigProvider theme= {token: Object} > 
  at <App> @ http://127.0.0.1:5175/@vite/client:528
[    3918ms] [WARNING] [Vue warn]: Invalid prop: type check failed for prop "onKeydown". Expected Function, got Array  
  at <ATextarea value="" onUpdate:value=fn rows=4  ... > 
  at <Anonymous value= {hashed: true, components: Object, theme: undefined, token: Object} > 
  at <ALocaleProvider locale=undefined ANT_MARK__="internalMark" > 
  at <LocaleReceiver children=fn<children> > 
  at <AConfigProvider theme= {token: Object} > 
  at <App> @ http://127.0.0.1:5175/@vite/client:528
[    3922ms] [WARNING] [Vue warn]: Invalid prop: type check failed for prop "onKeydown". Expected Function, got Array  
  at <ATextarea value="" onUpdate:value=fn rows=4  ... > 
  at <Anonymous value= {hashed: true, components: Object, theme: undefined, token: Object} > 
  at <ALocaleProvider locale=undefined ANT_MARK__="internalMark" > 
  at <LocaleReceiver children=fn<children> > 
  at <AConfigProvider theme= {token: Object} > 
  at <App> @ http://127.0.0.1:5175/@vite/client:528
[    3925ms] [WARNING] [Vue warn]: Invalid prop: type check failed for prop "onKeydown". Expected Function, got Array  
  at <ATextarea value="" onUpdate:value=fn rows=4  ... > 
  at <Anonymous value= {hashed: true, components: Object, theme: undefined, token: Object} > 
  at <ALocaleProvider locale=undefined ANT_MARK__="internalMark" > 
  at <LocaleReceiver children=fn<children> > 
  at <AConfigProvider theme= {token: Object} > 
  at <App> @ http://127.0.0.1:5175/@vite/client:528
[    3928ms] [WARNING] [Vue warn]: Invalid prop: type check failed for prop "onKeydown". Expected Function, got Array  
  at <ATextarea value="" onUpdate:value=fn rows=4  ... > 
  at <Anonymous value= {hashed: true, components: Object, theme: undefined, token: Object} > 
  at <ALocaleProvider locale=undefined ANT_MARK__="internalMark" > 
  at <LocaleReceiver children=fn<children> > 
  at <AConfigProvider theme= {token: Object} > 
  at <App> @ http://127.0.0.1:5175/@vite/client:528
[    3931ms] [WARNING] [Vue warn]: Invalid prop: type check failed for prop "onKeydown". Expected Function, got Array  
  at <ATextarea value="" onUpdate:value=fn rows=4  ... > 
  at <Anonymous value= {hashed: true, components: Object, theme: undefined, token: Object} > 
  at <ALocaleProvider locale=undefined ANT_MARK__="internalMark" > 
  at <LocaleReceiver children=fn<children> > 
  at <AConfigProvider theme= {token: Object} > 
  at <App> @ http://127.0.0.1:5175/@vite/client:528
[    3936ms] [WARNING] [Vue warn]: Invalid prop: type check failed for prop "onKeydown". Expected Function, got Array  
  at <ATextarea value="" onUpdate:value=fn rows=4  ... > 
  at <Anonymous value= {hashed: true, components: Object, theme: undefined, token: Object} > 
  at <ALocaleProvider locale=undefined ANT_MARK__="internalMark" > 
  at <LocaleReceiver children=fn<children> > 
  at <AConfigProvider theme= {token: Object} > 
  at <App> @ http://127.0.0.1:5175/@vite/client:528
[    3939ms] [WARNING] [Vue warn]: Invalid prop: type check failed for prop "onKeydown". Expected Function, got Array  
  at <ATextarea value="" onUpdate:value=fn rows=4  ... > 
  at <Anonymous value= {hashed: true, components: Object, theme: undefined, token: Object} > 
  at <ALocaleProvider locale=undefined ANT_MARK__="internalMark" > 
  at <LocaleReceiver children=fn<children> > 
  at <AConfigProvider theme= {token: Object} > 
  at <App> @ http://127.0.0.1:5175/@vite/client:528
[    3942ms] [WARNING] [Vue warn]: Invalid prop: type check failed for prop "onKeydown". Expected Function, got Array  
  at <ATextarea value="" onUpdate:value=fn rows=4  ... > 
  at <Anonymous value= {hashed: true, components: Object, theme: undefined, token: Object} > 
  at <ALocaleProvider locale=undefined ANT_MARK__="internalMark" > 
  at <LocaleReceiver children=fn<children> > 
  at <AConfigProvider theme= {token: Object} > 
  at <App> @ http://127.0.0.1:5175/@vite/client:528
[    3945ms] [WARNING] [Vue warn]: Invalid prop: type check failed for prop "onKeydown". Expected Function, got Array  
  at <ATextarea value="" onUpdate:value=fn rows=4  ... > 
  at <Anonymous value= {hashed: true, components: Object, theme: undefined, token: Object} > 
  at <ALocaleProvider locale=undefined ANT_MARK__="internalMark" > 
  at <LocaleReceiver children=fn<children> > 
  at <AConfigProvider theme= {token: Object} > 
  at <App> @ http://127.0.0.1:5175/@vite/client:528
[    3949ms] [WARNING] [Vue warn]: Invalid prop: type check failed for prop "onKeydown". Expected Function, got Array  
  at <ATextarea value="" onUpdate:value=fn rows=4  ... > 
  at <Anonymous value= {hashed: true, components: Object, theme: undefined, token: Object} > 
  at <ALocaleProvider locale=undefined ANT_MARK__="internalMark" > 
  at <LocaleReceiver children=fn<children> > 
  at <AConfigProvider theme= {token: Object} > 
  at <App> @ http://127.0.0.1:5175/@vite/client:528
[    3952ms] [WARNING] [Vue warn]: Invalid prop: type check failed for prop "onKeydown". Expected Function, got Array  
  at <ATextarea value="" onUpdate:value=fn rows=4  ... > 
  at <Anonymous value= {hashed: true, components: Object, theme: undefined, token: Object} > 
  at <ALocaleProvider locale=undefined ANT_MARK__="internalMark" > 
  at <LocaleReceiver children=fn<children> > 
  at <AConfigProvider theme= {token: Object} > 
  at <App> @ http://127.0.0.1:5175/@vite/client:528
[    3955ms] [WARNING] [Vue warn]: Invalid prop: type check failed for prop "onKeydown". Expected Function, got Array  
  at <ATextarea value="" onUpdate:value=fn rows=4  ... > 
  at <Anonymous value= {hashed: true, components: Object, theme: undefined, token: Object} > 
  at <ALocaleProvider locale=undefined ANT_MARK__="internalMark" > 
  at <LocaleReceiver children=fn<children> > 
  at <AConfigProvider theme= {token: Object} > 
  at <App> @ http://127.0.0.1:5175/@vite/client:528
[    3958ms] [WARNING] [Vue warn]: Invalid prop: type check failed for prop "onKeydown". Expected Function, got Array  
  at <ATextarea value="" onUpdate:value=fn rows=4  ... > 
  at <Anonymous value= {hashed: true, components: Object, theme: undefined, token: Object} > 
  at <ALocaleProvider locale=undefined ANT_MARK__="internalMark" > 
  at <LocaleReceiver children=fn<children> > 
  at <AConfigProvider theme= {token: Object} > 
  at <App> @ http://127.0.0.1:5175/@vite/client:528
[    3961ms] [WARNING] [Vue warn]: Invalid prop: type check failed for prop "onKeydown". Expected Function, got Array  
  at <ATextarea value="" onUpdate:value=fn rows=4  ... > 
  at <Anonymous value= {hashed: true, components: Object, theme: undefined, token: Object} > 
  at <ALocaleProvider locale=undefined ANT_MARK__="internalMark" > 
  at <LocaleReceiver children=fn<children> > 
  at <AConfigProvider theme= {token: Object} > 
  at <App> @ http://127.0.0.1:5175/@vite/client:528
[    3964ms] [WARNING] [Vue warn]: Invalid prop: type check failed for prop "onKeydown". Expected Function, got Array  
  at <ATextarea value="" onUpdate:value=fn rows=4  ... > 
  at <Anonymous value= {hashed: true, components: Object, theme: undefined, token: Object} > 
  at <ALocaleProvider locale=undefined ANT_MARK__="internalMark" > 
  at <LocaleReceiver children=fn<children> > 
  at <AConfigProvider theme= {token: Object} > 
  at <App> @ http://127.0.0.1:5175/@vite/client:528
[    3967ms] [WARNING] [Vue warn]: Invalid prop: type check failed for prop "onKeydown". Expected Function, got Array  
  at <ATextarea value="" onUpdate:value=fn rows=4  ... > 
  at <Anonymous value= {hashed: true, components: Object, theme: undefined, token: Object} > 
  at <ALocaleProvider locale=undefined ANT_MARK__="internalMark" > 
  at <LocaleReceiver children=fn<children> > 
  at <AConfigProvider theme= {token: Object} > 
  at <App> @ http://127.0.0.1:5175/@vite/client:528
[    3970ms] [WARNING] [Vue warn]: Invalid prop: type check failed for prop "onKeydown". Expected Function, got Array  
  at <ATextarea value="" onUpdate:value=fn rows=4  ... > 
  at <Anonymous value= {hashed: true, components: Object, theme: undefined, token: Object} > 
  at <ALocaleProvider locale=undefined ANT_MARK__="internalMark" > 
  at <LocaleReceiver children=fn<children> > 
  at <AConfigProvider theme= {token: Object} > 
  at <App> @ http://127.0.0.1:5175/@vite/client:528
[    3973ms] [WARNING] [Vue warn]: Invalid prop: type check failed for prop "onKeydown". Expected Function, got Array  
  at <ATextarea value="" onUpdate:value=fn rows=4  ... > 
  at <Anonymous value= {hashed: true, components: Object, theme: undefined, token: Object} > 
  at <ALocaleProvider locale=undefined ANT_MARK__="internalMark" > 
  at <LocaleReceiver children=fn<children> > 
  at <AConfigProvider theme= {token: Object} > 
  at <App> @ http://127.0.0.1:5175/@vite/client:528
[    3976ms] [WARNING] [Vue warn]: Invalid prop: type check failed for prop "onKeydown". Expected Function, got Array  
  at <ATextarea value="" onUpdate:value=fn rows=4  ... > 
  at <Anonymous value= {hashed: true, components: Object, theme: undefined, token: Object} > 
  at <ALocaleProvider locale=undefined ANT_MARK__="internalMark" > 
  at <LocaleReceiver children=fn<children> > 
  at <AConfigProvider theme= {token: Object} > 
  at <App> @ http://127.0.0.1:5175/@vite/client:528
[    3979ms] [WARNING] [Vue warn]: Invalid prop: type check failed for prop "onKeydown". Expected Function, got Array  
  at <ATextarea value="" onUpdate:value=fn rows=4  ... > 
  at <Anonymous value= {hashed: true, components: Object, theme: undefined, token: Object} > 
  at <ALocaleProvider locale=undefined ANT_MARK__="internalMark" > 
  at <LocaleReceiver children=fn<children> > 
  at <AConfigProvider theme= {token: Object} > 
  at <App> @ http://127.0.0.1:5175/@vite/client:528
[    3982ms] [WARNING] [Vue warn]: Invalid prop: type check failed for prop "onKeydown". Expected Function, got Array  
  at <ATextarea value="" onUpdate:value=fn rows=4  ... > 
  at <Anonymous value= {hashed: true, components: Object, theme: undefined, token: Object} > 
  at <ALocaleProvider locale=undefined ANT_MARK__="internalMark" > 
  at <LocaleReceiver children=fn<children> > 
  at <AConfigProvider theme= {token: Object} > 
  at <App> @ http://127.0.0.1:5175/@vite/client:528
[    3985ms] [WARNING] [Vue warn]: Invalid prop: type check failed for prop "onKeydown". Expected Function, got Array  
  at <ATextarea value="" onUpdate:value=fn rows=4  ... > 
  at <Anonymous value= {hashed: true, components: Object, theme: undefined, token: Object} > 
  at <ALocaleProvider locale=undefined ANT_MARK__="internalMark" > 
  at <LocaleReceiver children=fn<children> > 
  at <AConfigProvider theme= {token: Object} > 
  at <App> @ http://127.0.0.1:5175/@vite/client:528
[    3988ms] [WARNING] [Vue warn]: Invalid prop: type check failed for prop "onKeydown". Expected Function, got Array  
  at <ATextarea value="" onUpdate:value=fn rows=4  ... > 
  at <Anonymous value= {hashed: true, components: Object, theme: undefined, token: Object} > 
  at <ALocaleProvider locale=undefined ANT_MARK__="internalMark" > 
  at <LocaleReceiver children=fn<children> > 
  at <AConfigProvider theme= {token: Object} > 
  at <App> @ http://127.0.0.1:5175/@vite/client:528
[    3991ms] [WARNING] [Vue warn]: Invalid prop: type check failed for prop "onKeydown". Expected Function, got Array  
  at <ATextarea value="" onUpdate:value=fn rows=4  ... > 
  at <Anonymous value= {hashed: true, components: Object, theme: undefined, token: Object} > 
  at <ALocaleProvider locale=undefined ANT_MARK__="internalMark" > 
  at <LocaleReceiver children=fn<children> > 
  at <AConfigProvider theme= {token: Object} > 
  at <App> @ http://127.0.0.1:5175/@vite/client:528
[    3994ms] [WARNING] [Vue warn]: Invalid prop: type check failed for prop "onKeydown". Expected Function, got Array  
  at <ATextarea value="" onUpdate:value=fn rows=4  ... > 
  at <Anonymous value= {hashed: true, components: Object, theme: undefined, token: Object} > 
  at <ALocaleProvider locale=undefined ANT_MARK__="internalMark" > 
  at <LocaleReceiver children=fn<children> > 
  at <AConfigProvider theme= {token: Object} > 
  at <App> @ http://127.0.0.1:5175/@vite/client:528
[    3997ms] [WARNING] [Vue warn]: Invalid prop: type check failed for prop "onKeydown". Expected Function, got Array  
  at <ATextarea value="" onUpdate:value=fn rows=4  ... > 
  at <Anonymous value= {hashed: true, components: Object, theme: undefined, token: Object} > 
  at <ALocaleProvider locale=undefined ANT_MARK__="internalMark" > 
  at <LocaleReceiver children=fn<children> > 
  at <AConfigProvider theme= {token: Object} > 
  at <App> @ http://127.0.0.1:5175/@vite/client:528
[    4000ms] [WARNING] [Vue warn]: Invalid prop: type check failed for prop "onKeydown". Expected Function, got Array  
  at <ATextarea value="" onUpdate:value=fn rows=4  ... > 
  at <Anonymous value= {hashed: true, components: Object, theme: undefined, token: Object} > 
  at <ALocaleProvider locale=undefined ANT_MARK__="internalMark" > 
  at <LocaleReceiver children=fn<children> > 
  at <AConfigProvider theme= {token: Object} > 
  at <App> @ http://127.0.0.1:5175/@vite/client:528
[    4004ms] [WARNING] [Vue warn]: Invalid prop: type check failed for prop "onKeydown". Expected Function, got Array  
  at <ATextarea value="" onUpdate:value=fn rows=4  ... > 
  at <Anonymous value= {hashed: true, components: Object, theme: undefined, token: Object} > 
  at <ALocaleProvider locale=undefined ANT_MARK__="internalMark" > 
  at <LocaleReceiver children=fn<children> > 
  at <AConfigProvider theme= {token: Object} > 
  at <App> @ http://127.0.0.1:5175/@vite/client:528
[    4007ms] [WARNING] [Vue warn]: Invalid prop: type check failed for prop "onKeydown". Expected Function, got Array  
  at <ATextarea value="" onUpdate:value=fn rows=4  ... > 
  at <Anonymous value= {hashed: true, components: Object, theme: undefined, token: Object} > 
  at <ALocaleProvider locale=undefined ANT_MARK__="internalMark" > 
  at <LocaleReceiver children=fn<children> > 
  at <AConfigProvider theme= {token: Object} > 
  at <App> @ http://127.0.0.1:5175/@vite/client:528
[    4010ms] [WARNING] [Vue warn]: Invalid prop: type check failed for prop "onKeydown". Expected Function, got Array  
  at <ATextarea value="" onUpdate:value=fn rows=4  ... > 
  at <Anonymous value= {hashed: true, components: Object, theme: undefined, token: Object} > 
  at <ALocaleProvider locale=undefined ANT_MARK__="internalMark" > 
  at <LocaleReceiver children=fn<children> > 
  at <AConfigProvider theme= {token: Object} > 
  at <App> @ http://127.0.0.1:5175/@vite/client:528
[    4013ms] [WARNING] [Vue warn]: Invalid prop: type check failed for prop "onKeydown". Expected Function, got Array  
  at <ATextarea value="" onUpdate:value=fn rows=4  ... > 
  at <Anonymous value= {hashed: true, components: Object, theme: undefined, token: Object} > 
  at <ALocaleProvider locale=undefined ANT_MARK__="internalMark" > 
  at <LocaleReceiver children=fn<children> > 
  at <AConfigProvider theme= {token: Object} > 
  at <App> @ http://127.0.0.1:5175/@vite/client:528
[    4016ms] [WARNING] [Vue warn]: Invalid prop: type check failed for prop "onKeydown". Expected Function, got Array  
  at <ATextarea value="" onUpdate:value=fn rows=4  ... > 
  at <Anonymous value= {hashed: true, components: Object, theme: undefined, token: Object} > 
  at <ALocaleProvider locale=undefined ANT_MARK__="internalMark" > 
  at <LocaleReceiver children=fn<children> > 
  at <AConfigProvider theme= {token: Object} > 
  at <App> @ http://127.0.0.1:5175/@vite/client:528
[    4019ms] [WARNING] [Vue warn]: Invalid prop: type check failed for prop "onKeydown". Expected Function, got Array  
  at <ATextarea value="" onUpdate:value=fn rows=4  ... > 
  at <Anonymous value= {hashed: true, components: Object, theme: undefined, token: Object} > 
  at <ALocaleProvider locale=undefined ANT_MARK__="internalMark" > 
  at <LocaleReceiver children=fn<children> > 
  at <AConfigProvider theme= {token: Object} > 
  at <App> @ http://127.0.0.1:5175/@vite/client:528
[    4022ms] [WARNING] [Vue warn]: Invalid prop: type check failed for prop "onKeydown". Expected Function, got Array  
  at <ATextarea value="" onUpdate:value=fn rows=4  ... > 
  at <Anonymous value= {hashed: true, components: Object, theme: undefined, token: Object} > 
  at <ALocaleProvider locale=undefined ANT_MARK__="internalMark" > 
  at <LocaleReceiver children=fn<children> > 
  at <AConfigProvider theme= {token: Object} > 
  at <App> @ http://127.0.0.1:5175/@vite/client:528
[    4026ms] [WARNING] [Vue warn]: Invalid prop: type check failed for prop "onKeydown". Expected Function, got Array  
  at <ATextarea value="" onUpdate:value=fn rows=4  ... > 
  at <Anonymous value= {hashed: true, components: Object, theme: undefined, token: Object} > 
  at <ALocaleProvider locale=undefined ANT_MARK__="internalMark" > 
  at <LocaleReceiver children=fn<children> > 
  at <AConfigProvider theme= {token: Object} > 
  at <App> @ http://127.0.0.1:5175/@vite/client:528
[    4029ms] [WARNING] [Vue warn]: Invalid prop: type check failed for prop "onKeydown". Expected Function, got Array  
  at <ATextarea value="" onUpdate:value=fn rows=4  ... > 
  at <Anonymous value= {hashed: true, components: Object, theme: undefined, token: Object} > 
  at <ALocaleProvider locale=undefined ANT_MARK__="internalMark" > 
  at <LocaleReceiver children=fn<children> > 
  at <AConfigProvider theme= {token: Object} > 
  at <App> @ http://127.0.0.1:5175/@vite/client:528
[    4034ms] [WARNING] [Vue warn]: Invalid prop: type check failed for prop "onKeydown". Expected Function, got Array  
  at <ATextarea value="" onUpdate:value=fn rows=4  ... > 
  at <Anonymous value= {hashed: true, components: Object, theme: undefined, token: Object} > 
  at <ALocaleProvider locale=undefined ANT_MARK__="internalMark" > 
  at <LocaleReceiver children=fn<children> > 
  at <AConfigProvider theme= {token: Object} > 
  at <App> @ http://127.0.0.1:5175/@vite/client:528
[    4037ms] [WARNING] [Vue warn]: Invalid prop: type check failed for prop "onKeydown". Expected Function, got Array  
  at <ATextarea value="" onUpdate:value=fn rows=4  ... > 
  at <Anonymous value= {hashed: true, components: Object, theme: undefined, token: Object} > 
  at <ALocaleProvider locale=undefined ANT_MARK__="internalMark" > 
  at <LocaleReceiver children=fn<children> > 
  at <AConfigProvider theme= {token: Object} > 
  at <App> @ http://127.0.0.1:5175/@vite/client:528
[    4040ms] [WARNING] [Vue warn]: Invalid prop: type check failed for prop "onKeydown". Expected Function, got Array  
  at <ATextarea value="" onUpdate:value=fn rows=4  ... > 
  at <Anonymous value= {hashed: true, components: Object, theme: undefined, token: Object} > 
  at <ALocaleProvider locale=undefined ANT_MARK__="internalMark" > 
  at <LocaleReceiver children=fn<children> > 
  at <AConfigProvider theme= {token: Object} > 
  at <App> @ http://127.0.0.1:5175/@vite/client:528
[    4044ms] [WARNING] [Vue warn]: Invalid prop: type check failed for prop "onKeydown". Expected Function, got Array  
  at <ATextarea value="" onUpdate:value=fn rows=4  ... > 
  at <Anonymous value= {hashed: true, components: Object, theme: undefined, token: Object} > 
  at <ALocaleProvider locale=undefined ANT_MARK__="internalMark" > 
  at <LocaleReceiver children=fn<children> > 
  at <AConfigProvider theme= {token: Object} > 
  at <App> @ http://127.0.0.1:5175/@vite/client:528
[    4047ms] [WARNING] [Vue warn]: Invalid prop: type check failed for prop "onKeydown". Expected Function, got Array  
  at <ATextarea value="" onUpdate:value=fn rows=4  ... > 
  at <Anonymous value= {hashed: true, components: Object, theme: undefined, token: Object} > 
  at <ALocaleProvider locale=undefined ANT_MARK__="internalMark" > 
  at <LocaleReceiver children=fn<children> > 
  at <AConfigProvider theme= {token: Object} > 
  at <App> @ http://127.0.0.1:5175/@vite/client:528
[    4050ms] [WARNING] [Vue warn]: Invalid prop: type check failed for prop "onKeydown". Expected Function, got Array  
  at <ATextarea value="" onUpdate:value=fn rows=4  ... > 
  at <Anonymous value= {hashed: true, components: Object, theme: undefined, token: Object} > 
  at <ALocaleProvider locale=undefined ANT_MARK__="internalMark" > 
  at <LocaleReceiver children=fn<children> > 
  at <AConfigProvider theme= {token: Object} > 
  at <App> @ http://127.0.0.1:5175/@vite/client:528
[    4054ms] [WARNING] [Vue warn]: Invalid prop: type check failed for prop "onKeydown". Expected Function, got Array  
  at <ATextarea value="" onUpdate:value=fn rows=4  ... > 
  at <Anonymous value= {hashed: true, components: Object, theme: undefined, token: Object} > 
  at <ALocaleProvider locale=undefined ANT_MARK__="internalMark" > 
  at <LocaleReceiver children=fn<children> > 
  at <AConfigProvider theme= {token: Object} > 
  at <App> @ http://127.0.0.1:5175/@vite/client:528
[    4057ms] [WARNING] [Vue warn]: Invalid prop: type check failed for prop "onKeydown". Expected Function, got Array  
  at <ATextarea value="" onUpdate:value=fn rows=4  ... > 
  at <Anonymous value= {hashed: true, components: Object, theme: undefined, token: Object} > 
  at <ALocaleProvider locale=undefined ANT_MARK__="internalMark" > 
  at <LocaleReceiver children=fn<children> > 
  at <AConfigProvider theme= {token: Object} > 
  at <App> @ http://127.0.0.1:5175/@vite/client:528
[    4060ms] [WARNING] [Vue warn]: Invalid prop: type check failed for prop "onKeydown". Expected Function, got Array  
  at <ATextarea value="" onUpdate:value=fn rows=4  ... > 
  at <Anonymous value= {hashed: true, components: Object, theme: undefined, token: Object} > 
  at <ALocaleProvider locale=undefined ANT_MARK__="internalMark" > 
  at <LocaleReceiver children=fn<children> > 
  at <AConfigProvider theme= {token: Object} > 
  at <App> @ http://127.0.0.1:5175/@vite/client:528
[    4063ms] [WARNING] [Vue warn]: Invalid prop: type check failed for prop "onKeydown". Expected Function, got Array  
  at <ATextarea value="" onUpdate:value=fn rows=4  ... > 
  at <Anonymous value= {hashed: true, components: Object, theme: undefined, token: Object} > 
  at <ALocaleProvider locale=undefined ANT_MARK__="internalMark" > 
  at <LocaleReceiver children=fn<children> > 
  at <AConfigProvider theme= {token: Object} > 
  at <App> @ http://127.0.0.1:5175/@vite/client:528
[    4066ms] [WARNING] [Vue warn]: Invalid prop: type check failed for prop "onKeydown". Expected Function, got Array  
  at <ATextarea value="" onUpdate:value=fn rows=4  ... > 
  at <Anonymous value= {hashed: true, components: Object, theme: undefined, token: Object} > 
  at <ALocaleProvider locale=undefined ANT_MARK__="internalMark" > 
  at <LocaleReceiver children=fn<children> > 
  at <AConfigProvider theme= {token: Object} > 
  at <App> @ http://127.0.0.1:5175/@vite/client:528
[    4069ms] [WARNING] [Vue warn]: Invalid prop: type check failed for prop "onKeydown". Expected Function, got Array  
  at <ATextarea value="" onUpdate:value=fn rows=4  ... > 
  at <Anonymous value= {hashed: true, components: Object, theme: undefined, token: Object} > 
  at <ALocaleProvider locale=undefined ANT_MARK__="internalMark" > 
  at <LocaleReceiver children=fn<children> > 
  at <AConfigProvider theme= {token: Object} > 
  at <App> @ http://127.0.0.1:5175/@vite/client:528
[    4072ms] [WARNING] [Vue warn]: Invalid prop: type check failed for prop "onKeydown". Expected Function, got Array  
  at <ATextarea value="" onUpdate:value=fn rows=4  ... > 
  at <Anonymous value= {hashed: true, components: Object, theme: undefined, token: Object} > 
  at <ALocaleProvider locale=undefined ANT_MARK__="internalMark" > 
  at <LocaleReceiver children=fn<children> > 
  at <AConfigProvider theme= {token: Object} > 
  at <App> @ http://127.0.0.1:5175/@vite/client:528
[    4075ms] [WARNING] [Vue warn]: Invalid prop: type check failed for prop "onKeydown". Expected Function, got Array  
  at <ATextarea value="" onUpdate:value=fn rows=4  ... > 
  at <Anonymous value= {hashed: true, components: Object, theme: undefined, token: Object} > 
  at <ALocaleProvider locale=undefined ANT_MARK__="internalMark" > 
  at <LocaleReceiver children=fn<children> > 
  at <AConfigProvider theme= {token: Object} > 
  at <App> @ http://127.0.0.1:5175/@vite/client:528
[    4078ms] [WARNING] [Vue warn]: Invalid prop: type check failed for prop "onKeydown". Expected Function, got Array  
  at <ATextarea value="" onUpdate:value=fn rows=4  ... > 
  at <Anonymous value= {hashed: true, components: Object, theme: undefined, token: Object} > 
  at <ALocaleProvider locale=undefined ANT_MARK__="internalMark" > 
  at <LocaleReceiver children=fn<children> > 
  at <AConfigProvider theme= {token: Object} > 
  at <App> @ http://127.0.0.1:5175/@vite/client:528
[    4081ms] [WARNING] [Vue warn]: Invalid prop: type check failed for prop "onKeydown". Expected Function, got Array  
  at <ATextarea value="" onUpdate:value=fn rows=4  ... > 
  at <Anonymous value= {hashed: true, components: Object, theme: undefined, token: Object} > 
  at <ALocaleProvider locale=undefined ANT_MARK__="internalMark" > 
  at <LocaleReceiver children=fn<children> > 
  at <AConfigProvider theme= {token: Object} > 
  at <App> @ http://127.0.0.1:5175/@vite/client:528
[    4084ms] [WARNING] [Vue warn]: Invalid prop: type check failed for prop "onKeydown". Expected Function, got Array  
  at <ATextarea value="" onUpdate:value=fn rows=4  ... > 
  at <Anonymous value= {hashed: true, components: Object, theme: undefined, token: Object} > 
  at <ALocaleProvider locale=undefined ANT_MARK__="internalMark" > 
  at <LocaleReceiver children=fn<children> > 
  at <AConfigProvider theme= {token: Object} > 
  at <App> @ http://127.0.0.1:5175/@vite/client:528
[    4087ms] [WARNING] [Vue warn]: Invalid prop: type check failed for prop "onKeydown". Expected Function, got Array  
  at <ATextarea value="" onUpdate:value=fn rows=4  ... > 
  at <Anonymous value= {hashed: true, components: Object, theme: undefined, token: Object} > 
  at <ALocaleProvider locale=undefined ANT_MARK__="internalMark" > 
  at <LocaleReceiver children=fn<children> > 
  at <AConfigProvider theme= {token: Object} > 
  at <App> @ http://127.0.0.1:5175/@vite/client:528
[    4090ms] [WARNING] [Vue warn]: Invalid prop: type check failed for prop "onKeydown". Expected Function, got Array  
  at <ATextarea value="" onUpdate:value=fn rows=4  ... > 
  at <Anonymous value= {hashed: true, components: Object, theme: undefined, token: Object} > 
  at <ALocaleProvider locale=undefined ANT_MARK__="internalMark" > 
  at <LocaleReceiver children=fn<children> > 
  at <AConfigProvider theme= {token: Object} > 
  at <App> @ http://127.0.0.1:5175/@vite/client:528
[    4093ms] [WARNING] [Vue warn]: Invalid prop: type check failed for prop "onKeydown". Expected Function, got Array  
  at <ATextarea value="" onUpdate:value=fn rows=4  ... > 
  at <Anonymous value= {hashed: true, components: Object, theme: undefined, token: Object} > 
  at <ALocaleProvider locale=undefined ANT_MARK__="internalMark" > 
  at <LocaleReceiver children=fn<children> > 
  at <AConfigProvider theme= {token: Object} > 
  at <App> @ http://127.0.0.1:5175/@vite/client:528
[    4096ms] [WARNING] [Vue warn]: Invalid prop: type check failed for prop "onKeydown". Expected Function, got Array  
  at <ATextarea value="" onUpdate:value=fn rows=4  ... > 
  at <Anonymous value= {hashed: true, components: Object, theme: undefined, token: Object} > 
  at <ALocaleProvider locale=undefined ANT_MARK__="internalMark" > 
  at <LocaleReceiver children=fn<children> > 
  at <AConfigProvider theme= {token: Object} > 
  at <App> @ http://127.0.0.1:5175/@vite/client:528
[    4099ms] [WARNING] [Vue warn]: Invalid prop: type check failed for prop "onKeydown". Expected Function, got Array  
  at <ATextarea value="" onUpdate:value=fn rows=4  ... > 
  at <Anonymous value= {hashed: true, components: Object, theme: undefined, token: Object} > 
  at <ALocaleProvider locale=undefined ANT_MARK__="internalMark" > 
  at <LocaleReceiver children=fn<children> > 
  at <AConfigProvider theme= {token: Object} > 
  at <App> @ http://127.0.0.1:5175/@vite/client:528
[    4102ms] [WARNING] [Vue warn]: Invalid prop: type check failed for prop "onKeydown". Expected Function, got Array  
  at <ATextarea value="" onUpdate:value=fn rows=4  ... > 
  at <Anonymous value= {hashed: true, components: Object, theme: undefined, token: Object} > 
  at <ALocaleProvider locale=undefined ANT_MARK__="internalMark" > 
  at <LocaleReceiver children=fn<children> > 
  at <AConfigProvider theme= {token: Object} > 
  at <App> @ http://127.0.0.1:5175/@vite/client:528
[    4105ms] [WARNING] [Vue warn]: Invalid prop: type check failed for prop "onKeydown". Expected Function, got Array  
  at <ATextarea value="" onUpdate:value=fn rows=4  ... > 
  at <Anonymous value= {hashed: true, components: Object, theme: undefined, token: Object} > 
  at <ALocaleProvider locale=undefined ANT_MARK__="internalMark" > 
  at <LocaleReceiver children=fn<children> > 
  at <AConfigProvider theme= {token: Object} > 
  at <App> @ http://127.0.0.1:5175/@vite/client:528
[    4108ms] [WARNING] [Vue warn]: Invalid prop: type check failed for prop "onKeydown". Expected Function, got Array  
  at <ATextarea value="" onUpdate:value=fn rows=4  ... > 
  at <Anonymous value= {hashed: true, components: Object, theme: undefined, token: Object} > 
  at <ALocaleProvider locale=undefined ANT_MARK__="internalMark" > 
  at <LocaleReceiver children=fn<children> > 
  at <AConfigProvider theme= {token: Object} > 
  at <App> @ http://127.0.0.1:5175/@vite/client:528
[    4111ms] [WARNING] [Vue warn]: Invalid prop: type check failed for prop "onKeydown". Expected Function, got Array  
  at <ATextarea value="" onUpdate:value=fn rows=4  ... > 
  at <Anonymous value= {hashed: true, components: Object, theme: undefined, token: Object} > 
  at <ALocaleProvider locale=undefined ANT_MARK__="internalMark" > 
  at <LocaleReceiver children=fn<children> > 
  at <AConfigProvider theme= {token: Object} > 
  at <App> @ http://127.0.0.1:5175/@vite/client:528
[    4115ms] [WARNING] [Vue warn]: Invalid prop: type check failed for prop "onKeydown". Expected Function, got Array  
  at <ATextarea value="" onUpdate:value=fn rows=4  ... > 
  at <Anonymous value= {hashed: true, components: Object, theme: undefined, token: Object} > 
  at <ALocaleProvider locale=undefined ANT_MARK__="internalMark" > 
  at <LocaleReceiver children=fn<children> > 
  at <AConfigProvider theme= {token: Object} > 
  at <App> @ http://127.0.0.1:5175/@vite/client:528
[    4118ms] [WARNING] [Vue warn]: Invalid prop: type check failed for prop "onKeydown". Expected Function, got Array  
  at <ATextarea value="" onUpdate:value=fn rows=4  ... > 
  at <Anonymous value= {hashed: true, components: Object, theme: undefined, token: Object} > 
  at <ALocaleProvider locale=undefined ANT_MARK__="internalMark" > 
  at <LocaleReceiver children=fn<children> > 
  at <AConfigProvider theme= {token: Object} > 
  at <App> @ http://127.0.0.1:5175/@vite/client:528
[    4121ms] [WARNING] [Vue warn]: Invalid prop: type check failed for prop "onKeydown". Expected Function, got Array  
  at <ATextarea value="" onUpdate:value=fn rows=4  ... > 
  at <Anonymous value= {hashed: true, components: Object, theme: undefined, token: Object} > 
  at <ALocaleProvider locale=undefined ANT_MARK__="internalMark" > 
  at <LocaleReceiver children=fn<children> > 
  at <AConfigProvider theme= {token: Object} > 
  at <App> @ http://127.0.0.1:5175/@vite/client:528
[    4124ms] [WARNING] [Vue warn]: Invalid prop: type check failed for prop "onKeydown". Expected Function, got Array  
  at <ATextarea value="" onUpdate:value=fn rows=4  ... > 
  at <Anonymous value= {hashed: true, components: Object, theme: undefined, token: Object} > 
  at <ALocaleProvider locale=undefined ANT_MARK__="internalMark" > 
  at <LocaleReceiver children=fn<children> > 
  at <AConfigProvider theme= {token: Object} > 
  at <App> @ http://127.0.0.1:5175/@vite/client:528
[    4127ms] [WARNING] [Vue warn]: Invalid prop: type check failed for prop "onKeydown". Expected Function, got Array  
  at <ATextarea value="" onUpdate:value=fn rows=4  ... > 
  at <Anonymous value= {hashed: true, components: Object, theme: undefined, token: Object} > 
  at <ALocaleProvider locale=undefined ANT_MARK__="internalMark" > 
  at <LocaleReceiver children=fn<children> > 
  at <AConfigProvider theme= {token: Object} > 
  at <App> @ http://127.0.0.1:5175/@vite/client:528
[    4131ms] [WARNING] [Vue warn]: Invalid prop: type check failed for prop "onKeydown". Expected Function, got Array  
  at <ATextarea value="" onUpdate:value=fn rows=4  ... > 
  at <Anonymous value= {hashed: true, components: Object, theme: undefined, token: Object} > 
  at <ALocaleProvider locale=undefined ANT_MARK__="internalMark" > 
  at <LocaleReceiver children=fn<children> > 
  at <AConfigProvider theme= {token: Object} > 
  at <App> @ http://127.0.0.1:5175/@vite/client:528
[    4135ms] [WARNING] [Vue warn]: Invalid prop: type check failed for prop "onKeydown". Expected Function, got Array  
  at <ATextarea value="" onUpdate:value=fn rows=4  ... > 
  at <Anonymous value= {hashed: true, components: Object, theme: undefined, token: Object} > 
  at <ALocaleProvider locale=undefined ANT_MARK__="internalMark" > 
  at <LocaleReceiver children=fn<children> > 
  at <AConfigProvider theme= {token: Object} > 
  at <App> @ http://127.0.0.1:5175/@vite/client:528
[    4139ms] [WARNING] [Vue warn]: Invalid prop: type check failed for prop "onKeydown". Expected Function, got Array  
  at <ATextarea value="" onUpdate:value=fn rows=4  ... > 
  at <Anonymous value= {hashed: true, components: Object, theme: undefined, token: Object} > 
  at <ALocaleProvider locale=undefined ANT_MARK__="internalMark" > 
  at <LocaleReceiver children=fn<children> > 
  at <AConfigProvider theme= {token: Object} > 
  at <App> @ http://127.0.0.1:5175/@vite/client:528
[    4142ms] [WARNING] [Vue warn]: Invalid prop: type check failed for prop "onKeydown". Expected Function, got Array  
  at <ATextarea value="" onUpdate:value=fn rows=4  ... > 
  at <Anonymous value= {hashed: true, components: Object, theme: undefined, token: Object} > 
  at <ALocaleProvider locale=undefined ANT_MARK__="internalMark" > 
  at <LocaleReceiver children=fn<children> > 
  at <AConfigProvider theme= {token: Object} > 
  at <App> @ http://127.0.0.1:5175/@vite/client:528
[    4145ms] [WARNING] [Vue warn]: Invalid prop: type check failed for prop "onKeydown". Expected Function, got Array  
  at <ATextarea value="" onUpdate:value=fn rows=4  ... > 
  at <Anonymous value= {hashed: true, components: Object, theme: undefined, token: Object} > 
  at <ALocaleProvider locale=undefined ANT_MARK__="internalMark" > 
  at <LocaleReceiver children=fn<children> > 
  at <AConfigProvider theme= {token: Object} > 
  at <App> @ http://127.0.0.1:5175/@vite/client:528
[    4148ms] [WARNING] [Vue warn]: Invalid prop: type check failed for prop "onKeydown". Expected Function, got Array  
  at <ATextarea value="" onUpdate:value=fn rows=4  ... > 
  at <Anonymous value= {hashed: true, components: Object, theme: undefined, token: Object} > 
  at <ALocaleProvider locale=undefined ANT_MARK__="internalMark" > 
  at <LocaleReceiver children=fn<children> > 
  at <AConfigProvider theme= {token: Object} > 
  at <App> @ http://127.0.0.1:5175/@vite/client:528
[    4151ms] [WARNING] [Vue warn]: Invalid prop: type check failed for prop "onKeydown". Expected Function, got Array  
  at <ATextarea value="" onUpdate:value=fn rows=4  ... > 
  at <Anonymous value= {hashed: true, components: Object, theme: undefined, token: Object} > 
  at <ALocaleProvider locale=undefined ANT_MARK__="internalMark" > 
  at <LocaleReceiver children=fn<children> > 
  at <AConfigProvider theme= {token: Object} > 
  at <App> @ http://127.0.0.1:5175/@vite/client:528
[    4154ms] [WARNING] [Vue warn]: Invalid prop: type check failed for prop "onKeydown". Expected Function, got Array  
  at <ATextarea value="" onUpdate:value=fn rows=4  ... > 
  at <Anonymous value= {hashed: true, components: Object, theme: undefined, token: Object} > 
  at <ALocaleProvider locale=undefined ANT_MARK__="internalMark" > 
  at <LocaleReceiver children=fn<children> > 
  at <AConfigProvider theme= {token: Object} > 
  at <App> @ http://127.0.0.1:5175/@vite/client:528
[    4157ms] [WARNING] [Vue warn]: Invalid prop: type check failed for prop "onKeydown". Expected Function, got Array  
  at <ATextarea value="" onUpdate:value=fn rows=4  ... > 
  at <Anonymous value= {hashed: true, components: Object, theme: undefined, token: Object} > 
  at <ALocaleProvider locale=undefined ANT_MARK__="internalMark" > 
  at <LocaleReceiver children=fn<children> > 
  at <AConfigProvider theme= {token: Object} > 
  at <App> @ http://127.0.0.1:5175/@vite/client:528
[    4161ms] [WARNING] [Vue warn]: Invalid prop: type check failed for prop "onKeydown". Expected Function, got Array  
  at <ATextarea value="" onUpdate:value=fn rows=4  ... > 
  at <Anonymous value= {hashed: true, components: Object, theme: undefined, token: Object} > 
  at <ALocaleProvider locale=undefined ANT_MARK__="internalMark" > 
  at <LocaleReceiver children=fn<children> > 
  at <AConfigProvider theme= {token: Object} > 
  at <App> @ http://127.0.0.1:5175/@vite/client:528
[    4164ms] [WARNING] [Vue warn]: Invalid prop: type check failed for prop "onKeydown". Expected Function, got Array  
  at <ATextarea value="" onUpdate:value=fn rows=4  ... > 
  at <Anonymous value= {hashed: true, components: Object, theme: undefined, token: Object} > 
  at <ALocaleProvider locale=undefined ANT_MARK__="internalMark" > 
  at <LocaleReceiver children=fn<children> > 
  at <AConfigProvider theme= {token: Object} > 
  at <App> @ http://127.0.0.1:5175/@vite/client:528
[    4167ms] [WARNING] [Vue warn]: Invalid prop: type check failed for prop "onKeydown". Expected Function, got Array  
  at <ATextarea value="" onUpdate:value=fn rows=4  ... > 
  at <Anonymous value= {hashed: true, components: Object, theme: undefined, token: Object} > 
  at <ALocaleProvider locale=undefined ANT_MARK__="internalMark" > 
  at <LocaleReceiver children=fn<children> > 
  at <AConfigProvider theme= {token: Object} > 
  at <App> @ http://127.0.0.1:5175/@vite/client:528
[    4170ms] [WARNING] [Vue warn]: Invalid prop: type check failed for prop "onKeydown". Expected Function, got Array  
  at <ATextarea value="" onUpdate:value=fn rows=4  ... > 
  at <Anonymous value= {hashed: true, components: Object, theme: undefined, token: Object} > 
  at <ALocaleProvider locale=undefined ANT_MARK__="internalMark" > 
  at <LocaleReceiver children=fn<children> > 
  at <AConfigProvider theme= {token: Object} > 
  at <App> @ http://127.0.0.1:5175/@vite/client:528
[    4173ms] [WARNING] [Vue warn]: Invalid prop: type check failed for prop "onKeydown". Expected Function, got Array  
  at <ATextarea value="" onUpdate:value=fn rows=4  ... > 
  at <Anonymous value= {hashed: true, components: Object, theme: undefined, token: Object} > 
  at <ALocaleProvider locale=undefined ANT_MARK__="internalMark" > 
  at <LocaleReceiver children=fn<children> > 
  at <AConfigProvider theme= {token: Object} > 
  at <App> @ http://127.0.0.1:5175/@vite/client:528
[    4177ms] [WARNING] [Vue warn]: Invalid prop: type check failed for prop "onKeydown". Expected Function, got Array  
  at <ATextarea value="" onUpdate:value=fn rows=4  ... > 
  at <Anonymous value= {hashed: true, components: Object, theme: undefined, token: Object} > 
  at <ALocaleProvider locale=undefined ANT_MARK__="internalMark" > 
  at <LocaleReceiver children=fn<children> > 
  at <AConfigProvider theme= {token: Object} > 
  at <App> @ http://127.0.0.1:5175/@vite/client:528
[    4180ms] [WARNING] [Vue warn]: Invalid prop: type check failed for prop "onKeydown". Expected Function, got Array  
  at <ATextarea value="" onUpdate:value=fn rows=4  ... > 
  at <Anonymous value= {hashed: true, components: Object, theme: undefined, token: Object} > 
  at <ALocaleProvider locale=undefined ANT_MARK__="internalMark" > 
  at <LocaleReceiver children=fn<children> > 
  at <AConfigProvider theme= {token: Object} > 
  at <App> @ http://127.0.0.1:5175/@vite/client:528
[    4183ms] [WARNING] [Vue warn]: Invalid prop: type check failed for prop "onKeydown". Expected Function, got Array  
  at <ATextarea value="" onUpdate:value=fn rows=4  ... > 
  at <Anonymous value= {hashed: true, components: Object, theme: undefined, token: Object} > 
  at <ALocaleProvider locale=undefined ANT_MARK__="internalMark" > 
  at <LocaleReceiver children=fn<children> > 
  at <AConfigProvider theme= {token: Object} > 
  at <App> @ http://127.0.0.1:5175/@vite/client:528
[    4186ms] [WARNING] [Vue warn]: Invalid prop: type check failed for prop "onKeydown". Expected Function, got Array  
  at <ATextarea value="" onUpdate:value=fn rows=4  ... > 
  at <Anonymous value= {hashed: true, components: Object, theme: undefined, token: Object} > 
  at <ALocaleProvider locale=undefined ANT_MARK__="internalMark" > 
  at <LocaleReceiver children=fn<children> > 
  at <AConfigProvider theme= {token: Object} > 
  at <App> @ http://127.0.0.1:5175/@vite/client:528
[    4189ms] [WARNING] [Vue warn]: Invalid prop: type check failed for prop "onKeydown". Expected Function, got Array  
  at <ATextarea value="" onUpdate:value=fn rows=4  ... > 
  at <Anonymous value= {hashed: true, components: Object, theme: undefined, token: Object} > 
  at <ALocaleProvider locale=undefined ANT_MARK__="internalMark" > 
  at <LocaleReceiver children=fn<children> > 
  at <AConfigProvider theme= {token: Object} > 
  at <App> @ http://127.0.0.1:5175/@vite/client:528
[    4192ms] [WARNING] [Vue warn]: Invalid prop: type check failed for prop "onKeydown". Expected Function, got Array  
  at <ATextarea value="" onUpdate:value=fn rows=4  ... > 
  at <Anonymous value= {hashed: true, components: Object, theme: undefined, token: Object} > 
  at <ALocaleProvider locale=undefined ANT_MARK__="internalMark" > 
  at <LocaleReceiver children=fn<children> > 
  at <AConfigProvider theme= {token: Object} > 
  at <App> @ http://127.0.0.1:5175/@vite/client:528
[    4196ms] [WARNING] [Vue warn]: Invalid prop: type check failed for prop "onKeydown". Expected Function, got Array  
  at <ATextarea value="" onUpdate:value=fn rows=4  ... > 
  at <Anonymous value= {hashed: true, components: Object, theme: undefined, token: Object} > 
  at <ALocaleProvider locale=undefined ANT_MARK__="internalMark" > 
  at <LocaleReceiver children=fn<children> > 
  at <AConfigProvider theme= {token: Object} > 
  at <App> @ http://127.0.0.1:5175/@vite/client:528
[    4199ms] [WARNING] [Vue warn]: Invalid prop: type check failed for prop "onKeydown". Expected Function, got Array  
  at <ATextarea value="" onUpdate:value=fn rows=4  ... > 
  at <Anonymous value= {hashed: true, components: Object, theme: undefined, token: Object} > 
  at <ALocaleProvider locale=undefined ANT_MARK__="internalMark" > 
  at <LocaleReceiver children=fn<children> > 
  at <AConfigProvider theme= {token: Object} > 
  at <App> @ http://127.0.0.1:5175/@vite/client:528
[    4202ms] [WARNING] [Vue warn]: Invalid prop: type check failed for prop "onKeydown". Expected Function, got Array  
  at <ATextarea value="" onUpdate:value=fn rows=4  ... > 
  at <Anonymous value= {hashed: true, components: Object, theme: undefined, token: Object} > 
  at <ALocaleProvider locale=undefined ANT_MARK__="internalMark" > 
  at <LocaleReceiver children=fn<children> > 
  at <AConfigProvider theme= {token: Object} > 
  at <App> @ http://127.0.0.1:5175/@vite/client:528
[    4205ms] [WARNING] [Vue warn]: Invalid prop: type check failed for prop "onKeydown". Expected Function, got Array  
  at <ATextarea value="" onUpdate:value=fn rows=4  ... > 
  at <Anonymous value= {hashed: true, components: Object, theme: undefined, token: Object} > 
  at <ALocaleProvider locale=undefined ANT_MARK__="internalMark" > 
  at <LocaleReceiver children=fn<children> > 
  at <AConfigProvider theme= {token: Object} > 
  at <App> @ http://127.0.0.1:5175/@vite/client:528
[    4209ms] [WARNING] [Vue warn]: Invalid prop: type check failed for prop "onKeydown". Expected Function, got Array  
  at <ATextarea value="" onUpdate:value=fn rows=4  ... > 
  at <Anonymous value= {hashed: true, components: Object, theme: undefined, token: Object} > 
  at <ALocaleProvider locale=undefined ANT_MARK__="internalMark" > 
  at <LocaleReceiver children=fn<children> > 
  at <AConfigProvider theme= {token: Object} > 
  at <App> @ http://127.0.0.1:5175/@vite/client:528
[    4213ms] [WARNING] [Vue warn]: Invalid prop: type check failed for prop "onKeydown". Expected Function, got Array  
  at <ATextarea value="" onUpdate:value=fn rows=4  ... > 
  at <Anonymous value= {hashed: true, components: Object, theme: undefined, token: Object} > 
  at <ALocaleProvider locale=undefined ANT_MARK__="internalMark" > 
  at <LocaleReceiver children=fn<children> > 
  at <AConfigProvider theme= {token: Object} > 
  at <App> @ http://127.0.0.1:5175/@vite/client:528
[    4216ms] [WARNING] [Vue warn]: Invalid prop: type check failed for prop "onKeydown". Expected Function, got Array  
  at <ATextarea value="" onUpdate:value=fn rows=4  ... > 
  at <Anonymous value= {hashed: true, components: Object, theme: undefined, token: Object} > 
  at <ALocaleProvider locale=undefined ANT_MARK__="internalMark" > 
  at <LocaleReceiver children=fn<children> > 
  at <AConfigProvider theme= {token: Object} > 
  at <App> @ http://127.0.0.1:5175/@vite/client:528
[    4219ms] [WARNING] [Vue warn]: Invalid prop: type check failed for prop "onKeydown". Expected Function, got Array  
  at <ATextarea value="" onUpdate:value=fn rows=4  ... > 
  at <Anonymous value= {hashed: true, components: Object, theme: undefined, token: Object} > 
  at <ALocaleProvider locale=undefined ANT_MARK__="internalMark" > 
  at <LocaleReceiver children=fn<children> > 
  at <AConfigProvider theme= {token: Object} > 
  at <App> @ http://127.0.0.1:5175/@vite/client:528
[    4222ms] [WARNING] [Vue warn]: Invalid prop: type check failed for prop "onKeydown". Expected Function, got Array  
  at <ATextarea value="" onUpdate:value=fn rows=4  ... > 
  at <Anonymous value= {hashed: true, components: Object, theme: undefined, token: Object} > 
  at <ALocaleProvider locale=undefined ANT_MARK__="internalMark" > 
  at <LocaleReceiver children=fn<children> > 
  at <AConfigProvider theme= {token: Object} > 
  at <App> @ http://127.0.0.1:5175/@vite/client:528
[    4224ms] [WARNING] [Vue warn]: Invalid prop: type check failed for prop "onKeydown". Expected Function, got Array  
  at <ATextarea value="" onUpdate:value=fn rows=4  ... > 
  at <Anonymous value= {hashed: true, components: Object, theme: undefined, token: Object} > 
  at <ALocaleProvider locale=undefined ANT_MARK__="internalMark" > 
  at <LocaleReceiver children=fn<children> > 
  at <AConfigProvider theme= {token: Object} > 
  at <App> @ http://127.0.0.1:5175/@vite/client:528
[    4228ms] [WARNING] [Vue warn]: Invalid prop: type check failed for prop "onKeydown". Expected Function, got Array  
  at <ATextarea value="" onUpdate:value=fn rows=4  ... > 
  at <Anonymous value= {hashed: true, components: Object, theme: undefined, token: Object} > 
  at <ALocaleProvider locale=undefined ANT_MARK__="internalMark" > 
  at <LocaleReceiver children=fn<children> > 
  at <AConfigProvider theme= {token: Object} > 
  at <App> @ http://127.0.0.1:5175/@vite/client:528
[    4232ms] [WARNING] [Vue warn]: Invalid prop: type check failed for prop "onKeydown". Expected Function, got Array  
  at <ATextarea value="" onUpdate:value=fn rows=4  ... > 
  at <Anonymous value= {hashed: true, components: Object, theme: undefined, token: Object} > 
  at <ALocaleProvider locale=undefined ANT_MARK__="internalMark" > 
  at <LocaleReceiver children=fn<children> > 
  at <AConfigProvider theme= {token: Object} > 
  at <App> @ http://127.0.0.1:5175/@vite/client:528
[    4235ms] [WARNING] [Vue warn]: Invalid prop: type check failed for prop "onKeydown". Expected Function, got Array  
  at <ATextarea value="" onUpdate:value=fn rows=4  ... > 
  at <Anonymous value= {hashed: true, components: Object, theme: undefined, token: Object} > 
  at <ALocaleProvider locale=undefined ANT_MARK__="internalMark" > 
  at <LocaleReceiver children=fn<children> > 
  at <AConfigProvider theme= {token: Object} > 
  at <App> @ http://127.0.0.1:5175/@vite/client:528
[    4238ms] [WARNING] [Vue warn]: Invalid prop: type check failed for prop "onKeydown". Expected Function, got Array  
  at <ATextarea value="" onUpdate:value=fn rows=4  ... > 
  at <Anonymous value= {hashed: true, components: Object, theme: undefined, token: Object} > 
  at <ALocaleProvider locale=undefined ANT_MARK__="internalMark" > 
  at <LocaleReceiver children=fn<children> > 
  at <AConfigProvider theme= {token: Object} > 
  at <App> @ http://127.0.0.1:5175/@vite/client:528
[    4241ms] [WARNING] [Vue warn]: Invalid prop: type check failed for prop "onKeydown". Expected Function, got Array  
  at <ATextarea value="" onUpdate:value=fn rows=4  ... > 
  at <Anonymous value= {hashed: true, components: Object, theme: undefined, token: Object} > 
  at <ALocaleProvider locale=undefined ANT_MARK__="internalMark" > 
  at <LocaleReceiver children=fn<children> > 
  at <AConfigProvider theme= {token: Object} > 
  at <App> @ http://127.0.0.1:5175/@vite/client:528
[    4244ms] [WARNING] [Vue warn]: Invalid prop: type check failed for prop "onKeydown". Expected Function, got Array  
  at <ATextarea value="" onUpdate:value=fn rows=4  ... > 
  at <Anonymous value= {hashed: true, components: Object, theme: undefined, token: Object} > 
  at <ALocaleProvider locale=undefined ANT_MARK__="internalMark" > 
  at <LocaleReceiver children=fn<children> > 
  at <AConfigProvider theme= {token: Object} > 
  at <App> @ http://127.0.0.1:5175/@vite/client:528
[    4247ms] [WARNING] [Vue warn]: Invalid prop: type check failed for prop "onKeydown". Expected Function, got Array  
  at <ATextarea value="" onUpdate:value=fn rows=4  ... > 
  at <Anonymous value= {hashed: true, components: Object, theme: undefined, token: Object} > 
  at <ALocaleProvider locale=undefined ANT_MARK__="internalMark" > 
  at <LocaleReceiver children=fn<children> > 
  at <AConfigProvider theme= {token: Object} > 
  at <App> @ http://127.0.0.1:5175/@vite/client:528
[    4251ms] [WARNING] [Vue warn]: Invalid prop: type check failed for prop "onKeydown". Expected Function, got Array  
  at <ATextarea value="" onUpdate:value=fn rows=4  ... > 
  at <Anonymous value= {hashed: true, components: Object, theme: undefined, token: Object} > 
  at <ALocaleProvider locale=undefined ANT_MARK__="internalMark" > 
  at <LocaleReceiver children=fn<children> > 
  at <AConfigProvider theme= {token: Object} > 
  at <App> @ http://127.0.0.1:5175/@vite/client:528
[    4254ms] [WARNING] [Vue warn]: Invalid prop: type check failed for prop "onKeydown". Expected Function, got Array  
  at <ATextarea value="" onUpdate:value=fn rows=4  ... > 
  at <Anonymous value= {hashed: true, components: Object, theme: undefined, token: Object} > 
  at <ALocaleProvider locale=undefined ANT_MARK__="internalMark" > 
  at <LocaleReceiver children=fn<children> > 
  at <AConfigProvider theme= {token: Object} > 
  at <App> @ http://127.0.0.1:5175/@vite/client:528
[    4257ms] [WARNING] [Vue warn]: Invalid prop: type check failed for prop "onKeydown". Expected Function, got Array  
  at <ATextarea value="" onUpdate:value=fn rows=4  ... > 
  at <Anonymous value= {hashed: true, components: Object, theme: undefined, token: Object} > 
  at <ALocaleProvider locale=undefined ANT_MARK__="internalMark" > 
  at <LocaleReceiver children=fn<children> > 
  at <AConfigProvider theme= {token: Object} > 
  at <App> @ http://127.0.0.1:5175/@vite/client:528
[    4260ms] [WARNING] [Vue warn]: Invalid prop: type check failed for prop "onKeydown". Expected Function, got Array  
  at <ATextarea value="" onUpdate:value=fn rows=4  ... > 
  at <Anonymous value= {hashed: true, components: Object, theme: undefined, token: Object} > 
  at <ALocaleProvider locale=undefined ANT_MARK__="internalMark" > 
  at <LocaleReceiver children=fn<children> > 
  at <AConfigProvider theme= {token: Object} > 
  at <App> @ http://127.0.0.1:5175/@vite/client:528
[    4263ms] [WARNING] [Vue warn]: Invalid prop: type check failed for prop "onKeydown". Expected Function, got Array  
  at <ATextarea value="" onUpdate:value=fn rows=4  ... > 
  at <Anonymous value= {hashed: true, components: Object, theme: undefined, token: Object} > 
  at <ALocaleProvider locale=undefined ANT_MARK__="internalMark" > 
  at <LocaleReceiver children=fn<children> > 
  at <AConfigProvider theme= {token: Object} > 
  at <App> @ http://127.0.0.1:5175/@vite/client:528
[    4266ms] [WARNING] [Vue warn]: Invalid prop: type check failed for prop "onKeydown". Expected Function, got Array  
  at <ATextarea value="" onUpdate:value=fn rows=4  ... > 
  at <Anonymous value= {hashed: true, components: Object, theme: undefined, token: Object} > 
  at <ALocaleProvider locale=undefined ANT_MARK__="internalMark" > 
  at <LocaleReceiver children=fn<children> > 
  at <AConfigProvider theme= {token: Object} > 
  at <App> @ http://127.0.0.1:5175/@vite/client:528
[    4269ms] [WARNING] [Vue warn]: Invalid prop: type check failed for prop "onKeydown". Expected Function, got Array  
  at <ATextarea value="" onUpdate:value=fn rows=4  ... > 
  at <Anonymous value= {hashed: true, components: Object, theme: undefined, token: Object} > 
  at <ALocaleProvider locale=undefined ANT_MARK__="internalMark" > 
  at <LocaleReceiver children=fn<children> > 
  at <AConfigProvider theme= {token: Object} > 
  at <App> @ http://127.0.0.1:5175/@vite/client:528
[    4272ms] [WARNING] [Vue warn]: Invalid prop: type check failed for prop "onKeydown". Expected Function, got Array  
  at <ATextarea value="" onUpdate:value=fn rows=4  ... > 
  at <Anonymous value= {hashed: true, components: Object, theme: undefined, token: Object} > 
  at <ALocaleProvider locale=undefined ANT_MARK__="internalMark" > 
  at <LocaleReceiver children=fn<children> > 
  at <AConfigProvider theme= {token: Object} > 
  at <App> @ http://127.0.0.1:5175/@vite/client:528
[    4276ms] [WARNING] [Vue warn]: Invalid prop: type check failed for prop "onKeydown". Expected Function, got Array  
  at <ATextarea value="" onUpdate:value=fn rows=4  ... > 
  at <Anonymous value= {hashed: true, components: Object, theme: undefined, token: Object} > 
  at <ALocaleProvider locale=undefined ANT_MARK__="internalMark" > 
  at <LocaleReceiver children=fn<children> > 
  at <AConfigProvider theme= {token: Object} > 
  at <App> @ http://127.0.0.1:5175/@vite/client:528
[    4279ms] [WARNING] [Vue warn]: Invalid prop: type check failed for prop "onKeydown". Expected Function, got Array  
  at <ATextarea value="" onUpdate:value=fn rows=4  ... > 
  at <Anonymous value= {hashed: true, components: Object, theme: undefined, token: Object} > 
  at <ALocaleProvider locale=undefined ANT_MARK__="internalMark" > 
  at <LocaleReceiver children=fn<children> > 
  at <AConfigProvider theme= {token: Object} > 
  at <App> @ http://127.0.0.1:5175/@vite/client:528
[    4282ms] [WARNING] [Vue warn]: Invalid prop: type check failed for prop "onKeydown". Expected Function, got Array  
  at <ATextarea value="" onUpdate:value=fn rows=4  ... > 
  at <Anonymous value= {hashed: true, components: Object, theme: undefined, token: Object} > 
  at <ALocaleProvider locale=undefined ANT_MARK__="internalMark" > 
  at <LocaleReceiver children=fn<children> > 
  at <AConfigProvider theme= {token: Object} > 
  at <App> @ http://127.0.0.1:5175/@vite/client:528
[    4286ms] [WARNING] [Vue warn]: Invalid prop: type check failed for prop "onKeydown". Expected Function, got Array  
  at <ATextarea value="" onUpdate:value=fn rows=4  ... > 
  at <Anonymous value= {hashed: true, components: Object, theme: undefined, token: Object} > 
  at <ALocaleProvider locale=undefined ANT_MARK__="internalMark" > 
  at <LocaleReceiver children=fn<children> > 
  at <AConfigProvider theme= {token: Object} > 
  at <App> @ http://127.0.0.1:5175/@vite/client:528
[    4289ms] [WARNING] [Vue warn]: Invalid prop: type check failed for prop "onKeydown". Expected Function, got Array  
  at <ATextarea value="" onUpdate:value=fn rows=4  ... > 
  at <Anonymous value= {hashed: true, components: Object, theme: undefined, token: Object} > 
  at <ALocaleProvider locale=undefined ANT_MARK__="internalMark" > 
  at <LocaleReceiver children=fn<children> > 
  at <AConfigProvider theme= {token: Object} > 
  at <App> @ http://127.0.0.1:5175/@vite/client:528
[    4292ms] [WARNING] [Vue warn]: Invalid prop: type check failed for prop "onKeydown". Expected Function, got Array  
  at <ATextarea value="" onUpdate:value=fn rows=4  ... > 
  at <Anonymous value= {hashed: true, components: Object, theme: undefined, token: Object} > 
  at <ALocaleProvider locale=undefined ANT_MARK__="internalMark" > 
  at <LocaleReceiver children=fn<children> > 
  at <AConfigProvider theme= {token: Object} > 
  at <App> @ http://127.0.0.1:5175/@vite/client:528
[    4295ms] [WARNING] [Vue warn]: Invalid prop: type check failed for prop "onKeydown". Expected Function, got Array  
  at <ATextarea value="" onUpdate:value=fn rows=4  ... > 
  at <Anonymous value= {hashed: true, components: Object, theme: undefined, token: Object} > 
  at <ALocaleProvider locale=undefined ANT_MARK__="internalMark" > 
  at <LocaleReceiver children=fn<children> > 
  at <AConfigProvider theme= {token: Object} > 
  at <App> @ http://127.0.0.1:5175/@vite/client:528
[    4298ms] [WARNING] [Vue warn]: Invalid prop: type check failed for prop "onKeydown". Expected Function, got Array  
  at <ATextarea value="" onUpdate:value=fn rows=4  ... > 
  at <Anonymous value= {hashed: true, components: Object, theme: undefined, token: Object} > 
  at <ALocaleProvider locale=undefined ANT_MARK__="internalMark" > 
  at <LocaleReceiver children=fn<children> > 
  at <AConfigProvider theme= {token: Object} > 
  at <App> @ http://127.0.0.1:5175/@vite/client:528
[    4301ms] [WARNING] [Vue warn]: Invalid prop: type check failed for prop "onKeydown". Expected Function, got Array  
  at <ATextarea value="" onUpdate:value=fn rows=4  ... > 
  at <Anonymous value= {hashed: true, components: Object, theme: undefined, token: Object} > 
  at <ALocaleProvider locale=undefined ANT_MARK__="internalMark" > 
  at <LocaleReceiver children=fn<children> > 
  at <AConfigProvider theme= {token: Object} > 
  at <App> @ http://127.0.0.1:5175/@vite/client:528
[    4304ms] [WARNING] [Vue warn]: Invalid prop: type check failed for prop "onKeydown". Expected Function, got Array  
  at <ATextarea value="" onUpdate:value=fn rows=4  ... > 
  at <Anonymous value= {hashed: true, components: Object, theme: undefined, token: Object} > 
  at <ALocaleProvider locale=undefined ANT_MARK__="internalMark" > 
  at <LocaleReceiver children=fn<children> > 
  at <AConfigProvider theme= {token: Object} > 
  at <App> @ http://127.0.0.1:5175/@vite/client:528
[    4307ms] [WARNING] [Vue warn]: Invalid prop: type check failed for prop "onKeydown". Expected Function, got Array  
  at <ATextarea value="" onUpdate:value=fn rows=4  ... > 
  at <Anonymous value= {hashed: true, components: Object, theme: undefined, token: Object} > 
  at <ALocaleProvider locale=undefined ANT_MARK__="internalMark" > 
  at <LocaleReceiver children=fn<children> > 
  at <AConfigProvider theme= {token: Object} > 
  at <App> @ http://127.0.0.1:5175/@vite/client:528
[    4311ms] [WARNING] [Vue warn]: Invalid prop: type check failed for prop "onKeydown". Expected Function, got Array  
  at <ATextarea value="" onUpdate:value=fn rows=4  ... > 
  at <Anonymous value= {hashed: true, components: Object, theme: undefined, token: Object} > 
  at <ALocaleProvider locale=undefined ANT_MARK__="internalMark" > 
  at <LocaleReceiver children=fn<children> > 
  at <AConfigProvider theme= {token: Object} > 
  at <App> @ http://127.0.0.1:5175/@vite/client:528
[    4314ms] [WARNING] [Vue warn]: Invalid prop: type check failed for prop "onKeydown". Expected Function, got Array  
  at <ATextarea value="" onUpdate:value=fn rows=4  ... > 
  at <Anonymous value= {hashed: true, components: Object, theme: undefined, token: Object} > 
  at <ALocaleProvider locale=undefined ANT_MARK__="internalMark" > 
  at <LocaleReceiver children=fn<children> > 
  at <AConfigProvider theme= {token: Object} > 
  at <App> @ http://127.0.0.1:5175/@vite/client:528
[    4317ms] [WARNING] [Vue warn]: Invalid prop: type check failed for prop "onKeydown". Expected Function, got Array  
  at <ATextarea value="" onUpdate:value=fn rows=4  ... > 
  at <Anonymous value= {hashed: true, components: Object, theme: undefined, token: Object} > 
  at <ALocaleProvider locale=undefined ANT_MARK__="internalMark" > 
  at <LocaleReceiver children=fn<children> > 
  at <AConfigProvider theme= {token: Object} > 
  at <App> @ http://127.0.0.1:5175/@vite/client:528
[    4320ms] [WARNING] [Vue warn]: Invalid prop: type check failed for prop "onKeydown". Expected Function, got Array  
  at <ATextarea value="" onUpdate:value=fn rows=4  ... > 
  at <Anonymous value= {hashed: true, components: Object, theme: undefined, token: Object} > 
  at <ALocaleProvider locale=undefined ANT_MARK__="internalMark" > 
  at <LocaleReceiver children=fn<children> > 
  at <AConfigProvider theme= {token: Object} > 
  at <App> @ http://127.0.0.1:5175/@vite/client:528
[    4323ms] [WARNING] [Vue warn]: Invalid prop: type check failed for prop "onKeydown". Expected Function, got Array  
  at <ATextarea value="" onUpdate:value=fn rows=4  ... > 
  at <Anonymous value= {hashed: true, components: Object, theme: undefined, token: Object} > 
  at <ALocaleProvider locale=undefined ANT_MARK__="internalMark" > 
  at <LocaleReceiver children=fn<children> > 
  at <AConfigProvider theme= {token: Object} > 
  at <App> @ http://127.0.0.1:5175/@vite/client:528
[    4326ms] [WARNING] [Vue warn]: Invalid prop: type check failed for prop "onKeydown". Expected Function, got Array  
  at <ATextarea value="" onUpdate:value=fn rows=4  ... > 
  at <Anonymous value= {hashed: true, components: Object, theme: undefined, token: Object} > 
  at <ALocaleProvider locale=undefined ANT_MARK__="internalMark" > 
  at <LocaleReceiver children=fn<children> > 
  at <AConfigProvider theme= {token: Object} > 
  at <App> @ http://127.0.0.1:5175/@vite/client:528
[    4329ms] [WARNING] [Vue warn]: Invalid prop: type check failed for prop "onKeydown". Expected Function, got Array  
  at <ATextarea value="" onUpdate:value=fn rows=4  ... > 
  at <Anonymous value= {hashed: true, components: Object, theme: undefined, token: Object} > 
  at <ALocaleProvider locale=undefined ANT_MARK__="internalMark" > 
  at <LocaleReceiver children=fn<children> > 
  at <AConfigProvider theme= {token: Object} > 
  at <App> @ http://127.0.0.1:5175/@vite/client:528
[    4332ms] [WARNING] [Vue warn]: Invalid prop: type check failed for prop "onKeydown". Expected Function, got Array  
  at <ATextarea value="" onUpdate:value=fn rows=4  ... > 
  at <Anonymous value= {hashed: true, components: Object, theme: undefined, token: Object} > 
  at <ALocaleProvider locale=undefined ANT_MARK__="internalMark" > 
  at <LocaleReceiver children=fn<children> > 
  at <AConfigProvider theme= {token: Object} > 
  at <App> @ http://127.0.0.1:5175/@vite/client:528
[    4335ms] [WARNING] [Vue warn]: Invalid prop: type check failed for prop "onKeydown". Expected Function, got Array  
  at <ATextarea value="" onUpdate:value=fn rows=4  ... > 
  at <Anonymous value= {hashed: true, components: Object, theme: undefined, token: Object} > 
  at <ALocaleProvider locale=undefined ANT_MARK__="internalMark" > 
  at <LocaleReceiver children=fn<children> > 
  at <AConfigProvider theme= {token: Object} > 
  at <App> @ http://127.0.0.1:5175/@vite/client:528
[    4338ms] [WARNING] [Vue warn]: Invalid prop: type check failed for prop "onKeydown". Expected Function, got Array  
  at <ATextarea value="" onUpdate:value=fn rows=4  ... > 
  at <Anonymous value= {hashed: true, components: Object, theme: undefined, token: Object} > 
  at <ALocaleProvider locale=undefined ANT_MARK__="internalMark" > 
  at <LocaleReceiver children=fn<children> > 
  at <AConfigProvider theme= {token: Object} > 
  at <App> @ http://127.0.0.1:5175/@vite/client:528
[    4342ms] [WARNING] [Vue warn]: Invalid prop: type check failed for prop "onKeydown". Expected Function, got Array  
  at <ATextarea value="" onUpdate:value=fn rows=4  ... > 
  at <Anonymous value= {hashed: true, components: Object, theme: undefined, token: Object} > 
  at <ALocaleProvider locale=undefined ANT_MARK__="internalMark" > 
  at <LocaleReceiver children=fn<children> > 
  at <AConfigProvider theme= {token: Object} > 
  at <App> @ http://127.0.0.1:5175/@vite/client:528
[    4345ms] [WARNING] [Vue warn]: Invalid prop: type check failed for prop "onKeydown". Expected Function, got Array  
  at <ATextarea value="" onUpdate:value=fn rows=4  ... > 
  at <Anonymous value= {hashed: true, components: Object, theme: undefined, token: Object} > 
  at <ALocaleProvider locale=undefined ANT_MARK__="internalMark" > 
  at <LocaleReceiver children=fn<children> > 
  at <AConfigProvider theme= {token: Object} > 
  at <App> @ http://127.0.0.1:5175/@vite/client:528
[    4347ms] [WARNING] [Vue warn]: Invalid prop: type check failed for prop "onKeydown". Expected Function, got Array  
  at <ATextarea value="" onUpdate:value=fn rows=4  ... > 
  at <Anonymous value= {hashed: true, components: Object, theme: undefined, token: Object} > 
  at <ALocaleProvider locale=undefined ANT_MARK__="internalMark" > 
  at <LocaleReceiver children=fn<children> > 
  at <AConfigProvider theme= {token: Object} > 
  at <App> @ http://127.0.0.1:5175/@vite/client:528
[    4350ms] [WARNING] [Vue warn]: Invalid prop: type check failed for prop "onKeydown". Expected Function, got Array  
  at <ATextarea value="" onUpdate:value=fn rows=4  ... > 
  at <Anonymous value= {hashed: true, components: Object, theme: undefined, token: Object} > 
  at <ALocaleProvider locale=undefined ANT_MARK__="internalMark" > 
  at <LocaleReceiver children=fn<children> > 
  at <AConfigProvider theme= {token: Object} > 
  at <App> @ http://127.0.0.1:5175/@vite/client:528
[    4353ms] [WARNING] [Vue warn]: Invalid prop: type check failed for prop "onKeydown". Expected Function, got Array  
  at <ATextarea value="" onUpdate:value=fn rows=4  ... > 
  at <Anonymous value= {hashed: true, components: Object, theme: undefined, token: Object} > 
  at <ALocaleProvider locale=undefined ANT_MARK__="internalMark" > 
  at <LocaleReceiver children=fn<children> > 
  at <AConfigProvider theme= {token: Object} > 
  at <App> @ http://127.0.0.1:5175/@vite/client:528
[    4356ms] [WARNING] [Vue warn]: Invalid prop: type check failed for prop "onKeydown". Expected Function, got Array  
  at <ATextarea value="" onUpdate:value=fn rows=4  ... > 
  at <Anonymous value= {hashed: true, components: Object, theme: undefined, token: Object} > 
  at <ALocaleProvider locale=undefined ANT_MARK__="internalMark" > 
  at <LocaleReceiver children=fn<children> > 
  at <AConfigProvider theme= {token: Object} > 
  at <App> @ http://127.0.0.1:5175/@vite/client:528
[    4359ms] [WARNING] [Vue warn]: Invalid prop: type check failed for prop "onKeydown". Expected Function, got Array  
  at <ATextarea value="" onUpdate:value=fn rows=4  ... > 
  at <Anonymous value= {hashed: true, components: Object, theme: undefined, token: Object} > 
  at <ALocaleProvider locale=undefined ANT_MARK__="internalMark" > 
  at <LocaleReceiver children=fn<children> > 
  at <AConfigProvider theme= {token: Object} > 
  at <App> @ http://127.0.0.1:5175/@vite/client:528
[    4362ms] [WARNING] [Vue warn]: Invalid prop: type check failed for prop "onKeydown". Expected Function, got Array  
  at <ATextarea value="" onUpdate:value=fn rows=4  ... > 
  at <Anonymous value= {hashed: true, components: Object, theme: undefined, token: Object} > 
  at <ALocaleProvider locale=undefined ANT_MARK__="internalMark" > 
  at <LocaleReceiver children=fn<children> > 
  at <AConfigProvider theme= {token: Object} > 
  at <App> @ http://127.0.0.1:5175/@vite/client:528
[    4365ms] [WARNING] [Vue warn]: Invalid prop: type check failed for prop "onKeydown". Expected Function, got Array  
  at <ATextarea value="" onUpdate:value=fn rows=4  ... > 
  at <Anonymous value= {hashed: true, components: Object, theme: undefined, token: Object} > 
  at <ALocaleProvider locale=undefined ANT_MARK__="internalMark" > 
  at <LocaleReceiver children=fn<children> > 
  at <AConfigProvider theme= {token: Object} > 
  at <App> @ http://127.0.0.1:5175/@vite/client:528
[    4368ms] [WARNING] [Vue warn]: Invalid prop: type check failed for prop "onKeydown". Expected Function, got Array  
  at <ATextarea value="" onUpdate:value=fn rows=4  ... > 
  at <Anonymous value= {hashed: true, components: Object, theme: undefined, token: Object} > 
  at <ALocaleProvider locale=undefined ANT_MARK__="internalMark" > 
  at <LocaleReceiver children=fn<children> > 
  at <AConfigProvider theme= {token: Object} > 
  at <App> @ http://127.0.0.1:5175/@vite/client:528
[    4371ms] [WARNING] [Vue warn]: Invalid prop: type check failed for prop "onKeydown". Expected Function, got Array  
  at <ATextarea value="" onUpdate:value=fn rows=4  ... > 
  at <Anonymous value= {hashed: true, components: Object, theme: undefined, token: Object} > 
  at <ALocaleProvider locale=undefined ANT_MARK__="internalMark" > 
  at <LocaleReceiver children=fn<children> > 
  at <AConfigProvider theme= {token: Object} > 
  at <App> @ http://127.0.0.1:5175/@vite/client:528
[    4374ms] [WARNING] [Vue warn]: Invalid prop: type check failed for prop "onKeydown". Expected Function, got Array  
  at <ATextarea value="" onUpdate:value=fn rows=4  ... > 
  at <Anonymous value= {hashed: true, components: Object, theme: undefined, token: Object} > 
  at <ALocaleProvider locale=undefined ANT_MARK__="internalMark" > 
  at <LocaleReceiver children=fn<children> > 
  at <AConfigProvider theme= {token: Object} > 
  at <App> @ http://127.0.0.1:5175/@vite/client:528
[    4377ms] [WARNING] [Vue warn]: Invalid prop: type check failed for prop "onKeydown". Expected Function, got Array  
  at <ATextarea value="" onUpdate:value=fn rows=4  ... > 
  at <Anonymous value= {hashed: true, components: Object, theme: undefined, token: Object} > 
  at <ALocaleProvider locale=undefined ANT_MARK__="internalMark" > 
  at <LocaleReceiver children=fn<children> > 
  at <AConfigProvider theme= {token: Object} > 
  at <App> @ http://127.0.0.1:5175/@vite/client:528
[    4380ms] [WARNING] [Vue warn]: Invalid prop: type check failed for prop "onKeydown". Expected Function, got Array  
  at <ATextarea value="" onUpdate:value=fn rows=4  ... > 
  at <Anonymous value= {hashed: true, components: Object, theme: undefined, token: Object} > 
  at <ALocaleProvider locale=undefined ANT_MARK__="internalMark" > 
  at <LocaleReceiver children=fn<children> > 
  at <AConfigProvider theme= {token: Object} > 
  at <App> @ http://127.0.0.1:5175/@vite/client:528
[    4383ms] [WARNING] [Vue warn]: Invalid prop: type check failed for prop "onKeydown". Expected Function, got Array  
  at <ATextarea value="" onUpdate:value=fn rows=4  ... > 
  at <Anonymous value= {hashed: true, components: Object, theme: undefined, token: Object} > 
  at <ALocaleProvider locale=undefined ANT_MARK__="internalMark" > 
  at <LocaleReceiver children=fn<children> > 
  at <AConfigProvider theme= {token: Object} > 
  at <App> @ http://127.0.0.1:5175/@vite/client:528
[    4387ms] [WARNING] [Vue warn]: Invalid prop: type check failed for prop "onKeydown". Expected Function, got Array  
  at <ATextarea value="" onUpdate:value=fn rows=4  ... > 
  at <Anonymous value= {hashed: true, components: Object, theme: undefined, token: Object} > 
  at <ALocaleProvider locale=undefined ANT_MARK__="internalMark" > 
  at <LocaleReceiver children=fn<children> > 
  at <AConfigProvider theme= {token: Object} > 
  at <App> @ http://127.0.0.1:5175/@vite/client:528
[    4390ms] [WARNING] [Vue warn]: Invalid prop: type check failed for prop "onKeydown". Expected Function, got Array  
  at <ATextarea value="" onUpdate:value=fn rows=4  ... > 
  at <Anonymous value= {hashed: true, components: Object, theme: undefined, token: Object} > 
  at <ALocaleProvider locale=undefined ANT_MARK__="internalMark" > 
  at <LocaleReceiver children=fn<children> > 
  at <AConfigProvider theme= {token: Object} > 
  at <App> @ http://127.0.0.1:5175/@vite/client:528
[    4393ms] [WARNING] [Vue warn]: Invalid prop: type check failed for prop "onKeydown". Expected Function, got Array  
  at <ATextarea value="" onUpdate:value=fn rows=4  ... > 
  at <Anonymous value= {hashed: true, components: Object, theme: undefined, token: Object} > 
  at <ALocaleProvider locale=undefined ANT_MARK__="internalMark" > 
  at <LocaleReceiver children=fn<children> > 
  at <AConfigProvider theme= {token: Object} > 
  at <App> @ http://127.0.0.1:5175/@vite/client:528
[    4396ms] [WARNING] [Vue warn]: Invalid prop: type check failed for prop "onKeydown". Expected Function, got Array  
  at <ATextarea value="" onUpdate:value=fn rows=4  ... > 
  at <Anonymous value= {hashed: true, components: Object, theme: undefined, token: Object} > 
  at <ALocaleProvider locale=undefined ANT_MARK__="internalMark" > 
  at <LocaleReceiver children=fn<children> > 
  at <AConfigProvider theme= {token: Object} > 
  at <App> @ http://127.0.0.1:5175/@vite/client:528
[    4399ms] [WARNING] [Vue warn]: Invalid prop: type check failed for prop "onKeydown". Expected Function, got Array  
  at <ATextarea value="" onUpdate:value=fn rows=4  ... > 
  at <Anonymous value= {hashed: true, components: Object, theme: undefined, token: Object} > 
  at <ALocaleProvider locale=undefined ANT_MARK__="internalMark" > 
  at <LocaleReceiver children=fn<children> > 
  at <AConfigProvider theme= {token: Object} > 
  at <App> @ http://127.0.0.1:5175/@vite/client:528
[    4402ms] [WARNING] [Vue warn]: Invalid prop: type check failed for prop "onKeydown". Expected Function, got Array  
  at <ATextarea value="" onUpdate:value=fn rows=4  ... > 
  at <Anonymous value= {hashed: true, components: Object, theme: undefined, token: Object} > 
  at <ALocaleProvider locale=undefined ANT_MARK__="internalMark" > 
  at <LocaleReceiver children=fn<children> > 
  at <AConfigProvider theme= {token: Object} > 
  at <App> @ http://127.0.0.1:5175/@vite/client:528
[    4405ms] [WARNING] [Vue warn]: Invalid prop: type check failed for prop "onKeydown". Expected Function, got Array  
  at <ATextarea value="" onUpdate:value=fn rows=4  ... > 
  at <Anonymous value= {hashed: true, components: Object, theme: undefined, token: Object} > 
  at <ALocaleProvider locale=undefined ANT_MARK__="internalMark" > 
  at <LocaleReceiver children=fn<children> > 
  at <AConfigProvider theme= {token: Object} > 
  at <App> @ http://127.0.0.1:5175/@vite/client:528
[    4408ms] [WARNING] [Vue warn]: Invalid prop: type check failed for prop "onKeydown". Expected Function, got Array  
  at <ATextarea value="" onUpdate:value=fn rows=4  ... > 
  at <Anonymous value= {hashed: true, components: Object, theme: undefined, token: Object} > 
  at <ALocaleProvider locale=undefined ANT_MARK__="internalMark" > 
  at <LocaleReceiver children=fn<children> > 
  at <AConfigProvider theme= {token: Object} > 
  at <App> @ http://127.0.0.1:5175/@vite/client:528
[    4413ms] [WARNING] [Vue warn]: Invalid prop: type check failed for prop "onKeydown". Expected Function, got Array  
  at <ATextarea value="" onUpdate:value=fn rows=4  ... > 
  at <Anonymous value= {hashed: true, components: Object, theme: undefined, token: Object} > 
  at <ALocaleProvider locale=undefined ANT_MARK__="internalMark" > 
  at <LocaleReceiver children=fn<children> > 
  at <AConfigProvider theme= {token: Object} > 
  at <App> @ http://127.0.0.1:5175/@vite/client:528
[    4416ms] [WARNING] [Vue warn]: Invalid prop: type check failed for prop "onKeydown". Expected Function, got Array  
  at <ATextarea value="" onUpdate:value=fn rows=4  ... > 
  at <Anonymous value= {hashed: true, components: Object, theme: undefined, token: Object} > 
  at <ALocaleProvider locale=undefined ANT_MARK__="internalMark" > 
  at <LocaleReceiver children=fn<children> > 
  at <AConfigProvider theme= {token: Object} > 
  at <App> @ http://127.0.0.1:5175/@vite/client:528
[    4420ms] [WARNING] [Vue warn]: Invalid prop: type check failed for prop "onKeydown". Expected Function, got Array  
  at <ATextarea value="" onUpdate:value=fn rows=4  ... > 
  at <Anonymous value= {hashed: true, components: Object, theme: undefined, token: Object} > 
  at <ALocaleProvider locale=undefined ANT_MARK__="internalMark" > 
  at <LocaleReceiver children=fn<children> > 
  at <AConfigProvider theme= {token: Object} > 
  at <App> @ http://127.0.0.1:5175/@vite/client:528
[    4424ms] [WARNING] [Vue warn]: Invalid prop: type check failed for prop "onKeydown". Expected Function, got Array  
  at <ATextarea value="" onUpdate:value=fn rows=4  ... > 
  at <Anonymous value= {hashed: true, components: Object, theme: undefined, token: Object} > 
  at <ALocaleProvider locale=undefined ANT_MARK__="internalMark" > 
  at <LocaleReceiver children=fn<children> > 
  at <AConfigProvider theme= {token: Object} > 
  at <App> @ http://127.0.0.1:5175/@vite/client:528
[    4427ms] [WARNING] [Vue warn]: Invalid prop: type check failed for prop "onKeydown". Expected Function, got Array  
  at <ATextarea value="" onUpdate:value=fn rows=4  ... > 
  at <Anonymous value= {hashed: true, components: Object, theme: undefined, token: Object} > 
  at <ALocaleProvider locale=undefined ANT_MARK__="internalMark" > 
  at <LocaleReceiver children=fn<children> > 
  at <AConfigProvider theme= {token: Object} > 
  at <App> @ http://127.0.0.1:5175/@vite/client:528
[    4430ms] [WARNING] [Vue warn]: Invalid prop: type check failed for prop "onKeydown". Expected Function, got Array  
  at <ATextarea value="" onUpdate:value=fn rows=4  ... > 
  at <Anonymous value= {hashed: true, components: Object, theme: undefined, token: Object} > 
  at <ALocaleProvider locale=undefined ANT_MARK__="internalMark" > 
  at <LocaleReceiver children=fn<children> > 
  at <AConfigProvider theme= {token: Object} > 
  at <App> @ http://127.0.0.1:5175/@vite/client:528
[    4434ms] [WARNING] [Vue warn]: Invalid prop: type check failed for prop "onKeydown". Expected Function, got Array  
  at <ATextarea value="" onUpdate:value=fn rows=4  ... > 
  at <Anonymous value= {hashed: true, components: Object, theme: undefined, token: Object} > 
  at <ALocaleProvider locale=undefined ANT_MARK__="internalMark" > 
  at <LocaleReceiver children=fn<children> > 
  at <AConfigProvider theme= {token: Object} > 
  at <App> @ http://127.0.0.1:5175/@vite/client:528
[    4437ms] [WARNING] [Vue warn]: Invalid prop: type check failed for prop "onKeydown". Expected Function, got Array  
  at <ATextarea value="" onUpdate:value=fn rows=4  ... > 
  at <Anonymous value= {hashed: true, components: Object, theme: undefined, token: Object} > 
  at <ALocaleProvider locale=undefined ANT_MARK__="internalMark" > 
  at <LocaleReceiver children=fn<children> > 
  at <AConfigProvider theme= {token: Object} > 
  at <App> @ http://127.0.0.1:5175/@vite/client:528
[    4440ms] [WARNING] [Vue warn]: Invalid prop: type check failed for prop "onKeydown". Expected Function, got Array  
  at <ATextarea value="" onUpdate:value=fn rows=4  ... > 
  at <Anonymous value= {hashed: true, components: Object, theme: undefined, token: Object} > 
  at <ALocaleProvider locale=undefined ANT_MARK__="internalMark" > 
  at <LocaleReceiver children=fn<children> > 
  at <AConfigProvider theme= {token: Object} > 
  at <App> @ http://127.0.0.1:5175/@vite/client:528
[    4444ms] [WARNING] [Vue warn]: Invalid prop: type check failed for prop "onKeydown". Expected Function, got Array  
  at <ATextarea value="" onUpdate:value=fn rows=4  ... > 
  at <Anonymous value= {hashed: true, components: Object, theme: undefined, token: Object} > 
  at <ALocaleProvider locale=undefined ANT_MARK__="internalMark" > 
  at <LocaleReceiver children=fn<children> > 
  at <AConfigProvider theme= {token: Object} > 
  at <App> @ http://127.0.0.1:5175/@vite/client:528
[    4447ms] [WARNING] [Vue warn]: Invalid prop: type check failed for prop "onKeydown". Expected Function, got Array  
  at <ATextarea value="" onUpdate:value=fn rows=4  ... > 
  at <Anonymous value= {hashed: true, components: Object, theme: undefined, token: Object} > 
  at <ALocaleProvider locale=undefined ANT_MARK__="internalMark" > 
  at <LocaleReceiver children=fn<children> > 
  at <AConfigProvider theme= {token: Object} > 
  at <App> @ http://127.0.0.1:5175/@vite/client:528
[    4450ms] [WARNING] [Vue warn]: Invalid prop: type check failed for prop "onKeydown". Expected Function, got Array  
  at <ATextarea value="" onUpdate:value=fn rows=4  ... > 
  at <Anonymous value= {hashed: true, components: Object, theme: undefined, token: Object} > 
  at <ALocaleProvider locale=undefined ANT_MARK__="internalMark" > 
  at <LocaleReceiver children=fn<children> > 
  at <AConfigProvider theme= {token: Object} > 
  at <App> @ http://127.0.0.1:5175/@vite/client:528
[    4453ms] [WARNING] [Vue warn]: Invalid prop: type check failed for prop "onKeydown". Expected Function, got Array  
  at <ATextarea value="" onUpdate:value=fn rows=4  ... > 
  at <Anonymous value= {hashed: true, components: Object, theme: undefined, token: Object} > 
  at <ALocaleProvider locale=undefined ANT_MARK__="internalMark" > 
  at <LocaleReceiver children=fn<children> > 
  at <AConfigProvider theme= {token: Object} > 
  at <App> @ http://127.0.0.1:5175/@vite/client:528
[    4456ms] [WARNING] [Vue warn]: Invalid prop: type check failed for prop "onKeydown". Expected Function, got Array  
  at <ATextarea value="" onUpdate:value=fn rows=4  ... > 
  at <Anonymous value= {hashed: true, components: Object, theme: undefined, token: Object} > 
  at <ALocaleProvider locale=undefined ANT_MARK__="internalMark" > 
  at <LocaleReceiver children=fn<children> > 
  at <AConfigProvider theme= {token: Object} > 
  at <App> @ http://127.0.0.1:5175/@vite/client:528
[    4459ms] [WARNING] [Vue warn]: Invalid prop: type check failed for prop "onKeydown". Expected Function, got Array  
  at <ATextarea value="" onUpdate:value=fn rows=4  ... > 
  at <Anonymous value= {hashed: true, components: Object, theme: undefined, token: Object} > 
  at <ALocaleProvider locale=undefined ANT_MARK__="internalMark" > 
  at <LocaleReceiver children=fn<children> > 
  at <AConfigProvider theme= {token: Object} > 
  at <App> @ http://127.0.0.1:5175/@vite/client:528
[    4462ms] [WARNING] [Vue warn]: Invalid prop: type check failed for prop "onKeydown". Expected Function, got Array  
  at <ATextarea value="" onUpdate:value=fn rows=4  ... > 
  at <Anonymous value= {hashed: true, components: Object, theme: undefined, token: Object} > 
  at <ALocaleProvider locale=undefined ANT_MARK__="internalMark" > 
  at <LocaleReceiver children=fn<children> > 
  at <AConfigProvider theme= {token: Object} > 
  at <App> @ http://127.0.0.1:5175/@vite/client:528
[    4465ms] [WARNING] [Vue warn]: Invalid prop: type check failed for prop "onKeydown". Expected Function, got Array  
  at <ATextarea value="" onUpdate:value=fn rows=4  ... > 
  at <Anonymous value= {hashed: true, components: Object, theme: undefined, token: Object} > 
  at <ALocaleProvider locale=undefined ANT_MARK__="internalMark" > 
  at <LocaleReceiver children=fn<children> > 
  at <AConfigProvider theme= {token: Object} > 
  at <App> @ http://127.0.0.1:5175/@vite/client:528
[    4468ms] [WARNING] [Vue warn]: Invalid prop: type check failed for prop "onKeydown". Expected Function, got Array  
  at <ATextarea value="" onUpdate:value=fn rows=4  ... > 
  at <Anonymous value= {hashed: true, components: Object, theme: undefined, token: Object} > 
  at <ALocaleProvider locale=undefined ANT_MARK__="internalMark" > 
  at <LocaleReceiver children=fn<children> > 
  at <AConfigProvider theme= {token: Object} > 
  at <App> @ http://127.0.0.1:5175/@vite/client:528
[    4471ms] [WARNING] [Vue warn]: Invalid prop: type check failed for prop "onKeydown". Expected Function, got Array  
  at <ATextarea value="" onUpdate:value=fn rows=4  ... > 
  at <Anonymous value= {hashed: true, components: Object, theme: undefined, token: Object} > 
  at <ALocaleProvider locale=undefined ANT_MARK__="internalMark" > 
  at <LocaleReceiver children=fn<children> > 
  at <AConfigProvider theme= {token: Object} > 
  at <App> @ http://127.0.0.1:5175/@vite/client:528
[    4474ms] [WARNING] [Vue warn]: Invalid prop: type check failed for prop "onKeydown". Expected Function, got Array  
  at <ATextarea value="" onUpdate:value=fn rows=4  ... > 
  at <Anonymous value= {hashed: true, components: Object, theme: undefined, token: Object} > 
  at <ALocaleProvider locale=undefined ANT_MARK__="internalMark" > 
  at <LocaleReceiver children=fn<children> > 
  at <AConfigProvider theme= {token: Object} > 
  at <App> @ http://127.0.0.1:5175/@vite/client:528
[    4477ms] [WARNING] [Vue warn]: Invalid prop: type check failed for prop "onKeydown". Expected Function, got Array  
  at <ATextarea value="" onUpdate:value=fn rows=4  ... > 
  at <Anonymous value= {hashed: true, components: Object, theme: undefined, token: Object} > 
  at <ALocaleProvider locale=undefined ANT_MARK__="internalMark" > 
  at <LocaleReceiver children=fn<children> > 
  at <AConfigProvider theme= {token: Object} > 
  at <App> @ http://127.0.0.1:5175/@vite/client:528
[    4480ms] [WARNING] [Vue warn]: Invalid prop: type check failed for prop "onKeydown". Expected Function, got Array  
  at <ATextarea value="" onUpdate:value=fn rows=4  ... > 
  at <Anonymous value= {hashed: true, components: Object, theme: undefined, token: Object} > 
  at <ALocaleProvider locale=undefined ANT_MARK__="internalMark" > 
  at <LocaleReceiver children=fn<children> > 
  at <AConfigProvider theme= {token: Object} > 
  at <App> @ http://127.0.0.1:5175/@vite/client:528
[    4483ms] [WARNING] [Vue warn]: Invalid prop: type check failed for prop "onKeydown". Expected Function, got Array  
  at <ATextarea value="" onUpdate:value=fn rows=4  ... > 
  at <Anonymous value= {hashed: true, components: Object, theme: undefined, token: Object} > 
  at <ALocaleProvider locale=undefined ANT_MARK__="internalMark" > 
  at <LocaleReceiver children=fn<children> > 
  at <AConfigProvider theme= {token: Object} > 
  at <App> @ http://127.0.0.1:5175/@vite/client:528
[    4487ms] [WARNING] [Vue warn]: Invalid prop: type check failed for prop "onKeydown". Expected Function, got Array  
  at <ATextarea value="" onUpdate:value=fn rows=4  ... > 
  at <Anonymous value= {hashed: true, components: Object, theme: undefined, token: Object} > 
  at <ALocaleProvider locale=undefined ANT_MARK__="internalMark" > 
  at <LocaleReceiver children=fn<children> > 
  at <AConfigProvider theme= {token: Object} > 
  at <App> @ http://127.0.0.1:5175/@vite/client:528
[    4490ms] [WARNING] [Vue warn]: Invalid prop: type check failed for prop "onKeydown". Expected Function, got Array  
  at <ATextarea value="" onUpdate:value=fn rows=4  ... > 
  at <Anonymous value= {hashed: true, components: Object, theme: undefined, token: Object} > 
  at <ALocaleProvider locale=undefined ANT_MARK__="internalMark" > 
  at <LocaleReceiver children=fn<children> > 
  at <AConfigProvider theme= {token: Object} > 
  at <App> @ http://127.0.0.1:5175/@vite/client:528
[    4493ms] [WARNING] [Vue warn]: Invalid prop: type check failed for prop "onKeydown". Expected Function, got Array  
  at <ATextarea value="" onUpdate:value=fn rows=4  ... > 
  at <Anonymous value= {hashed: true, components: Object, theme: undefined, token: Object} > 
  at <ALocaleProvider locale=undefined ANT_MARK__="internalMark" > 
  at <LocaleReceiver children=fn<children> > 
  at <AConfigProvider theme= {token: Object} > 
  at <App> @ http://127.0.0.1:5175/@vite/client:528
[    4496ms] [WARNING] [Vue warn]: Invalid prop: type check failed for prop "onKeydown". Expected Function, got Array  
  at <ATextarea value="" onUpdate:value=fn rows=4  ... > 
  at <Anonymous value= {hashed: true, components: Object, theme: undefined, token: Object} > 
  at <ALocaleProvider locale=undefined ANT_MARK__="internalMark" > 
  at <LocaleReceiver children=fn<children> > 
  at <AConfigProvider theme= {token: Object} > 
  at <App> @ http://127.0.0.1:5175/@vite/client:528
[    4499ms] [WARNING] [Vue warn]: Invalid prop: type check failed for prop "onKeydown". Expected Function, got Array  
  at <ATextarea value="" onUpdate:value=fn rows=4  ... > 
  at <Anonymous value= {hashed: true, components: Object, theme: undefined, token: Object} > 
  at <ALocaleProvider locale=undefined ANT_MARK__="internalMark" > 
  at <LocaleReceiver children=fn<children> > 
  at <AConfigProvider theme= {token: Object} > 
  at <App> @ http://127.0.0.1:5175/@vite/client:528
[    4502ms] [WARNING] [Vue warn]: Invalid prop: type check failed for prop "onKeydown". Expected Function, got Array  
  at <ATextarea value="" onUpdate:value=fn rows=4  ... > 
  at <Anonymous value= {hashed: true, components: Object, theme: undefined, token: Object} > 
  at <ALocaleProvider locale=undefined ANT_MARK__="internalMark" > 
  at <LocaleReceiver children=fn<children> > 
  at <AConfigProvider theme= {token: Object} > 
  at <App> @ http://127.0.0.1:5175/@vite/client:528
[    4505ms] [WARNING] [Vue warn]: Invalid prop: type check failed for prop "onKeydown". Expected Function, got Array  
  at <ATextarea value="" onUpdate:value=fn rows=4  ... > 
  at <Anonymous value= {hashed: true, components: Object, theme: undefined, token: Object} > 
  at <ALocaleProvider locale=undefined ANT_MARK__="internalMark" > 
  at <LocaleReceiver children=fn<children> > 
  at <AConfigProvider theme= {token: Object} > 
  at <App> @ http://127.0.0.1:5175/@vite/client:528
[    4508ms] [WARNING] [Vue warn]: Invalid prop: type check failed for prop "onKeydown". Expected Function, got Array  
  at <ATextarea value="" onUpdate:value=fn rows=4  ... > 
  at <Anonymous value= {hashed: true, components: Object, theme: undefined, token: Object} > 
  at <ALocaleProvider locale=undefined ANT_MARK__="internalMark" > 
  at <LocaleReceiver children=fn<children> > 
  at <AConfigProvider theme= {token: Object} > 
  at <App> @ http://127.0.0.1:5175/@vite/client:528
[    4511ms] [WARNING] [Vue warn]: Invalid prop: type check failed for prop "onKeydown". Expected Function, got Array  
  at <ATextarea value="" onUpdate:value=fn rows=4  ... > 
  at <Anonymous value= {hashed: true, components: Object, theme: undefined, token: Object} > 
  at <ALocaleProvider locale=undefined ANT_MARK__="internalMark" > 
  at <LocaleReceiver children=fn<children> > 
  at <AConfigProvider theme= {token: Object} > 
  at <App> @ http://127.0.0.1:5175/@vite/client:528
[    4514ms] [WARNING] [Vue warn]: Invalid prop: type check failed for prop "onKeydown". Expected Function, got Array  
  at <ATextarea value="" onUpdate:value=fn rows=4  ... > 
  at <Anonymous value= {hashed: true, components: Object, theme: undefined, token: Object} > 
  at <ALocaleProvider locale=undefined ANT_MARK__="internalMark" > 
  at <LocaleReceiver children=fn<children> > 
  at <AConfigProvider theme= {token: Object} > 
  at <App> @ http://127.0.0.1:5175/@vite/client:528
[    4517ms] [WARNING] [Vue warn]: Invalid prop: type check failed for prop "onKeydown". Expected Function, got Array  
  at <ATextarea value="" onUpdate:value=fn rows=4  ... > 
  at <Anonymous value= {hashed: true, components: Object, theme: undefined, token: Object} > 
  at <ALocaleProvider locale=undefined ANT_MARK__="internalMark" > 
  at <LocaleReceiver children=fn<children> > 
  at <AConfigProvider theme= {token: Object} > 
  at <App> @ http://127.0.0.1:5175/@vite/client:528
[    4520ms] [WARNING] [Vue warn]: Invalid prop: type check failed for prop "onKeydown". Expected Function, got Array  
  at <ATextarea value="" onUpdate:value=fn rows=4  ... > 
  at <Anonymous value= {hashed: true, components: Object, theme: undefined, token: Object} > 
  at <ALocaleProvider locale=undefined ANT_MARK__="internalMark" > 
  at <LocaleReceiver children=fn<children> > 
  at <AConfigProvider theme= {token: Object} > 
  at <App> @ http://127.0.0.1:5175/@vite/client:528
[    4523ms] [WARNING] [Vue warn]: Invalid prop: type check failed for prop "onKeydown". Expected Function, got Array  
  at <ATextarea value="" onUpdate:value=fn rows=4  ... > 
  at <Anonymous value= {hashed: true, components: Object, theme: undefined, token: Object} > 
  at <ALocaleProvider locale=undefined ANT_MARK__="internalMark" > 
  at <LocaleReceiver children=fn<children> > 
  at <AConfigProvider theme= {token: Object} > 
  at <App> @ http://127.0.0.1:5175/@vite/client:528
[    4527ms] [WARNING] [Vue warn]: Invalid prop: type check failed for prop "onKeydown". Expected Function, got Array  
  at <ATextarea value="" onUpdate:value=fn rows=4  ... > 
  at <Anonymous value= {hashed: true, components: Object, theme: undefined, token: Object} > 
  at <ALocaleProvider locale=undefined ANT_MARK__="internalMark" > 
  at <LocaleReceiver children=fn<children> > 
  at <AConfigProvider theme= {token: Object} > 
  at <App> @ http://127.0.0.1:5175/@vite/client:528
[    4530ms] [WARNING] [Vue warn]: Invalid prop: type check failed for prop "onKeydown". Expected Function, got Array  
  at <ATextarea value="" onUpdate:value=fn rows=4  ... > 
  at <Anonymous value= {hashed: true, components: Object, theme: undefined, token: Object} > 
  at <ALocaleProvider locale=undefined ANT_MARK__="internalMark" > 
  at <LocaleReceiver children=fn<children> > 
  at <AConfigProvider theme= {token: Object} > 
  at <App> @ http://127.0.0.1:5175/@vite/client:528
[    4533ms] [WARNING] [Vue warn]: Invalid prop: type check failed for prop "onKeydown". Expected Function, got Array  
  at <ATextarea value="" onUpdate:value=fn rows=4  ... > 
  at <Anonymous value= {hashed: true, components: Object, theme: undefined, token: Object} > 
  at <ALocaleProvider locale=undefined ANT_MARK__="internalMark" > 
  at <LocaleReceiver children=fn<children> > 
  at <AConfigProvider theme= {token: Object} > 
  at <App> @ http://127.0.0.1:5175/@vite/client:528
[    4536ms] [WARNING] [Vue warn]: Invalid prop: type check failed for prop "onKeydown". Expected Function, got Array  
  at <ATextarea value="" onUpdate:value=fn rows=4  ... > 
  at <Anonymous value= {hashed: true, components: Object, theme: undefined, token: Object} > 
  at <ALocaleProvider locale=undefined ANT_MARK__="internalMark" > 
  at <LocaleReceiver children=fn<children> > 
  at <AConfigProvider theme= {token: Object} > 
  at <App> @ http://127.0.0.1:5175/@vite/client:528
[    4539ms] [WARNING] [Vue warn]: Invalid prop: type check failed for prop "onKeydown". Expected Function, got Array  
  at <ATextarea value="" onUpdate:value=fn rows=4  ... > 
  at <Anonymous value= {hashed: true, components: Object, theme: undefined, token: Object} > 
  at <ALocaleProvider locale=undefined ANT_MARK__="internalMark" > 
  at <LocaleReceiver children=fn<children> > 
  at <AConfigProvider theme= {token: Object} > 
  at <App> @ http://127.0.0.1:5175/@vite/client:528
[    4542ms] [WARNING] [Vue warn]: Invalid prop: type check failed for prop "onKeydown". Expected Function, got Array  
  at <ATextarea value="" onUpdate:value=fn rows=4  ... > 
  at <Anonymous value= {hashed: true, components: Object, theme: undefined, token: Object} > 
  at <ALocaleProvider locale=undefined ANT_MARK__="internalMark" > 
  at <LocaleReceiver children=fn<children> > 
  at <AConfigProvider theme= {token: Object} > 
  at <App> @ http://127.0.0.1:5175/@vite/client:528
[    4545ms] [WARNING] [Vue warn]: Invalid prop: type check failed for prop "onKeydown". Expected Function, got Array  
  at <ATextarea value="" onUpdate:value=fn rows=4  ... > 
  at <Anonymous value= {hashed: true, components: Object, theme: undefined, token: Object} > 
  at <ALocaleProvider locale=undefined ANT_MARK__="internalMark" > 
  at <LocaleReceiver children=fn<children> > 
  at <AConfigProvider theme= {token: Object} > 
  at <App> @ http://127.0.0.1:5175/@vite/client:528
[    4548ms] [WARNING] [Vue warn]: Invalid prop: type check failed for prop "onKeydown". Expected Function, got Array  
  at <ATextarea value="" onUpdate:value=fn rows=4  ... > 
  at <Anonymous value= {hashed: true, components: Object, theme: undefined, token: Object} > 
  at <ALocaleProvider locale=undefined ANT_MARK__="internalMark" > 
  at <LocaleReceiver children=fn<children> > 
  at <AConfigProvider theme= {token: Object} > 
  at <App> @ http://127.0.0.1:5175/@vite/client:528
[    4551ms] [WARNING] [Vue warn]: Invalid prop: type check failed for prop "onKeydown". Expected Function, got Array  
  at <ATextarea value="" onUpdate:value=fn rows=4  ... > 
  at <Anonymous value= {hashed: true, components: Object, theme: undefined, token: Object} > 
  at <ALocaleProvider locale=undefined ANT_MARK__="internalMark" > 
  at <LocaleReceiver children=fn<children> > 
  at <AConfigProvider theme= {token: Object} > 
  at <App> @ http://127.0.0.1:5175/@vite/client:528
