[     188ms] [WARNING] [Vue warn]: Invalid prop: type check failed for prop "onKeydown". Expected Function, got Array  
  at <ATextarea value="" onUpdate:value=fn rows=4  ... > 
  at <Anonymous value= {hashed: true, components: Object, theme: undefined, token: Object} > 
  at <ALocaleProvider locale=undefined ANT_MARK__="internalMark" > 
  at <LocaleReceiver children=fn<children> > 
  at <AConfigProvider theme= {token: Object} > 
  at <App> @ http://127.0.0.1:5175/@vite/client:528
[     224ms] [WARNING] [Vue warn]: Invalid prop: type check failed for prop "onKeydown". Expected Function, got Array  
  at <ATextarea value="" onUpdate:value=fn rows=4  ... > 
  at <Anonymous value= {hashed: true, components: Object, theme: undefined, token: Object} > 
  at <ALocaleProvider locale=undefined ANT_MARK__="internalMark" > 
  at <LocaleReceiver children=fn<children> > 
  at <AConfigProvider theme= {token: Object} > 
  at <App> @ http://127.0.0.1:5175/@vite/client:528
[     238ms] [WARNING] [Vue warn]: Invalid prop: type check failed for prop "onKeydown". Expected Function, got Array  
  at <ATextarea value="" onUpdate:value=fn rows=4  ... > 
  at <Anonymous value= {hashed: true, components: Object, theme: undefined, token: Object} > 
  at <ALocaleProvider locale=undefined ANT_MARK__="internalMark" > 
  at <LocaleReceiver children=fn<children> > 
  at <AConfigProvider theme= {token: Object} > 
  at <App> @ http://127.0.0.1:5175/@vite/client:528
[     257ms] [WARNING] [Vue warn]: Invalid prop: type check failed for prop "onKeydown". Expected Function, got Array  
  at <ATextarea value="" onUpdate:value=fn rows=4  ... > 
  at <Anonymous value= {hashed: true, components: Object, theme: undefined, token: Object} > 
  at <ALocaleProvider locale=undefined ANT_MARK__="internalMark" > 
  at <LocaleReceiver children=fn<children> > 
  at <AConfigProvider theme= {token: Object} > 
  at <App> @ http://127.0.0.1:5175/@vite/client:528
[     273ms] [WARNING] [Vue warn]: Invalid prop: type check failed for prop "onKeydown". Expected Function, got Array  
  at <ATextarea value="" onUpdate:value=fn rows=4  ... > 
  at <Anonymous value= {hashed: true, components: Object, theme: undefined, token: Object} > 
  at <ALocaleProvider locale=undefined ANT_MARK__="internalMark" > 
  at <LocaleReceiver children=fn<children> > 
  at <AConfigProvider theme= {token: Object} > 
  at <App> @ http://127.0.0.1:5175/@vite/client:528
[     279ms] [WARNING] [Vue warn]: Invalid prop: type check failed for prop "onKeydown". Expected Function, got Array  
  at <ATextarea value="" onUpdate:value=fn rows=4  ... > 
  at <Anonymous value= {hashed: true, components: Object, theme: undefined, token: Object} > 
  at <ALocaleProvider locale=undefined ANT_MARK__="internalMark" > 
  at <LocaleReceiver children=fn<children> > 
  at <AConfigProvider theme= {token: Object} > 
  at <App> @ http://127.0.0.1:5175/@vite/client:528
[     284ms] [WARNING] [Vue warn]: Invalid prop: type check failed for prop "onKeydown". Expected Function, got Array  
  at <ATextarea value="" onUpdate:value=fn rows=4  ... > 
  at <Anonymous value= {hashed: true, components: Object, theme: undefined, token: Object} > 
  at <ALocaleProvider locale=undefined ANT_MARK__="internalMark" > 
  at <LocaleReceiver children=fn<children> > 
  at <AConfigProvider theme= {token: Object} > 
  at <App> @ http://127.0.0.1:5175/@vite/client:528
[     289ms] [WARNING] [Vue warn]: Invalid prop: type check failed for prop "onKeydown". Expected Function, got Array  
  at <ATextarea value="" onUpdate:value=fn rows=4  ... > 
  at <Anonymous value= {hashed: true, components: Object, theme: undefined, token: Object} > 
  at <ALocaleProvider locale=undefined ANT_MARK__="internalMark" > 
  at <LocaleReceiver children=fn<children> > 
  at <AConfigProvider theme= {token: Object} > 
  at <App> @ http://127.0.0.1:5175/@vite/client:528
[     294ms] [WARNING] [Vue warn]: Invalid prop: type check failed for prop "onKeydown". Expected Function, got Array  
  at <ATextarea value="" onUpdate:value=fn rows=4  ... > 
  at <Anonymous value= {hashed: true, components: Object, theme: undefined, token: Object} > 
  at <ALocaleProvider locale=undefined ANT_MARK__="internalMark" > 
  at <LocaleReceiver children=fn<children> > 
  at <AConfigProvider theme= {token: Object} > 
  at <App> @ http://127.0.0.1:5175/@vite/client:528
[     298ms] [WARNING] [Vue warn]: Invalid prop: type check failed for prop "onKeydown". Expected Function, got Array  
  at <ATextarea value="" onUpdate:value=fn rows=4  ... > 
  at <Anonymous value= {hashed: true, components: Object, theme: undefined, token: Object} > 
  at <ALocaleProvider locale=undefined ANT_MARK__="internalMark" > 
  at <LocaleReceiver children=fn<children> > 
  at <AConfigProvider theme= {token: Object} > 
  at <App> @ http://127.0.0.1:5175/@vite/client:528
[     302ms] [WARNING] [Vue warn]: Invalid prop: type check failed for prop "onKeydown". Expected Function, got Array  
  at <ATextarea value="" onUpdate:value=fn rows=4  ... > 
  at <Anonymous value= {hashed: true, components: Object, theme: undefined, token: Object} > 
  at <ALocaleProvider locale=undefined ANT_MARK__="internalMark" > 
  at <LocaleReceiver children=fn<children> > 
  at <AConfigProvider theme= {token: Object} > 
  at <App> @ http://127.0.0.1:5175/@vite/client:528
[     305ms] [WARNING] [Vue warn]: Invalid prop: type check failed for prop "onKeydown". Expected Function, got Array  
  at <ATextarea value="" onUpdate:value=fn rows=4  ... > 
  at <Anonymous value= {hashed: true, components: Object, theme: undefined, token: Object} > 
  at <ALocaleProvider locale=undefined ANT_MARK__="internalMark" > 
  at <LocaleReceiver children=fn<children> > 
  at <AConfigProvider theme= {token: Object} > 
  at <App> @ http://127.0.0.1:5175/@vite/client:528
[     309ms] [WARNING] [Vue warn]: Invalid prop: type check failed for prop "onKeydown". Expected Function, got Array  
  at <ATextarea value="" onUpdate:value=fn rows=4  ... > 
  at <Anonymous value= {hashed: true, components: Object, theme: undefined, token: Object} > 
  at <ALocaleProvider locale=undefined ANT_MARK__="internalMark" > 
  at <LocaleReceiver children=fn<children> > 
  at <AConfigProvider theme= {token: Object} > 
  at <App> @ http://127.0.0.1:5175/@vite/client:528
[     313ms] [WARNING] [Vue warn]: Invalid prop: type check failed for prop "onKeydown". Expected Function, got Array  
  at <ATextarea value="" onUpdate:value=fn rows=4  ... > 
  at <Anonymous value= {hashed: true, components: Object, theme: undefined, token: Object} > 
  at <ALocaleProvider locale=undefined ANT_MARK__="internalMark" > 
  at <LocaleReceiver children=fn<children> > 
  at <AConfigProvider theme= {token: Object} > 
  at <App> @ http://127.0.0.1:5175/@vite/client:528
[     316ms] [WARNING] [Vue warn]: Invalid prop: type check failed for prop "onKeydown". Expected Function, got Array  
  at <ATextarea value="" onUpdate:value=fn rows=4  ... > 
  at <Anonymous value= {hashed: true, components: Object, theme: undefined, token: Object} > 
  at <ALocaleProvider locale=undefined ANT_MARK__="internalMark" > 
  at <LocaleReceiver children=fn<children> > 
  at <AConfigProvider theme= {token: Object} > 
  at <App> @ http://127.0.0.1:5175/@vite/client:528
[     320ms] [WARNING] [Vue warn]: Invalid prop: type check failed for prop "onKeydown". Expected Function, got Array  
  at <ATextarea value="" onUpdate:value=fn rows=4  ... > 
  at <Anonymous value= {hashed: true, components: Object, theme: undefined, token: Object} > 
  at <ALocaleProvider locale=undefined ANT_MARK__="internalMark" > 
  at <LocaleReceiver children=fn<children> > 
  at <AConfigProvider theme= {token: Object} > 
  at <App> @ http://127.0.0.1:5175/@vite/client:528
[     324ms] [WARNING] [Vue warn]: Invalid prop: type check failed for prop "onKeydown". Expected Function, got Array  
  at <ATextarea value="" onUpdate:value=fn rows=4  ... > 
  at <Anonymous value= {hashed: true, components: Object, theme: undefined, token: Object} > 
  at <ALocaleProvider locale=undefined ANT_MARK__="internalMark" > 
  at <LocaleReceiver children=fn<children> > 
  at <AConfigProvider theme= {token: Object} > 
  at <App> @ http://127.0.0.1:5175/@vite/client:528
[     327ms] [WARNING] [Vue warn]: Invalid prop: type check failed for prop "onKeydown". Expected Function, got Array  
  at <ATextarea value="" onUpdate:value=fn rows=4  ... > 
  at <Anonymous value= {hashed: true, components: Object, theme: undefined, token: Object} > 
  at <ALocaleProvider locale=undefined ANT_MARK__="internalMark" > 
  at <LocaleReceiver children=fn<children> > 
  at <AConfigProvider theme= {token: Object} > 
  at <App> @ http://127.0.0.1:5175/@vite/client:528
[     330ms] [WARNING] [Vue warn]: Invalid prop: type check failed for prop "onKeydown". Expected Function, got Array  
  at <ATextarea value="" onUpdate:value=fn rows=4  ... > 
  at <Anonymous value= {hashed: true, components: Object, theme: undefined, token: Object} > 
  at <ALocaleProvider locale=undefined ANT_MARK__="internalMark" > 
  at <LocaleReceiver children=fn<children> > 
  at <AConfigProvider theme= {token: Object} > 
  at <App> @ http://127.0.0.1:5175/@vite/client:528
[     334ms] [WARNING] [Vue warn]: Invalid prop: type check failed for prop "onKeydown". Expected Function, got Array  
  at <ATextarea value="" onUpdate:value=fn rows=4  ... > 
  at <Anonymous value= {hashed: true, components: Object, theme: undefined, token: Object} > 
  at <ALocaleProvider locale=undefined ANT_MARK__="internalMark" > 
  at <LocaleReceiver children=fn<children> > 
  at <AConfigProvider theme= {token: Object} > 
  at <App> @ http://127.0.0.1:5175/@vite/client:528
[     337ms] [WARNING] [Vue warn]: Invalid prop: type check failed for prop "onKeydown". Expected Function, got Array  
  at <ATextarea value="" onUpdate:value=fn rows=4  ... > 
  at <Anonymous value= {hashed: true, components: Object, theme: undefined, token: Object} > 
  at <ALocaleProvider locale=undefined ANT_MARK__="internalMark" > 
  at <LocaleReceiver children=fn<children> > 
  at <AConfigProvider theme= {token: Object} > 
  at <App> @ http://127.0.0.1:5175/@vite/client:528
[     340ms] [WARNING] [Vue warn]: Invalid prop: type check failed for prop "onKeydown". Expected Function, got Array  
  at <ATextarea value="" onUpdate:value=fn rows=4  ... > 
  at <Anonymous value= {hashed: true, components: Object, theme: undefined, token: Object} > 
  at <ALocaleProvider locale=undefined ANT_MARK__="internalMark" > 
  at <LocaleReceiver children=fn<children> > 
  at <AConfigProvider theme= {token: Object} > 
  at <App> @ http://127.0.0.1:5175/@vite/client:528
[     343ms] [WARNING] [Vue warn]: Invalid prop: type check failed for prop "onKeydown". Expected Function, got Array  
  at <ATextarea value="" onUpdate:value=fn rows=4  ... > 
  at <Anonymous value= {hashed: true, components: Object, theme: undefined, token: Object} > 
  at <ALocaleProvider locale=undefined ANT_MARK__="internalMark" > 
  at <LocaleReceiver children=fn<children> > 
  at <AConfigProvider theme= {token: Object} > 
  at <App> @ http://127.0.0.1:5175/@vite/client:528
[     347ms] [WARNING] [Vue warn]: Invalid prop: type check failed for prop "onKeydown". Expected Function, got Array  
  at <ATextarea value="" onUpdate:value=fn rows=4  ... > 
  at <Anonymous value= {hashed: true, components: Object, theme: undefined, token: Object} > 
  at <ALocaleProvider locale=undefined ANT_MARK__="internalMark" > 
  at <LocaleReceiver children=fn<children> > 
  at <AConfigProvider theme= {token: Object} > 
  at <App> @ http://127.0.0.1:5175/@vite/client:528
[     350ms] [WARNING] [Vue warn]: Invalid prop: type check failed for prop "onKeydown". Expected Function, got Array  
  at <ATextarea value="" onUpdate:value=fn rows=4  ... > 
  at <Anonymous value= {hashed: true, components: Object, theme: undefined, token: Object} > 
  at <ALocaleProvider locale=undefined ANT_MARK__="internalMark" > 
  at <LocaleReceiver children=fn<children> > 
  at <AConfigProvider theme= {token: Object} > 
  at <App> @ http://127.0.0.1:5175/@vite/client:528
[     353ms] [WARNING] [Vue warn]: Invalid prop: type check failed for prop "onKeydown". Expected Function, got Array  
  at <ATextarea value="" onUpdate:value=fn rows=4  ... > 
  at <Anonymous value= {hashed: true, components: Object, theme: undefined, token: Object} > 
  at <ALocaleProvider locale=undefined ANT_MARK__="internalMark" > 
  at <LocaleReceiver children=fn<children> > 
  at <AConfigProvider theme= {token: Object} > 
  at <App> @ http://127.0.0.1:5175/@vite/client:528
[     356ms] [WARNING] [Vue warn]: Invalid prop: type check failed for prop "onKeydown". Expected Function, got Array  
  at <ATextarea value="" onUpdate:value=fn rows=4  ... > 
  at <Anonymous value= {hashed: true, components: Object, theme: undefined, token: Object} > 
  at <ALocaleProvider locale=undefined ANT_MARK__="internalMark" > 
  at <LocaleReceiver children=fn<children> > 
  at <AConfigProvider theme= {token: Object} > 
  at <App> @ http://127.0.0.1:5175/@vite/client:528
[     360ms] [WARNING] [Vue warn]: Invalid prop: type check failed for prop "onKeydown". Expected Function, got Array  
  at <ATextarea value="" onUpdate:value=fn rows=4  ... > 
  at <Anonymous value= {hashed: true, components: Object, theme: undefined, token: Object} > 
  at <ALocaleProvider locale=undefined ANT_MARK__="internalMark" > 
  at <LocaleReceiver children=fn<children> > 
  at <AConfigProvider theme= {token: Object} > 
  at <App> @ http://127.0.0.1:5175/@vite/client:528
[     363ms] [WARNING] [Vue warn]: Invalid prop: type check failed for prop "onKeydown". Expected Function, got Array  
  at <ATextarea value="" onUpdate:value=fn rows=4  ... > 
  at <Anonymous value= {hashed: true, components: Object, theme: undefined, token: Object} > 
  at <ALocaleProvider locale=undefined ANT_MARK__="internalMark" > 
  at <LocaleReceiver children=fn<children> > 
  at <AConfigProvider theme= {token: Object} > 
  at <App> @ http://127.0.0.1:5175/@vite/client:528
[     366ms] [WARNING] [Vue warn]: Invalid prop: type check failed for prop "onKeydown". Expected Function, got Array  
  at <ATextarea value="" onUpdate:value=fn rows=4  ... > 
  at <Anonymous value= {hashed: true, components: Object, theme: undefined, token: Object} > 
  at <ALocaleProvider locale=undefined ANT_MARK__="internalMark" > 
  at <LocaleReceiver children=fn<children> > 
  at <AConfigProvider theme= {token: Object} > 
  at <App> @ http://127.0.0.1:5175/@vite/client:528
[     370ms] [WARNING] [Vue warn]: Invalid prop: type check failed for prop "onKeydown". Expected Function, got Array  
  at <ATextarea value="" onUpdate:value=fn rows=4  ... > 
  at <Anonymous value= {hashed: true, components: Object, theme: undefined, token: Object} > 
  at <ALocaleProvider locale=undefined ANT_MARK__="internalMark" > 
  at <LocaleReceiver children=fn<children> > 
  at <AConfigProvider theme= {token: Object} > 
  at <App> @ http://127.0.0.1:5175/@vite/client:528
[     374ms] [WARNING] [Vue warn]: Invalid prop: type check failed for prop "onKeydown". Expected Function, got Array  
  at <ATextarea value="" onUpdate:value=fn rows=4  ... > 
  at <Anonymous value= {hashed: true, components: Object, theme: undefined, token: Object} > 
  at <ALocaleProvider locale=undefined ANT_MARK__="internalMark" > 
  at <LocaleReceiver children=fn<children> > 
  at <AConfigProvider theme= {token: Object} > 
  at <App> @ http://127.0.0.1:5175/@vite/client:528
[     377ms] [WARNING] [Vue warn]: Invalid prop: type check failed for prop "onKeydown". Expected Function, got Array  
  at <ATextarea value="" onUpdate:value=fn rows=4  ... > 
  at <Anonymous value= {hashed: true, components: Object, theme: undefined, token: Object} > 
  at <ALocaleProvider locale=undefined ANT_MARK__="internalMark" > 
  at <LocaleReceiver children=fn<children> > 
  at <AConfigProvider theme= {token: Object} > 
  at <App> @ http://127.0.0.1:5175/@vite/client:528
[     381ms] [WARNING] [Vue warn]: Invalid prop: type check failed for prop "onKeydown". Expected Function, got Array  
  at <ATextarea value="" onUpdate:value=fn rows=4  ... > 
  at <Anonymous value= {hashed: true, components: Object, theme: undefined, token: Object} > 
  at <ALocaleProvider locale=undefined ANT_MARK__="internalMark" > 
  at <LocaleReceiver children=fn<children> > 
  at <AConfigProvider theme= {token: Object} > 
  at <App> @ http://127.0.0.1:5175/@vite/client:528
[     384ms] [WARNING] [Vue warn]: Invalid prop: type check failed for prop "onKeydown". Expected Function, got Array  
  at <ATextarea value="" onUpdate:value=fn rows=4  ... > 
  at <Anonymous value= {hashed: true, components: Object, theme: undefined, token: Object} > 
  at <ALocaleProvider locale=undefined ANT_MARK__="internalMark" > 
  at <LocaleReceiver children=fn<children> > 
  at <AConfigProvider theme= {token: Object} > 
  at <App> @ http://127.0.0.1:5175/@vite/client:528
[     388ms] [WARNING] [Vue warn]: Invalid prop: type check failed for prop "onKeydown". Expected Function, got Array  
  at <ATextarea value="" onUpdate:value=fn rows=4  ... > 
  at <Anonymous value= {hashed: true, components: Object, theme: undefined, token: Object} > 
  at <ALocaleProvider locale=undefined ANT_MARK__="internalMark" > 
  at <LocaleReceiver children=fn<children> > 
  at <AConfigProvider theme= {token: Object} > 
  at <App> @ http://127.0.0.1:5175/@vite/client:528
[     391ms] [WARNING] [Vue warn]: Invalid prop: type check failed for prop "onKeydown". Expected Function, got Array  
  at <ATextarea value="" onUpdate:value=fn rows=4  ... > 
  at <Anonymous value= {hashed: true, components: Object, theme: undefined, token: Object} > 
  at <ALocaleProvider locale=undefined ANT_MARK__="internalMark" > 
  at <LocaleReceiver children=fn<children> > 
  at <AConfigProvider theme= {token: Object} > 
  at <App> @ http://127.0.0.1:5175/@vite/client:528
[     394ms] [WARNING] [Vue warn]: Invalid prop: type check failed for prop "onKeydown". Expected Function, got Array  
  at <ATextarea value="" onUpdate:value=fn rows=4  ... > 
  at <Anonymous value= {hashed: true, components: Object, theme: undefined, token: Object} > 
  at <ALocaleProvider locale=undefined ANT_MARK__="internalMark" > 
  at <LocaleReceiver children=fn<children> > 
  at <AConfigProvider theme= {token: Object} > 
  at <App> @ http://127.0.0.1:5175/@vite/client:528
[     397ms] [WARNING] [Vue warn]: Invalid prop: type check failed for prop "onKeydown". Expected Function, got Array  
  at <ATextarea value="" onUpdate:value=fn rows=4  ... > 
  at <Anonymous value= {hashed: true, components: Object, theme: undefined, token: Object} > 
  at <ALocaleProvider locale=undefined ANT_MARK__="internalMark" > 
  at <LocaleReceiver children=fn<children> > 
  at <AConfigProvider theme= {token: Object} > 
  at <App> @ http://127.0.0.1:5175/@vite/client:528
[     401ms] [WARNING] [Vue warn]: Invalid prop: type check failed for prop "onKeydown". Expected Function, got Array  
  at <ATextarea value="" onUpdate:value=fn rows=4  ... > 
  at <Anonymous value= {hashed: true, components: Object, theme: undefined, token: Object} > 
  at <ALocaleProvider locale=undefined ANT_MARK__="internalMark" > 
  at <LocaleReceiver children=fn<children> > 
  at <AConfigProvider theme= {token: Object} > 
  at <App> @ http://127.0.0.1:5175/@vite/client:528
[     404ms] [WARNING] [Vue warn]: Invalid prop: type check failed for prop "onKeydown". Expected Function, got Array  
  at <ATextarea value="" onUpdate:value=fn rows=4  ... > 
  at <Anonymous value= {hashed: true, components: Object, theme: undefined, token: Object} > 
  at <ALocaleProvider locale=undefined ANT_MARK__="internalMark" > 
  at <LocaleReceiver children=fn<children> > 
  at <AConfigProvider theme= {token: Object} > 
  at <App> @ http://127.0.0.1:5175/@vite/client:528
[     407ms] [WARNING] [Vue warn]: Invalid prop: type check failed for prop "onKeydown". Expected Function, got Array  
  at <ATextarea value="" onUpdate:value=fn rows=4  ... > 
  at <Anonymous value= {hashed: true, components: Object, theme: undefined, token: Object} > 
  at <ALocaleProvider locale=undefined ANT_MARK__="internalMark" > 
  at <LocaleReceiver children=fn<children> > 
  at <AConfigProvider theme= {token: Object} > 
  at <App> @ http://127.0.0.1:5175/@vite/client:528
[     411ms] [WARNING] [Vue warn]: Invalid prop: type check failed for prop "onKeydown". Expected Function, got Array  
  at <ATextarea value="" onUpdate:value=fn rows=4  ... > 
  at <Anonymous value= {hashed: true, components: Object, theme: undefined, token: Object} > 
  at <ALocaleProvider locale=undefined ANT_MARK__="internalMark" > 
  at <LocaleReceiver children=fn<children> > 
  at <AConfigProvider theme= {token: Object} > 
  at <App> @ http://127.0.0.1:5175/@vite/client:528
[     414ms] [WARNING] [Vue warn]: Invalid prop: type check failed for prop "onKeydown". Expected Function, got Array  
  at <ATextarea value="" onUpdate:value=fn rows=4  ... > 
  at <Anonymous value= {hashed: true, components: Object, theme: undefined, token: Object} > 
  at <ALocaleProvider locale=undefined ANT_MARK__="internalMark" > 
  at <LocaleReceiver children=fn<children> > 
  at <AConfigProvider theme= {token: Object} > 
  at <App> @ http://127.0.0.1:5175/@vite/client:528
[     417ms] [WARNING] [Vue warn]: Invalid prop: type check failed for prop "onKeydown". Expected Function, got Array  
  at <ATextarea value="" onUpdate:value=fn rows=4  ... > 
  at <Anonymous value= {hashed: true, components: Object, theme: undefined, token: Object} > 
  at <ALocaleProvider locale=undefined ANT_MARK__="internalMark" > 
  at <LocaleReceiver children=fn<children> > 
  at <AConfigProvider theme= {token: Object} > 
  at <App> @ http://127.0.0.1:5175/@vite/client:528
[     421ms] [WARNING] [Vue warn]: Invalid prop: type check failed for prop "onKeydown". Expected Function, got Array  
  at <ATextarea value="" onUpdate:value=fn rows=4  ... > 
  at <Anonymous value= {hashed: true, components: Object, theme: undefined, token: Object} > 
  at <ALocaleProvider locale=undefined ANT_MARK__="internalMark" > 
  at <LocaleReceiver children=fn<children> > 
  at <AConfigProvider theme= {token: Object} > 
  at <App> @ http://127.0.0.1:5175/@vite/client:528
[     425ms] [WARNING] [Vue warn]: Invalid prop: type check failed for prop "onKeydown". Expected Function, got Array  
  at <ATextarea value="" onUpdate:value=fn rows=4  ... > 
  at <Anonymous value= {hashed: true, components: Object, theme: undefined, token: Object} > 
  at <ALocaleProvider locale=undefined ANT_MARK__="internalMark" > 
  at <LocaleReceiver children=fn<children> > 
  at <AConfigProvider theme= {token: Object} > 
  at <App> @ http://127.0.0.1:5175/@vite/client:528
[     428ms] [WARNING] [Vue warn]: Invalid prop: type check failed for prop "onKeydown". Expected Function, got Array  
  at <ATextarea value="" onUpdate:value=fn rows=4  ... > 
  at <Anonymous value= {hashed: true, components: Object, theme: undefined, token: Object} > 
  at <ALocaleProvider locale=undefined ANT_MARK__="internalMark" > 
  at <LocaleReceiver children=fn<children> > 
  at <AConfigProvider theme= {token: Object} > 
  at <App> @ http://127.0.0.1:5175/@vite/client:528
[     432ms] [WARNING] [Vue warn]: Invalid prop: type check failed for prop "onKeydown". Expected Function, got Array  
  at <ATextarea value="" onUpdate:value=fn rows=4  ... > 
  at <Anonymous value= {hashed: true, components: Object, theme: undefined, token: Object} > 
  at <ALocaleProvider locale=undefined ANT_MARK__="internalMark" > 
  at <LocaleReceiver children=fn<children> > 
  at <AConfigProvider theme= {token: Object} > 
  at <App> @ http://127.0.0.1:5175/@vite/client:528
[     435ms] [WARNING] [Vue warn]: Invalid prop: type check failed for prop "onKeydown". Expected Function, got Array  
  at <ATextarea value="" onUpdate:value=fn rows=4  ... > 
  at <Anonymous value= {hashed: true, components: Object, theme: undefined, token: Object} > 
  at <ALocaleProvider locale=undefined ANT_MARK__="internalMark" > 
  at <LocaleReceiver children=fn<children> > 
  at <AConfigProvider theme= {token: Object} > 
  at <App> @ http://127.0.0.1:5175/@vite/client:528
[     439ms] [WARNING] [Vue warn]: Invalid prop: type check failed for prop "onKeydown". Expected Function, got Array  
  at <ATextarea value="" onUpdate:value=fn rows=4  ... > 
  at <Anonymous value= {hashed: true, components: Object, theme: undefined, token: Object} > 
  at <ALocaleProvider locale=undefined ANT_MARK__="internalMark" > 
  at <LocaleReceiver children=fn<children> > 
  at <AConfigProvider theme= {token: Object} > 
  at <App> @ http://127.0.0.1:5175/@vite/client:528
[     442ms] [WARNING] [Vue warn]: Invalid prop: type check failed for prop "onKeydown". Expected Function, got Array  
  at <ATextarea value="" onUpdate:value=fn rows=4  ... > 
  at <Anonymous value= {hashed: true, components: Object, theme: undefined, token: Object} > 
  at <ALocaleProvider locale=undefined ANT_MARK__="internalMark" > 
  at <LocaleReceiver children=fn<children> > 
  at <AConfigProvider theme= {token: Object} > 
  at <App> @ http://127.0.0.1:5175/@vite/client:528
[     445ms] [WARNING] [Vue warn]: Invalid prop: type check failed for prop "onKeydown". Expected Function, got Array  
  at <ATextarea value="" onUpdate:value=fn rows=4  ... > 
  at <Anonymous value= {hashed: true, components: Object, theme: undefined, token: Object} > 
  at <ALocaleProvider locale=undefined ANT_MARK__="internalMark" > 
  at <LocaleReceiver children=fn<children> > 
  at <AConfigProvider theme= {token: Object} > 
  at <App> @ http://127.0.0.1:5175/@vite/client:528
[     448ms] [WARNING] [Vue warn]: Invalid prop: type check failed for prop "onKeydown". Expected Function, got Array  
  at <ATextarea value="" onUpdate:value=fn rows=4  ... > 
  at <Anonymous value= {hashed: true, components: Object, theme: undefined, token: Object} > 
  at <ALocaleProvider locale=undefined ANT_MARK__="internalMark" > 
  at <LocaleReceiver children=fn<children> > 
  at <AConfigProvider theme= {token: Object} > 
  at <App> @ http://127.0.0.1:5175/@vite/client:528
[     451ms] [WARNING] [Vue warn]: Invalid prop: type check failed for prop "onKeydown". Expected Function, got Array  
  at <ATextarea value="" onUpdate:value=fn rows=4  ... > 
  at <Anonymous value= {hashed: true, components: Object, theme: undefined, token: Object} > 
  at <ALocaleProvider locale=undefined ANT_MARK__="internalMark" > 
  at <LocaleReceiver children=fn<children> > 
  at <AConfigProvider theme= {token: Object} > 
  at <App> @ http://127.0.0.1:5175/@vite/client:528
[     455ms] [WARNING] [Vue warn]: Invalid prop: type check failed for prop "onKeydown". Expected Function, got Array  
  at <ATextarea value="" onUpdate:value=fn rows=4  ... > 
  at <Anonymous value= {hashed: true, components: Object, theme: undefined, token: Object} > 
  at <ALocaleProvider locale=undefined ANT_MARK__="internalMark" > 
  at <LocaleReceiver children=fn<children> > 
  at <AConfigProvider theme= {token: Object} > 
  at <App> @ http://127.0.0.1:5175/@vite/client:528
[     459ms] [WARNING] [Vue warn]: Invalid prop: type check failed for prop "onKeydown". Expected Function, got Array  
  at <ATextarea value="" onUpdate:value=fn rows=4  ... > 
  at <Anonymous value= {hashed: true, components: Object, theme: undefined, token: Object} > 
  at <ALocaleProvider locale=undefined ANT_MARK__="internalMark" > 
  at <LocaleReceiver children=fn<children> > 
  at <AConfigProvider theme= {token: Object} > 
  at <App> @ http://127.0.0.1:5175/@vite/client:528
[     462ms] [WARNING] [Vue warn]: Invalid prop: type check failed for prop "onKeydown". Expected Function, got Array  
  at <ATextarea value="" onUpdate:value=fn rows=4  ... > 
  at <Anonymous value= {hashed: true, components: Object, theme: undefined, token: Object} > 
  at <ALocaleProvider locale=undefined ANT_MARK__="internalMark" > 
  at <LocaleReceiver children=fn<children> > 
  at <AConfigProvider theme= {token: Object} > 
  at <App> @ http://127.0.0.1:5175/@vite/client:528
[     465ms] [WARNING] [Vue warn]: Invalid prop: type check failed for prop "onKeydown". Expected Function, got Array  
  at <ATextarea value="" onUpdate:value=fn rows=4  ... > 
  at <Anonymous value= {hashed: true, components: Object, theme: undefined, token: Object} > 
  at <ALocaleProvider locale=undefined ANT_MARK__="internalMark" > 
  at <LocaleReceiver children=fn<children> > 
  at <AConfigProvider theme= {token: Object} > 
  at <App> @ http://127.0.0.1:5175/@vite/client:528
[     469ms] [WARNING] [Vue warn]: Invalid prop: type check failed for prop "onKeydown". Expected Function, got Array  
  at <ATextarea value="" onUpdate:value=fn rows=4  ... > 
  at <Anonymous value= {hashed: true, components: Object, theme: undefined, token: Object} > 
  at <ALocaleProvider locale=undefined ANT_MARK__="internalMark" > 
  at <LocaleReceiver children=fn<children> > 
  at <AConfigProvider theme= {token: Object} > 
  at <App> @ http://127.0.0.1:5175/@vite/client:528
[     473ms] [WARNING] [Vue warn]: Invalid prop: type check failed for prop "onKeydown". Expected Function, got Array  
  at <ATextarea value="" onUpdate:value=fn rows=4  ... > 
  at <Anonymous value= {hashed: true, components: Object, theme: undefined, token: Object} > 
  at <ALocaleProvider locale=undefined ANT_MARK__="internalMark" > 
  at <LocaleReceiver children=fn<children> > 
  at <AConfigProvider theme= {token: Object} > 
  at <App> @ http://127.0.0.1:5175/@vite/client:528
[     476ms] [WARNING] [Vue warn]: Invalid prop: type check failed for prop "onKeydown". Expected Function, got Array  
  at <ATextarea value="" onUpdate:value=fn rows=4  ... > 
  at <Anonymous value= {hashed: true, components: Object, theme: undefined, token: Object} > 
  at <ALocaleProvider locale=undefined ANT_MARK__="internalMark" > 
  at <LocaleReceiver children=fn<children> > 
  at <AConfigProvider theme= {token: Object} > 
  at <App> @ http://127.0.0.1:5175/@vite/client:528
[     479ms] [WARNING] [Vue warn]: Invalid prop: type check failed for prop "onKeydown". Expected Function, got Array  
  at <ATextarea value="" onUpdate:value=fn rows=4  ... > 
  at <Anonymous value= {hashed: true, components: Object, theme: undefined, token: Object} > 
  at <ALocaleProvider locale=undefined ANT_MARK__="internalMark" > 
  at <LocaleReceiver children=fn<children> > 
  at <AConfigProvider theme= {token: Object} > 
  at <App> @ http://127.0.0.1:5175/@vite/client:528
[     486ms] [WARNING] [Vue warn]: Invalid prop: type check failed for prop "onKeydown". Expected Function, got Array  
  at <ATextarea value="" onUpdate:value=fn rows=4  ... > 
  at <Anonymous value= {hashed: true, components: Object, theme: undefined, token: Object} > 
  at <ALocaleProvider locale=undefined ANT_MARK__="internalMark" > 
  at <LocaleReceiver children=fn<children> > 
  at <AConfigProvider theme= {token: Object} > 
  at <App> @ http://127.0.0.1:5175/@vite/client:528
[     490ms] [WARNING] [Vue warn]: Invalid prop: type check failed for prop "onKeydown". Expected Function, got Array  
  at <ATextarea value="" onUpdate:value=fn rows=4  ... > 
  at <Anonymous value= {hashed: true, components: Object, theme: undefined, token: Object} > 
  at <ALocaleProvider locale=undefined ANT_MARK__="internalMark" > 
  at <LocaleReceiver children=fn<children> > 
  at <AConfigProvider theme= {token: Object} > 
  at <App> @ http://127.0.0.1:5175/@vite/client:528
[     494ms] [WARNING] [Vue warn]: Invalid prop: type check failed for prop "onKeydown". Expected Function, got Array  
  at <ATextarea value="" onUpdate:value=fn rows=4  ... > 
  at <Anonymous value= {hashed: true, components: Object, theme: undefined, token: Object} > 
  at <ALocaleProvider locale=undefined ANT_MARK__="internalMark" > 
  at <LocaleReceiver children=fn<children> > 
  at <AConfigProvider theme= {token: Object} > 
  at <App> @ http://127.0.0.1:5175/@vite/client:528
[     497ms] [WARNING] [Vue warn]: Invalid prop: type check failed for prop "onKeydown". Expected Function, got Array  
  at <ATextarea value="" onUpdate:value=fn rows=4  ... > 
  at <Anonymous value= {hashed: true, components: Object, theme: undefined, token: Object} > 
  at <ALocaleProvider locale=undefined ANT_MARK__="internalMark" > 
  at <LocaleReceiver children=fn<children> > 
  at <AConfigProvider theme= {token: Object} > 
  at <App> @ http://127.0.0.1:5175/@vite/client:528
[     500ms] [WARNING] [Vue warn]: Invalid prop: type check failed for prop "onKeydown". Expected Function, got Array  
  at <ATextarea value="" onUpdate:value=fn rows=4  ... > 
  at <Anonymous value= {hashed: true, components: Object, theme: undefined, token: Object} > 
  at <ALocaleProvider locale=undefined ANT_MARK__="internalMark" > 
  at <LocaleReceiver children=fn<children> > 
  at <AConfigProvider theme= {token: Object} > 
  at <App> @ http://127.0.0.1:5175/@vite/client:528
[     503ms] [WARNING] [Vue warn]: Invalid prop: type check failed for prop "onKeydown". Expected Function, got Array  
  at <ATextarea value="" onUpdate:value=fn rows=4  ... > 
  at <Anonymous value= {hashed: true, components: Object, theme: undefined, token: Object} > 
  at <ALocaleProvider locale=undefined ANT_MARK__="internalMark" > 
  at <LocaleReceiver children=fn<children> > 
  at <AConfigProvider theme= {token: Object} > 
  at <App> @ http://127.0.0.1:5175/@vite/client:528
[     506ms] [WARNING] [Vue warn]: Invalid prop: type check failed for prop "onKeydown". Expected Function, got Array  
  at <ATextarea value="" onUpdate:value=fn rows=4  ... > 
  at <Anonymous value= {hashed: true, components: Object, theme: undefined, token: Object} > 
  at <ALocaleProvider locale=undefined ANT_MARK__="internalMark" > 
  at <LocaleReceiver children=fn<children> > 
  at <AConfigProvider theme= {token: Object} > 
  at <App> @ http://127.0.0.1:5175/@vite/client:528
[     509ms] [WARNING] [Vue warn]: Invalid prop: type check failed for prop "onKeydown". Expected Function, got Array  
  at <ATextarea value="" onUpdate:value=fn rows=4  ... > 
  at <Anonymous value= {hashed: true, components: Object, theme: undefined, token: Object} > 
  at <ALocaleProvider locale=undefined ANT_MARK__="internalMark" > 
  at <LocaleReceiver children=fn<children> > 
  at <AConfigProvider theme= {token: Object} > 
  at <App> @ http://127.0.0.1:5175/@vite/client:528
[     512ms] [WARNING] [Vue warn]: Invalid prop: type check failed for prop "onKeydown". Expected Function, got Array  
  at <ATextarea value="" onUpdate:value=fn rows=4  ... > 
  at <Anonymous value= {hashed: true, components: Object, theme: undefined, token: Object} > 
  at <ALocaleProvider locale=undefined ANT_MARK__="internalMark" > 
  at <LocaleReceiver children=fn<children> > 
  at <AConfigProvider theme= {token: Object} > 
  at <App> @ http://127.0.0.1:5175/@vite/client:528
[     515ms] [WARNING] [Vue warn]: Invalid prop: type check failed for prop "onKeydown". Expected Function, got Array  
  at <ATextarea value="" onUpdate:value=fn rows=4  ... > 
  at <Anonymous value= {hashed: true, components: Object, theme: undefined, token: Object} > 
  at <ALocaleProvider locale=undefined ANT_MARK__="internalMark" > 
  at <LocaleReceiver children=fn<children> > 
  at <AConfigProvider theme= {token: Object} > 
  at <App> @ http://127.0.0.1:5175/@vite/client:528
[     518ms] [WARNING] [Vue warn]: Invalid prop: type check failed for prop "onKeydown". Expected Function, got Array  
  at <ATextarea value="" onUpdate:value=fn rows=4  ... > 
  at <Anonymous value= {hashed: true, components: Object, theme: undefined, token: Object} > 
  at <ALocaleProvider locale=undefined ANT_MARK__="internalMark" > 
  at <LocaleReceiver children=fn<children> > 
  at <AConfigProvider theme= {token: Object} > 
  at <App> @ http://127.0.0.1:5175/@vite/client:528
[     521ms] [WARNING] [Vue warn]: Invalid prop: type check failed for prop "onKeydown". Expected Function, got Array  
  at <ATextarea value="" onUpdate:value=fn rows=4  ... > 
  at <Anonymous value= {hashed: true, components: Object, theme: undefined, token: Object} > 
  at <ALocaleProvider locale=undefined ANT_MARK__="internalMark" > 
  at <LocaleReceiver children=fn<children> > 
  at <AConfigProvider theme= {token: Object} > 
  at <App> @ http://127.0.0.1:5175/@vite/client:528
[     524ms] [WARNING] [Vue warn]: Invalid prop: type check failed for prop "onKeydown". Expected Function, got Array  
  at <ATextarea value="" onUpdate:value=fn rows=4  ... > 
  at <Anonymous value= {hashed: true, components: Object, theme: undefined, token: Object} > 
  at <ALocaleProvider locale=undefined ANT_MARK__="internalMark" > 
  at <LocaleReceiver children=fn<children> > 
  at <AConfigProvider theme= {token: Object} > 
  at <App> @ http://127.0.0.1:5175/@vite/client:528
[     527ms] [WARNING] [Vue warn]: Invalid prop: type check failed for prop "onKeydown". Expected Function, got Array  
  at <ATextarea value="" onUpdate:value=fn rows=4  ... > 
  at <Anonymous value= {hashed: true, components: Object, theme: undefined, token: Object} > 
  at <ALocaleProvider locale=undefined ANT_MARK__="internalMark" > 
  at <LocaleReceiver children=fn<children> > 
  at <AConfigProvider theme= {token: Object} > 
  at <App> @ http://127.0.0.1:5175/@vite/client:528
[     530ms] [WARNING] [Vue warn]: Invalid prop: type check failed for prop "onKeydown". Expected Function, got Array  
  at <ATextarea value="" onUpdate:value=fn rows=4  ... > 
  at <Anonymous value= {hashed: true, components: Object, theme: undefined, token: Object} > 
  at <ALocaleProvider locale=undefined ANT_MARK__="internalMark" > 
  at <LocaleReceiver children=fn<children> > 
  at <AConfigProvider theme= {token: Object} > 
  at <App> @ http://127.0.0.1:5175/@vite/client:528
[     533ms] [WARNING] [Vue warn]: Invalid prop: type check failed for prop "onKeydown". Expected Function, got Array  
  at <ATextarea value="" onUpdate:value=fn rows=4  ... > 
  at <Anonymous value= {hashed: true, components: Object, theme: undefined, token: Object} > 
  at <ALocaleProvider locale=undefined ANT_MARK__="internalMark" > 
  at <LocaleReceiver children=fn<children> > 
  at <AConfigProvider theme= {token: Object} > 
  at <App> @ http://127.0.0.1:5175/@vite/client:528
[     536ms] [WARNING] [Vue warn]: Invalid prop: type check failed for prop "onKeydown". Expected Function, got Array  
  at <ATextarea value="" onUpdate:value=fn rows=4  ... > 
  at <Anonymous value= {hashed: true, components: Object, theme: undefined, token: Object} > 
  at <ALocaleProvider locale=undefined ANT_MARK__="internalMark" > 
  at <LocaleReceiver children=fn<children> > 
  at <AConfigProvider theme= {token: Object} > 
  at <App> @ http://127.0.0.1:5175/@vite/client:528
[     540ms] [WARNING] [Vue warn]: Invalid prop: type check failed for prop "onKeydown". Expected Function, got Array  
  at <ATextarea value="" onUpdate:value=fn rows=4  ... > 
  at <Anonymous value= {hashed: true, components: Object, theme: undefined, token: Object} > 
  at <ALocaleProvider locale=undefined ANT_MARK__="internalMark" > 
  at <LocaleReceiver children=fn<children> > 
  at <AConfigProvider theme= {token: Object} > 
  at <App> @ http://127.0.0.1:5175/@vite/client:528
[     544ms] [WARNING] [Vue warn]: Invalid prop: type check failed for prop "onKeydown". Expected Function, got Array  
  at <ATextarea value="" onUpdate:value=fn rows=4  ... > 
  at <Anonymous value= {hashed: true, components: Object, theme: undefined, token: Object} > 
  at <ALocaleProvider locale=undefined ANT_MARK__="internalMark" > 
  at <LocaleReceiver children=fn<children> > 
  at <AConfigProvider theme= {token: Object} > 
  at <App> @ http://127.0.0.1:5175/@vite/client:528
[     547ms] [WARNING] [Vue warn]: Invalid prop: type check failed for prop "onKeydown". Expected Function, got Array  
  at <ATextarea value="" onUpdate:value=fn rows=4  ... > 
  at <Anonymous value= {hashed: true, components: Object, theme: undefined, token: Object} > 
  at <ALocaleProvider locale=undefined ANT_MARK__="internalMark" > 
  at <LocaleReceiver children=fn<children> > 
  at <AConfigProvider theme= {token: Object} > 
  at <App> @ http://127.0.0.1:5175/@vite/client:528
[     550ms] [WARNING] [Vue warn]: Invalid prop: type check failed for prop "onKeydown". Expected Function, got Array  
  at <ATextarea value="" onUpdate:value=fn rows=4  ... > 
  at <Anonymous value= {hashed: true, components: Object, theme: undefined, token: Object} > 
  at <ALocaleProvider locale=undefined ANT_MARK__="internalMark" > 
  at <LocaleReceiver children=fn<children> > 
  at <AConfigProvider theme= {token: Object} > 
  at <App> @ http://127.0.0.1:5175/@vite/client:528
[     553ms] [WARNING] [Vue warn]: Invalid prop: type check failed for prop "onKeydown". Expected Function, got Array  
  at <ATextarea value="" onUpdate:value=fn rows=4  ... > 
  at <Anonymous value= {hashed: true, components: Object, theme: undefined, token: Object} > 
  at <ALocaleProvider locale=undefined ANT_MARK__="internalMark" > 
  at <LocaleReceiver children=fn<children> > 
  at <AConfigProvider theme= {token: Object} > 
  at <App> @ http://127.0.0.1:5175/@vite/client:528
[     556ms] [WARNING] [Vue warn]: Invalid prop: type check failed for prop "onKeydown". Expected Function, got Array  
  at <ATextarea value="" onUpdate:value=fn rows=4  ... > 
  at <Anonymous value= {hashed: true, components: Object, theme: undefined, token: Object} > 
  at <ALocaleProvider locale=undefined ANT_MARK__="internalMark" > 
  at <LocaleReceiver children=fn<children> > 
  at <AConfigProvider theme= {token: Object} > 
  at <App> @ http://127.0.0.1:5175/@vite/client:528
[     559ms] [WARNING] [Vue warn]: Invalid prop: type check failed for prop "onKeydown". Expected Function, got Array  
  at <ATextarea value="" onUpdate:value=fn rows=4  ... > 
  at <Anonymous value= {hashed: true, components: Object, theme: undefined, token: Object} > 
  at <ALocaleProvider locale=undefined ANT_MARK__="internalMark" > 
  at <LocaleReceiver children=fn<children> > 
  at <AConfigProvider theme= {token: Object} > 
  at <App> @ http://127.0.0.1:5175/@vite/client:528
[     562ms] [WARNING] [Vue warn]: Invalid prop: type check failed for prop "onKeydown". Expected Function, got Array  
  at <ATextarea value="" onUpdate:value=fn rows=4  ... > 
  at <Anonymous value= {hashed: true, components: Object, theme: undefined, token: Object} > 
  at <ALocaleProvider locale=undefined ANT_MARK__="internalMark" > 
  at <LocaleReceiver children=fn<children> > 
  at <AConfigProvider theme= {token: Object} > 
  at <App> @ http://127.0.0.1:5175/@vite/client:528
[     565ms] [WARNING] [Vue warn]: Invalid prop: type check failed for prop "onKeydown". Expected Function, got Array  
  at <ATextarea value="" onUpdate:value=fn rows=4  ... > 
  at <Anonymous value= {hashed: true, components: Object, theme: undefined, token: Object} > 
  at <ALocaleProvider locale=undefined ANT_MARK__="internalMark" > 
  at <LocaleReceiver children=fn<children> > 
  at <AConfigProvider theme= {token: Object} > 
  at <App> @ http://127.0.0.1:5175/@vite/client:528
[     568ms] [WARNING] [Vue warn]: Invalid prop: type check failed for prop "onKeydown". Expected Function, got Array  
  at <ATextarea value="" onUpdate:value=fn rows=4  ... > 
  at <Anonymous value= {hashed: true, components: Object, theme: undefined, token: Object} > 
  at <ALocaleProvider locale=undefined ANT_MARK__="internalMark" > 
  at <LocaleReceiver children=fn<children> > 
  at <AConfigProvider theme= {token: Object} > 
  at <App> @ http://127.0.0.1:5175/@vite/client:528
[     572ms] [WARNING] [Vue warn]: Invalid prop: type check failed for prop "onKeydown". Expected Function, got Array  
  at <ATextarea value="" onUpdate:value=fn rows=4  ... > 
  at <Anonymous value= {hashed: true, components: Object, theme: undefined, token: Object} > 
  at <ALocaleProvider locale=undefined ANT_MARK__="internalMark" > 
  at <LocaleReceiver children=fn<children> > 
  at <AConfigProvider theme= {token: Object} > 
  at <App> @ http://127.0.0.1:5175/@vite/client:528
[     576ms] [WARNING] [Vue warn]: Invalid prop: type check failed for prop "onKeydown". Expected Function, got Array  
  at <ATextarea value="" onUpdate:value=fn rows=4  ... > 
  at <Anonymous value= {hashed: true, components: Object, theme: undefined, token: Object} > 
  at <ALocaleProvider locale=undefined ANT_MARK__="internalMark" > 
  at <LocaleReceiver children=fn<children> > 
  at <AConfigProvider theme= {token: Object} > 
  at <App> @ http://127.0.0.1:5175/@vite/client:528
[     579ms] [WARNING] [Vue warn]: Invalid prop: type check failed for prop "onKeydown". Expected Function, got Array  
  at <ATextarea value="" onUpdate:value=fn rows=4  ... > 
  at <Anonymous value= {hashed: true, components: Object, theme: undefined, token: Object} > 
  at <ALocaleProvider locale=undefined ANT_MARK__="internalMark" > 
  at <LocaleReceiver children=fn<children> > 
  at <AConfigProvider theme= {token: Object} > 
  at <App> @ http://127.0.0.1:5175/@vite/client:528
[     582ms] [WARNING] [Vue warn]: Invalid prop: type check failed for prop "onKeydown". Expected Function, got Array  
  at <ATextarea value="" onUpdate:value=fn rows=4  ... > 
  at <Anonymous value= {hashed: true, components: Object, theme: undefined, token: Object} > 
  at <ALocaleProvider locale=undefined ANT_MARK__="internalMark" > 
  at <LocaleReceiver children=fn<children> > 
  at <AConfigProvider theme= {token: Object} > 
  at <App> @ http://127.0.0.1:5175/@vite/client:528
[     586ms] [WARNING] [Vue warn]: Invalid prop: type check failed for prop "onKeydown". Expected Function, got Array  
  at <ATextarea value="" onUpdate:value=fn rows=4  ... > 
  at <Anonymous value= {hashed: true, components: Object, theme: undefined, token: Object} > 
  at <ALocaleProvider locale=undefined ANT_MARK__="internalMark" > 
  at <LocaleReceiver children=fn<children> > 
  at <AConfigProvider theme= {token: Object} > 
  at <App> @ http://127.0.0.1:5175/@vite/client:528
[     590ms] [WARNING] [Vue warn]: Invalid prop: type check failed for prop "onKeydown". Expected Function, got Array  
  at <ATextarea value="" onUpdate:value=fn rows=4  ... > 
  at <Anonymous value= {hashed: true, components: Object, theme: undefined, token: Object} > 
  at <ALocaleProvider locale=undefined ANT_MARK__="internalMark" > 
  at <LocaleReceiver children=fn<children> > 
  at <AConfigProvider theme= {token: Object} > 
  at <App> @ http://127.0.0.1:5175/@vite/client:528
[     593ms] [WARNING] [Vue warn]: Invalid prop: type check failed for prop "onKeydown". Expected Function, got Array  
  at <ATextarea value="" onUpdate:value=fn rows=4  ... > 
  at <Anonymous value= {hashed: true, components: Object, theme: undefined, token: Object} > 
  at <ALocaleProvider locale=undefined ANT_MARK__="internalMark" > 
  at <LocaleReceiver children=fn<children> > 
  at <AConfigProvider theme= {token: Object} > 
  at <App> @ http://127.0.0.1:5175/@vite/client:528
[     596ms] [WARNING] [Vue warn]: Invalid prop: type check failed for prop "onKeydown". Expected Function, got Array  
  at <ATextarea value="" onUpdate:value=fn rows=4  ... > 
  at <Anonymous value= {hashed: true, components: Object, theme: undefined, token: Object} > 
  at <ALocaleProvider locale=undefined ANT_MARK__="internalMark" > 
  at <LocaleReceiver children=fn<children> > 
  at <AConfigProvider theme= {token: Object} > 
  at <App> @ http://127.0.0.1:5175/@vite/client:528
[     599ms] [WARNING] [Vue warn]: Invalid prop: type check failed for prop "onKeydown". Expected Function, got Array  
  at <ATextarea value="" onUpdate:value=fn rows=4  ... > 
  at <Anonymous value= {hashed: true, components: Object, theme: undefined, token: Object} > 
  at <ALocaleProvider locale=undefined ANT_MARK__="internalMark" > 
  at <LocaleReceiver children=fn<children> > 
  at <AConfigProvider theme= {token: Object} > 
  at <App> @ http://127.0.0.1:5175/@vite/client:528
[     602ms] [WARNING] [Vue warn]: Invalid prop: type check failed for prop "onKeydown". Expected Function, got Array  
  at <ATextarea value="" onUpdate:value=fn rows=4  ... > 
  at <Anonymous value= {hashed: true, components: Object, theme: undefined, token: Object} > 
  at <ALocaleProvider locale=undefined ANT_MARK__="internalMark" > 
  at <LocaleReceiver children=fn<children> > 
  at <AConfigProvider theme= {token: Object} > 
  at <App> @ http://127.0.0.1:5175/@vite/client:528
[     606ms] [WARNING] [Vue warn]: Invalid prop: type check failed for prop "onKeydown". Expected Function, got Array  
  at <ATextarea value="" onUpdate:value=fn rows=4  ... > 
  at <Anonymous value= {hashed: true, components: Object, theme: undefined, token: Object} > 
  at <ALocaleProvider locale=undefined ANT_MARK__="internalMark" > 
  at <LocaleReceiver children=fn<children> > 
  at <AConfigProvider theme= {token: Object} > 
  at <App> @ http://127.0.0.1:5175/@vite/client:528
[     609ms] [WARNING] [Vue warn]: Invalid prop: type check failed for prop "onKeydown". Expected Function, got Array  
  at <ATextarea value="" onUpdate:value=fn rows=4  ... > 
  at <Anonymous value= {hashed: true, components: Object, theme: undefined, token: Object} > 
  at <ALocaleProvider locale=undefined ANT_MARK__="internalMark" > 
  at <LocaleReceiver children=fn<children> > 
  at <AConfigProvider theme= {token: Object} > 
  at <App> @ http://127.0.0.1:5175/@vite/client:528
[     612ms] [WARNING] [Vue warn]: Invalid prop: type check failed for prop "onKeydown". Expected Function, got Array  
  at <ATextarea value="" onUpdate:value=fn rows=4  ... > 
  at <Anonymous value= {hashed: true, components: Object, theme: undefined, token: Object} > 
  at <ALocaleProvider locale=undefined ANT_MARK__="internalMark" > 
  at <LocaleReceiver children=fn<children> > 
  at <AConfigProvider theme= {token: Object} > 
  at <App> @ http://127.0.0.1:5175/@vite/client:528
[     615ms] [WARNING] [Vue warn]: Invalid prop: type check failed for prop "onKeydown". Expected Function, got Array  
  at <ATextarea value="" onUpdate:value=fn rows=4  ... > 
  at <Anonymous value= {hashed: true, components: Object, theme: undefined, token: Object} > 
  at <ALocaleProvider locale=undefined ANT_MARK__="internalMark" > 
  at <LocaleReceiver children=fn<children> > 
  at <AConfigProvider theme= {token: Object} > 
  at <App> @ http://127.0.0.1:5175/@vite/client:528
[     618ms] [WARNING] [Vue warn]: Invalid prop: type check failed for prop "onKeydown". Expected Function, got Array  
  at <ATextarea value="" onUpdate:value=fn rows=4  ... > 
  at <Anonymous value= {hashed: true, components: Object, theme: undefined, token: Object} > 
  at <ALocaleProvider locale=undefined ANT_MARK__="internalMark" > 
  at <LocaleReceiver children=fn<children> > 
  at <AConfigProvider theme= {token: Object} > 
  at <App> @ http://127.0.0.1:5175/@vite/client:528
[     621ms] [WARNING] [Vue warn]: Invalid prop: type check failed for prop "onKeydown". Expected Function, got Array  
  at <ATextarea value="" onUpdate:value=fn rows=4  ... > 
  at <Anonymous value= {hashed: true, components: Object, theme: undefined, token: Object} > 
  at <ALocaleProvider locale=undefined ANT_MARK__="internalMark" > 
  at <LocaleReceiver children=fn<children> > 
  at <AConfigProvider theme= {token: Object} > 
  at <App> @ http://127.0.0.1:5175/@vite/client:528
[     624ms] [WARNING] [Vue warn]: Invalid prop: type check failed for prop "onKeydown". Expected Function, got Array  
  at <ATextarea value="" onUpdate:value=fn rows=4  ... > 
  at <Anonymous value= {hashed: true, components: Object, theme: undefined, token: Object} > 
  at <ALocaleProvider locale=undefined ANT_MARK__="internalMark" > 
  at <LocaleReceiver children=fn<children> > 
  at <AConfigProvider theme= {token: Object} > 
  at <App> @ http://127.0.0.1:5175/@vite/client:528
[     628ms] [WARNING] [Vue warn]: Invalid prop: type check failed for prop "onKeydown". Expected Function, got Array  
  at <ATextarea value="" onUpdate:value=fn rows=4  ... > 
  at <Anonymous value= {hashed: true, components: Object, theme: undefined, token: Object} > 
  at <ALocaleProvider locale=undefined ANT_MARK__="internalMark" > 
  at <LocaleReceiver children=fn<children> > 
  at <AConfigProvider theme= {token: Object} > 
  at <App> @ http://127.0.0.1:5175/@vite/client:528
[     631ms] [WARNING] [Vue warn]: Invalid prop: type check failed for prop "onKeydown". Expected Function, got Array  
  at <ATextarea value="" onUpdate:value=fn rows=4  ... > 
  at <Anonymous value= {hashed: true, components: Object, theme: undefined, token: Object} > 
  at <ALocaleProvider locale=undefined ANT_MARK__="internalMark" > 
  at <LocaleReceiver children=fn<children> > 
  at <AConfigProvider theme= {token: Object} > 
  at <App> @ http://127.0.0.1:5175/@vite/client:528
[     635ms] [WARNING] [Vue warn]: Invalid prop: type check failed for prop "onKeydown". Expected Function, got Array  
  at <ATextarea value="" onUpdate:value=fn rows=4  ... > 
  at <Anonymous value= {hashed: true, components: Object, theme: undefined, token: Object} > 
  at <ALocaleProvider locale=undefined ANT_MARK__="internalMark" > 
  at <LocaleReceiver children=fn<children> > 
  at <AConfigProvider theme= {token: Object} > 
  at <App> @ http://127.0.0.1:5175/@vite/client:528
[     639ms] [WARNING] [Vue warn]: Invalid prop: type check failed for prop "onKeydown". Expected Function, got Array  
  at <ATextarea value="" onUpdate:value=fn rows=4  ... > 
  at <Anonymous value= {hashed: true, components: Object, theme: undefined, token: Object} > 
  at <ALocaleProvider locale=undefined ANT_MARK__="internalMark" > 
  at <LocaleReceiver children=fn<children> > 
  at <AConfigProvider theme= {token: Object} > 
  at <App> @ http://127.0.0.1:5175/@vite/client:528
[     642ms] [WARNING] [Vue warn]: Invalid prop: type check failed for prop "onKeydown". Expected Function, got Array  
  at <ATextarea value="" onUpdate:value=fn rows=4  ... > 
  at <Anonymous value= {hashed: true, components: Object, theme: undefined, token: Object} > 
  at <ALocaleProvider locale=undefined ANT_MARK__="internalMark" > 
  at <LocaleReceiver children=fn<children> > 
  at <AConfigProvider theme= {token: Object} > 
  at <App> @ http://127.0.0.1:5175/@vite/client:528
[     645ms] [WARNING] [Vue warn]: Invalid prop: type check failed for prop "onKeydown". Expected Function, got Array  
  at <ATextarea value="" onUpdate:value=fn rows=4  ... > 
  at <Anonymous value= {hashed: true, components: Object, theme: undefined, token: Object} > 
  at <ALocaleProvider locale=undefined ANT_MARK__="internalMark" > 
  at <LocaleReceiver children=fn<children> > 
  at <AConfigProvider theme= {token: Object} > 
  at <App> @ http://127.0.0.1:5175/@vite/client:528
[     648ms] [WARNING] [Vue warn]: Invalid prop: type check failed for prop "onKeydown". Expected Function, got Array  
  at <ATextarea value="" onUpdate:value=fn rows=4  ... > 
  at <Anonymous value= {hashed: true, components: Object, theme: undefined, token: Object} > 
  at <ALocaleProvider locale=undefined ANT_MARK__="internalMark" > 
  at <LocaleReceiver children=fn<children> > 
  at <AConfigProvider theme= {token: Object} > 
  at <App> @ http://127.0.0.1:5175/@vite/client:528
[     651ms] [WARNING] [Vue warn]: Invalid prop: type check failed for prop "onKeydown". Expected Function, got Array  
  at <ATextarea value="" onUpdate:value=fn rows=4  ... > 
  at <Anonymous value= {hashed: true, components: Object, theme: undefined, token: Object} > 
  at <ALocaleProvider locale=undefined ANT_MARK__="internalMark" > 
  at <LocaleReceiver children=fn<children> > 
  at <AConfigProvider theme= {token: Object} > 
  at <App> @ http://127.0.0.1:5175/@vite/client:528
[     654ms] [WARNING] [Vue warn]: Invalid prop: type check failed for prop "onKeydown". Expected Function, got Array  
  at <ATextarea value="" onUpdate:value=fn rows=4  ... > 
  at <Anonymous value= {hashed: true, components: Object, theme: undefined, token: Object} > 
  at <ALocaleProvider locale=undefined ANT_MARK__="internalMark" > 
  at <LocaleReceiver children=fn<children> > 
  at <AConfigProvider theme= {token: Object} > 
  at <App> @ http://127.0.0.1:5175/@vite/client:528
[     657ms] [WARNING] [Vue warn]: Invalid prop: type check failed for prop "onKeydown". Expected Function, got Array  
  at <ATextarea value="" onUpdate:value=fn rows=4  ... > 
  at <Anonymous value= {hashed: true, components: Object, theme: undefined, token: Object} > 
  at <ALocaleProvider locale=undefined ANT_MARK__="internalMark" > 
  at <LocaleReceiver children=fn<children> > 
  at <AConfigProvider theme= {token: Object} > 
  at <App> @ http://127.0.0.1:5175/@vite/client:528
[     660ms] [WARNING] [Vue warn]: Invalid prop: type check failed for prop "onKeydown". Expected Function, got Array  
  at <ATextarea value="" onUpdate:value=fn rows=4  ... > 
  at <Anonymous value= {hashed: true, components: Object, theme: undefined, token: Object} > 
  at <ALocaleProvider locale=undefined ANT_MARK__="internalMark" > 
  at <LocaleReceiver children=fn<children> > 
  at <AConfigProvider theme= {token: Object} > 
  at <App> @ http://127.0.0.1:5175/@vite/client:528
[     663ms] [WARNING] [Vue warn]: Invalid prop: type check failed for prop "onKeydown". Expected Function, got Array  
  at <ATextarea value="" onUpdate:value=fn rows=4  ... > 
  at <Anonymous value= {hashed: true, components: Object, theme: undefined, token: Object} > 
  at <ALocaleProvider locale=undefined ANT_MARK__="internalMark" > 
  at <LocaleReceiver children=fn<children> > 
  at <AConfigProvider theme= {token: Object} > 
  at <App> @ http://127.0.0.1:5175/@vite/client:528
[     666ms] [WARNING] [Vue warn]: Invalid prop: type check failed for prop "onKeydown". Expected Function, got Array  
  at <ATextarea value="" onUpdate:value=fn rows=4  ... > 
  at <Anonymous value= {hashed: true, components: Object, theme: undefined, token: Object} > 
  at <ALocaleProvider locale=undefined ANT_MARK__="internalMark" > 
  at <LocaleReceiver children=fn<children> > 
  at <AConfigProvider theme= {token: Object} > 
  at <App> @ http://127.0.0.1:5175/@vite/client:528
[     670ms] [WARNING] [Vue warn]: Invalid prop: type check failed for prop "onKeydown". Expected Function, got Array  
  at <ATextarea value="" onUpdate:value=fn rows=4  ... > 
  at <Anonymous value= {hashed: true, components: Object, theme: undefined, token: Object} > 
  at <ALocaleProvider locale=undefined ANT_MARK__="internalMark" > 
  at <LocaleReceiver children=fn<children> > 
  at <AConfigProvider theme= {token: Object} > 
  at <App> @ http://127.0.0.1:5175/@vite/client:528
[     673ms] [WARNING] [Vue warn]: Invalid prop: type check failed for prop "onKeydown". Expected Function, got Array  
  at <ATextarea value="" onUpdate:value=fn rows=4  ... > 
  at <Anonymous value= {hashed: true, components: Object, theme: undefined, token: Object} > 
  at <ALocaleProvider locale=undefined ANT_MARK__="internalMark" > 
  at <LocaleReceiver children=fn<children> > 
  at <AConfigProvider theme= {token: Object} > 
  at <App> @ http://127.0.0.1:5175/@vite/client:528
[     676ms] [WARNING] [Vue warn]: Invalid prop: type check failed for prop "onKeydown". Expected Function, got Array  
  at <ATextarea value="" onUpdate:value=fn rows=4  ... > 
  at <Anonymous value= {hashed: true, components: Object, theme: undefined, token: Object} > 
  at <ALocaleProvider locale=undefined ANT_MARK__="internalMark" > 
  at <LocaleReceiver children=fn<children> > 
  at <AConfigProvider theme= {token: Object} > 
  at <App> @ http://127.0.0.1:5175/@vite/client:528
[     679ms] [WARNING] [Vue warn]: Invalid prop: type check failed for prop "onKeydown". Expected Function, got Array  
  at <ATextarea value="" onUpdate:value=fn rows=4  ... > 
  at <Anonymous value= {hashed: true, components: Object, theme: undefined, token: Object} > 
  at <ALocaleProvider locale=undefined ANT_MARK__="internalMark" > 
  at <LocaleReceiver children=fn<children> > 
  at <AConfigProvider theme= {token: Object} > 
  at <App> @ http://127.0.0.1:5175/@vite/client:528
[     682ms] [WARNING] [Vue warn]: Invalid prop: type check failed for prop "onKeydown". Expected Function, got Array  
  at <ATextarea value="" onUpdate:value=fn rows=4  ... > 
  at <Anonymous value= {hashed: true, components: Object, theme: undefined, token: Object} > 
  at <ALocaleProvider locale=undefined ANT_MARK__="internalMark" > 
  at <LocaleReceiver children=fn<children> > 
  at <AConfigProvider theme= {token: Object} > 
  at <App> @ http://127.0.0.1:5175/@vite/client:528
[     685ms] [WARNING] [Vue warn]: Invalid prop: type check failed for prop "onKeydown". Expected Function, got Array  
  at <ATextarea value="" onUpdate:value=fn rows=4  ... > 
  at <Anonymous value= {hashed: true, components: Object, theme: undefined, token: Object} > 
  at <ALocaleProvider locale=undefined ANT_MARK__="internalMark" > 
  at <LocaleReceiver children=fn<children> > 
  at <AConfigProvider theme= {token: Object} > 
  at <App> @ http://127.0.0.1:5175/@vite/client:528
[     689ms] [WARNING] [Vue warn]: Invalid prop: type check failed for prop "onKeydown". Expected Function, got Array  
  at <ATextarea value="" onUpdate:value=fn rows=4  ... > 
  at <Anonymous value= {hashed: true, components: Object, theme: undefined, token: Object} > 
  at <ALocaleProvider locale=undefined ANT_MARK__="internalMark" > 
  at <LocaleReceiver children=fn<children> > 
  at <AConfigProvider theme= {token: Object} > 
  at <App> @ http://127.0.0.1:5175/@vite/client:528
[     692ms] [WARNING] [Vue warn]: Invalid prop: type check failed for prop "onKeydown". Expected Function, got Array  
  at <ATextarea value="" onUpdate:value=fn rows=4  ... > 
  at <Anonymous value= {hashed: true, components: Object, theme: undefined, token: Object} > 
  at <ALocaleProvider locale=undefined ANT_MARK__="internalMark" > 
  at <LocaleReceiver children=fn<children> > 
  at <AConfigProvider theme= {token: Object} > 
  at <App> @ http://127.0.0.1:5175/@vite/client:528
[     695ms] [WARNING] [Vue warn]: Invalid prop: type check failed for prop "onKeydown". Expected Function, got Array  
  at <ATextarea value="" onUpdate:value=fn rows=4  ... > 
  at <Anonymous value= {hashed: true, components: Object, theme: undefined, token: Object} > 
  at <ALocaleProvider locale=undefined ANT_MARK__="internalMark" > 
  at <LocaleReceiver children=fn<children> > 
  at <AConfigProvider theme= {token: Object} > 
  at <App> @ http://127.0.0.1:5175/@vite/client:528
[     698ms] [WARNING] [Vue warn]: Invalid prop: type check failed for prop "onKeydown". Expected Function, got Array  
  at <ATextarea value="" onUpdate:value=fn rows=4  ... > 
  at <Anonymous value= {hashed: true, components: Object, theme: undefined, token: Object} > 
  at <ALocaleProvider locale=undefined ANT_MARK__="internalMark" > 
  at <LocaleReceiver children=fn<children> > 
  at <AConfigProvider theme= {token: Object} > 
  at <App> @ http://127.0.0.1:5175/@vite/client:528
[     701ms] [WARNING] [Vue warn]: Invalid prop: type check failed for prop "onKeydown". Expected Function, got Array  
  at <ATextarea value="" onUpdate:value=fn rows=4  ... > 
  at <Anonymous value= {hashed: true, components: Object, theme: undefined, token: Object} > 
  at <ALocaleProvider locale=undefined ANT_MARK__="internalMark" > 
  at <LocaleReceiver children=fn<children> > 
  at <AConfigProvider theme= {token: Object} > 
  at <App> @ http://127.0.0.1:5175/@vite/client:528
[     704ms] [WARNING] [Vue warn]: Invalid prop: type check failed for prop "onKeydown". Expected Function, got Array  
  at <ATextarea value="" onUpdate:value=fn rows=4  ... > 
  at <Anonymous value= {hashed: true, components: Object, theme: undefined, token: Object} > 
  at <ALocaleProvider locale=undefined ANT_MARK__="internalMark" > 
  at <LocaleReceiver children=fn<children> > 
  at <AConfigProvider theme= {token: Object} > 
  at <App> @ http://127.0.0.1:5175/@vite/client:528
[     707ms] [WARNING] [Vue warn]: Invalid prop: type check failed for prop "onKeydown". Expected Function, got Array  
  at <ATextarea value="" onUpdate:value=fn rows=4  ... > 
  at <Anonymous value= {hashed: true, components: Object, theme: undefined, token: Object} > 
  at <ALocaleProvider locale=undefined ANT_MARK__="internalMark" > 
  at <LocaleReceiver children=fn<children> > 
  at <AConfigProvider theme= {token: Object} > 
  at <App> @ http://127.0.0.1:5175/@vite/client:528
[     710ms] [WARNING] [Vue warn]: Invalid prop: type check failed for prop "onKeydown". Expected Function, got Array  
  at <ATextarea value="" onUpdate:value=fn rows=4  ... > 
  at <Anonymous value= {hashed: true, components: Object, theme: undefined, token: Object} > 
  at <ALocaleProvider locale=undefined ANT_MARK__="internalMark" > 
  at <LocaleReceiver children=fn<children> > 
  at <AConfigProvider theme= {token: Object} > 
  at <App> @ http://127.0.0.1:5175/@vite/client:528
[     713ms] [WARNING] [Vue warn]: Invalid prop: type check failed for prop "onKeydown". Expected Function, got Array  
  at <ATextarea value="" onUpdate:value=fn rows=4  ... > 
  at <Anonymous value= {hashed: true, components: Object, theme: undefined, token: Object} > 
  at <ALocaleProvider locale=undefined ANT_MARK__="internalMark" > 
  at <LocaleReceiver children=fn<children> > 
  at <AConfigProvider theme= {token: Object} > 
  at <App> @ http://127.0.0.1:5175/@vite/client:528
[     716ms] [WARNING] [Vue warn]: Invalid prop: type check failed for prop "onKeydown". Expected Function, got Array  
  at <ATextarea value="" onUpdate:value=fn rows=4  ... > 
  at <Anonymous value= {hashed: true, components: Object, theme: undefined, token: Object} > 
  at <ALocaleProvider locale=undefined ANT_MARK__="internalMark" > 
  at <LocaleReceiver children=fn<children> > 
  at <AConfigProvider theme= {token: Object} > 
  at <App> @ http://127.0.0.1:5175/@vite/client:528
[     719ms] [WARNING] [Vue warn]: Invalid prop: type check failed for prop "onKeydown". Expected Function, got Array  
  at <ATextarea value="" onUpdate:value=fn rows=4  ... > 
  at <Anonymous value= {hashed: true, components: Object, theme: undefined, token: Object} > 
  at <ALocaleProvider locale=undefined ANT_MARK__="internalMark" > 
  at <LocaleReceiver children=fn<children> > 
  at <AConfigProvider theme= {token: Object} > 
  at <App> @ http://127.0.0.1:5175/@vite/client:528
[     722ms] [WARNING] [Vue warn]: Invalid prop: type check failed for prop "onKeydown". Expected Function, got Array  
  at <ATextarea value="" onUpdate:value=fn rows=4  ... > 
  at <Anonymous value= {hashed: true, components: Object, theme: undefined, token: Object} > 
  at <ALocaleProvider locale=undefined ANT_MARK__="internalMark" > 
  at <LocaleReceiver children=fn<children> > 
  at <AConfigProvider theme= {token: Object} > 
  at <App> @ http://127.0.0.1:5175/@vite/client:528
[     725ms] [WARNING] [Vue warn]: Invalid prop: type check failed for prop "onKeydown". Expected Function, got Array  
  at <ATextarea value="" onUpdate:value=fn rows=4  ... > 
  at <Anonymous value= {hashed: true, components: Object, theme: undefined, token: Object} > 
  at <ALocaleProvider locale=undefined ANT_MARK__="internalMark" > 
  at <LocaleReceiver children=fn<children> > 
  at <AConfigProvider theme= {token: Object} > 
  at <App> @ http://127.0.0.1:5175/@vite/client:528
[     728ms] [WARNING] [Vue warn]: Invalid prop: type check failed for prop "onKeydown". Expected Function, got Array  
  at <ATextarea value="" onUpdate:value=fn rows=4  ... > 
  at <Anonymous value= {hashed: true, components: Object, theme: undefined, token: Object} > 
  at <ALocaleProvider locale=undefined ANT_MARK__="internalMark" > 
  at <LocaleReceiver children=fn<children> > 
  at <AConfigProvider theme= {token: Object} > 
  at <App> @ http://127.0.0.1:5175/@vite/client:528
[     731ms] [WARNING] [Vue warn]: Invalid prop: type check failed for prop "onKeydown". Expected Function, got Array  
  at <ATextarea value="" onUpdate:value=fn rows=4  ... > 
  at <Anonymous value= {hashed: true, components: Object, theme: undefined, token: Object} > 
  at <ALocaleProvider locale=undefined ANT_MARK__="internalMark" > 
  at <LocaleReceiver children=fn<children> > 
  at <AConfigProvider theme= {token: Object} > 
  at <App> @ http://127.0.0.1:5175/@vite/client:528
[     735ms] [WARNING] [Vue warn]: Invalid prop: type check failed for prop "onKeydown". Expected Function, got Array  
  at <ATextarea value="" onUpdate:value=fn rows=4  ... > 
  at <Anonymous value= {hashed: true, components: Object, theme: undefined, token: Object} > 
  at <ALocaleProvider locale=undefined ANT_MARK__="internalMark" > 
  at <LocaleReceiver children=fn<children> > 
  at <AConfigProvider theme= {token: Object} > 
  at <App> @ http://127.0.0.1:5175/@vite/client:528
[     739ms] [WARNING] [Vue warn]: Invalid prop: type check failed for prop "onKeydown". Expected Function, got Array  
  at <ATextarea value="" onUpdate:value=fn rows=4  ... > 
  at <Anonymous value= {hashed: true, components: Object, theme: undefined, token: Object} > 
  at <ALocaleProvider locale=undefined ANT_MARK__="internalMark" > 
  at <LocaleReceiver children=fn<children> > 
  at <AConfigProvider theme= {token: Object} > 
  at <App> @ http://127.0.0.1:5175/@vite/client:528
[     742ms] [WARNING] [Vue warn]: Invalid prop: type check failed for prop "onKeydown". Expected Function, got Array  
  at <ATextarea value="" onUpdate:value=fn rows=4  ... > 
  at <Anonymous value= {hashed: true, components: Object, theme: undefined, token: Object} > 
  at <ALocaleProvider locale=undefined ANT_MARK__="internalMark" > 
  at <LocaleReceiver children=fn<children> > 
  at <AConfigProvider theme= {token: Object} > 
  at <App> @ http://127.0.0.1:5175/@vite/client:528
[     746ms] [WARNING] [Vue warn]: Invalid prop: type check failed for prop "onKeydown". Expected Function, got Array  
  at <ATextarea value="" onUpdate:value=fn rows=4  ... > 
  at <Anonymous value= {hashed: true, components: Object, theme: undefined, token: Object} > 
  at <ALocaleProvider locale=undefined ANT_MARK__="internalMark" > 
  at <LocaleReceiver children=fn<children> > 
  at <AConfigProvider theme= {token: Object} > 
  at <App> @ http://127.0.0.1:5175/@vite/client:528
[     749ms] [WARNING] [Vue warn]: Invalid prop: type check failed for prop "onKeydown". Expected Function, got Array  
  at <ATextarea value="" onUpdate:value=fn rows=4  ... > 
  at <Anonymous value= {hashed: true, components: Object, theme: undefined, token: Object} > 
  at <ALocaleProvider locale=undefined ANT_MARK__="internalMark" > 
  at <LocaleReceiver children=fn<children> > 
  at <AConfigProvider theme= {token: Object} > 
  at <App> @ http://127.0.0.1:5175/@vite/client:528
[     752ms] [WARNING] [Vue warn]: Invalid prop: type check failed for prop "onKeydown". Expected Function, got Array  
  at <ATextarea value="" onUpdate:value=fn rows=4  ... > 
  at <Anonymous value= {hashed: true, components: Object, theme: undefined, token: Object} > 
  at <ALocaleProvider locale=undefined ANT_MARK__="internalMark" > 
  at <LocaleReceiver children=fn<children> > 
  at <AConfigProvider theme= {token: Object} > 
  at <App> @ http://127.0.0.1:5175/@vite/client:528
[     755ms] [WARNING] [Vue warn]: Invalid prop: type check failed for prop "onKeydown". Expected Function, got Array  
  at <ATextarea value="" onUpdate:value=fn rows=4  ... > 
  at <Anonymous value= {hashed: true, components: Object, theme: undefined, token: Object} > 
  at <ALocaleProvider locale=undefined ANT_MARK__="internalMark" > 
  at <LocaleReceiver children=fn<children> > 
  at <AConfigProvider theme= {token: Object} > 
  at <App> @ http://127.0.0.1:5175/@vite/client:528
[     758ms] [WARNING] [Vue warn]: Invalid prop: type check failed for prop "onKeydown". Expected Function, got Array  
  at <ATextarea value="" onUpdate:value=fn rows=4  ... > 
  at <Anonymous value= {hashed: true, components: Object, theme: undefined, token: Object} > 
  at <ALocaleProvider locale=undefined ANT_MARK__="internalMark" > 
  at <LocaleReceiver children=fn<children> > 
  at <AConfigProvider theme= {token: Object} > 
  at <App> @ http://127.0.0.1:5175/@vite/client:528
[     761ms] [WARNING] [Vue warn]: Invalid prop: type check failed for prop "onKeydown". Expected Function, got Array  
  at <ATextarea value="" onUpdate:value=fn rows=4  ... > 
  at <Anonymous value= {hashed: true, components: Object, theme: undefined, token: Object} > 
  at <ALocaleProvider locale=undefined ANT_MARK__="internalMark" > 
  at <LocaleReceiver children=fn<children> > 
  at <AConfigProvider theme= {token: Object} > 
  at <App> @ http://127.0.0.1:5175/@vite/client:528
[     765ms] [WARNING] [Vue warn]: Invalid prop: type check failed for prop "onKeydown". Expected Function, got Array  
  at <ATextarea value="" onUpdate:value=fn rows=4  ... > 
  at <Anonymous value= {hashed: true, components: Object, theme: undefined, token: Object} > 
  at <ALocaleProvider locale=undefined ANT_MARK__="internalMark" > 
  at <LocaleReceiver children=fn<children> > 
  at <AConfigProvider theme= {token: Object} > 
  at <App> @ http://127.0.0.1:5175/@vite/client:528
[     768ms] [WARNING] [Vue warn]: Invalid prop: type check failed for prop "onKeydown". Expected Function, got Array  
  at <ATextarea value="" onUpdate:value=fn rows=4  ... > 
  at <Anonymous value= {hashed: true, components: Object, theme: undefined, token: Object} > 
  at <ALocaleProvider locale=undefined ANT_MARK__="internalMark" > 
  at <LocaleReceiver children=fn<children> > 
  at <AConfigProvider theme= {token: Object} > 
  at <App> @ http://127.0.0.1:5175/@vite/client:528
[     771ms] [WARNING] [Vue warn]: Invalid prop: type check failed for prop "onKeydown". Expected Function, got Array  
  at <ATextarea value="" onUpdate:value=fn rows=4  ... > 
  at <Anonymous value= {hashed: true, components: Object, theme: undefined, token: Object} > 
  at <ALocaleProvider locale=undefined ANT_MARK__="internalMark" > 
  at <LocaleReceiver children=fn<children> > 
  at <AConfigProvider theme= {token: Object} > 
  at <App> @ http://127.0.0.1:5175/@vite/client:528
[     774ms] [WARNING] [Vue warn]: Invalid prop: type check failed for prop "onKeydown". Expected Function, got Array  
  at <ATextarea value="" onUpdate:value=fn rows=4  ... > 
  at <Anonymous value= {hashed: true, components: Object, theme: undefined, token: Object} > 
  at <ALocaleProvider locale=undefined ANT_MARK__="internalMark" > 
  at <LocaleReceiver children=fn<children> > 
  at <AConfigProvider theme= {token: Object} > 
  at <App> @ http://127.0.0.1:5175/@vite/client:528
[     777ms] [WARNING] [Vue warn]: Invalid prop: type check failed for prop "onKeydown". Expected Function, got Array  
  at <ATextarea value="" onUpdate:value=fn rows=4  ... > 
  at <Anonymous value= {hashed: true, components: Object, theme: undefined, token: Object} > 
  at <ALocaleProvider locale=undefined ANT_MARK__="internalMark" > 
  at <LocaleReceiver children=fn<children> > 
  at <AConfigProvider theme= {token: Object} > 
  at <App> @ http://127.0.0.1:5175/@vite/client:528
[     780ms] [WARNING] [Vue warn]: Invalid prop: type check failed for prop "onKeydown". Expected Function, got Array  
  at <ATextarea value="" onUpdate:value=fn rows=4  ... > 
  at <Anonymous value= {hashed: true, components: Object, theme: undefined, token: Object} > 
  at <ALocaleProvider locale=undefined ANT_MARK__="internalMark" > 
  at <LocaleReceiver children=fn<children> > 
  at <AConfigProvider theme= {token: Object} > 
  at <App> @ http://127.0.0.1:5175/@vite/client:528
[     784ms] [WARNING] [Vue warn]: Invalid prop: type check failed for prop "onKeydown". Expected Function, got Array  
  at <ATextarea value="" onUpdate:value=fn rows=4  ... > 
  at <Anonymous value= {hashed: true, components: Object, theme: undefined, token: Object} > 
  at <ALocaleProvider locale=undefined ANT_MARK__="internalMark" > 
  at <LocaleReceiver children=fn<children> > 
  at <AConfigProvider theme= {token: Object} > 
  at <App> @ http://127.0.0.1:5175/@vite/client:528
[     787ms] [WARNING] [Vue warn]: Invalid prop: type check failed for prop "onKeydown". Expected Function, got Array  
  at <ATextarea value="" onUpdate:value=fn rows=4  ... > 
  at <Anonymous value= {hashed: true, components: Object, theme: undefined, token: Object} > 
  at <ALocaleProvider locale=undefined ANT_MARK__="internalMark" > 
  at <LocaleReceiver children=fn<children> > 
  at <AConfigProvider theme= {token: Object} > 
  at <App> @ http://127.0.0.1:5175/@vite/client:528
[     791ms] [WARNING] [Vue warn]: Invalid prop: type check failed for prop "onKeydown". Expected Function, got Array  
  at <ATextarea value="" onUpdate:value=fn rows=4  ... > 
  at <Anonymous value= {hashed: true, components: Object, theme: undefined, token: Object} > 
  at <ALocaleProvider locale=undefined ANT_MARK__="internalMark" > 
  at <LocaleReceiver children=fn<children> > 
  at <AConfigProvider theme= {token: Object} > 
  at <App> @ http://127.0.0.1:5175/@vite/client:528
[     794ms] [WARNING] [Vue warn]: Invalid prop: type check failed for prop "onKeydown". Expected Function, got Array  
  at <ATextarea value="" onUpdate:value=fn rows=4  ... > 
  at <Anonymous value= {hashed: true, components: Object, theme: undefined, token: Object} > 
  at <ALocaleProvider locale=undefined ANT_MARK__="internalMark" > 
  at <LocaleReceiver children=fn<children> > 
  at <AConfigProvider theme= {token: Object} > 
  at <App> @ http://127.0.0.1:5175/@vite/client:528
[     797ms] [WARNING] [Vue warn]: Invalid prop: type check failed for prop "onKeydown". Expected Function, got Array  
  at <ATextarea value="" onUpdate:value=fn rows=4  ... > 
  at <Anonymous value= {hashed: true, components: Object, theme: undefined, token: Object} > 
  at <ALocaleProvider locale=undefined ANT_MARK__="internalMark" > 
  at <LocaleReceiver children=fn<children> > 
  at <AConfigProvider theme= {token: Object} > 
  at <App> @ http://127.0.0.1:5175/@vite/client:528
[     800ms] [WARNING] [Vue warn]: Invalid prop: type check failed for prop "onKeydown". Expected Function, got Array  
  at <ATextarea value="" onUpdate:value=fn rows=4  ... > 
  at <Anonymous value= {hashed: true, components: Object, theme: undefined, token: Object} > 
  at <ALocaleProvider locale=undefined ANT_MARK__="internalMark" > 
  at <LocaleReceiver children=fn<children> > 
  at <AConfigProvider theme= {token: Object} > 
  at <App> @ http://127.0.0.1:5175/@vite/client:528
[     803ms] [WARNING] [Vue warn]: Invalid prop: type check failed for prop "onKeydown". Expected Function, got Array  
  at <ATextarea value="" onUpdate:value=fn rows=4  ... > 
  at <Anonymous value= {hashed: true, components: Object, theme: undefined, token: Object} > 
  at <ALocaleProvider locale=undefined ANT_MARK__="internalMark" > 
  at <LocaleReceiver children=fn<children> > 
  at <AConfigProvider theme= {token: Object} > 
  at <App> @ http://127.0.0.1:5175/@vite/client:528
[     806ms] [WARNING] [Vue warn]: Invalid prop: type check failed for prop "onKeydown". Expected Function, got Array  
  at <ATextarea value="" onUpdate:value=fn rows=4  ... > 
  at <Anonymous value= {hashed: true, components: Object, theme: undefined, token: Object} > 
  at <ALocaleProvider locale=undefined ANT_MARK__="internalMark" > 
  at <LocaleReceiver children=fn<children> > 
  at <AConfigProvider theme= {token: Object} > 
  at <App> @ http://127.0.0.1:5175/@vite/client:528
[     809ms] [WARNING] [Vue warn]: Invalid prop: type check failed for prop "onKeydown". Expected Function, got Array  
  at <ATextarea value="" onUpdate:value=fn rows=4  ... > 
  at <Anonymous value= {hashed: true, components: Object, theme: undefined, token: Object} > 
  at <ALocaleProvider locale=undefined ANT_MARK__="internalMark" > 
  at <LocaleReceiver children=fn<children> > 
  at <AConfigProvider theme= {token: Object} > 
  at <App> @ http://127.0.0.1:5175/@vite/client:528
[     812ms] [WARNING] [Vue warn]: Invalid prop: type check failed for prop "onKeydown". Expected Function, got Array  
  at <ATextarea value="" onUpdate:value=fn rows=4  ... > 
  at <Anonymous value= {hashed: true, components: Object, theme: undefined, token: Object} > 
  at <ALocaleProvider locale=undefined ANT_MARK__="internalMark" > 
  at <LocaleReceiver children=fn<children> > 
  at <AConfigProvider theme= {token: Object} > 
  at <App> @ http://127.0.0.1:5175/@vite/client:528
[     815ms] [WARNING] [Vue warn]: Invalid prop: type check failed for prop "onKeydown". Expected Function, got Array  
  at <ATextarea value="" onUpdate:value=fn rows=4  ... > 
  at <Anonymous value= {hashed: true, components: Object, theme: undefined, token: Object} > 
  at <ALocaleProvider locale=undefined ANT_MARK__="internalMark" > 
  at <LocaleReceiver children=fn<children> > 
  at <AConfigProvider theme= {token: Object} > 
  at <App> @ http://127.0.0.1:5175/@vite/client:528
[     818ms] [WARNING] [Vue warn]: Invalid prop: type check failed for prop "onKeydown". Expected Function, got Array  
  at <ATextarea value="" onUpdate:value=fn rows=4  ... > 
  at <Anonymous value= {hashed: true, components: Object, theme: undefined, token: Object} > 
  at <ALocaleProvider locale=undefined ANT_MARK__="internalMark" > 
  at <LocaleReceiver children=fn<children> > 
  at <AConfigProvider theme= {token: Object} > 
  at <App> @ http://127.0.0.1:5175/@vite/client:528
[     821ms] [WARNING] [Vue warn]: Invalid prop: type check failed for prop "onKeydown". Expected Function, got Array  
  at <ATextarea value="" onUpdate:value=fn rows=4  ... > 
  at <Anonymous value= {hashed: true, components: Object, theme: undefined, token: Object} > 
  at <ALocaleProvider locale=undefined ANT_MARK__="internalMark" > 
  at <LocaleReceiver children=fn<children> > 
  at <AConfigProvider theme= {token: Object} > 
  at <App> @ http://127.0.0.1:5175/@vite/client:528
[     824ms] [WARNING] [Vue warn]: Invalid prop: type check failed for prop "onKeydown". Expected Function, got Array  
  at <ATextarea value="" onUpdate:value=fn rows=4  ... > 
  at <Anonymous value= {hashed: true, components: Object, theme: undefined, token: Object} > 
  at <ALocaleProvider locale=undefined ANT_MARK__="internalMark" > 
  at <LocaleReceiver children=fn<children> > 
  at <AConfigProvider theme= {token: Object} > 
  at <App> @ http://127.0.0.1:5175/@vite/client:528
[     827ms] [WARNING] [Vue warn]: Invalid prop: type check failed for prop "onKeydown". Expected Function, got Array  
  at <ATextarea value="" onUpdate:value=fn rows=4  ... > 
  at <Anonymous value= {hashed: true, components: Object, theme: undefined, token: Object} > 
  at <ALocaleProvider locale=undefined ANT_MARK__="internalMark" > 
  at <LocaleReceiver children=fn<children> > 
  at <AConfigProvider theme= {token: Object} > 
  at <App> @ http://127.0.0.1:5175/@vite/client:528
[     829ms] [WARNING] [Vue warn]: Invalid prop: type check failed for prop "onKeydown". Expected Function, got Array  
  at <ATextarea value="" onUpdate:value=fn rows=4  ... > 
  at <Anonymous value= {hashed: true, components: Object, theme: undefined, token: Object} > 
  at <ALocaleProvider locale=undefined ANT_MARK__="internalMark" > 
  at <LocaleReceiver children=fn<children> > 
  at <AConfigProvider theme= {token: Object} > 
  at <App> @ http://127.0.0.1:5175/@vite/client:528
[     833ms] [WARNING] [Vue warn]: Invalid prop: type check failed for prop "onKeydown". Expected Function, got Array  
  at <ATextarea value="" onUpdate:value=fn rows=4  ... > 
  at <Anonymous value= {hashed: true, components: Object, theme: undefined, token: Object} > 
  at <ALocaleProvider locale=undefined ANT_MARK__="internalMark" > 
  at <LocaleReceiver children=fn<children> > 
  at <AConfigProvider theme= {token: Object} > 
  at <App> @ http://127.0.0.1:5175/@vite/client:528
[     837ms] [WARNING] [Vue warn]: Invalid prop: type check failed for prop "onKeydown". Expected Function, got Array  
  at <ATextarea value="" onUpdate:value=fn rows=4  ... > 
  at <Anonymous value= {hashed: true, components: Object, theme: undefined, token: Object} > 
  at <ALocaleProvider locale=undefined ANT_MARK__="internalMark" > 
  at <LocaleReceiver children=fn<children> > 
  at <AConfigProvider theme= {token: Object} > 
  at <App> @ http://127.0.0.1:5175/@vite/client:528
[     840ms] [WARNING] [Vue warn]: Invalid prop: type check failed for prop "onKeydown". Expected Function, got Array  
  at <ATextarea value="" onUpdate:value=fn rows=4  ... > 
  at <Anonymous value= {hashed: true, components: Object, theme: undefined, token: Object} > 
  at <ALocaleProvider locale=undefined ANT_MARK__="internalMark" > 
  at <LocaleReceiver children=fn<children> > 
  at <AConfigProvider theme= {token: Object} > 
  at <App> @ http://127.0.0.1:5175/@vite/client:528
[     843ms] [WARNING] [Vue warn]: Invalid prop: type check failed for prop "onKeydown". Expected Function, got Array  
  at <ATextarea value="" onUpdate:value=fn rows=4  ... > 
  at <Anonymous value= {hashed: true, components: Object, theme: undefined, token: Object} > 
  at <ALocaleProvider locale=undefined ANT_MARK__="internalMark" > 
  at <LocaleReceiver children=fn<children> > 
  at <AConfigProvider theme= {token: Object} > 
  at <App> @ http://127.0.0.1:5175/@vite/client:528
[     846ms] [WARNING] [Vue warn]: Invalid prop: type check failed for prop "onKeydown". Expected Function, got Array  
  at <ATextarea value="" onUpdate:value=fn rows=4  ... > 
  at <Anonymous value= {hashed: true, components: Object, theme: undefined, token: Object} > 
  at <ALocaleProvider locale=undefined ANT_MARK__="internalMark" > 
  at <LocaleReceiver children=fn<children> > 
  at <AConfigProvider theme= {token: Object} > 
  at <App> @ http://127.0.0.1:5175/@vite/client:528
[     849ms] [WARNING] [Vue warn]: Invalid prop: type check failed for prop "onKeydown". Expected Function, got Array  
  at <ATextarea value="" onUpdate:value=fn rows=4  ... > 
  at <Anonymous value= {hashed: true, components: Object, theme: undefined, token: Object} > 
  at <ALocaleProvider locale=undefined ANT_MARK__="internalMark" > 
  at <LocaleReceiver children=fn<children> > 
  at <AConfigProvider theme= {token: Object} > 
  at <App> @ http://127.0.0.1:5175/@vite/client:528
[     852ms] [WARNING] [Vue warn]: Invalid prop: type check failed for prop "onKeydown". Expected Function, got Array  
  at <ATextarea value="" onUpdate:value=fn rows=4  ... > 
  at <Anonymous value= {hashed: true, components: Object, theme: undefined, token: Object} > 
  at <ALocaleProvider locale=undefined ANT_MARK__="internalMark" > 
  at <LocaleReceiver children=fn<children> > 
  at <AConfigProvider theme= {token: Object} > 
  at <App> @ http://127.0.0.1:5175/@vite/client:528
[     855ms] [WARNING] [Vue warn]: Invalid prop: type check failed for prop "onKeydown". Expected Function, got Array  
  at <ATextarea value="" onUpdate:value=fn rows=4  ... > 
  at <Anonymous value= {hashed: true, components: Object, theme: undefined, token: Object} > 
  at <ALocaleProvider locale=undefined ANT_MARK__="internalMark" > 
  at <LocaleReceiver children=fn<children> > 
  at <AConfigProvider theme= {token: Object} > 
  at <App> @ http://127.0.0.1:5175/@vite/client:528
[     859ms] [WARNING] [Vue warn]: Invalid prop: type check failed for prop "onKeydown". Expected Function, got Array  
  at <ATextarea value="" onUpdate:value=fn rows=4  ... > 
  at <Anonymous value= {hashed: true, components: Object, theme: undefined, token: Object} > 
  at <ALocaleProvider locale=undefined ANT_MARK__="internalMark" > 
  at <LocaleReceiver children=fn<children> > 
  at <AConfigProvider theme= {token: Object} > 
  at <App> @ http://127.0.0.1:5175/@vite/client:528
[     862ms] [WARNING] [Vue warn]: Invalid prop: type check failed for prop "onKeydown". Expected Function, got Array  
  at <ATextarea value="" onUpdate:value=fn rows=4  ... > 
  at <Anonymous value= {hashed: true, components: Object, theme: undefined, token: Object} > 
  at <ALocaleProvider locale=undefined ANT_MARK__="internalMark" > 
  at <LocaleReceiver children=fn<children> > 
  at <AConfigProvider theme= {token: Object} > 
  at <App> @ http://127.0.0.1:5175/@vite/client:528
[     865ms] [WARNING] [Vue warn]: Invalid prop: type check failed for prop "onKeydown". Expected Function, got Array  
  at <ATextarea value="" onUpdate:value=fn rows=4  ... > 
  at <Anonymous value= {hashed: true, components: Object, theme: undefined, token: Object} > 
  at <ALocaleProvider locale=undefined ANT_MARK__="internalMark" > 
  at <LocaleReceiver children=fn<children> > 
  at <AConfigProvider theme= {token: Object} > 
  at <App> @ http://127.0.0.1:5175/@vite/client:528
[     868ms] [WARNING] [Vue warn]: Invalid prop: type check failed for prop "onKeydown". Expected Function, got Array  
  at <ATextarea value="" onUpdate:value=fn rows=4  ... > 
  at <Anonymous value= {hashed: true, components: Object, theme: undefined, token: Object} > 
  at <ALocaleProvider locale=undefined ANT_MARK__="internalMark" > 
  at <LocaleReceiver children=fn<children> > 
  at <AConfigProvider theme= {token: Object} > 
  at <App> @ http://127.0.0.1:5175/@vite/client:528
[     871ms] [WARNING] [Vue warn]: Invalid prop: type check failed for prop "onKeydown". Expected Function, got Array  
  at <ATextarea value="" onUpdate:value=fn rows=4  ... > 
  at <Anonymous value= {hashed: true, components: Object, theme: undefined, token: Object} > 
  at <ALocaleProvider locale=undefined ANT_MARK__="internalMark" > 
  at <LocaleReceiver children=fn<children> > 
  at <AConfigProvider theme= {token: Object} > 
  at <App> @ http://127.0.0.1:5175/@vite/client:528
[     874ms] [WARNING] [Vue warn]: Invalid prop: type check failed for prop "onKeydown". Expected Function, got Array  
  at <ATextarea value="" onUpdate:value=fn rows=4  ... > 
  at <Anonymous value= {hashed: true, components: Object, theme: undefined, token: Object} > 
  at <ALocaleProvider locale=undefined ANT_MARK__="internalMark" > 
  at <LocaleReceiver children=fn<children> > 
  at <AConfigProvider theme= {token: Object} > 
  at <App> @ http://127.0.0.1:5175/@vite/client:528
[     877ms] [WARNING] [Vue warn]: Invalid prop: type check failed for prop "onKeydown". Expected Function, got Array  
  at <ATextarea value="" onUpdate:value=fn rows=4  ... > 
  at <Anonymous value= {hashed: true, components: Object, theme: undefined, token: Object} > 
  at <ALocaleProvider locale=undefined ANT_MARK__="internalMark" > 
  at <LocaleReceiver children=fn<children> > 
  at <AConfigProvider theme= {token: Object} > 
  at <App> @ http://127.0.0.1:5175/@vite/client:528
[     880ms] [WARNING] [Vue warn]: Invalid prop: type check failed for prop "onKeydown". Expected Function, got Array  
  at <ATextarea value="" onUpdate:value=fn rows=4  ... > 
  at <Anonymous value= {hashed: true, components: Object, theme: undefined, token: Object} > 
  at <ALocaleProvider locale=undefined ANT_MARK__="internalMark" > 
  at <LocaleReceiver children=fn<children> > 
  at <AConfigProvider theme= {token: Object} > 
  at <App> @ http://127.0.0.1:5175/@vite/client:528
[     883ms] [WARNING] [Vue warn]: Invalid prop: type check failed for prop "onKeydown". Expected Function, got Array  
  at <ATextarea value="" onUpdate:value=fn rows=4  ... > 
  at <Anonymous value= {hashed: true, components: Object, theme: undefined, token: Object} > 
  at <ALocaleProvider locale=undefined ANT_MARK__="internalMark" > 
  at <LocaleReceiver children=fn<children> > 
  at <AConfigProvider theme= {token: Object} > 
  at <App> @ http://127.0.0.1:5175/@vite/client:528
[     886ms] [WARNING] [Vue warn]: Invalid prop: type check failed for prop "onKeydown". Expected Function, got Array  
  at <ATextarea value="" onUpdate:value=fn rows=4  ... > 
  at <Anonymous value= {hashed: true, components: Object, theme: undefined, token: Object} > 
  at <ALocaleProvider locale=undefined ANT_MARK__="internalMark" > 
  at <LocaleReceiver children=fn<children> > 
  at <AConfigProvider theme= {token: Object} > 
  at <App> @ http://127.0.0.1:5175/@vite/client:528
[     889ms] [WARNING] [Vue warn]: Invalid prop: type check failed for prop "onKeydown". Expected Function, got Array  
  at <ATextarea value="" onUpdate:value=fn rows=4  ... > 
  at <Anonymous value= {hashed: true, components: Object, theme: undefined, token: Object} > 
  at <ALocaleProvider locale=undefined ANT_MARK__="internalMark" > 
  at <LocaleReceiver children=fn<children> > 
  at <AConfigProvider theme= {token: Object} > 
  at <App> @ http://127.0.0.1:5175/@vite/client:528
[     892ms] [WARNING] [Vue warn]: Invalid prop: type check failed for prop "onKeydown". Expected Function, got Array  
  at <ATextarea value="" onUpdate:value=fn rows=4  ... > 
  at <Anonymous value= {hashed: true, components: Object, theme: undefined, token: Object} > 
  at <ALocaleProvider locale=undefined ANT_MARK__="internalMark" > 
  at <LocaleReceiver children=fn<children> > 
  at <AConfigProvider theme= {token: Object} > 
  at <App> @ http://127.0.0.1:5175/@vite/client:528
[     895ms] [WARNING] [Vue warn]: Invalid prop: type check failed for prop "onKeydown". Expected Function, got Array  
  at <ATextarea value="" onUpdate:value=fn rows=4  ... > 
  at <Anonymous value= {hashed: true, components: Object, theme: undefined, token: Object} > 
  at <ALocaleProvider locale=undefined ANT_MARK__="internalMark" > 
  at <LocaleReceiver children=fn<children> > 
  at <AConfigProvider theme= {token: Object} > 
  at <App> @ http://127.0.0.1:5175/@vite/client:528
[     899ms] [WARNING] [Vue warn]: Invalid prop: type check failed for prop "onKeydown". Expected Function, got Array  
  at <ATextarea value="" onUpdate:value=fn rows=4  ... > 
  at <Anonymous value= {hashed: true, components: Object, theme: undefined, token: Object} > 
  at <ALocaleProvider locale=undefined ANT_MARK__="internalMark" > 
  at <LocaleReceiver children=fn<children> > 
  at <AConfigProvider theme= {token: Object} > 
  at <App> @ http://127.0.0.1:5175/@vite/client:528
[     902ms] [WARNING] [Vue warn]: Invalid prop: type check failed for prop "onKeydown". Expected Function, got Array  
  at <ATextarea value="" onUpdate:value=fn rows=4  ... > 
  at <Anonymous value= {hashed: true, components: Object, theme: undefined, token: Object} > 
  at <ALocaleProvider locale=undefined ANT_MARK__="internalMark" > 
  at <LocaleReceiver children=fn<children> > 
  at <AConfigProvider theme= {token: Object} > 
  at <App> @ http://127.0.0.1:5175/@vite/client:528
[     905ms] [WARNING] [Vue warn]: Invalid prop: type check failed for prop "onKeydown". Expected Function, got Array  
  at <ATextarea value="" onUpdate:value=fn rows=4  ... > 
  at <Anonymous value= {hashed: true, components: Object, theme: undefined, token: Object} > 
  at <ALocaleProvider locale=undefined ANT_MARK__="internalMark" > 
  at <LocaleReceiver children=fn<children> > 
  at <AConfigProvider theme= {token: Object} > 
  at <App> @ http://127.0.0.1:5175/@vite/client:528
[     908ms] [WARNING] [Vue warn]: Invalid prop: type check failed for prop "onKeydown". Expected Function, got Array  
  at <ATextarea value="" onUpdate:value=fn rows=4  ... > 
  at <Anonymous value= {hashed: true, components: Object, theme: undefined, token: Object} > 
  at <ALocaleProvider locale=undefined ANT_MARK__="internalMark" > 
  at <LocaleReceiver children=fn<children> > 
  at <AConfigProvider theme= {token: Object} > 
  at <App> @ http://127.0.0.1:5175/@vite/client:528
[     911ms] [WARNING] [Vue warn]: Invalid prop: type check failed for prop "onKeydown". Expected Function, got Array  
  at <ATextarea value="" onUpdate:value=fn rows=4  ... > 
  at <Anonymous value= {hashed: true, components: Object, theme: undefined, token: Object} > 
  at <ALocaleProvider locale=undefined ANT_MARK__="internalMark" > 
  at <LocaleReceiver children=fn<children> > 
  at <AConfigProvider theme= {token: Object} > 
  at <App> @ http://127.0.0.1:5175/@vite/client:528
[     914ms] [WARNING] [Vue warn]: Invalid prop: type check failed for prop "onKeydown". Expected Function, got Array  
  at <ATextarea value="" onUpdate:value=fn rows=4  ... > 
  at <Anonymous value= {hashed: true, components: Object, theme: undefined, token: Object} > 
  at <ALocaleProvider locale=undefined ANT_MARK__="internalMark" > 
  at <LocaleReceiver children=fn<children> > 
  at <AConfigProvider theme= {token: Object} > 
  at <App> @ http://127.0.0.1:5175/@vite/client:528
[     917ms] [WARNING] [Vue warn]: Invalid prop: type check failed for prop "onKeydown". Expected Function, got Array  
  at <ATextarea value="" onUpdate:value=fn rows=4  ... > 
  at <Anonymous value= {hashed: true, components: Object, theme: undefined, token: Object} > 
  at <ALocaleProvider locale=undefined ANT_MARK__="internalMark" > 
  at <LocaleReceiver children=fn<children> > 
  at <AConfigProvider theme= {token: Object} > 
  at <App> @ http://127.0.0.1:5175/@vite/client:528
[     920ms] [WARNING] [Vue warn]: Invalid prop: type check failed for prop "onKeydown". Expected Function, got Array  
  at <ATextarea value="" onUpdate:value=fn rows=4  ... > 
  at <Anonymous value= {hashed: true, components: Object, theme: undefined, token: Object} > 
  at <ALocaleProvider locale=undefined ANT_MARK__="internalMark" > 
  at <LocaleReceiver children=fn<children> > 
  at <AConfigProvider theme= {token: Object} > 
  at <App> @ http://127.0.0.1:5175/@vite/client:528
[     923ms] [WARNING] [Vue warn]: Invalid prop: type check failed for prop "onKeydown". Expected Function, got Array  
  at <ATextarea value="" onUpdate:value=fn rows=4  ... > 
  at <Anonymous value= {hashed: true, components: Object, theme: undefined, token: Object} > 
  at <ALocaleProvider locale=undefined ANT_MARK__="internalMark" > 
  at <LocaleReceiver children=fn<children> > 
  at <AConfigProvider theme= {token: Object} > 
  at <App> @ http://127.0.0.1:5175/@vite/client:528
[     926ms] [WARNING] [Vue warn]: Invalid prop: type check failed for prop "onKeydown". Expected Function, got Array  
  at <ATextarea value="" onUpdate:value=fn rows=4  ... > 
  at <Anonymous value= {hashed: true, components: Object, theme: undefined, token: Object} > 
  at <ALocaleProvider locale=undefined ANT_MARK__="internalMark" > 
  at <LocaleReceiver children=fn<children> > 
  at <AConfigProvider theme= {token: Object} > 
  at <App> @ http://127.0.0.1:5175/@vite/client:528
[     930ms] [WARNING] [Vue warn]: Invalid prop: type check failed for prop "onKeydown". Expected Function, got Array  
  at <ATextarea value="" onUpdate:value=fn rows=4  ... > 
  at <Anonymous value= {hashed: true, components: Object, theme: undefined, token: Object} > 
  at <ALocaleProvider locale=undefined ANT_MARK__="internalMark" > 
  at <LocaleReceiver children=fn<children> > 
  at <AConfigProvider theme= {token: Object} > 
  at <App> @ http://127.0.0.1:5175/@vite/client:528
[     933ms] [WARNING] [Vue warn]: Invalid prop: type check failed for prop "onKeydown". Expected Function, got Array  
  at <ATextarea value="" onUpdate:value=fn rows=4  ... > 
  at <Anonymous value= {hashed: true, components: Object, theme: undefined, token: Object} > 
  at <ALocaleProvider locale=undefined ANT_MARK__="internalMark" > 
  at <LocaleReceiver children=fn<children> > 
  at <AConfigProvider theme= {token: Object} > 
  at <App> @ http://127.0.0.1:5175/@vite/client:528
[     936ms] [WARNING] [Vue warn]: Invalid prop: type check failed for prop "onKeydown". Expected Function, got Array  
  at <ATextarea value="" onUpdate:value=fn rows=4  ... > 
  at <Anonymous value= {hashed: true, components: Object, theme: undefined, token: Object} > 
  at <ALocaleProvider locale=undefined ANT_MARK__="internalMark" > 
  at <LocaleReceiver children=fn<children> > 
  at <AConfigProvider theme= {token: Object} > 
  at <App> @ http://127.0.0.1:5175/@vite/client:528
[     939ms] [WARNING] [Vue warn]: Invalid prop: type check failed for prop "onKeydown". Expected Function, got Array  
  at <ATextarea value="" onUpdate:value=fn rows=4  ... > 
  at <Anonymous value= {hashed: true, components: Object, theme: undefined, token: Object} > 
  at <ALocaleProvider locale=undefined ANT_MARK__="internalMark" > 
  at <LocaleReceiver children=fn<children> > 
  at <AConfigProvider theme= {token: Object} > 
  at <App> @ http://127.0.0.1:5175/@vite/client:528
[     942ms] [WARNING] [Vue warn]: Invalid prop: type check failed for prop "onKeydown". Expected Function, got Array  
  at <ATextarea value="" onUpdate:value=fn rows=4  ... > 
  at <Anonymous value= {hashed: true, components: Object, theme: undefined, token: Object} > 
  at <ALocaleProvider locale=undefined ANT_MARK__="internalMark" > 
  at <LocaleReceiver children=fn<children> > 
  at <AConfigProvider theme= {token: Object} > 
  at <App> @ http://127.0.0.1:5175/@vite/client:528
[     945ms] [WARNING] [Vue warn]: Invalid prop: type check failed for prop "onKeydown". Expected Function, got Array  
  at <ATextarea value="" onUpdate:value=fn rows=4  ... > 
  at <Anonymous value= {hashed: true, components: Object, theme: undefined, token: Object} > 
  at <ALocaleProvider locale=undefined ANT_MARK__="internalMark" > 
  at <LocaleReceiver children=fn<children> > 
  at <AConfigProvider theme= {token: Object} > 
  at <App> @ http://127.0.0.1:5175/@vite/client:528
[     948ms] [WARNING] [Vue warn]: Invalid prop: type check failed for prop "onKeydown". Expected Function, got Array  
  at <ATextarea value="" onUpdate:value=fn rows=4  ... > 
  at <Anonymous value= {hashed: true, components: Object, theme: undefined, token: Object} > 
  at <ALocaleProvider locale=undefined ANT_MARK__="internalMark" > 
  at <LocaleReceiver children=fn<children> > 
  at <AConfigProvider theme= {token: Object} > 
  at <App> @ http://127.0.0.1:5175/@vite/client:528
[     951ms] [WARNING] [Vue warn]: Invalid prop: type check failed for prop "onKeydown". Expected Function, got Array  
  at <ATextarea value="" onUpdate:value=fn rows=4  ... > 
  at <Anonymous value= {hashed: true, components: Object, theme: undefined, token: Object} > 
  at <ALocaleProvider locale=undefined ANT_MARK__="internalMark" > 
  at <LocaleReceiver children=fn<children> > 
  at <AConfigProvider theme= {token: Object} > 
  at <App> @ http://127.0.0.1:5175/@vite/client:528
[     954ms] [WARNING] [Vue warn]: Invalid prop: type check failed for prop "onKeydown". Expected Function, got Array  
  at <ATextarea value="" onUpdate:value=fn rows=4  ... > 
  at <Anonymous value= {hashed: true, components: Object, theme: undefined, token: Object} > 
  at <ALocaleProvider locale=undefined ANT_MARK__="internalMark" > 
  at <LocaleReceiver children=fn<children> > 
  at <AConfigProvider theme= {token: Object} > 
  at <App> @ http://127.0.0.1:5175/@vite/client:528
[     957ms] [WARNING] [Vue warn]: Invalid prop: type check failed for prop "onKeydown". Expected Function, got Array  
  at <ATextarea value="" onUpdate:value=fn rows=4  ... > 
  at <Anonymous value= {hashed: true, components: Object, theme: undefined, token: Object} > 
  at <ALocaleProvider locale=undefined ANT_MARK__="internalMark" > 
  at <LocaleReceiver children=fn<children> > 
  at <AConfigProvider theme= {token: Object} > 
  at <App> @ http://127.0.0.1:5175/@vite/client:528
[     960ms] [WARNING] [Vue warn]: Invalid prop: type check failed for prop "onKeydown". Expected Function, got Array  
  at <ATextarea value="" onUpdate:value=fn rows=4  ... > 
  at <Anonymous value= {hashed: true, components: Object, theme: undefined, token: Object} > 
  at <ALocaleProvider locale=undefined ANT_MARK__="internalMark" > 
  at <LocaleReceiver children=fn<children> > 
  at <AConfigProvider theme= {token: Object} > 
  at <App> @ http://127.0.0.1:5175/@vite/client:528
[     963ms] [WARNING] [Vue warn]: Invalid prop: type check failed for prop "onKeydown". Expected Function, got Array  
  at <ATextarea value="" onUpdate:value=fn rows=4  ... > 
  at <Anonymous value= {hashed: true, components: Object, theme: undefined, token: Object} > 
  at <ALocaleProvider locale=undefined ANT_MARK__="internalMark" > 
  at <LocaleReceiver children=fn<children> > 
  at <AConfigProvider theme= {token: Object} > 
  at <App> @ http://127.0.0.1:5175/@vite/client:528
[     966ms] [WARNING] [Vue warn]: Invalid prop: type check failed for prop "onKeydown". Expected Function, got Array  
  at <ATextarea value="" onUpdate:value=fn rows=4  ... > 
  at <Anonymous value= {hashed: true, components: Object, theme: undefined, token: Object} > 
  at <ALocaleProvider locale=undefined ANT_MARK__="internalMark" > 
  at <LocaleReceiver children=fn<children> > 
  at <AConfigProvider theme= {token: Object} > 
  at <App> @ http://127.0.0.1:5175/@vite/client:528
[     969ms] [WARNING] [Vue warn]: Invalid prop: type check failed for prop "onKeydown". Expected Function, got Array  
  at <ATextarea value="" onUpdate:value=fn rows=4  ... > 
  at <Anonymous value= {hashed: true, components: Object, theme: undefined, token: Object} > 
  at <ALocaleProvider locale=undefined ANT_MARK__="internalMark" > 
  at <LocaleReceiver children=fn<children> > 
  at <AConfigProvider theme= {token: Object} > 
  at <App> @ http://127.0.0.1:5175/@vite/client:528
[     971ms] [WARNING] [Vue warn]: Invalid prop: type check failed for prop "onKeydown". Expected Function, got Array  
  at <ATextarea value="" onUpdate:value=fn rows=4  ... > 
  at <Anonymous value= {hashed: true, components: Object, theme: undefined, token: Object} > 
  at <ALocaleProvider locale=undefined ANT_MARK__="internalMark" > 
  at <LocaleReceiver children=fn<children> > 
  at <AConfigProvider theme= {token: Object} > 
  at <App> @ http://127.0.0.1:5175/@vite/client:528
[     975ms] [WARNING] [Vue warn]: Invalid prop: type check failed for prop "onKeydown". Expected Function, got Array  
  at <ATextarea value="" onUpdate:value=fn rows=4  ... > 
  at <Anonymous value= {hashed: true, components: Object, theme: undefined, token: Object} > 
  at <ALocaleProvider locale=undefined ANT_MARK__="internalMark" > 
  at <LocaleReceiver children=fn<children> > 
  at <AConfigProvider theme= {token: Object} > 
  at <App> @ http://127.0.0.1:5175/@vite/client:528
[     978ms] [WARNING] [Vue warn]: Invalid prop: type check failed for prop "onKeydown". Expected Function, got Array  
  at <ATextarea value="" onUpdate:value=fn rows=4  ... > 
  at <Anonymous value= {hashed: true, components: Object, theme: undefined, token: Object} > 
  at <ALocaleProvider locale=undefined ANT_MARK__="internalMark" > 
  at <LocaleReceiver children=fn<children> > 
  at <AConfigProvider theme= {token: Object} > 
  at <App> @ http://127.0.0.1:5175/@vite/client:528
[     981ms] [WARNING] [Vue warn]: Invalid prop: type check failed for prop "onKeydown". Expected Function, got Array  
  at <ATextarea value="" onUpdate:value=fn rows=4  ... > 
  at <Anonymous value= {hashed: true, components: Object, theme: undefined, token: Object} > 
  at <ALocaleProvider locale=undefined ANT_MARK__="internalMark" > 
  at <LocaleReceiver children=fn<children> > 
  at <AConfigProvider theme= {token: Object} > 
  at <App> @ http://127.0.0.1:5175/@vite/client:528
[     984ms] [WARNING] [Vue warn]: Invalid prop: type check failed for prop "onKeydown". Expected Function, got Array  
  at <ATextarea value="" onUpdate:value=fn rows=4  ... > 
  at <Anonymous value= {hashed: true, components: Object, theme: undefined, token: Object} > 
  at <ALocaleProvider locale=undefined ANT_MARK__="internalMark" > 
  at <LocaleReceiver children=fn<children> > 
  at <AConfigProvider theme= {token: Object} > 
  at <App> @ http://127.0.0.1:5175/@vite/client:528
[     986ms] [WARNING] [Vue warn]: Invalid prop: type check failed for prop "onKeydown". Expected Function, got Array  
  at <ATextarea value="" onUpdate:value=fn rows=4  ... > 
  at <Anonymous value= {hashed: true, components: Object, theme: undefined, token: Object} > 
  at <ALocaleProvider locale=undefined ANT_MARK__="internalMark" > 
  at <LocaleReceiver children=fn<children> > 
  at <AConfigProvider theme= {token: Object} > 
  at <App> @ http://127.0.0.1:5175/@vite/client:528
[     989ms] [WARNING] [Vue warn]: Invalid prop: type check failed for prop "onKeydown". Expected Function, got Array  
  at <ATextarea value="" onUpdate:value=fn rows=4  ... > 
  at <Anonymous value= {hashed: true, components: Object, theme: undefined, token: Object} > 
  at <ALocaleProvider locale=undefined ANT_MARK__="internalMark" > 
  at <LocaleReceiver children=fn<children> > 
  at <AConfigProvider theme= {token: Object} > 
  at <App> @ http://127.0.0.1:5175/@vite/client:528
[     993ms] [WARNING] [Vue warn]: Invalid prop: type check failed for prop "onKeydown". Expected Function, got Array  
  at <ATextarea value="" onUpdate:value=fn rows=4  ... > 
  at <Anonymous value= {hashed: true, components: Object, theme: undefined, token: Object} > 
  at <ALocaleProvider locale=undefined ANT_MARK__="internalMark" > 
  at <LocaleReceiver children=fn<children> > 
  at <AConfigProvider theme= {token: Object} > 
  at <App> @ http://127.0.0.1:5175/@vite/client:528
[     996ms] [WARNING] [Vue warn]: Invalid prop: type check failed for prop "onKeydown". Expected Function, got Array  
  at <ATextarea value="" onUpdate:value=fn rows=4  ... > 
  at <Anonymous value= {hashed: true, components: Object, theme: undefined, token: Object} > 
  at <ALocaleProvider locale=undefined ANT_MARK__="internalMark" > 
  at <LocaleReceiver children=fn<children> > 
  at <AConfigProvider theme= {token: Object} > 
  at <App> @ http://127.0.0.1:5175/@vite/client:528
[     999ms] [WARNING] [Vue warn]: Invalid prop: type check failed for prop "onKeydown". Expected Function, got Array  
  at <ATextarea value="" onUpdate:value=fn rows=4  ... > 
  at <Anonymous value= {hashed: true, components: Object, theme: undefined, token: Object} > 
  at <ALocaleProvider locale=undefined ANT_MARK__="internalMark" > 
  at <LocaleReceiver children=fn<children> > 
  at <AConfigProvider theme= {token: Object} > 
  at <App> @ http://127.0.0.1:5175/@vite/client:528
[    1002ms] [WARNING] [Vue warn]: Invalid prop: type check failed for prop "onKeydown". Expected Function, got Array  
  at <ATextarea value="" onUpdate:value=fn rows=4  ... > 
  at <Anonymous value= {hashed: true, components: Object, theme: undefined, token: Object} > 
  at <ALocaleProvider locale=undefined ANT_MARK__="internalMark" > 
  at <LocaleReceiver children=fn<children> > 
  at <AConfigProvider theme= {token: Object} > 
  at <App> @ http://127.0.0.1:5175/@vite/client:528
[    1005ms] [WARNING] [Vue warn]: Invalid prop: type check failed for prop "onKeydown". Expected Function, got Array  
  at <ATextarea value="" onUpdate:value=fn rows=4  ... > 
  at <Anonymous value= {hashed: true, components: Object, theme: undefined, token: Object} > 
  at <ALocaleProvider locale=undefined ANT_MARK__="internalMark" > 
  at <LocaleReceiver children=fn<children> > 
  at <AConfigProvider theme= {token: Object} > 
  at <App> @ http://127.0.0.1:5175/@vite/client:528
[    1008ms] [WARNING] [Vue warn]: Invalid prop: type check failed for prop "onKeydown". Expected Function, got Array  
  at <ATextarea value="" onUpdate:value=fn rows=4  ... > 
  at <Anonymous value= {hashed: true, components: Object, theme: undefined, token: Object} > 
  at <ALocaleProvider locale=undefined ANT_MARK__="internalMark" > 
  at <LocaleReceiver children=fn<children> > 
  at <AConfigProvider theme= {token: Object} > 
  at <App> @ http://127.0.0.1:5175/@vite/client:528
[    1011ms] [WARNING] [Vue warn]: Invalid prop: type check failed for prop "onKeydown". Expected Function, got Array  
  at <ATextarea value="" onUpdate:value=fn rows=4  ... > 
  at <Anonymous value= {hashed: true, components: Object, theme: undefined, token: Object} > 
  at <ALocaleProvider locale=undefined ANT_MARK__="internalMark" > 
  at <LocaleReceiver children=fn<children> > 
  at <AConfigProvider theme= {token: Object} > 
  at <App> @ http://127.0.0.1:5175/@vite/client:528
[    1014ms] [WARNING] [Vue warn]: Invalid prop: type check failed for prop "onKeydown". Expected Function, got Array  
  at <ATextarea value="" onUpdate:value=fn rows=4  ... > 
  at <Anonymous value= {hashed: true, components: Object, theme: undefined, token: Object} > 
  at <ALocaleProvider locale=undefined ANT_MARK__="internalMark" > 
  at <LocaleReceiver children=fn<children> > 
  at <AConfigProvider theme= {token: Object} > 
  at <App> @ http://127.0.0.1:5175/@vite/client:528
[    1017ms] [WARNING] [Vue warn]: Invalid prop: type check failed for prop "onKeydown". Expected Function, got Array  
  at <ATextarea value="" onUpdate:value=fn rows=4  ... > 
  at <Anonymous value= {hashed: true, components: Object, theme: undefined, token: Object} > 
  at <ALocaleProvider locale=undefined ANT_MARK__="internalMark" > 
  at <LocaleReceiver children=fn<children> > 
  at <AConfigProvider theme= {token: Object} > 
  at <App> @ http://127.0.0.1:5175/@vite/client:528
[    1021ms] [WARNING] [Vue warn]: Invalid prop: type check failed for prop "onKeydown". Expected Function, got Array  
  at <ATextarea value="" onUpdate:value=fn rows=4  ... > 
  at <Anonymous value= {hashed: true, components: Object, theme: undefined, token: Object} > 
  at <ALocaleProvider locale=undefined ANT_MARK__="internalMark" > 
  at <LocaleReceiver children=fn<children> > 
  at <AConfigProvider theme= {token: Object} > 
  at <App> @ http://127.0.0.1:5175/@vite/client:528
[    1025ms] [WARNING] [Vue warn]: Invalid prop: type check failed for prop "onKeydown". Expected Function, got Array  
  at <ATextarea value="" onUpdate:value=fn rows=4  ... > 
  at <Anonymous value= {hashed: true, components: Object, theme: undefined, token: Object} > 
  at <ALocaleProvider locale=undefined ANT_MARK__="internalMark" > 
  at <LocaleReceiver children=fn<children> > 
  at <AConfigProvider theme= {token: Object} > 
  at <App> @ http://127.0.0.1:5175/@vite/client:528
[    1029ms] [WARNING] [Vue warn]: Invalid prop: type check failed for prop "onKeydown". Expected Function, got Array  
  at <ATextarea value="" onUpdate:value=fn rows=4  ... > 
  at <Anonymous value= {hashed: true, components: Object, theme: undefined, token: Object} > 
  at <ALocaleProvider locale=undefined ANT_MARK__="internalMark" > 
  at <LocaleReceiver children=fn<children> > 
  at <AConfigProvider theme= {token: Object} > 
  at <App> @ http://127.0.0.1:5175/@vite/client:528
[    1032ms] [WARNING] [Vue warn]: Invalid prop: type check failed for prop "onKeydown". Expected Function, got Array  
  at <ATextarea value="" onUpdate:value=fn rows=4  ... > 
  at <Anonymous value= {hashed: true, components: Object, theme: undefined, token: Object} > 
  at <ALocaleProvider locale=undefined ANT_MARK__="internalMark" > 
  at <LocaleReceiver children=fn<children> > 
  at <AConfigProvider theme= {token: Object} > 
  at <App> @ http://127.0.0.1:5175/@vite/client:528
[    1035ms] [WARNING] [Vue warn]: Invalid prop: type check failed for prop "onKeydown". Expected Function, got Array  
  at <ATextarea value="" onUpdate:value=fn rows=4  ... > 
  at <Anonymous value= {hashed: true, components: Object, theme: undefined, token: Object} > 
  at <ALocaleProvider locale=undefined ANT_MARK__="internalMark" > 
  at <LocaleReceiver children=fn<children> > 
  at <AConfigProvider theme= {token: Object} > 
  at <App> @ http://127.0.0.1:5175/@vite/client:528
[    1039ms] [WARNING] [Vue warn]: Invalid prop: type check failed for prop "onKeydown". Expected Function, got Array  
  at <ATextarea value="" onUpdate:value=fn rows=4  ... > 
  at <Anonymous value= {hashed: true, components: Object, theme: undefined, token: Object} > 
  at <ALocaleProvider locale=undefined ANT_MARK__="internalMark" > 
  at <LocaleReceiver children=fn<children> > 
  at <AConfigProvider theme= {token: Object} > 
  at <App> @ http://127.0.0.1:5175/@vite/client:528
[    1042ms] [WARNING] [Vue warn]: Invalid prop: type check failed for prop "onKeydown". Expected Function, got Array  
  at <ATextarea value="" onUpdate:value=fn rows=4  ... > 
  at <Anonymous value= {hashed: true, components: Object, theme: undefined, token: Object} > 
  at <ALocaleProvider locale=undefined ANT_MARK__="internalMark" > 
  at <LocaleReceiver children=fn<children> > 
  at <AConfigProvider theme= {token: Object} > 
  at <App> @ http://127.0.0.1:5175/@vite/client:528
[    1045ms] [WARNING] [Vue warn]: Invalid prop: type check failed for prop "onKeydown". Expected Function, got Array  
  at <ATextarea value="" onUpdate:value=fn rows=4  ... > 
  at <Anonymous value= {hashed: true, components: Object, theme: undefined, token: Object} > 
  at <ALocaleProvider locale=undefined ANT_MARK__="internalMark" > 
  at <LocaleReceiver children=fn<children> > 
  at <AConfigProvider theme= {token: Object} > 
  at <App> @ http://127.0.0.1:5175/@vite/client:528
[    1048ms] [WARNING] [Vue warn]: Invalid prop: type check failed for prop "onKeydown". Expected Function, got Array  
  at <ATextarea value="" onUpdate:value=fn rows=4  ... > 
  at <Anonymous value= {hashed: true, components: Object, theme: undefined, token: Object} > 
  at <ALocaleProvider locale=undefined ANT_MARK__="internalMark" > 
  at <LocaleReceiver children=fn<children> > 
  at <AConfigProvider theme= {token: Object} > 
  at <App> @ http://127.0.0.1:5175/@vite/client:528
[    1051ms] [WARNING] [Vue warn]: Invalid prop: type check failed for prop "onKeydown". Expected Function, got Array  
  at <ATextarea value="" onUpdate:value=fn rows=4  ... > 
  at <Anonymous value= {hashed: true, components: Object, theme: undefined, token: Object} > 
  at <ALocaleProvider locale=undefined ANT_MARK__="internalMark" > 
  at <LocaleReceiver children=fn<children> > 
  at <AConfigProvider theme= {token: Object} > 
  at <App> @ http://127.0.0.1:5175/@vite/client:528
[    1054ms] [WARNING] [Vue warn]: Invalid prop: type check failed for prop "onKeydown". Expected Function, got Array  
  at <ATextarea value="" onUpdate:value=fn rows=4  ... > 
  at <Anonymous value= {hashed: true, components: Object, theme: undefined, token: Object} > 
  at <ALocaleProvider locale=undefined ANT_MARK__="internalMark" > 
  at <LocaleReceiver children=fn<children> > 
  at <AConfigProvider theme= {token: Object} > 
  at <App> @ http://127.0.0.1:5175/@vite/client:528
[    1057ms] [WARNING] [Vue warn]: Invalid prop: type check failed for prop "onKeydown". Expected Function, got Array  
  at <ATextarea value="" onUpdate:value=fn rows=4  ... > 
  at <Anonymous value= {hashed: true, components: Object, theme: undefined, token: Object} > 
  at <ALocaleProvider locale=undefined ANT_MARK__="internalMark" > 
  at <LocaleReceiver children=fn<children> > 
  at <AConfigProvider theme= {token: Object} > 
  at <App> @ http://127.0.0.1:5175/@vite/client:528
[    1060ms] [WARNING] [Vue warn]: Invalid prop: type check failed for prop "onKeydown". Expected Function, got Array  
  at <ATextarea value="" onUpdate:value=fn rows=4  ... > 
  at <Anonymous value= {hashed: true, components: Object, theme: undefined, token: Object} > 
  at <ALocaleProvider locale=undefined ANT_MARK__="internalMark" > 
  at <LocaleReceiver children=fn<children> > 
  at <AConfigProvider theme= {token: Object} > 
  at <App> @ http://127.0.0.1:5175/@vite/client:528
[    1063ms] [WARNING] [Vue warn]: Invalid prop: type check failed for prop "onKeydown". Expected Function, got Array  
  at <ATextarea value="" onUpdate:value=fn rows=4  ... > 
  at <Anonymous value= {hashed: true, components: Object, theme: undefined, token: Object} > 
  at <ALocaleProvider locale=undefined ANT_MARK__="internalMark" > 
  at <LocaleReceiver children=fn<children> > 
  at <AConfigProvider theme= {token: Object} > 
  at <App> @ http://127.0.0.1:5175/@vite/client:528
[    1066ms] [WARNING] [Vue warn]: Invalid prop: type check failed for prop "onKeydown". Expected Function, got Array  
  at <ATextarea value="" onUpdate:value=fn rows=4  ... > 
  at <Anonymous value= {hashed: true, components: Object, theme: undefined, token: Object} > 
  at <ALocaleProvider locale=undefined ANT_MARK__="internalMark" > 
  at <LocaleReceiver children=fn<children> > 
  at <AConfigProvider theme= {token: Object} > 
  at <App> @ http://127.0.0.1:5175/@vite/client:528
[    1069ms] [WARNING] [Vue warn]: Invalid prop: type check failed for prop "onKeydown". Expected Function, got Array  
  at <ATextarea value="" onUpdate:value=fn rows=4  ... > 
  at <Anonymous value= {hashed: true, components: Object, theme: undefined, token: Object} > 
  at <ALocaleProvider locale=undefined ANT_MARK__="internalMark" > 
  at <LocaleReceiver children=fn<children> > 
  at <AConfigProvider theme= {token: Object} > 
  at <App> @ http://127.0.0.1:5175/@vite/client:528
[    1072ms] [WARNING] [Vue warn]: Invalid prop: type check failed for prop "onKeydown". Expected Function, got Array  
  at <ATextarea value="" onUpdate:value=fn rows=4  ... > 
  at <Anonymous value= {hashed: true, components: Object, theme: undefined, token: Object} > 
  at <ALocaleProvider locale=undefined ANT_MARK__="internalMark" > 
  at <LocaleReceiver children=fn<children> > 
  at <AConfigProvider theme= {token: Object} > 
  at <App> @ http://127.0.0.1:5175/@vite/client:528
[    1075ms] [WARNING] [Vue warn]: Invalid prop: type check failed for prop "onKeydown". Expected Function, got Array  
  at <ATextarea value="" onUpdate:value=fn rows=4  ... > 
  at <Anonymous value= {hashed: true, components: Object, theme: undefined, token: Object} > 
  at <ALocaleProvider locale=undefined ANT_MARK__="internalMark" > 
  at <LocaleReceiver children=fn<children> > 
  at <AConfigProvider theme= {token: Object} > 
  at <App> @ http://127.0.0.1:5175/@vite/client:528
[    1078ms] [WARNING] [Vue warn]: Invalid prop: type check failed for prop "onKeydown". Expected Function, got Array  
  at <ATextarea value="" onUpdate:value=fn rows=4  ... > 
  at <Anonymous value= {hashed: true, components: Object, theme: undefined, token: Object} > 
  at <ALocaleProvider locale=undefined ANT_MARK__="internalMark" > 
  at <LocaleReceiver children=fn<children> > 
  at <AConfigProvider theme= {token: Object} > 
  at <App> @ http://127.0.0.1:5175/@vite/client:528
[    1080ms] [WARNING] [Vue warn]: Invalid prop: type check failed for prop "onKeydown". Expected Function, got Array  
  at <ATextarea value="" onUpdate:value=fn rows=4  ... > 
  at <Anonymous value= {hashed: true, components: Object, theme: undefined, token: Object} > 
  at <ALocaleProvider locale=undefined ANT_MARK__="internalMark" > 
  at <LocaleReceiver children=fn<children> > 
  at <AConfigProvider theme= {token: Object} > 
  at <App> @ http://127.0.0.1:5175/@vite/client:528
[    1083ms] [WARNING] [Vue warn]: Invalid prop: type check failed for prop "onKeydown". Expected Function, got Array  
  at <ATextarea value="" onUpdate:value=fn rows=4  ... > 
  at <Anonymous value= {hashed: true, components: Object, theme: undefined, token: Object} > 
  at <ALocaleProvider locale=undefined ANT_MARK__="internalMark" > 
  at <LocaleReceiver children=fn<children> > 
  at <AConfigProvider theme= {token: Object} > 
  at <App> @ http://127.0.0.1:5175/@vite/client:528
[    1086ms] [WARNING] [Vue warn]: Invalid prop: type check failed for prop "onKeydown". Expected Function, got Array  
  at <ATextarea value="" onUpdate:value=fn rows=4  ... > 
  at <Anonymous value= {hashed: true, components: Object, theme: undefined, token: Object} > 
  at <ALocaleProvider locale=undefined ANT_MARK__="internalMark" > 
  at <LocaleReceiver children=fn<children> > 
  at <AConfigProvider theme= {token: Object} > 
  at <App> @ http://127.0.0.1:5175/@vite/client:528
[    1090ms] [WARNING] [Vue warn]: Invalid prop: type check failed for prop "onKeydown". Expected Function, got Array  
  at <ATextarea value="" onUpdate:value=fn rows=4  ... > 
  at <Anonymous value= {hashed: true, components: Object, theme: undefined, token: Object} > 
  at <ALocaleProvider locale=undefined ANT_MARK__="internalMark" > 
  at <LocaleReceiver children=fn<children> > 
  at <AConfigProvider theme= {token: Object} > 
  at <App> @ http://127.0.0.1:5175/@vite/client:528
[    1093ms] [WARNING] [Vue warn]: Invalid prop: type check failed for prop "onKeydown". Expected Function, got Array  
  at <ATextarea value="" onUpdate:value=fn rows=4  ... > 
  at <Anonymous value= {hashed: true, components: Object, theme: undefined, token: Object} > 
  at <ALocaleProvider locale=undefined ANT_MARK__="internalMark" > 
  at <LocaleReceiver children=fn<children> > 
  at <AConfigProvider theme= {token: Object} > 
  at <App> @ http://127.0.0.1:5175/@vite/client:528
[    1096ms] [WARNING] [Vue warn]: Invalid prop: type check failed for prop "onKeydown". Expected Function, got Array  
  at <ATextarea value="" onUpdate:value=fn rows=4  ... > 
  at <Anonymous value= {hashed: true, components: Object, theme: undefined, token: Object} > 
  at <ALocaleProvider locale=undefined ANT_MARK__="internalMark" > 
  at <LocaleReceiver children=fn<children> > 
  at <AConfigProvider theme= {token: Object} > 
  at <App> @ http://127.0.0.1:5175/@vite/client:528
[    1099ms] [WARNING] [Vue warn]: Invalid prop: type check failed for prop "onKeydown". Expected Function, got Array  
  at <ATextarea value="" onUpdate:value=fn rows=4  ... > 
  at <Anonymous value= {hashed: true, components: Object, theme: undefined, token: Object} > 
  at <ALocaleProvider locale=undefined ANT_MARK__="internalMark" > 
  at <LocaleReceiver children=fn<children> > 
  at <AConfigProvider theme= {token: Object} > 
  at <App> @ http://127.0.0.1:5175/@vite/client:528
[    1102ms] [WARNING] [Vue warn]: Invalid prop: type check failed for prop "onKeydown". Expected Function, got Array  
  at <ATextarea value="" onUpdate:value=fn rows=4  ... > 
  at <Anonymous value= {hashed: true, components: Object, theme: undefined, token: Object} > 
  at <ALocaleProvider locale=undefined ANT_MARK__="internalMark" > 
  at <LocaleReceiver children=fn<children> > 
  at <AConfigProvider theme= {token: Object} > 
  at <App> @ http://127.0.0.1:5175/@vite/client:528
[    1105ms] [WARNING] [Vue warn]: Invalid prop: type check failed for prop "onKeydown". Expected Function, got Array  
  at <ATextarea value="" onUpdate:value=fn rows=4  ... > 
  at <Anonymous value= {hashed: true, components: Object, theme: undefined, token: Object} > 
  at <ALocaleProvider locale=undefined ANT_MARK__="internalMark" > 
  at <LocaleReceiver children=fn<children> > 
  at <AConfigProvider theme= {token: Object} > 
  at <App> @ http://127.0.0.1:5175/@vite/client:528
[    1108ms] [WARNING] [Vue warn]: Invalid prop: type check failed for prop "onKeydown". Expected Function, got Array  
  at <ATextarea value="" onUpdate:value=fn rows=4  ... > 
  at <Anonymous value= {hashed: true, components: Object, theme: undefined, token: Object} > 
  at <ALocaleProvider locale=undefined ANT_MARK__="internalMark" > 
  at <LocaleReceiver children=fn<children> > 
  at <AConfigProvider theme= {token: Object} > 
  at <App> @ http://127.0.0.1:5175/@vite/client:528
[    1111ms] [WARNING] [Vue warn]: Invalid prop: type check failed for prop "onKeydown". Expected Function, got Array  
  at <ATextarea value="" onUpdate:value=fn rows=4  ... > 
  at <Anonymous value= {hashed: true, components: Object, theme: undefined, token: Object} > 
  at <ALocaleProvider locale=undefined ANT_MARK__="internalMark" > 
  at <LocaleReceiver children=fn<children> > 
  at <AConfigProvider theme= {token: Object} > 
  at <App> @ http://127.0.0.1:5175/@vite/client:528
[    1113ms] [WARNING] [Vue warn]: Invalid prop: type check failed for prop "onKeydown". Expected Function, got Array  
  at <ATextarea value="" onUpdate:value=fn rows=4  ... > 
  at <Anonymous value= {hashed: true, components: Object, theme: undefined, token: Object} > 
  at <ALocaleProvider locale=undefined ANT_MARK__="internalMark" > 
  at <LocaleReceiver children=fn<children> > 
  at <AConfigProvider theme= {token: Object} > 
  at <App> @ http://127.0.0.1:5175/@vite/client:528
[    1117ms] [WARNING] [Vue warn]: Invalid prop: type check failed for prop "onKeydown". Expected Function, got Array  
  at <ATextarea value="" onUpdate:value=fn rows=4  ... > 
  at <Anonymous value= {hashed: true, components: Object, theme: undefined, token: Object} > 
  at <ALocaleProvider locale=undefined ANT_MARK__="internalMark" > 
  at <LocaleReceiver children=fn<children> > 
  at <AConfigProvider theme= {token: Object} > 
  at <App> @ http://127.0.0.1:5175/@vite/client:528
[    1120ms] [WARNING] [Vue warn]: Invalid prop: type check failed for prop "onKeydown". Expected Function, got Array  
  at <ATextarea value="" onUpdate:value=fn rows=4  ... > 
  at <Anonymous value= {hashed: true, components: Object, theme: undefined, token: Object} > 
  at <ALocaleProvider locale=undefined ANT_MARK__="internalMark" > 
  at <LocaleReceiver children=fn<children> > 
  at <AConfigProvider theme= {token: Object} > 
  at <App> @ http://127.0.0.1:5175/@vite/client:528
[    1124ms] [WARNING] [Vue warn]: Invalid prop: type check failed for prop "onKeydown". Expected Function, got Array  
  at <ATextarea value="" onUpdate:value=fn rows=4  ... > 
  at <Anonymous value= {hashed: true, components: Object, theme: undefined, token: Object} > 
  at <ALocaleProvider locale=undefined ANT_MARK__="internalMark" > 
  at <LocaleReceiver children=fn<children> > 
  at <AConfigProvider theme= {token: Object} > 
  at <App> @ http://127.0.0.1:5175/@vite/client:528
[    1127ms] [WARNING] [Vue warn]: Invalid prop: type check failed for prop "onKeydown". Expected Function, got Array  
  at <ATextarea value="" onUpdate:value=fn rows=4  ... > 
  at <Anonymous value= {hashed: true, components: Object, theme: undefined, token: Object} > 
  at <ALocaleProvider locale=undefined ANT_MARK__="internalMark" > 
  at <LocaleReceiver children=fn<children> > 
  at <AConfigProvider theme= {token: Object} > 
  at <App> @ http://127.0.0.1:5175/@vite/client:528
[    1130ms] [WARNING] [Vue warn]: Invalid prop: type check failed for prop "onKeydown". Expected Function, got Array  
  at <ATextarea value="" onUpdate:value=fn rows=4  ... > 
  at <Anonymous value= {hashed: true, components: Object, theme: undefined, token: Object} > 
  at <ALocaleProvider locale=undefined ANT_MARK__="internalMark" > 
  at <LocaleReceiver children=fn<children> > 
  at <AConfigProvider theme= {token: Object} > 
  at <App> @ http://127.0.0.1:5175/@vite/client:528
[    1133ms] [WARNING] [Vue warn]: Invalid prop: type check failed for prop "onKeydown". Expected Function, got Array  
  at <ATextarea value="" onUpdate:value=fn rows=4  ... > 
  at <Anonymous value= {hashed: true, components: Object, theme: undefined, token: Object} > 
  at <ALocaleProvider locale=undefined ANT_MARK__="internalMark" > 
  at <LocaleReceiver children=fn<children> > 
  at <AConfigProvider theme= {token: Object} > 
  at <App> @ http://127.0.0.1:5175/@vite/client:528
[    1136ms] [WARNING] [Vue warn]: Invalid prop: type check failed for prop "onKeydown". Expected Function, got Array  
  at <ATextarea value="" onUpdate:value=fn rows=4  ... > 
  at <Anonymous value= {hashed: true, components: Object, theme: undefined, token: Object} > 
  at <ALocaleProvider locale=undefined ANT_MARK__="internalMark" > 
  at <LocaleReceiver children=fn<children> > 
  at <AConfigProvider theme= {token: Object} > 
  at <App> @ http://127.0.0.1:5175/@vite/client:528
[    1139ms] [WARNING] [Vue warn]: Invalid prop: type check failed for prop "onKeydown". Expected Function, got Array  
  at <ATextarea value="" onUpdate:value=fn rows=4  ... > 
  at <Anonymous value= {hashed: true, components: Object, theme: undefined, token: Object} > 
  at <ALocaleProvider locale=undefined ANT_MARK__="internalMark" > 
  at <LocaleReceiver children=fn<children> > 
  at <AConfigProvider theme= {token: Object} > 
  at <App> @ http://127.0.0.1:5175/@vite/client:528
[    1142ms] [WARNING] [Vue warn]: Invalid prop: type check failed for prop "onKeydown". Expected Function, got Array  
  at <ATextarea value="" onUpdate:value=fn rows=4  ... > 
  at <Anonymous value= {hashed: true, components: Object, theme: undefined, token: Object} > 
  at <ALocaleProvider locale=undefined ANT_MARK__="internalMark" > 
  at <LocaleReceiver children=fn<children> > 
  at <AConfigProvider theme= {token: Object} > 
  at <App> @ http://127.0.0.1:5175/@vite/client:528
[    1145ms] [WARNING] [Vue warn]: Invalid prop: type check failed for prop "onKeydown". Expected Function, got Array  
  at <ATextarea value="" onUpdate:value=fn rows=4  ... > 
  at <Anonymous value= {hashed: true, components: Object, theme: undefined, token: Object} > 
  at <ALocaleProvider locale=undefined ANT_MARK__="internalMark" > 
  at <LocaleReceiver children=fn<children> > 
  at <AConfigProvider theme= {token: Object} > 
  at <App> @ http://127.0.0.1:5175/@vite/client:528
[    1148ms] [WARNING] [Vue warn]: Invalid prop: type check failed for prop "onKeydown". Expected Function, got Array  
  at <ATextarea value="" onUpdate:value=fn rows=4  ... > 
  at <Anonymous value= {hashed: true, components: Object, theme: undefined, token: Object} > 
  at <ALocaleProvider locale=undefined ANT_MARK__="internalMark" > 
  at <LocaleReceiver children=fn<children> > 
  at <AConfigProvider theme= {token: Object} > 
  at <App> @ http://127.0.0.1:5175/@vite/client:528
[    1151ms] [WARNING] [Vue warn]: Invalid prop: type check failed for prop "onKeydown". Expected Function, got Array  
  at <ATextarea value="" onUpdate:value=fn rows=4  ... > 
  at <Anonymous value= {hashed: true, components: Object, theme: undefined, token: Object} > 
  at <ALocaleProvider locale=undefined ANT_MARK__="internalMark" > 
  at <LocaleReceiver children=fn<children> > 
  at <AConfigProvider theme= {token: Object} > 
  at <App> @ http://127.0.0.1:5175/@vite/client:528
[    1154ms] [WARNING] [Vue warn]: Invalid prop: type check failed for prop "onKeydown". Expected Function, got Array  
  at <ATextarea value="" onUpdate:value=fn rows=4  ... > 
  at <Anonymous value= {hashed: true, components: Object, theme: undefined, token: Object} > 
  at <ALocaleProvider locale=undefined ANT_MARK__="internalMark" > 
  at <LocaleReceiver children=fn<children> > 
  at <AConfigProvider theme= {token: Object} > 
  at <App> @ http://127.0.0.1:5175/@vite/client:528
[    1157ms] [WARNING] [Vue warn]: Invalid prop: type check failed for prop "onKeydown". Expected Function, got Array  
  at <ATextarea value="" onUpdate:value=fn rows=4  ... > 
  at <Anonymous value= {hashed: true, components: Object, theme: undefined, token: Object} > 
  at <ALocaleProvider locale=undefined ANT_MARK__="internalMark" > 
  at <LocaleReceiver children=fn<children> > 
  at <AConfigProvider theme= {token: Object} > 
  at <App> @ http://127.0.0.1:5175/@vite/client:528
[    1160ms] [WARNING] [Vue warn]: Invalid prop: type check failed for prop "onKeydown". Expected Function, got Array  
  at <ATextarea value="" onUpdate:value=fn rows=4  ... > 
  at <Anonymous value= {hashed: true, components: Object, theme: undefined, token: Object} > 
  at <ALocaleProvider locale=undefined ANT_MARK__="internalMark" > 
  at <LocaleReceiver children=fn<children> > 
  at <AConfigProvider theme= {token: Object} > 
  at <App> @ http://127.0.0.1:5175/@vite/client:528
[    1163ms] [WARNING] [Vue warn]: Invalid prop: type check failed for prop "onKeydown". Expected Function, got Array  
  at <ATextarea value="" onUpdate:value=fn rows=4  ... > 
  at <Anonymous value= {hashed: true, components: Object, theme: undefined, token: Object} > 
  at <ALocaleProvider locale=undefined ANT_MARK__="internalMark" > 
  at <LocaleReceiver children=fn<children> > 
  at <AConfigProvider theme= {token: Object} > 
  at <App> @ http://127.0.0.1:5175/@vite/client:528
[    1166ms] [WARNING] [Vue warn]: Invalid prop: type check failed for prop "onKeydown". Expected Function, got Array  
  at <ATextarea value="" onUpdate:value=fn rows=4  ... > 
  at <Anonymous value= {hashed: true, components: Object, theme: undefined, token: Object} > 
  at <ALocaleProvider locale=undefined ANT_MARK__="internalMark" > 
  at <LocaleReceiver children=fn<children> > 
  at <AConfigProvider theme= {token: Object} > 
  at <App> @ http://127.0.0.1:5175/@vite/client:528
[    1168ms] [WARNING] [Vue warn]: Invalid prop: type check failed for prop "onKeydown". Expected Function, got Array  
  at <ATextarea value="" onUpdate:value=fn rows=4  ... > 
  at <Anonymous value= {hashed: true, components: Object, theme: undefined, token: Object} > 
  at <ALocaleProvider locale=undefined ANT_MARK__="internalMark" > 
  at <LocaleReceiver children=fn<children> > 
  at <AConfigProvider theme= {token: Object} > 
  at <App> @ http://127.0.0.1:5175/@vite/client:528
[    1171ms] [WARNING] [Vue warn]: Invalid prop: type check failed for prop "onKeydown". Expected Function, got Array  
  at <ATextarea value="" onUpdate:value=fn rows=4  ... > 
  at <Anonymous value= {hashed: true, components: Object, theme: undefined, token: Object} > 
  at <ALocaleProvider locale=undefined ANT_MARK__="internalMark" > 
  at <LocaleReceiver children=fn<children> > 
  at <AConfigProvider theme= {token: Object} > 
  at <App> @ http://127.0.0.1:5175/@vite/client:528
[    1174ms] [WARNING] [Vue warn]: Invalid prop: type check failed for prop "onKeydown". Expected Function, got Array  
  at <ATextarea value="" onUpdate:value=fn rows=4  ... > 
  at <Anonymous value= {hashed: true, components: Object, theme: undefined, token: Object} > 
  at <ALocaleProvider locale=undefined ANT_MARK__="internalMark" > 
  at <LocaleReceiver children=fn<children> > 
  at <AConfigProvider theme= {token: Object} > 
  at <App> @ http://127.0.0.1:5175/@vite/client:528
[    1177ms] [WARNING] [Vue warn]: Invalid prop: type check failed for prop "onKeydown". Expected Function, got Array  
  at <ATextarea value="" onUpdate:value=fn rows=4  ... > 
  at <Anonymous value= {hashed: true, components: Object, theme: undefined, token: Object} > 
  at <ALocaleProvider locale=undefined ANT_MARK__="internalMark" > 
  at <LocaleReceiver children=fn<children> > 
  at <AConfigProvider theme= {token: Object} > 
  at <App> @ http://127.0.0.1:5175/@vite/client:528
[    1180ms] [WARNING] [Vue warn]: Invalid prop: type check failed for prop "onKeydown". Expected Function, got Array  
  at <ATextarea value="" onUpdate:value=fn rows=4  ... > 
  at <Anonymous value= {hashed: true, components: Object, theme: undefined, token: Object} > 
  at <ALocaleProvider locale=undefined ANT_MARK__="internalMark" > 
  at <LocaleReceiver children=fn<children> > 
  at <AConfigProvider theme= {token: Object} > 
  at <App> @ http://127.0.0.1:5175/@vite/client:528
[    1183ms] [WARNING] [Vue warn]: Invalid prop: type check failed for prop "onKeydown". Expected Function, got Array  
  at <ATextarea value="" onUpdate:value=fn rows=4  ... > 
  at <Anonymous value= {hashed: true, components: Object, theme: undefined, token: Object} > 
  at <ALocaleProvider locale=undefined ANT_MARK__="internalMark" > 
  at <LocaleReceiver children=fn<children> > 
  at <AConfigProvider theme= {token: Object} > 
  at <App> @ http://127.0.0.1:5175/@vite/client:528
[    1185ms] [WARNING] [Vue warn]: Invalid prop: type check failed for prop "onKeydown". Expected Function, got Array  
  at <ATextarea value="" onUpdate:value=fn rows=4  ... > 
  at <Anonymous value= {hashed: true, components: Object, theme: undefined, token: Object} > 
  at <ALocaleProvider locale=undefined ANT_MARK__="internalMark" > 
  at <LocaleReceiver children=fn<children> > 
  at <AConfigProvider theme= {token: Object} > 
  at <App> @ http://127.0.0.1:5175/@vite/client:528
[    1188ms] [WARNING] [Vue warn]: Invalid prop: type check failed for prop "onKeydown". Expected Function, got Array  
  at <ATextarea value="" onUpdate:value=fn rows=4  ... > 
  at <Anonymous value= {hashed: true, components: Object, theme: undefined, token: Object} > 
  at <ALocaleProvider locale=undefined ANT_MARK__="internalMark" > 
  at <LocaleReceiver children=fn<children> > 
  at <AConfigProvider theme= {token: Object} > 
  at <App> @ http://127.0.0.1:5175/@vite/client:528
[    1191ms] [WARNING] [Vue warn]: Invalid prop: type check failed for prop "onKeydown". Expected Function, got Array  
  at <ATextarea value="" onUpdate:value=fn rows=4  ... > 
  at <Anonymous value= {hashed: true, components: Object, theme: undefined, token: Object} > 
  at <ALocaleProvider locale=undefined ANT_MARK__="internalMark" > 
  at <LocaleReceiver children=fn<children> > 
  at <AConfigProvider theme= {token: Object} > 
  at <App> @ http://127.0.0.1:5175/@vite/client:528
[    1194ms] [WARNING] [Vue warn]: Invalid prop: type check failed for prop "onKeydown". Expected Function, got Array  
  at <ATextarea value="" onUpdate:value=fn rows=4  ... > 
  at <Anonymous value= {hashed: true, components: Object, theme: undefined, token: Object} > 
  at <ALocaleProvider locale=undefined ANT_MARK__="internalMark" > 
  at <LocaleReceiver children=fn<children> > 
  at <AConfigProvider theme= {token: Object} > 
  at <App> @ http://127.0.0.1:5175/@vite/client:528
[    1197ms] [WARNING] [Vue warn]: Invalid prop: type check failed for prop "onKeydown". Expected Function, got Array  
  at <ATextarea value="" onUpdate:value=fn rows=4  ... > 
  at <Anonymous value= {hashed: true, components: Object, theme: undefined, token: Object} > 
  at <ALocaleProvider locale=undefined ANT_MARK__="internalMark" > 
  at <LocaleReceiver children=fn<children> > 
  at <AConfigProvider theme= {token: Object} > 
  at <App> @ http://127.0.0.1:5175/@vite/client:528
[    1200ms] [WARNING] [Vue warn]: Invalid prop: type check failed for prop "onKeydown". Expected Function, got Array  
  at <ATextarea value="" onUpdate:value=fn rows=4  ... > 
  at <Anonymous value= {hashed: true, components: Object, theme: undefined, token: Object} > 
  at <ALocaleProvider locale=undefined ANT_MARK__="internalMark" > 
  at <LocaleReceiver children=fn<children> > 
  at <AConfigProvider theme= {token: Object} > 
  at <App> @ http://127.0.0.1:5175/@vite/client:528
[    1203ms] [WARNING] [Vue warn]: Invalid prop: type check failed for prop "onKeydown". Expected Function, got Array  
  at <ATextarea value="" onUpdate:value=fn rows=4  ... > 
  at <Anonymous value= {hashed: true, components: Object, theme: undefined, token: Object} > 
  at <ALocaleProvider locale=undefined ANT_MARK__="internalMark" > 
  at <LocaleReceiver children=fn<children> > 
  at <AConfigProvider theme= {token: Object} > 
  at <App> @ http://127.0.0.1:5175/@vite/client:528
[    1206ms] [WARNING] [Vue warn]: Invalid prop: type check failed for prop "onKeydown". Expected Function, got Array  
  at <ATextarea value="" onUpdate:value=fn rows=4  ... > 
  at <Anonymous value= {hashed: true, components: Object, theme: undefined, token: Object} > 
  at <ALocaleProvider locale=undefined ANT_MARK__="internalMark" > 
  at <LocaleReceiver children=fn<children> > 
  at <AConfigProvider theme= {token: Object} > 
  at <App> @ http://127.0.0.1:5175/@vite/client:528
[    1209ms] [WARNING] [Vue warn]: Invalid prop: type check failed for prop "onKeydown". Expected Function, got Array  
  at <ATextarea value="" onUpdate:value=fn rows=4  ... > 
  at <Anonymous value= {hashed: true, components: Object, theme: undefined, token: Object} > 
  at <ALocaleProvider locale=undefined ANT_MARK__="internalMark" > 
  at <LocaleReceiver children=fn<children> > 
  at <AConfigProvider theme= {token: Object} > 
  at <App> @ http://127.0.0.1:5175/@vite/client:528
[    1212ms] [WARNING] [Vue warn]: Invalid prop: type check failed for prop "onKeydown". Expected Function, got Array  
  at <ATextarea value="" onUpdate:value=fn rows=4  ... > 
  at <Anonymous value= {hashed: true, components: Object, theme: undefined, token: Object} > 
  at <ALocaleProvider locale=undefined ANT_MARK__="internalMark" > 
  at <LocaleReceiver children=fn<children> > 
  at <AConfigProvider theme= {token: Object} > 
  at <App> @ http://127.0.0.1:5175/@vite/client:528
[    1215ms] [WARNING] [Vue warn]: Invalid prop: type check failed for prop "onKeydown". Expected Function, got Array  
  at <ATextarea value="" onUpdate:value=fn rows=4  ... > 
  at <Anonymous value= {hashed: true, components: Object, theme: undefined, token: Object} > 
  at <ALocaleProvider locale=undefined ANT_MARK__="internalMark" > 
  at <LocaleReceiver children=fn<children> > 
  at <AConfigProvider theme= {token: Object} > 
  at <App> @ http://127.0.0.1:5175/@vite/client:528
[    1218ms] [WARNING] [Vue warn]: Invalid prop: type check failed for prop "onKeydown". Expected Function, got Array  
  at <ATextarea value="" onUpdate:value=fn rows=4  ... > 
  at <Anonymous value= {hashed: true, components: Object, theme: undefined, token: Object} > 
  at <ALocaleProvider locale=undefined ANT_MARK__="internalMark" > 
  at <LocaleReceiver children=fn<children> > 
  at <AConfigProvider theme= {token: Object} > 
  at <App> @ http://127.0.0.1:5175/@vite/client:528
[    1221ms] [WARNING] [Vue warn]: Invalid prop: type check failed for prop "onKeydown". Expected Function, got Array  
  at <ATextarea value="" onUpdate:value=fn rows=4  ... > 
  at <Anonymous value= {hashed: true, components: Object, theme: undefined, token: Object} > 
  at <ALocaleProvider locale=undefined ANT_MARK__="internalMark" > 
  at <LocaleReceiver children=fn<children> > 
  at <AConfigProvider theme= {token: Object} > 
  at <App> @ http://127.0.0.1:5175/@vite/client:528
[    1224ms] [WARNING] [Vue warn]: Invalid prop: type check failed for prop "onKeydown". Expected Function, got Array  
  at <ATextarea value="" onUpdate:value=fn rows=4  ... > 
  at <Anonymous value= {hashed: true, components: Object, theme: undefined, token: Object} > 
  at <ALocaleProvider locale=undefined ANT_MARK__="internalMark" > 
  at <LocaleReceiver children=fn<children> > 
  at <AConfigProvider theme= {token: Object} > 
  at <App> @ http://127.0.0.1:5175/@vite/client:528
[    1227ms] [WARNING] [Vue warn]: Invalid prop: type check failed for prop "onKeydown". Expected Function, got Array  
  at <ATextarea value="" onUpdate:value=fn rows=4  ... > 
  at <Anonymous value= {hashed: true, components: Object, theme: undefined, token: Object} > 
  at <ALocaleProvider locale=undefined ANT_MARK__="internalMark" > 
  at <LocaleReceiver children=fn<children> > 
  at <AConfigProvider theme= {token: Object} > 
  at <App> @ http://127.0.0.1:5175/@vite/client:528
[    1229ms] [WARNING] [Vue warn]: Invalid prop: type check failed for prop "onKeydown". Expected Function, got Array  
  at <ATextarea value="" onUpdate:value=fn rows=4  ... > 
  at <Anonymous value= {hashed: true, components: Object, theme: undefined, token: Object} > 
  at <ALocaleProvider locale=undefined ANT_MARK__="internalMark" > 
  at <LocaleReceiver children=fn<children> > 
  at <AConfigProvider theme= {token: Object} > 
  at <App> @ http://127.0.0.1:5175/@vite/client:528
[    1232ms] [WARNING] [Vue warn]: Invalid prop: type check failed for prop "onKeydown". Expected Function, got Array  
  at <ATextarea value="" onUpdate:value=fn rows=4  ... > 
  at <Anonymous value= {hashed: true, components: Object, theme: undefined, token: Object} > 
  at <ALocaleProvider locale=undefined ANT_MARK__="internalMark" > 
  at <LocaleReceiver children=fn<children> > 
  at <AConfigProvider theme= {token: Object} > 
  at <App> @ http://127.0.0.1:5175/@vite/client:528
[    1235ms] [WARNING] [Vue warn]: Invalid prop: type check failed for prop "onKeydown". Expected Function, got Array  
  at <ATextarea value="" onUpdate:value=fn rows=4  ... > 
  at <Anonymous value= {hashed: true, components: Object, theme: undefined, token: Object} > 
  at <ALocaleProvider locale=undefined ANT_MARK__="internalMark" > 
  at <LocaleReceiver children=fn<children> > 
  at <AConfigProvider theme= {token: Object} > 
  at <App> @ http://127.0.0.1:5175/@vite/client:528
[    1238ms] [WARNING] [Vue warn]: Invalid prop: type check failed for prop "onKeydown". Expected Function, got Array  
  at <ATextarea value="" onUpdate:value=fn rows=4  ... > 
  at <Anonymous value= {hashed: true, components: Object, theme: undefined, token: Object} > 
  at <ALocaleProvider locale=undefined ANT_MARK__="internalMark" > 
  at <LocaleReceiver children=fn<children> > 
  at <AConfigProvider theme= {token: Object} > 
  at <App> @ http://127.0.0.1:5175/@vite/client:528
[    1241ms] [WARNING] [Vue warn]: Invalid prop: type check failed for prop "onKeydown". Expected Function, got Array  
  at <ATextarea value="" onUpdate:value=fn rows=4  ... > 
  at <Anonymous value= {hashed: true, components: Object, theme: undefined, token: Object} > 
  at <ALocaleProvider locale=undefined ANT_MARK__="internalMark" > 
  at <LocaleReceiver children=fn<children> > 
  at <AConfigProvider theme= {token: Object} > 
  at <App> @ http://127.0.0.1:5175/@vite/client:528
[    1243ms] [WARNING] [Vue warn]: Invalid prop: type check failed for prop "onKeydown". Expected Function, got Array  
  at <ATextarea value="" onUpdate:value=fn rows=4  ... > 
  at <Anonymous value= {hashed: true, components: Object, theme: undefined, token: Object} > 
  at <ALocaleProvider locale=undefined ANT_MARK__="internalMark" > 
  at <LocaleReceiver children=fn<children> > 
  at <AConfigProvider theme= {token: Object} > 
  at <App> @ http://127.0.0.1:5175/@vite/client:528
[    1246ms] [WARNING] [Vue warn]: Invalid prop: type check failed for prop "onKeydown". Expected Function, got Array  
  at <ATextarea value="" onUpdate:value=fn rows=4  ... > 
  at <Anonymous value= {hashed: true, components: Object, theme: undefined, token: Object} > 
  at <ALocaleProvider locale=undefined ANT_MARK__="internalMark" > 
  at <LocaleReceiver children=fn<children> > 
  at <AConfigProvider theme= {token: Object} > 
  at <App> @ http://127.0.0.1:5175/@vite/client:528
[    1249ms] [WARNING] [Vue warn]: Invalid prop: type check failed for prop "onKeydown". Expected Function, got Array  
  at <ATextarea value="" onUpdate:value=fn rows=4  ... > 
  at <Anonymous value= {hashed: true, components: Object, theme: undefined, token: Object} > 
  at <ALocaleProvider locale=undefined ANT_MARK__="internalMark" > 
  at <LocaleReceiver children=fn<children> > 
  at <AConfigProvider theme= {token: Object} > 
  at <App> @ http://127.0.0.1:5175/@vite/client:528
[    1252ms] [WARNING] [Vue warn]: Invalid prop: type check failed for prop "onKeydown". Expected Function, got Array  
  at <ATextarea value="" onUpdate:value=fn rows=4  ... > 
  at <Anonymous value= {hashed: true, components: Object, theme: undefined, token: Object} > 
  at <ALocaleProvider locale=undefined ANT_MARK__="internalMark" > 
  at <LocaleReceiver children=fn<children> > 
  at <AConfigProvider theme= {token: Object} > 
  at <App> @ http://127.0.0.1:5175/@vite/client:528
[    1255ms] [WARNING] [Vue warn]: Invalid prop: type check failed for prop "onKeydown". Expected Function, got Array  
  at <ATextarea value="" onUpdate:value=fn rows=4  ... > 
  at <Anonymous value= {hashed: true, components: Object, theme: undefined, token: Object} > 
  at <ALocaleProvider locale=undefined ANT_MARK__="internalMark" > 
  at <LocaleReceiver children=fn<children> > 
  at <AConfigProvider theme= {token: Object} > 
  at <App> @ http://127.0.0.1:5175/@vite/client:528
[    1257ms] [WARNING] [Vue warn]: Invalid prop: type check failed for prop "onKeydown". Expected Function, got Array  
  at <ATextarea value="" onUpdate:value=fn rows=4  ... > 
  at <Anonymous value= {hashed: true, components: Object, theme: undefined, token: Object} > 
  at <ALocaleProvider locale=undefined ANT_MARK__="internalMark" > 
  at <LocaleReceiver children=fn<children> > 
  at <AConfigProvider theme= {token: Object} > 
  at <App> @ http://127.0.0.1:5175/@vite/client:528
[    1260ms] [WARNING] [Vue warn]: Invalid prop: type check failed for prop "onKeydown". Expected Function, got Array  
  at <ATextarea value="" onUpdate:value=fn rows=4  ... > 
  at <Anonymous value= {hashed: true, components: Object, theme: undefined, token: Object} > 
  at <ALocaleProvider locale=undefined ANT_MARK__="internalMark" > 
  at <LocaleReceiver children=fn<children> > 
  at <AConfigProvider theme= {token: Object} > 
  at <App> @ http://127.0.0.1:5175/@vite/client:528
[    1263ms] [WARNING] [Vue warn]: Invalid prop: type check failed for prop "onKeydown". Expected Function, got Array  
  at <ATextarea value="" onUpdate:value=fn rows=4  ... > 
  at <Anonymous value= {hashed: true, components: Object, theme: undefined, token: Object} > 
  at <ALocaleProvider locale=undefined ANT_MARK__="internalMark" > 
  at <LocaleReceiver children=fn<children> > 
  at <AConfigProvider theme= {token: Object} > 
  at <App> @ http://127.0.0.1:5175/@vite/client:528
[    1266ms] [WARNING] [Vue warn]: Invalid prop: type check failed for prop "onKeydown". Expected Function, got Array  
  at <ATextarea value="" onUpdate:value=fn rows=4  ... > 
  at <Anonymous value= {hashed: true, components: Object, theme: undefined, token: Object} > 
  at <ALocaleProvider locale=undefined ANT_MARK__="internalMark" > 
  at <LocaleReceiver children=fn<children> > 
  at <AConfigProvider theme= {token: Object} > 
  at <App> @ http://127.0.0.1:5175/@vite/client:528
[    1269ms] [WARNING] [Vue warn]: Invalid prop: type check failed for prop "onKeydown". Expected Function, got Array  
  at <ATextarea value="" onUpdate:value=fn rows=4  ... > 
  at <Anonymous value= {hashed: true, components: Object, theme: undefined, token: Object} > 
  at <ALocaleProvider locale=undefined ANT_MARK__="internalMark" > 
  at <LocaleReceiver children=fn<children> > 
  at <AConfigProvider theme= {token: Object} > 
  at <App> @ http://127.0.0.1:5175/@vite/client:528
[    1272ms] [WARNING] [Vue warn]: Invalid prop: type check failed for prop "onKeydown". Expected Function, got Array  
  at <ATextarea value="" onUpdate:value=fn rows=4  ... > 
  at <Anonymous value= {hashed: true, components: Object, theme: undefined, token: Object} > 
  at <ALocaleProvider locale=undefined ANT_MARK__="internalMark" > 
  at <LocaleReceiver children=fn<children> > 
  at <AConfigProvider theme= {token: Object} > 
  at <App> @ http://127.0.0.1:5175/@vite/client:528
[    1275ms] [WARNING] [Vue warn]: Invalid prop: type check failed for prop "onKeydown". Expected Function, got Array  
  at <ATextarea value="" onUpdate:value=fn rows=4  ... > 
  at <Anonymous value= {hashed: true, components: Object, theme: undefined, token: Object} > 
  at <ALocaleProvider locale=undefined ANT_MARK__="internalMark" > 
  at <LocaleReceiver children=fn<children> > 
  at <AConfigProvider theme= {token: Object} > 
  at <App> @ http://127.0.0.1:5175/@vite/client:528
[    1278ms] [WARNING] [Vue warn]: Invalid prop: type check failed for prop "onKeydown". Expected Function, got Array  
  at <ATextarea value="" onUpdate:value=fn rows=4  ... > 
  at <Anonymous value= {hashed: true, components: Object, theme: undefined, token: Object} > 
  at <ALocaleProvider locale=undefined ANT_MARK__="internalMark" > 
  at <LocaleReceiver children=fn<children> > 
  at <AConfigProvider theme= {token: Object} > 
  at <App> @ http://127.0.0.1:5175/@vite/client:528
[    1281ms] [WARNING] [Vue warn]: Invalid prop: type check failed for prop "onKeydown". Expected Function, got Array  
  at <ATextarea value="" onUpdate:value=fn rows=4  ... > 
  at <Anonymous value= {hashed: true, components: Object, theme: undefined, token: Object} > 
  at <ALocaleProvider locale=undefined ANT_MARK__="internalMark" > 
  at <LocaleReceiver children=fn<children> > 
  at <AConfigProvider theme= {token: Object} > 
  at <App> @ http://127.0.0.1:5175/@vite/client:528
[    1284ms] [WARNING] [Vue warn]: Invalid prop: type check failed for prop "onKeydown". Expected Function, got Array  
  at <ATextarea value="" onUpdate:value=fn rows=4  ... > 
  at <Anonymous value= {hashed: true, components: Object, theme: undefined, token: Object} > 
  at <ALocaleProvider locale=undefined ANT_MARK__="internalMark" > 
  at <LocaleReceiver children=fn<children> > 
  at <AConfigProvider theme= {token: Object} > 
  at <App> @ http://127.0.0.1:5175/@vite/client:528
[    1287ms] [WARNING] [Vue warn]: Invalid prop: type check failed for prop "onKeydown". Expected Function, got Array  
  at <ATextarea value="" onUpdate:value=fn rows=4  ... > 
  at <Anonymous value= {hashed: true, components: Object, theme: undefined, token: Object} > 
  at <ALocaleProvider locale=undefined ANT_MARK__="internalMark" > 
  at <LocaleReceiver children=fn<children> > 
  at <AConfigProvider theme= {token: Object} > 
  at <App> @ http://127.0.0.1:5175/@vite/client:528
[    1290ms] [WARNING] [Vue warn]: Invalid prop: type check failed for prop "onKeydown". Expected Function, got Array  
  at <ATextarea value="" onUpdate:value=fn rows=4  ... > 
  at <Anonymous value= {hashed: true, components: Object, theme: undefined, token: Object} > 
  at <ALocaleProvider locale=undefined ANT_MARK__="internalMark" > 
  at <LocaleReceiver children=fn<children> > 
  at <AConfigProvider theme= {token: Object} > 
  at <App> @ http://127.0.0.1:5175/@vite/client:528
[    1293ms] [WARNING] [Vue warn]: Invalid prop: type check failed for prop "onKeydown". Expected Function, got Array  
  at <ATextarea value="" onUpdate:value=fn rows=4  ... > 
  at <Anonymous value= {hashed: true, components: Object, theme: undefined, token: Object} > 
  at <ALocaleProvider locale=undefined ANT_MARK__="internalMark" > 
  at <LocaleReceiver children=fn<children> > 
  at <AConfigProvider theme= {token: Object} > 
  at <App> @ http://127.0.0.1:5175/@vite/client:528
[    1296ms] [WARNING] [Vue warn]: Invalid prop: type check failed for prop "onKeydown". Expected Function, got Array  
  at <ATextarea value="" onUpdate:value=fn rows=4  ... > 
  at <Anonymous value= {hashed: true, components: Object, theme: undefined, token: Object} > 
  at <ALocaleProvider locale=undefined ANT_MARK__="internalMark" > 
  at <LocaleReceiver children=fn<children> > 
  at <AConfigProvider theme= {token: Object} > 
  at <App> @ http://127.0.0.1:5175/@vite/client:528
[    1299ms] [WARNING] [Vue warn]: Invalid prop: type check failed for prop "onKeydown". Expected Function, got Array  
  at <ATextarea value="" onUpdate:value=fn rows=4  ... > 
  at <Anonymous value= {hashed: true, components: Object, theme: undefined, token: Object} > 
  at <ALocaleProvider locale=undefined ANT_MARK__="internalMark" > 
  at <LocaleReceiver children=fn<children> > 
  at <AConfigProvider theme= {token: Object} > 
  at <App> @ http://127.0.0.1:5175/@vite/client:528
[    1303ms] [WARNING] [Vue warn]: Invalid prop: type check failed for prop "onKeydown". Expected Function, got Array  
  at <ATextarea value="" onUpdate:value=fn rows=4  ... > 
  at <Anonymous value= {hashed: true, components: Object, theme: undefined, token: Object} > 
  at <ALocaleProvider locale=undefined ANT_MARK__="internalMark" > 
  at <LocaleReceiver children=fn<children> > 
  at <AConfigProvider theme= {token: Object} > 
  at <App> @ http://127.0.0.1:5175/@vite/client:528
[    1306ms] [WARNING] [Vue warn]: Invalid prop: type check failed for prop "onKeydown". Expected Function, got Array  
  at <ATextarea value="" onUpdate:value=fn rows=4  ... > 
  at <Anonymous value= {hashed: true, components: Object, theme: undefined, token: Object} > 
  at <ALocaleProvider locale=undefined ANT_MARK__="internalMark" > 
  at <LocaleReceiver children=fn<children> > 
  at <AConfigProvider theme= {token: Object} > 
  at <App> @ http://127.0.0.1:5175/@vite/client:528
[    1309ms] [WARNING] [Vue warn]: Invalid prop: type check failed for prop "onKeydown". Expected Function, got Array  
  at <ATextarea value="" onUpdate:value=fn rows=4  ... > 
  at <Anonymous value= {hashed: true, components: Object, theme: undefined, token: Object} > 
  at <ALocaleProvider locale=undefined ANT_MARK__="internalMark" > 
  at <LocaleReceiver children=fn<children> > 
  at <AConfigProvider theme= {token: Object} > 
  at <App> @ http://127.0.0.1:5175/@vite/client:528
[    1311ms] [WARNING] [Vue warn]: Invalid prop: type check failed for prop "onKeydown". Expected Function, got Array  
  at <ATextarea value="" onUpdate:value=fn rows=4  ... > 
  at <Anonymous value= {hashed: true, components: Object, theme: undefined, token: Object} > 
  at <ALocaleProvider locale=undefined ANT_MARK__="internalMark" > 
  at <LocaleReceiver children=fn<children> > 
  at <AConfigProvider theme= {token: Object} > 
  at <App> @ http://127.0.0.1:5175/@vite/client:528
[    1314ms] [WARNING] [Vue warn]: Invalid prop: type check failed for prop "onKeydown". Expected Function, got Array  
  at <ATextarea value="" onUpdate:value=fn rows=4  ... > 
  at <Anonymous value= {hashed: true, components: Object, theme: undefined, token: Object} > 
  at <ALocaleProvider locale=undefined ANT_MARK__="internalMark" > 
  at <LocaleReceiver children=fn<children> > 
  at <AConfigProvider theme= {token: Object} > 
  at <App> @ http://127.0.0.1:5175/@vite/client:528
[    1317ms] [WARNING] [Vue warn]: Invalid prop: type check failed for prop "onKeydown". Expected Function, got Array  
  at <ATextarea value="" onUpdate:value=fn rows=4  ... > 
  at <Anonymous value= {hashed: true, components: Object, theme: undefined, token: Object} > 
  at <ALocaleProvider locale=undefined ANT_MARK__="internalMark" > 
  at <LocaleReceiver children=fn<children> > 
  at <AConfigProvider theme= {token: Object} > 
  at <App> @ http://127.0.0.1:5175/@vite/client:528
[    1320ms] [WARNING] [Vue warn]: Invalid prop: type check failed for prop "onKeydown". Expected Function, got Array  
  at <ATextarea value="" onUpdate:value=fn rows=4  ... > 
  at <Anonymous value= {hashed: true, components: Object, theme: undefined, token: Object} > 
  at <ALocaleProvider locale=undefined ANT_MARK__="internalMark" > 
  at <LocaleReceiver children=fn<children> > 
  at <AConfigProvider theme= {token: Object} > 
  at <App> @ http://127.0.0.1:5175/@vite/client:528
[    1323ms] [WARNING] [Vue warn]: Invalid prop: type check failed for prop "onKeydown". Expected Function, got Array  
  at <ATextarea value="" onUpdate:value=fn rows=4  ... > 
  at <Anonymous value= {hashed: true, components: Object, theme: undefined, token: Object} > 
  at <ALocaleProvider locale=undefined ANT_MARK__="internalMark" > 
  at <LocaleReceiver children=fn<children> > 
  at <AConfigProvider theme= {token: Object} > 
  at <App> @ http://127.0.0.1:5175/@vite/client:528
[    1326ms] [WARNING] [Vue warn]: Invalid prop: type check failed for prop "onKeydown". Expected Function, got Array  
  at <ATextarea value="" onUpdate:value=fn rows=4  ... > 
  at <Anonymous value= {hashed: true, components: Object, theme: undefined, token: Object} > 
  at <ALocaleProvider locale=undefined ANT_MARK__="internalMark" > 
  at <LocaleReceiver children=fn<children> > 
  at <AConfigProvider theme= {token: Object} > 
  at <App> @ http://127.0.0.1:5175/@vite/client:528
[    1328ms] [WARNING] [Vue warn]: Invalid prop: type check failed for prop "onKeydown". Expected Function, got Array  
  at <ATextarea value="" onUpdate:value=fn rows=4  ... > 
  at <Anonymous value= {hashed: true, components: Object, theme: undefined, token: Object} > 
  at <ALocaleProvider locale=undefined ANT_MARK__="internalMark" > 
  at <LocaleReceiver children=fn<children> > 
  at <AConfigProvider theme= {token: Object} > 
  at <App> @ http://127.0.0.1:5175/@vite/client:528
[    1331ms] [WARNING] [Vue warn]: Invalid prop: type check failed for prop "onKeydown". Expected Function, got Array  
  at <ATextarea value="" onUpdate:value=fn rows=4  ... > 
  at <Anonymous value= {hashed: true, components: Object, theme: undefined, token: Object} > 
  at <ALocaleProvider locale=undefined ANT_MARK__="internalMark" > 
  at <LocaleReceiver children=fn<children> > 
  at <AConfigProvider theme= {token: Object} > 
  at <App> @ http://127.0.0.1:5175/@vite/client:528
[    1334ms] [WARNING] [Vue warn]: Invalid prop: type check failed for prop "onKeydown". Expected Function, got Array  
  at <ATextarea value="" onUpdate:value=fn rows=4  ... > 
  at <Anonymous value= {hashed: true, components: Object, theme: undefined, token: Object} > 
  at <ALocaleProvider locale=undefined ANT_MARK__="internalMark" > 
  at <LocaleReceiver children=fn<children> > 
  at <AConfigProvider theme= {token: Object} > 
  at <App> @ http://127.0.0.1:5175/@vite/client:528
[    1337ms] [WARNING] [Vue warn]: Invalid prop: type check failed for prop "onKeydown". Expected Function, got Array  
  at <ATextarea value="" onUpdate:value=fn rows=4  ... > 
  at <Anonymous value= {hashed: true, components: Object, theme: undefined, token: Object} > 
  at <ALocaleProvider locale=undefined ANT_MARK__="internalMark" > 
  at <LocaleReceiver children=fn<children> > 
  at <AConfigProvider theme= {token: Object} > 
  at <App> @ http://127.0.0.1:5175/@vite/client:528
[    1339ms] [WARNING] [Vue warn]: Invalid prop: type check failed for prop "onKeydown". Expected Function, got Array  
  at <ATextarea value="" onUpdate:value=fn rows=4  ... > 
  at <Anonymous value= {hashed: true, components: Object, theme: undefined, token: Object} > 
  at <ALocaleProvider locale=undefined ANT_MARK__="internalMark" > 
  at <LocaleReceiver children=fn<children> > 
  at <AConfigProvider theme= {token: Object} > 
  at <App> @ http://127.0.0.1:5175/@vite/client:528
[    1342ms] [WARNING] [Vue warn]: Invalid prop: type check failed for prop "onKeydown". Expected Function, got Array  
  at <ATextarea value="" onUpdate:value=fn rows=4  ... > 
  at <Anonymous value= {hashed: true, components: Object, theme: undefined, token: Object} > 
  at <ALocaleProvider locale=undefined ANT_MARK__="internalMark" > 
  at <LocaleReceiver children=fn<children> > 
  at <AConfigProvider theme= {token: Object} > 
  at <App> @ http://127.0.0.1:5175/@vite/client:528
[    1345ms] [WARNING] [Vue warn]: Invalid prop: type check failed for prop "onKeydown". Expected Function, got Array  
  at <ATextarea value="" onUpdate:value=fn rows=4  ... > 
  at <Anonymous value= {hashed: true, components: Object, theme: undefined, token: Object} > 
  at <ALocaleProvider locale=undefined ANT_MARK__="internalMark" > 
  at <LocaleReceiver children=fn<children> > 
  at <AConfigProvider theme= {token: Object} > 
  at <App> @ http://127.0.0.1:5175/@vite/client:528
[    1348ms] [WARNING] [Vue warn]: Invalid prop: type check failed for prop "onKeydown". Expected Function, got Array  
  at <ATextarea value="" onUpdate:value=fn rows=4  ... > 
  at <Anonymous value= {hashed: true, components: Object, theme: undefined, token: Object} > 
  at <ALocaleProvider locale=undefined ANT_MARK__="internalMark" > 
  at <LocaleReceiver children=fn<children> > 
  at <AConfigProvider theme= {token: Object} > 
  at <App> @ http://127.0.0.1:5175/@vite/client:528
[    1351ms] [WARNING] [Vue warn]: Invalid prop: type check failed for prop "onKeydown". Expected Function, got Array  
  at <ATextarea value="" onUpdate:value=fn rows=4  ... > 
  at <Anonymous value= {hashed: true, components: Object, theme: undefined, token: Object} > 
  at <ALocaleProvider locale=undefined ANT_MARK__="internalMark" > 
  at <LocaleReceiver children=fn<children> > 
  at <AConfigProvider theme= {token: Object} > 
  at <App> @ http://127.0.0.1:5175/@vite/client:528
[    1353ms] [WARNING] [Vue warn]: Invalid prop: type check failed for prop "onKeydown". Expected Function, got Array  
  at <ATextarea value="" onUpdate:value=fn rows=4  ... > 
  at <Anonymous value= {hashed: true, components: Object, theme: undefined, token: Object} > 
  at <ALocaleProvider locale=undefined ANT_MARK__="internalMark" > 
  at <LocaleReceiver children=fn<children> > 
  at <AConfigProvider theme= {token: Object} > 
  at <App> @ http://127.0.0.1:5175/@vite/client:528
[    1356ms] [WARNING] [Vue warn]: Invalid prop: type check failed for prop "onKeydown". Expected Function, got Array  
  at <ATextarea value="" onUpdate:value=fn rows=4  ... > 
  at <Anonymous value= {hashed: true, components: Object, theme: undefined, token: Object} > 
  at <ALocaleProvider locale=undefined ANT_MARK__="internalMark" > 
  at <LocaleReceiver children=fn<children> > 
  at <AConfigProvider theme= {token: Object} > 
  at <App> @ http://127.0.0.1:5175/@vite/client:528
[    1359ms] [WARNING] [Vue warn]: Invalid prop: type check failed for prop "onKeydown". Expected Function, got Array  
  at <ATextarea value="" onUpdate:value=fn rows=4  ... > 
  at <Anonymous value= {hashed: true, components: Object, theme: undefined, token: Object} > 
  at <ALocaleProvider locale=undefined ANT_MARK__="internalMark" > 
  at <LocaleReceiver children=fn<children> > 
  at <AConfigProvider theme= {token: Object} > 
  at <App> @ http://127.0.0.1:5175/@vite/client:528
[    1362ms] [WARNING] [Vue warn]: Invalid prop: type check failed for prop "onKeydown". Expected Function, got Array  
  at <ATextarea value="" onUpdate:value=fn rows=4  ... > 
  at <Anonymous value= {hashed: true, components: Object, theme: undefined, token: Object} > 
  at <ALocaleProvider locale=undefined ANT_MARK__="internalMark" > 
  at <LocaleReceiver children=fn<children> > 
  at <AConfigProvider theme= {token: Object} > 
  at <App> @ http://127.0.0.1:5175/@vite/client:528
[    1365ms] [WARNING] [Vue warn]: Invalid prop: type check failed for prop "onKeydown". Expected Function, got Array  
  at <ATextarea value="" onUpdate:value=fn rows=4  ... > 
  at <Anonymous value= {hashed: true, components: Object, theme: undefined, token: Object} > 
  at <ALocaleProvider locale=undefined ANT_MARK__="internalMark" > 
  at <LocaleReceiver children=fn<children> > 
  at <AConfigProvider theme= {token: Object} > 
  at <App> @ http://127.0.0.1:5175/@vite/client:528
[    1368ms] [WARNING] [Vue warn]: Invalid prop: type check failed for prop "onKeydown". Expected Function, got Array  
  at <ATextarea value="" onUpdate:value=fn rows=4  ... > 
  at <Anonymous value= {hashed: true, components: Object, theme: undefined, token: Object} > 
  at <ALocaleProvider locale=undefined ANT_MARK__="internalMark" > 
  at <LocaleReceiver children=fn<children> > 
  at <AConfigProvider theme= {token: Object} > 
  at <App> @ http://127.0.0.1:5175/@vite/client:528
[    1371ms] [WARNING] [Vue warn]: Invalid prop: type check failed for prop "onKeydown". Expected Function, got Array  
  at <ATextarea value="" onUpdate:value=fn rows=4  ... > 
  at <Anonymous value= {hashed: true, components: Object, theme: undefined, token: Object} > 
  at <ALocaleProvider locale=undefined ANT_MARK__="internalMark" > 
  at <LocaleReceiver children=fn<children> > 
  at <AConfigProvider theme= {token: Object} > 
  at <App> @ http://127.0.0.1:5175/@vite/client:528
[    1374ms] [WARNING] [Vue warn]: Invalid prop: type check failed for prop "onKeydown". Expected Function, got Array  
  at <ATextarea value="" onUpdate:value=fn rows=4  ... > 
  at <Anonymous value= {hashed: true, components: Object, theme: undefined, token: Object} > 
  at <ALocaleProvider locale=undefined ANT_MARK__="internalMark" > 
  at <LocaleReceiver children=fn<children> > 
  at <AConfigProvider theme= {token: Object} > 
  at <App> @ http://127.0.0.1:5175/@vite/client:528
[    1377ms] [WARNING] [Vue warn]: Invalid prop: type check failed for prop "onKeydown". Expected Function, got Array  
  at <ATextarea value="" onUpdate:value=fn rows=4  ... > 
  at <Anonymous value= {hashed: true, components: Object, theme: undefined, token: Object} > 
  at <ALocaleProvider locale=undefined ANT_MARK__="internalMark" > 
  at <LocaleReceiver children=fn<children> > 
  at <AConfigProvider theme= {token: Object} > 
  at <App> @ http://127.0.0.1:5175/@vite/client:528
[    1380ms] [WARNING] [Vue warn]: Invalid prop: type check failed for prop "onKeydown". Expected Function, got Array  
  at <ATextarea value="" onUpdate:value=fn rows=4  ... > 
  at <Anonymous value= {hashed: true, components: Object, theme: undefined, token: Object} > 
  at <ALocaleProvider locale=undefined ANT_MARK__="internalMark" > 
  at <LocaleReceiver children=fn<children> > 
  at <AConfigProvider theme= {token: Object} > 
  at <App> @ http://127.0.0.1:5175/@vite/client:528
[    1383ms] [WARNING] [Vue warn]: Invalid prop: type check failed for prop "onKeydown". Expected Function, got Array  
  at <ATextarea value="" onUpdate:value=fn rows=4  ... > 
  at <Anonymous value= {hashed: true, components: Object, theme: undefined, token: Object} > 
  at <ALocaleProvider locale=undefined ANT_MARK__="internalMark" > 
  at <LocaleReceiver children=fn<children> > 
  at <AConfigProvider theme= {token: Object} > 
  at <App> @ http://127.0.0.1:5175/@vite/client:528
[    1386ms] [WARNING] [Vue warn]: Invalid prop: type check failed for prop "onKeydown". Expected Function, got Array  
  at <ATextarea value="" onUpdate:value=fn rows=4  ... > 
  at <Anonymous value= {hashed: true, components: Object, theme: undefined, token: Object} > 
  at <ALocaleProvider locale=undefined ANT_MARK__="internalMark" > 
  at <LocaleReceiver children=fn<children> > 
  at <AConfigProvider theme= {token: Object} > 
  at <App> @ http://127.0.0.1:5175/@vite/client:528
[    1389ms] [WARNING] [Vue warn]: Invalid prop: type check failed for prop "onKeydown". Expected Function, got Array  
  at <ATextarea value="" onUpdate:value=fn rows=4  ... > 
  at <Anonymous value= {hashed: true, components: Object, theme: undefined, token: Object} > 
  at <ALocaleProvider locale=undefined ANT_MARK__="internalMark" > 
  at <LocaleReceiver children=fn<children> > 
  at <AConfigProvider theme= {token: Object} > 
  at <App> @ http://127.0.0.1:5175/@vite/client:528
[    1392ms] [WARNING] [Vue warn]: Invalid prop: type check failed for prop "onKeydown". Expected Function, got Array  
  at <ATextarea value="" onUpdate:value=fn rows=4  ... > 
  at <Anonymous value= {hashed: true, components: Object, theme: undefined, token: Object} > 
  at <ALocaleProvider locale=undefined ANT_MARK__="internalMark" > 
  at <LocaleReceiver children=fn<children> > 
  at <AConfigProvider theme= {token: Object} > 
  at <App> @ http://127.0.0.1:5175/@vite/client:528
[    1396ms] [WARNING] [Vue warn]: Invalid prop: type check failed for prop "onKeydown". Expected Function, got Array  
  at <ATextarea value="" onUpdate:value=fn rows=4  ... > 
  at <Anonymous value= {hashed: true, components: Object, theme: undefined, token: Object} > 
  at <ALocaleProvider locale=undefined ANT_MARK__="internalMark" > 
  at <LocaleReceiver children=fn<children> > 
  at <AConfigProvider theme= {token: Object} > 
  at <App> @ http://127.0.0.1:5175/@vite/client:528
[    1398ms] [WARNING] [Vue warn]: Invalid prop: type check failed for prop "onKeydown". Expected Function, got Array  
  at <ATextarea value="" onUpdate:value=fn rows=4  ... > 
  at <Anonymous value= {hashed: true, components: Object, theme: undefined, token: Object} > 
  at <ALocaleProvider locale=undefined ANT_MARK__="internalMark" > 
  at <LocaleReceiver children=fn<children> > 
  at <AConfigProvider theme= {token: Object} > 
  at <App> @ http://127.0.0.1:5175/@vite/client:528
[    1402ms] [WARNING] [Vue warn]: Invalid prop: type check failed for prop "onKeydown". Expected Function, got Array  
  at <ATextarea value="" onUpdate:value=fn rows=4  ... > 
  at <Anonymous value= {hashed: true, components: Object, theme: undefined, token: Object} > 
  at <ALocaleProvider locale=undefined ANT_MARK__="internalMark" > 
  at <LocaleReceiver children=fn<children> > 
  at <AConfigProvider theme= {token: Object} > 
  at <App> @ http://127.0.0.1:5175/@vite/client:528
[    1404ms] [WARNING] [Vue warn]: Invalid prop: type check failed for prop "onKeydown". Expected Function, got Array  
  at <ATextarea value="" onUpdate:value=fn rows=4  ... > 
  at <Anonymous value= {hashed: true, components: Object, theme: undefined, token: Object} > 
  at <ALocaleProvider locale=undefined ANT_MARK__="internalMark" > 
  at <LocaleReceiver children=fn<children> > 
  at <AConfigProvider theme= {token: Object} > 
  at <App> @ http://127.0.0.1:5175/@vite/client:528
[    1407ms] [WARNING] [Vue warn]: Invalid prop: type check failed for prop "onKeydown". Expected Function, got Array  
  at <ATextarea value="" onUpdate:value=fn rows=4  ... > 
  at <Anonymous value= {hashed: true, components: Object, theme: undefined, token: Object} > 
  at <ALocaleProvider locale=undefined ANT_MARK__="internalMark" > 
  at <LocaleReceiver children=fn<children> > 
  at <AConfigProvider theme= {token: Object} > 
  at <App> @ http://127.0.0.1:5175/@vite/client:528
[    1410ms] [WARNING] [Vue warn]: Invalid prop: type check failed for prop "onKeydown". Expected Function, got Array  
  at <ATextarea value="" onUpdate:value=fn rows=4  ... > 
  at <Anonymous value= {hashed: true, components: Object, theme: undefined, token: Object} > 
  at <ALocaleProvider locale=undefined ANT_MARK__="internalMark" > 
  at <LocaleReceiver children=fn<children> > 
  at <AConfigProvider theme= {token: Object} > 
  at <App> @ http://127.0.0.1:5175/@vite/client:528
[    1413ms] [WARNING] [Vue warn]: Invalid prop: type check failed for prop "onKeydown". Expected Function, got Array  
  at <ATextarea value="" onUpdate:value=fn rows=4  ... > 
  at <Anonymous value= {hashed: true, components: Object, theme: undefined, token: Object} > 
  at <ALocaleProvider locale=undefined ANT_MARK__="internalMark" > 
  at <LocaleReceiver children=fn<children> > 
  at <AConfigProvider theme= {token: Object} > 
  at <App> @ http://127.0.0.1:5175/@vite/client:528
[    1416ms] [WARNING] [Vue warn]: Invalid prop: type check failed for prop "onKeydown". Expected Function, got Array  
  at <ATextarea value="" onUpdate:value=fn rows=4  ... > 
  at <Anonymous value= {hashed: true, components: Object, theme: undefined, token: Object} > 
  at <ALocaleProvider locale=undefined ANT_MARK__="internalMark" > 
  at <LocaleReceiver children=fn<children> > 
  at <AConfigProvider theme= {token: Object} > 
  at <App> @ http://127.0.0.1:5175/@vite/client:528
[    1418ms] [WARNING] [Vue warn]: Invalid prop: type check failed for prop "onKeydown". Expected Function, got Array  
  at <ATextarea value="" onUpdate:value=fn rows=4  ... > 
  at <Anonymous value= {hashed: true, components: Object, theme: undefined, token: Object} > 
  at <ALocaleProvider locale=undefined ANT_MARK__="internalMark" > 
  at <LocaleReceiver children=fn<children> > 
  at <AConfigProvider theme= {token: Object} > 
  at <App> @ http://127.0.0.1:5175/@vite/client:528
[    1421ms] [WARNING] [Vue warn]: Invalid prop: type check failed for prop "onKeydown". Expected Function, got Array  
  at <ATextarea value="" onUpdate:value=fn rows=4  ... > 
  at <Anonymous value= {hashed: true, components: Object, theme: undefined, token: Object} > 
  at <ALocaleProvider locale=undefined ANT_MARK__="internalMark" > 
  at <LocaleReceiver children=fn<children> > 
  at <AConfigProvider theme= {token: Object} > 
  at <App> @ http://127.0.0.1:5175/@vite/client:528
[    1424ms] [WARNING] [Vue warn]: Invalid prop: type check failed for prop "onKeydown". Expected Function, got Array  
  at <ATextarea value="" onUpdate:value=fn rows=4  ... > 
  at <Anonymous value= {hashed: true, components: Object, theme: undefined, token: Object} > 
  at <ALocaleProvider locale=undefined ANT_MARK__="internalMark" > 
  at <LocaleReceiver children=fn<children> > 
  at <AConfigProvider theme= {token: Object} > 
  at <App> @ http://127.0.0.1:5175/@vite/client:528
[    1428ms] [WARNING] [Vue warn]: Invalid prop: type check failed for prop "onKeydown". Expected Function, got Array  
  at <ATextarea value="" onUpdate:value=fn rows=4  ... > 
  at <Anonymous value= {hashed: true, components: Object, theme: undefined, token: Object} > 
  at <ALocaleProvider locale=undefined ANT_MARK__="internalMark" > 
  at <LocaleReceiver children=fn<children> > 
  at <AConfigProvider theme= {token: Object} > 
  at <App> @ http://127.0.0.1:5175/@vite/client:528
[    1431ms] [WARNING] [Vue warn]: Invalid prop: type check failed for prop "onKeydown". Expected Function, got Array  
  at <ATextarea value="" onUpdate:value=fn rows=4  ... > 
  at <Anonymous value= {hashed: true, components: Object, theme: undefined, token: Object} > 
  at <ALocaleProvider locale=undefined ANT_MARK__="internalMark" > 
  at <LocaleReceiver children=fn<children> > 
  at <AConfigProvider theme= {token: Object} > 
  at <App> @ http://127.0.0.1:5175/@vite/client:528
[    1434ms] [WARNING] [Vue warn]: Invalid prop: type check failed for prop "onKeydown". Expected Function, got Array  
  at <ATextarea value="" onUpdate:value=fn rows=4  ... > 
  at <Anonymous value= {hashed: true, components: Object, theme: undefined, token: Object} > 
  at <ALocaleProvider locale=undefined ANT_MARK__="internalMark" > 
  at <LocaleReceiver children=fn<children> > 
  at <AConfigProvider theme= {token: Object} > 
  at <App> @ http://127.0.0.1:5175/@vite/client:528
[    1437ms] [WARNING] [Vue warn]: Invalid prop: type check failed for prop "onKeydown". Expected Function, got Array  
  at <ATextarea value="" onUpdate:value=fn rows=4  ... > 
  at <Anonymous value= {hashed: true, components: Object, theme: undefined, token: Object} > 
  at <ALocaleProvider locale=undefined ANT_MARK__="internalMark" > 
  at <LocaleReceiver children=fn<children> > 
  at <AConfigProvider theme= {token: Object} > 
  at <App> @ http://127.0.0.1:5175/@vite/client:528
[    1440ms] [WARNING] [Vue warn]: Invalid prop: type check failed for prop "onKeydown". Expected Function, got Array  
  at <ATextarea value="" onUpdate:value=fn rows=4  ... > 
  at <Anonymous value= {hashed: true, components: Object, theme: undefined, token: Object} > 
  at <ALocaleProvider locale=undefined ANT_MARK__="internalMark" > 
  at <LocaleReceiver children=fn<children> > 
  at <AConfigProvider theme= {token: Object} > 
  at <App> @ http://127.0.0.1:5175/@vite/client:528
[    1443ms] [WARNING] [Vue warn]: Invalid prop: type check failed for prop "onKeydown". Expected Function, got Array  
  at <ATextarea value="" onUpdate:value=fn rows=4  ... > 
  at <Anonymous value= {hashed: true, components: Object, theme: undefined, token: Object} > 
  at <ALocaleProvider locale=undefined ANT_MARK__="internalMark" > 
  at <LocaleReceiver children=fn<children> > 
  at <AConfigProvider theme= {token: Object} > 
  at <App> @ http://127.0.0.1:5175/@vite/client:528
[    1446ms] [WARNING] [Vue warn]: Invalid prop: type check failed for prop "onKeydown". Expected Function, got Array  
  at <ATextarea value="" onUpdate:value=fn rows=4  ... > 
  at <Anonymous value= {hashed: true, components: Object, theme: undefined, token: Object} > 
  at <ALocaleProvider locale=undefined ANT_MARK__="internalMark" > 
  at <LocaleReceiver children=fn<children> > 
  at <AConfigProvider theme= {token: Object} > 
  at <App> @ http://127.0.0.1:5175/@vite/client:528
[    1449ms] [WARNING] [Vue warn]: Invalid prop: type check failed for prop "onKeydown". Expected Function, got Array  
  at <ATextarea value="" onUpdate:value=fn rows=4  ... > 
  at <Anonymous value= {hashed: true, components: Object, theme: undefined, token: Object} > 
  at <ALocaleProvider locale=undefined ANT_MARK__="internalMark" > 
  at <LocaleReceiver children=fn<children> > 
  at <AConfigProvider theme= {token: Object} > 
  at <App> @ http://127.0.0.1:5175/@vite/client:528
[    1451ms] [WARNING] [Vue warn]: Invalid prop: type check failed for prop "onKeydown". Expected Function, got Array  
  at <ATextarea value="" onUpdate:value=fn rows=4  ... > 
  at <Anonymous value= {hashed: true, components: Object, theme: undefined, token: Object} > 
  at <ALocaleProvider locale=undefined ANT_MARK__="internalMark" > 
  at <LocaleReceiver children=fn<children> > 
  at <AConfigProvider theme= {token: Object} > 
  at <App> @ http://127.0.0.1:5175/@vite/client:528
[    1455ms] [WARNING] [Vue warn]: Invalid prop: type check failed for prop "onKeydown". Expected Function, got Array  
  at <ATextarea value="" onUpdate:value=fn rows=4  ... > 
  at <Anonymous value= {hashed: true, components: Object, theme: undefined, token: Object} > 
  at <ALocaleProvider locale=undefined ANT_MARK__="internalMark" > 
  at <LocaleReceiver children=fn<children> > 
  at <AConfigProvider theme= {token: Object} > 
  at <App> @ http://127.0.0.1:5175/@vite/client:528
[    1457ms] [WARNING] [Vue warn]: Invalid prop: type check failed for prop "onKeydown". Expected Function, got Array  
  at <ATextarea value="" onUpdate:value=fn rows=4  ... > 
  at <Anonymous value= {hashed: true, components: Object, theme: undefined, token: Object} > 
  at <ALocaleProvider locale=undefined ANT_MARK__="internalMark" > 
  at <LocaleReceiver children=fn<children> > 
  at <AConfigProvider theme= {token: Object} > 
  at <App> @ http://127.0.0.1:5175/@vite/client:528
[    1460ms] [WARNING] [Vue warn]: Invalid prop: type check failed for prop "onKeydown". Expected Function, got Array  
  at <ATextarea value="" onUpdate:value=fn rows=4  ... > 
  at <Anonymous value= {hashed: true, components: Object, theme: undefined, token: Object} > 
  at <ALocaleProvider locale=undefined ANT_MARK__="internalMark" > 
  at <LocaleReceiver children=fn<children> > 
  at <AConfigProvider theme= {token: Object} > 
  at <App> @ http://127.0.0.1:5175/@vite/client:528
[    1463ms] [WARNING] [Vue warn]: Invalid prop: type check failed for prop "onKeydown". Expected Function, got Array  
  at <ATextarea value="" onUpdate:value=fn rows=4  ... > 
  at <Anonymous value= {hashed: true, components: Object, theme: undefined, token: Object} > 
  at <ALocaleProvider locale=undefined ANT_MARK__="internalMark" > 
  at <LocaleReceiver children=fn<children> > 
  at <AConfigProvider theme= {token: Object} > 
  at <App> @ http://127.0.0.1:5175/@vite/client:528
[    1466ms] [WARNING] [Vue warn]: Invalid prop: type check failed for prop "onKeydown". Expected Function, got Array  
  at <ATextarea value="" onUpdate:value=fn rows=4  ... > 
  at <Anonymous value= {hashed: true, components: Object, theme: undefined, token: Object} > 
  at <ALocaleProvider locale=undefined ANT_MARK__="internalMark" > 
  at <LocaleReceiver children=fn<children> > 
  at <AConfigProvider theme= {token: Object} > 
  at <App> @ http://127.0.0.1:5175/@vite/client:528
[    1469ms] [WARNING] [Vue warn]: Invalid prop: type check failed for prop "onKeydown". Expected Function, got Array  
  at <ATextarea value="" onUpdate:value=fn rows=4  ... > 
  at <Anonymous value= {hashed: true, components: Object, theme: undefined, token: Object} > 
  at <ALocaleProvider locale=undefined ANT_MARK__="internalMark" > 
  at <LocaleReceiver children=fn<children> > 
  at <AConfigProvider theme= {token: Object} > 
  at <App> @ http://127.0.0.1:5175/@vite/client:528
[    1472ms] [WARNING] [Vue warn]: Invalid prop: type check failed for prop "onKeydown". Expected Function, got Array  
  at <ATextarea value="" onUpdate:value=fn rows=4  ... > 
  at <Anonymous value= {hashed: true, components: Object, theme: undefined, token: Object} > 
  at <ALocaleProvider locale=undefined ANT_MARK__="internalMark" > 
  at <LocaleReceiver children=fn<children> > 
  at <AConfigProvider theme= {token: Object} > 
  at <App> @ http://127.0.0.1:5175/@vite/client:528
[    1475ms] [WARNING] [Vue warn]: Invalid prop: type check failed for prop "onKeydown". Expected Function, got Array  
  at <ATextarea value="" onUpdate:value=fn rows=4  ... > 
  at <Anonymous value= {hashed: true, components: Object, theme: undefined, token: Object} > 
  at <ALocaleProvider locale=undefined ANT_MARK__="internalMark" > 
  at <LocaleReceiver children=fn<children> > 
  at <AConfigProvider theme= {token: Object} > 
  at <App> @ http://127.0.0.1:5175/@vite/client:528
[    1478ms] [WARNING] [Vue warn]: Invalid prop: type check failed for prop "onKeydown". Expected Function, got Array  
  at <ATextarea value="" onUpdate:value=fn rows=4  ... > 
  at <Anonymous value= {hashed: true, components: Object, theme: undefined, token: Object} > 
  at <ALocaleProvider locale=undefined ANT_MARK__="internalMark" > 
  at <LocaleReceiver children=fn<children> > 
  at <AConfigProvider theme= {token: Object} > 
  at <App> @ http://127.0.0.1:5175/@vite/client:528
[    1481ms] [WARNING] [Vue warn]: Invalid prop: type check failed for prop "onKeydown". Expected Function, got Array  
  at <ATextarea value="" onUpdate:value=fn rows=4  ... > 
  at <Anonymous value= {hashed: true, components: Object, theme: undefined, token: Object} > 
  at <ALocaleProvider locale=undefined ANT_MARK__="internalMark" > 
  at <LocaleReceiver children=fn<children> > 
  at <AConfigProvider theme= {token: Object} > 
  at <App> @ http://127.0.0.1:5175/@vite/client:528
[    1484ms] [WARNING] [Vue warn]: Invalid prop: type check failed for prop "onKeydown". Expected Function, got Array  
  at <ATextarea value="" onUpdate:value=fn rows=4  ... > 
  at <Anonymous value= {hashed: true, components: Object, theme: undefined, token: Object} > 
  at <ALocaleProvider locale=undefined ANT_MARK__="internalMark" > 
  at <LocaleReceiver children=fn<children> > 
  at <AConfigProvider theme= {token: Object} > 
  at <App> @ http://127.0.0.1:5175/@vite/client:528
[    1488ms] [WARNING] [Vue warn]: Invalid prop: type check failed for prop "onKeydown". Expected Function, got Array  
  at <ATextarea value="" onUpdate:value=fn rows=4  ... > 
  at <Anonymous value= {hashed: true, components: Object, theme: undefined, token: Object} > 
  at <ALocaleProvider locale=undefined ANT_MARK__="internalMark" > 
  at <LocaleReceiver children=fn<children> > 
  at <AConfigProvider theme= {token: Object} > 
  at <App> @ http://127.0.0.1:5175/@vite/client:528
[    1491ms] [WARNING] [Vue warn]: Invalid prop: type check failed for prop "onKeydown". Expected Function, got Array  
  at <ATextarea value="" onUpdate:value=fn rows=4  ... > 
  at <Anonymous value= {hashed: true, components: Object, theme: undefined, token: Object} > 
  at <ALocaleProvider locale=undefined ANT_MARK__="internalMark" > 
  at <LocaleReceiver children=fn<children> > 
  at <AConfigProvider theme= {token: Object} > 
  at <App> @ http://127.0.0.1:5175/@vite/client:528
[    1494ms] [WARNING] [Vue warn]: Invalid prop: type check failed for prop "onKeydown". Expected Function, got Array  
  at <ATextarea value="" onUpdate:value=fn rows=4  ... > 
  at <Anonymous value= {hashed: true, components: Object, theme: undefined, token: Object} > 
  at <ALocaleProvider locale=undefined ANT_MARK__="internalMark" > 
  at <LocaleReceiver children=fn<children> > 
  at <AConfigProvider theme= {token: Object} > 
  at <App> @ http://127.0.0.1:5175/@vite/client:528
[    1497ms] [WARNING] [Vue warn]: Invalid prop: type check failed for prop "onKeydown". Expected Function, got Array  
  at <ATextarea value="" onUpdate:value=fn rows=4  ... > 
  at <Anonymous value= {hashed: true, components: Object, theme: undefined, token: Object} > 
  at <ALocaleProvider locale=undefined ANT_MARK__="internalMark" > 
  at <LocaleReceiver children=fn<children> > 
  at <AConfigProvider theme= {token: Object} > 
  at <App> @ http://127.0.0.1:5175/@vite/client:528
[    1500ms] [WARNING] [Vue warn]: Invalid prop: type check failed for prop "onKeydown". Expected Function, got Array  
  at <ATextarea value="" onUpdate:value=fn rows=4  ... > 
  at <Anonymous value= {hashed: true, components: Object, theme: undefined, token: Object} > 
  at <ALocaleProvider locale=undefined ANT_MARK__="internalMark" > 
  at <LocaleReceiver children=fn<children> > 
  at <AConfigProvider theme= {token: Object} > 
  at <App> @ http://127.0.0.1:5175/@vite/client:528
[    1503ms] [WARNING] [Vue warn]: Invalid prop: type check failed for prop "onKeydown". Expected Function, got Array  
  at <ATextarea value="" onUpdate:value=fn rows=4  ... > 
  at <Anonymous value= {hashed: true, components: Object, theme: undefined, token: Object} > 
  at <ALocaleProvider locale=undefined ANT_MARK__="internalMark" > 
  at <LocaleReceiver children=fn<children> > 
  at <AConfigProvider theme= {token: Object} > 
  at <App> @ http://127.0.0.1:5175/@vite/client:528
[    1506ms] [WARNING] [Vue warn]: Invalid prop: type check failed for prop "onKeydown". Expected Function, got Array  
  at <ATextarea value="" onUpdate:value=fn rows=4  ... > 
  at <Anonymous value= {hashed: true, components: Object, theme: undefined, token: Object} > 
  at <ALocaleProvider locale=undefined ANT_MARK__="internalMark" > 
  at <LocaleReceiver children=fn<children> > 
  at <AConfigProvider theme= {token: Object} > 
  at <App> @ http://127.0.0.1:5175/@vite/client:528
[    1509ms] [WARNING] [Vue warn]: Invalid prop: type check failed for prop "onKeydown". Expected Function, got Array  
  at <ATextarea value="" onUpdate:value=fn rows=4  ... > 
  at <Anonymous value= {hashed: true, components: Object, theme: undefined, token: Object} > 
  at <ALocaleProvider locale=undefined ANT_MARK__="internalMark" > 
  at <LocaleReceiver children=fn<children> > 
  at <AConfigProvider theme= {token: Object} > 
  at <App> @ http://127.0.0.1:5175/@vite/client:528
[    1512ms] [WARNING] [Vue warn]: Invalid prop: type check failed for prop "onKeydown". Expected Function, got Array  
  at <ATextarea value="" onUpdate:value=fn rows=4  ... > 
  at <Anonymous value= {hashed: true, components: Object, theme: undefined, token: Object} > 
  at <ALocaleProvider locale=undefined ANT_MARK__="internalMark" > 
  at <LocaleReceiver children=fn<children> > 
  at <AConfigProvider theme= {token: Object} > 
  at <App> @ http://127.0.0.1:5175/@vite/client:528
[    1515ms] [WARNING] [Vue warn]: Invalid prop: type check failed for prop "onKeydown". Expected Function, got Array  
  at <ATextarea value="" onUpdate:value=fn rows=4  ... > 
  at <Anonymous value= {hashed: true, components: Object, theme: undefined, token: Object} > 
  at <ALocaleProvider locale=undefined ANT_MARK__="internalMark" > 
  at <LocaleReceiver children=fn<children> > 
  at <AConfigProvider theme= {token: Object} > 
  at <App> @ http://127.0.0.1:5175/@vite/client:528
[    1518ms] [WARNING] [Vue warn]: Invalid prop: type check failed for prop "onKeydown". Expected Function, got Array  
  at <ATextarea value="" onUpdate:value=fn rows=4  ... > 
  at <Anonymous value= {hashed: true, components: Object, theme: undefined, token: Object} > 
  at <ALocaleProvider locale=undefined ANT_MARK__="internalMark" > 
  at <LocaleReceiver children=fn<children> > 
  at <AConfigProvider theme= {token: Object} > 
  at <App> @ http://127.0.0.1:5175/@vite/client:528
[    1522ms] [WARNING] [Vue warn]: Invalid prop: type check failed for prop "onKeydown". Expected Function, got Array  
  at <ATextarea value="" onUpdate:value=fn rows=4  ... > 
  at <Anonymous value= {hashed: true, components: Object, theme: undefined, token: Object} > 
  at <ALocaleProvider locale=undefined ANT_MARK__="internalMark" > 
  at <LocaleReceiver children=fn<children> > 
  at <AConfigProvider theme= {token: Object} > 
  at <App> @ http://127.0.0.1:5175/@vite/client:528
[    1525ms] [WARNING] [Vue warn]: Invalid prop: type check failed for prop "onKeydown". Expected Function, got Array  
  at <ATextarea value="" onUpdate:value=fn rows=4  ... > 
  at <Anonymous value= {hashed: true, components: Object, theme: undefined, token: Object} > 
  at <ALocaleProvider locale=undefined ANT_MARK__="internalMark" > 
  at <LocaleReceiver children=fn<children> > 
  at <AConfigProvider theme= {token: Object} > 
  at <App> @ http://127.0.0.1:5175/@vite/client:528
[    1528ms] [WARNING] [Vue warn]: Invalid prop: type check failed for prop "onKeydown". Expected Function, got Array  
  at <ATextarea value="" onUpdate:value=fn rows=4  ... > 
  at <Anonymous value= {hashed: true, components: Object, theme: undefined, token: Object} > 
  at <ALocaleProvider locale=undefined ANT_MARK__="internalMark" > 
  at <LocaleReceiver children=fn<children> > 
  at <AConfigProvider theme= {token: Object} > 
  at <App> @ http://127.0.0.1:5175/@vite/client:528
[    1531ms] [WARNING] [Vue warn]: Invalid prop: type check failed for prop "onKeydown". Expected Function, got Array  
  at <ATextarea value="" onUpdate:value=fn rows=4  ... > 
  at <Anonymous value= {hashed: true, components: Object, theme: undefined, token: Object} > 
  at <ALocaleProvider locale=undefined ANT_MARK__="internalMark" > 
  at <LocaleReceiver children=fn<children> > 
  at <AConfigProvider theme= {token: Object} > 
  at <App> @ http://127.0.0.1:5175/@vite/client:528
[    1534ms] [WARNING] [Vue warn]: Invalid prop: type check failed for prop "onKeydown". Expected Function, got Array  
  at <ATextarea value="" onUpdate:value=fn rows=4  ... > 
  at <Anonymous value= {hashed: true, components: Object, theme: undefined, token: Object} > 
  at <ALocaleProvider locale=undefined ANT_MARK__="internalMark" > 
  at <LocaleReceiver children=fn<children> > 
  at <AConfigProvider theme= {token: Object} > 
  at <App> @ http://127.0.0.1:5175/@vite/client:528
[    1537ms] [WARNING] [Vue warn]: Invalid prop: type check failed for prop "onKeydown". Expected Function, got Array  
  at <ATextarea value="" onUpdate:value=fn rows=4  ... > 
  at <Anonymous value= {hashed: true, components: Object, theme: undefined, token: Object} > 
  at <ALocaleProvider locale=undefined ANT_MARK__="internalMark" > 
  at <LocaleReceiver children=fn<children> > 
  at <AConfigProvider theme= {token: Object} > 
  at <App> @ http://127.0.0.1:5175/@vite/client:528
[    1541ms] [WARNING] [Vue warn]: Invalid prop: type check failed for prop "onKeydown". Expected Function, got Array  
  at <ATextarea value="" onUpdate:value=fn rows=4  ... > 
  at <Anonymous value= {hashed: true, components: Object, theme: undefined, token: Object} > 
  at <ALocaleProvider locale=undefined ANT_MARK__="internalMark" > 
  at <LocaleReceiver children=fn<children> > 
  at <AConfigProvider theme= {token: Object} > 
  at <App> @ http://127.0.0.1:5175/@vite/client:528
[    1544ms] [WARNING] [Vue warn]: Invalid prop: type check failed for prop "onKeydown". Expected Function, got Array  
  at <ATextarea value="" onUpdate:value=fn rows=4  ... > 
  at <Anonymous value= {hashed: true, components: Object, theme: undefined, token: Object} > 
  at <ALocaleProvider locale=undefined ANT_MARK__="internalMark" > 
  at <LocaleReceiver children=fn<children> > 
  at <AConfigProvider theme= {token: Object} > 
  at <App> @ http://127.0.0.1:5175/@vite/client:528
[    1547ms] [WARNING] [Vue warn]: Invalid prop: type check failed for prop "onKeydown". Expected Function, got Array  
  at <ATextarea value="" onUpdate:value=fn rows=4  ... > 
  at <Anonymous value= {hashed: true, components: Object, theme: undefined, token: Object} > 
  at <ALocaleProvider locale=undefined ANT_MARK__="internalMark" > 
  at <LocaleReceiver children=fn<children> > 
  at <AConfigProvider theme= {token: Object} > 
  at <App> @ http://127.0.0.1:5175/@vite/client:528
[    1550ms] [WARNING] [Vue warn]: Invalid prop: type check failed for prop "onKeydown". Expected Function, got Array  
  at <ATextarea value="" onUpdate:value=fn rows=4  ... > 
  at <Anonymous value= {hashed: true, components: Object, theme: undefined, token: Object} > 
  at <ALocaleProvider locale=undefined ANT_MARK__="internalMark" > 
  at <LocaleReceiver children=fn<children> > 
  at <AConfigProvider theme= {token: Object} > 
  at <App> @ http://127.0.0.1:5175/@vite/client:528
[    1553ms] [WARNING] [Vue warn]: Invalid prop: type check failed for prop "onKeydown". Expected Function, got Array  
  at <ATextarea value="" onUpdate:value=fn rows=4  ... > 
  at <Anonymous value= {hashed: true, components: Object, theme: undefined, token: Object} > 
  at <ALocaleProvider locale=undefined ANT_MARK__="internalMark" > 
  at <LocaleReceiver children=fn<children> > 
  at <AConfigProvider theme= {token: Object} > 
  at <App> @ http://127.0.0.1:5175/@vite/client:528
[    1556ms] [WARNING] [Vue warn]: Invalid prop: type check failed for prop "onKeydown". Expected Function, got Array  
  at <ATextarea value="" onUpdate:value=fn rows=4  ... > 
  at <Anonymous value= {hashed: true, components: Object, theme: undefined, token: Object} > 
  at <ALocaleProvider locale=undefined ANT_MARK__="internalMark" > 
  at <LocaleReceiver children=fn<children> > 
  at <AConfigProvider theme= {token: Object} > 
  at <App> @ http://127.0.0.1:5175/@vite/client:528
[    1559ms] [WARNING] [Vue warn]: Invalid prop: type check failed for prop "onKeydown". Expected Function, got Array  
  at <ATextarea value="" onUpdate:value=fn rows=4  ... > 
  at <Anonymous value= {hashed: true, components: Object, theme: undefined, token: Object} > 
  at <ALocaleProvider locale=undefined ANT_MARK__="internalMark" > 
  at <LocaleReceiver children=fn<children> > 
  at <AConfigProvider theme= {token: Object} > 
  at <App> @ http://127.0.0.1:5175/@vite/client:528
[    1561ms] [WARNING] [Vue warn]: Invalid prop: type check failed for prop "onKeydown". Expected Function, got Array  
  at <ATextarea value="" onUpdate:value=fn rows=4  ... > 
  at <Anonymous value= {hashed: true, components: Object, theme: undefined, token: Object} > 
  at <ALocaleProvider locale=undefined ANT_MARK__="internalMark" > 
  at <LocaleReceiver children=fn<children> > 
  at <AConfigProvider theme= {token: Object} > 
  at <App> @ http://127.0.0.1:5175/@vite/client:528
[    1564ms] [WARNING] [Vue warn]: Invalid prop: type check failed for prop "onKeydown". Expected Function, got Array  
  at <ATextarea value="" onUpdate:value=fn rows=4  ... > 
  at <Anonymous value= {hashed: true, components: Object, theme: undefined, token: Object} > 
  at <ALocaleProvider locale=undefined ANT_MARK__="internalMark" > 
  at <LocaleReceiver children=fn<children> > 
  at <AConfigProvider theme= {token: Object} > 
  at <App> @ http://127.0.0.1:5175/@vite/client:528
[    1567ms] [WARNING] [Vue warn]: Invalid prop: type check failed for prop "onKeydown". Expected Function, got Array  
  at <ATextarea value="" onUpdate:value=fn rows=4  ... > 
  at <Anonymous value= {hashed: true, components: Object, theme: undefined, token: Object} > 
  at <ALocaleProvider locale=undefined ANT_MARK__="internalMark" > 
  at <LocaleReceiver children=fn<children> > 
  at <AConfigProvider theme= {token: Object} > 
  at <App> @ http://127.0.0.1:5175/@vite/client:528
[    1570ms] [WARNING] [Vue warn]: Invalid prop: type check failed for prop "onKeydown". Expected Function, got Array  
  at <ATextarea value="" onUpdate:value=fn rows=4  ... > 
  at <Anonymous value= {hashed: true, components: Object, theme: undefined, token: Object} > 
  at <ALocaleProvider locale=undefined ANT_MARK__="internalMark" > 
  at <LocaleReceiver children=fn<children> > 
  at <AConfigProvider theme= {token: Object} > 
  at <App> @ http://127.0.0.1:5175/@vite/client:528
[    1573ms] [WARNING] [Vue warn]: Invalid prop: type check failed for prop "onKeydown". Expected Function, got Array  
  at <ATextarea value="" onUpdate:value=fn rows=4  ... > 
  at <Anonymous value= {hashed: true, components: Object, theme: undefined, token: Object} > 
  at <ALocaleProvider locale=undefined ANT_MARK__="internalMark" > 
  at <LocaleReceiver children=fn<children> > 
  at <AConfigProvider theme= {token: Object} > 
  at <App> @ http://127.0.0.1:5175/@vite/client:528
[    1576ms] [WARNING] [Vue warn]: Invalid prop: type check failed for prop "onKeydown". Expected Function, got Array  
  at <ATextarea value="" onUpdate:value=fn rows=4  ... > 
  at <Anonymous value= {hashed: true, components: Object, theme: undefined, token: Object} > 
  at <ALocaleProvider locale=undefined ANT_MARK__="internalMark" > 
  at <LocaleReceiver children=fn<children> > 
  at <AConfigProvider theme= {token: Object} > 
  at <App> @ http://127.0.0.1:5175/@vite/client:528
[    1579ms] [WARNING] [Vue warn]: Invalid prop: type check failed for prop "onKeydown". Expected Function, got Array  
  at <ATextarea value="" onUpdate:value=fn rows=4  ... > 
  at <Anonymous value= {hashed: true, components: Object, theme: undefined, token: Object} > 
  at <ALocaleProvider locale=undefined ANT_MARK__="internalMark" > 
  at <LocaleReceiver children=fn<children> > 
  at <AConfigProvider theme= {token: Object} > 
  at <App> @ http://127.0.0.1:5175/@vite/client:528
[    1583ms] [WARNING] [Vue warn]: Invalid prop: type check failed for prop "onKeydown". Expected Function, got Array  
  at <ATextarea value="" onUpdate:value=fn rows=4  ... > 
  at <Anonymous value= {hashed: true, components: Object, theme: undefined, token: Object} > 
  at <ALocaleProvider locale=undefined ANT_MARK__="internalMark" > 
  at <LocaleReceiver children=fn<children> > 
  at <AConfigProvider theme= {token: Object} > 
  at <App> @ http://127.0.0.1:5175/@vite/client:528
[    1586ms] [WARNING] [Vue warn]: Invalid prop: type check failed for prop "onKeydown". Expected Function, got Array  
  at <ATextarea value="" onUpdate:value=fn rows=4  ... > 
  at <Anonymous value= {hashed: true, components: Object, theme: undefined, token: Object} > 
  at <ALocaleProvider locale=undefined ANT_MARK__="internalMark" > 
  at <LocaleReceiver children=fn<children> > 
  at <AConfigProvider theme= {token: Object} > 
  at <App> @ http://127.0.0.1:5175/@vite/client:528
[    1590ms] [WARNING] [Vue warn]: Invalid prop: type check failed for prop "onKeydown". Expected Function, got Array  
  at <ATextarea value="" onUpdate:value=fn rows=4  ... > 
  at <Anonymous value= {hashed: true, components: Object, theme: undefined, token: Object} > 
  at <ALocaleProvider locale=undefined ANT_MARK__="internalMark" > 
  at <LocaleReceiver children=fn<children> > 
  at <AConfigProvider theme= {token: Object} > 
  at <App> @ http://127.0.0.1:5175/@vite/client:528
[    1593ms] [WARNING] [Vue warn]: Invalid prop: type check failed for prop "onKeydown". Expected Function, got Array  
  at <ATextarea value="" onUpdate:value=fn rows=4  ... > 
  at <Anonymous value= {hashed: true, components: Object, theme: undefined, token: Object} > 
  at <ALocaleProvider locale=undefined ANT_MARK__="internalMark" > 
  at <LocaleReceiver children=fn<children> > 
  at <AConfigProvider theme= {token: Object} > 
  at <App> @ http://127.0.0.1:5175/@vite/client:528
[    1596ms] [WARNING] [Vue warn]: Invalid prop: type check failed for prop "onKeydown". Expected Function, got Array  
  at <ATextarea value="" onUpdate:value=fn rows=4  ... > 
  at <Anonymous value= {hashed: true, components: Object, theme: undefined, token: Object} > 
  at <ALocaleProvider locale=undefined ANT_MARK__="internalMark" > 
  at <LocaleReceiver children=fn<children> > 
  at <AConfigProvider theme= {token: Object} > 
  at <App> @ http://127.0.0.1:5175/@vite/client:528
[    1599ms] [WARNING] [Vue warn]: Invalid prop: type check failed for prop "onKeydown". Expected Function, got Array  
  at <ATextarea value="" onUpdate:value=fn rows=4  ... > 
  at <Anonymous value= {hashed: true, components: Object, theme: undefined, token: Object} > 
  at <ALocaleProvider locale=undefined ANT_MARK__="internalMark" > 
  at <LocaleReceiver children=fn<children> > 
  at <AConfigProvider theme= {token: Object} > 
  at <App> @ http://127.0.0.1:5175/@vite/client:528
[    1602ms] [WARNING] [Vue warn]: Invalid prop: type check failed for prop "onKeydown". Expected Function, got Array  
  at <ATextarea value="" onUpdate:value=fn rows=4  ... > 
  at <Anonymous value= {hashed: true, components: Object, theme: undefined, token: Object} > 
  at <ALocaleProvider locale=undefined ANT_MARK__="internalMark" > 
  at <LocaleReceiver children=fn<children> > 
  at <AConfigProvider theme= {token: Object} > 
  at <App> @ http://127.0.0.1:5175/@vite/client:528
[    1605ms] [WARNING] [Vue warn]: Invalid prop: type check failed for prop "onKeydown". Expected Function, got Array  
  at <ATextarea value="" onUpdate:value=fn rows=4  ... > 
  at <Anonymous value= {hashed: true, components: Object, theme: undefined, token: Object} > 
  at <ALocaleProvider locale=undefined ANT_MARK__="internalMark" > 
  at <LocaleReceiver children=fn<children> > 
  at <AConfigProvider theme= {token: Object} > 
  at <App> @ http://127.0.0.1:5175/@vite/client:528
[    1608ms] [WARNING] [Vue warn]: Invalid prop: type check failed for prop "onKeydown". Expected Function, got Array  
  at <ATextarea value="" onUpdate:value=fn rows=4  ... > 
  at <Anonymous value= {hashed: true, components: Object, theme: undefined, token: Object} > 
  at <ALocaleProvider locale=undefined ANT_MARK__="internalMark" > 
  at <LocaleReceiver children=fn<children> > 
  at <AConfigProvider theme= {token: Object} > 
  at <App> @ http://127.0.0.1:5175/@vite/client:528
[    1611ms] [WARNING] [Vue warn]: Invalid prop: type check failed for prop "onKeydown". Expected Function, got Array  
  at <ATextarea value="" onUpdate:value=fn rows=4  ... > 
  at <Anonymous value= {hashed: true, components: Object, theme: undefined, token: Object} > 
  at <ALocaleProvider locale=undefined ANT_MARK__="internalMark" > 
  at <LocaleReceiver children=fn<children> > 
  at <AConfigProvider theme= {token: Object} > 
  at <App> @ http://127.0.0.1:5175/@vite/client:528
[    1613ms] [WARNING] [Vue warn]: Invalid prop: type check failed for prop "onKeydown". Expected Function, got Array  
  at <ATextarea value="" onUpdate:value=fn rows=4  ... > 
  at <Anonymous value= {hashed: true, components: Object, theme: undefined, token: Object} > 
  at <ALocaleProvider locale=undefined ANT_MARK__="internalMark" > 
  at <LocaleReceiver children=fn<children> > 
  at <AConfigProvider theme= {token: Object} > 
  at <App> @ http://127.0.0.1:5175/@vite/client:528
[    1616ms] [WARNING] [Vue warn]: Invalid prop: type check failed for prop "onKeydown". Expected Function, got Array  
  at <ATextarea value="" onUpdate:value=fn rows=4  ... > 
  at <Anonymous value= {hashed: true, components: Object, theme: undefined, token: Object} > 
  at <ALocaleProvider locale=undefined ANT_MARK__="internalMark" > 
  at <LocaleReceiver children=fn<children> > 
  at <AConfigProvider theme= {token: Object} > 
  at <App> @ http://127.0.0.1:5175/@vite/client:528
[    1619ms] [WARNING] [Vue warn]: Invalid prop: type check failed for prop "onKeydown". Expected Function, got Array  
  at <ATextarea value="" onUpdate:value=fn rows=4  ... > 
  at <Anonymous value= {hashed: true, components: Object, theme: undefined, token: Object} > 
  at <ALocaleProvider locale=undefined ANT_MARK__="internalMark" > 
  at <LocaleReceiver children=fn<children> > 
  at <AConfigProvider theme= {token: Object} > 
  at <App> @ http://127.0.0.1:5175/@vite/client:528
[    1622ms] [WARNING] [Vue warn]: Invalid prop: type check failed for prop "onKeydown". Expected Function, got Array  
  at <ATextarea value="" onUpdate:value=fn rows=4  ... > 
  at <Anonymous value= {hashed: true, components: Object, theme: undefined, token: Object} > 
  at <ALocaleProvider locale=undefined ANT_MARK__="internalMark" > 
  at <LocaleReceiver children=fn<children> > 
  at <AConfigProvider theme= {token: Object} > 
  at <App> @ http://127.0.0.1:5175/@vite/client:528
[    1625ms] [WARNING] [Vue warn]: Invalid prop: type check failed for prop "onKeydown". Expected Function, got Array  
  at <ATextarea value="" onUpdate:value=fn rows=4  ... > 
  at <Anonymous value= {hashed: true, components: Object, theme: undefined, token: Object} > 
  at <ALocaleProvider locale=undefined ANT_MARK__="internalMark" > 
  at <LocaleReceiver children=fn<children> > 
  at <AConfigProvider theme= {token: Object} > 
  at <App> @ http://127.0.0.1:5175/@vite/client:528
[    1628ms] [WARNING] [Vue warn]: Invalid prop: type check failed for prop "onKeydown". Expected Function, got Array  
  at <ATextarea value="" onUpdate:value=fn rows=4  ... > 
  at <Anonymous value= {hashed: true, components: Object, theme: undefined, token: Object} > 
  at <ALocaleProvider locale=undefined ANT_MARK__="internalMark" > 
  at <LocaleReceiver children=fn<children> > 
  at <AConfigProvider theme= {token: Object} > 
  at <App> @ http://127.0.0.1:5175/@vite/client:528
[    1630ms] [WARNING] [Vue warn]: Invalid prop: type check failed for prop "onKeydown". Expected Function, got Array  
  at <ATextarea value="" onUpdate:value=fn rows=4  ... > 
  at <Anonymous value= {hashed: true, components: Object, theme: undefined, token: Object} > 
  at <ALocaleProvider locale=undefined ANT_MARK__="internalMark" > 
  at <LocaleReceiver children=fn<children> > 
  at <AConfigProvider theme= {token: Object} > 
  at <App> @ http://127.0.0.1:5175/@vite/client:528
[    1633ms] [WARNING] [Vue warn]: Invalid prop: type check failed for prop "onKeydown". Expected Function, got Array  
  at <ATextarea value="" onUpdate:value=fn rows=4  ... > 
  at <Anonymous value= {hashed: true, components: Object, theme: undefined, token: Object} > 
  at <ALocaleProvider locale=undefined ANT_MARK__="internalMark" > 
  at <LocaleReceiver children=fn<children> > 
  at <AConfigProvider theme= {token: Object} > 
  at <App> @ http://127.0.0.1:5175/@vite/client:528
[    1636ms] [WARNING] [Vue warn]: Invalid prop: type check failed for prop "onKeydown". Expected Function, got Array  
  at <ATextarea value="" onUpdate:value=fn rows=4  ... > 
  at <Anonymous value= {hashed: true, components: Object, theme: undefined, token: Object} > 
  at <ALocaleProvider locale=undefined ANT_MARK__="internalMark" > 
  at <LocaleReceiver children=fn<children> > 
  at <AConfigProvider theme= {token: Object} > 
  at <App> @ http://127.0.0.1:5175/@vite/client:528
[    1639ms] [WARNING] [Vue warn]: Invalid prop: type check failed for prop "onKeydown". Expected Function, got Array  
  at <ATextarea value="" onUpdate:value=fn rows=4  ... > 
  at <Anonymous value= {hashed: true, components: Object, theme: undefined, token: Object} > 
  at <ALocaleProvider locale=undefined ANT_MARK__="internalMark" > 
  at <LocaleReceiver children=fn<children> > 
  at <AConfigProvider theme= {token: Object} > 
  at <App> @ http://127.0.0.1:5175/@vite/client:528
[    1642ms] [WARNING] [Vue warn]: Invalid prop: type check failed for prop "onKeydown". Expected Function, got Array  
  at <ATextarea value="" onUpdate:value=fn rows=4  ... > 
  at <Anonymous value= {hashed: true, components: Object, theme: undefined, token: Object} > 
  at <ALocaleProvider locale=undefined ANT_MARK__="internalMark" > 
  at <LocaleReceiver children=fn<children> > 
  at <AConfigProvider theme= {token: Object} > 
  at <App> @ http://127.0.0.1:5175/@vite/client:528
[    1645ms] [WARNING] [Vue warn]: Invalid prop: type check failed for prop "onKeydown". Expected Function, got Array  
  at <ATextarea value="" onUpdate:value=fn rows=4  ... > 
  at <Anonymous value= {hashed: true, components: Object, theme: undefined, token: Object} > 
  at <ALocaleProvider locale=undefined ANT_MARK__="internalMark" > 
  at <LocaleReceiver children=fn<children> > 
  at <AConfigProvider theme= {token: Object} > 
  at <App> @ http://127.0.0.1:5175/@vite/client:528
[    1648ms] [WARNING] [Vue warn]: Invalid prop: type check failed for prop "onKeydown". Expected Function, got Array  
  at <ATextarea value="" onUpdate:value=fn rows=4  ... > 
  at <Anonymous value= {hashed: true, components: Object, theme: undefined, token: Object} > 
  at <ALocaleProvider locale=undefined ANT_MARK__="internalMark" > 
  at <LocaleReceiver children=fn<children> > 
  at <AConfigProvider theme= {token: Object} > 
  at <App> @ http://127.0.0.1:5175/@vite/client:528
[    1650ms] [WARNING] [Vue warn]: Invalid prop: type check failed for prop "onKeydown". Expected Function, got Array  
  at <ATextarea value="" onUpdate:value=fn rows=4  ... > 
  at <Anonymous value= {hashed: true, components: Object, theme: undefined, token: Object} > 
  at <ALocaleProvider locale=undefined ANT_MARK__="internalMark" > 
  at <LocaleReceiver children=fn<children> > 
  at <AConfigProvider theme= {token: Object} > 
  at <App> @ http://127.0.0.1:5175/@vite/client:528
[    1653ms] [WARNING] [Vue warn]: Invalid prop: type check failed for prop "onKeydown". Expected Function, got Array  
  at <ATextarea value="" onUpdate:value=fn rows=4  ... > 
  at <Anonymous value= {hashed: true, components: Object, theme: undefined, token: Object} > 
  at <ALocaleProvider locale=undefined ANT_MARK__="internalMark" > 
  at <LocaleReceiver children=fn<children> > 
  at <AConfigProvider theme= {token: Object} > 
  at <App> @ http://127.0.0.1:5175/@vite/client:528
[    1656ms] [WARNING] [Vue warn]: Invalid prop: type check failed for prop "onKeydown". Expected Function, got Array  
  at <ATextarea value="" onUpdate:value=fn rows=4  ... > 
  at <Anonymous value= {hashed: true, components: Object, theme: undefined, token: Object} > 
  at <ALocaleProvider locale=undefined ANT_MARK__="internalMark" > 
  at <LocaleReceiver children=fn<children> > 
  at <AConfigProvider theme= {token: Object} > 
  at <App> @ http://127.0.0.1:5175/@vite/client:528
[    1659ms] [WARNING] [Vue warn]: Invalid prop: type check failed for prop "onKeydown". Expected Function, got Array  
  at <ATextarea value="" onUpdate:value=fn rows=4  ... > 
  at <Anonymous value= {hashed: true, components: Object, theme: undefined, token: Object} > 
  at <ALocaleProvider locale=undefined ANT_MARK__="internalMark" > 
  at <LocaleReceiver children=fn<children> > 
  at <AConfigProvider theme= {token: Object} > 
  at <App> @ http://127.0.0.1:5175/@vite/client:528
[    1661ms] [WARNING] [Vue warn]: Invalid prop: type check failed for prop "onKeydown". Expected Function, got Array  
  at <ATextarea value="" onUpdate:value=fn rows=4  ... > 
  at <Anonymous value= {hashed: true, components: Object, theme: undefined, token: Object} > 
  at <ALocaleProvider locale=undefined ANT_MARK__="internalMark" > 
  at <LocaleReceiver children=fn<children> > 
  at <AConfigProvider theme= {token: Object} > 
  at <App> @ http://127.0.0.1:5175/@vite/client:528
[    1664ms] [WARNING] [Vue warn]: Invalid prop: type check failed for prop "onKeydown". Expected Function, got Array  
  at <ATextarea value="" onUpdate:value=fn rows=4  ... > 
  at <Anonymous value= {hashed: true, components: Object, theme: undefined, token: Object} > 
  at <ALocaleProvider locale=undefined ANT_MARK__="internalMark" > 
  at <LocaleReceiver children=fn<children> > 
  at <AConfigProvider theme= {token: Object} > 
  at <App> @ http://127.0.0.1:5175/@vite/client:528
[    1667ms] [WARNING] [Vue warn]: Invalid prop: type check failed for prop "onKeydown". Expected Function, got Array  
  at <ATextarea value="" onUpdate:value=fn rows=4  ... > 
  at <Anonymous value= {hashed: true, components: Object, theme: undefined, token: Object} > 
  at <ALocaleProvider locale=undefined ANT_MARK__="internalMark" > 
  at <LocaleReceiver children=fn<children> > 
  at <AConfigProvider theme= {token: Object} > 
  at <App> @ http://127.0.0.1:5175/@vite/client:528
[    1670ms] [WARNING] [Vue warn]: Invalid prop: type check failed for prop "onKeydown". Expected Function, got Array  
  at <ATextarea value="" onUpdate:value=fn rows=4  ... > 
  at <Anonymous value= {hashed: true, components: Object, theme: undefined, token: Object} > 
  at <ALocaleProvider locale=undefined ANT_MARK__="internalMark" > 
  at <LocaleReceiver children=fn<children> > 
  at <AConfigProvider theme= {token: Object} > 
  at <App> @ http://127.0.0.1:5175/@vite/client:528
[    1674ms] [WARNING] [Vue warn]: Invalid prop: type check failed for prop "onKeydown". Expected Function, got Array  
  at <ATextarea value="" onUpdate:value=fn rows=4  ... > 
  at <Anonymous value= {hashed: true, components: Object, theme: undefined, token: Object} > 
  at <ALocaleProvider locale=undefined ANT_MARK__="internalMark" > 
  at <LocaleReceiver children=fn<children> > 
  at <AConfigProvider theme= {token: Object} > 
  at <App> @ http://127.0.0.1:5175/@vite/client:528
[    1677ms] [WARNING] [Vue warn]: Invalid prop: type check failed for prop "onKeydown". Expected Function, got Array  
  at <ATextarea value="" onUpdate:value=fn rows=4  ... > 
  at <Anonymous value= {hashed: true, components: Object, theme: undefined, token: Object} > 
  at <ALocaleProvider locale=undefined ANT_MARK__="internalMark" > 
  at <LocaleReceiver children=fn<children> > 
  at <AConfigProvider theme= {token: Object} > 
  at <App> @ http://127.0.0.1:5175/@vite/client:528
[    1680ms] [WARNING] [Vue warn]: Invalid prop: type check failed for prop "onKeydown". Expected Function, got Array  
  at <ATextarea value="" onUpdate:value=fn rows=4  ... > 
  at <Anonymous value= {hashed: true, components: Object, theme: undefined, token: Object} > 
  at <ALocaleProvider locale=undefined ANT_MARK__="internalMark" > 
  at <LocaleReceiver children=fn<children> > 
  at <AConfigProvider theme= {token: Object} > 
  at <App> @ http://127.0.0.1:5175/@vite/client:528
[    1682ms] [WARNING] [Vue warn]: Invalid prop: type check failed for prop "onKeydown". Expected Function, got Array  
  at <ATextarea value="" onUpdate:value=fn rows=4  ... > 
  at <Anonymous value= {hashed: true, components: Object, theme: undefined, token: Object} > 
  at <ALocaleProvider locale=undefined ANT_MARK__="internalMark" > 
  at <LocaleReceiver children=fn<children> > 
  at <AConfigProvider theme= {token: Object} > 
  at <App> @ http://127.0.0.1:5175/@vite/client:528
[    1685ms] [WARNING] [Vue warn]: Invalid prop: type check failed for prop "onKeydown". Expected Function, got Array  
  at <ATextarea value="" onUpdate:value=fn rows=4  ... > 
  at <Anonymous value= {hashed: true, components: Object, theme: undefined, token: Object} > 
  at <ALocaleProvider locale=undefined ANT_MARK__="internalMark" > 
  at <LocaleReceiver children=fn<children> > 
  at <AConfigProvider theme= {token: Object} > 
  at <App> @ http://127.0.0.1:5175/@vite/client:528
[    1688ms] [WARNING] [Vue warn]: Invalid prop: type check failed for prop "onKeydown". Expected Function, got Array  
  at <ATextarea value="" onUpdate:value=fn rows=4  ... > 
  at <Anonymous value= {hashed: true, components: Object, theme: undefined, token: Object} > 
  at <ALocaleProvider locale=undefined ANT_MARK__="internalMark" > 
  at <LocaleReceiver children=fn<children> > 
  at <AConfigProvider theme= {token: Object} > 
  at <App> @ http://127.0.0.1:5175/@vite/client:528
[    1691ms] [WARNING] [Vue warn]: Invalid prop: type check failed for prop "onKeydown". Expected Function, got Array  
  at <ATextarea value="" onUpdate:value=fn rows=4  ... > 
  at <Anonymous value= {hashed: true, components: Object, theme: undefined, token: Object} > 
  at <ALocaleProvider locale=undefined ANT_MARK__="internalMark" > 
  at <LocaleReceiver children=fn<children> > 
  at <AConfigProvider theme= {token: Object} > 
  at <App> @ http://127.0.0.1:5175/@vite/client:528
[    1694ms] [WARNING] [Vue warn]: Invalid prop: type check failed for prop "onKeydown". Expected Function, got Array  
  at <ATextarea value="" onUpdate:value=fn rows=4  ... > 
  at <Anonymous value= {hashed: true, components: Object, theme: undefined, token: Object} > 
  at <ALocaleProvider locale=undefined ANT_MARK__="internalMark" > 
  at <LocaleReceiver children=fn<children> > 
  at <AConfigProvider theme= {token: Object} > 
  at <App> @ http://127.0.0.1:5175/@vite/client:528
[    1696ms] [WARNING] [Vue warn]: Invalid prop: type check failed for prop "onKeydown". Expected Function, got Array  
  at <ATextarea value="" onUpdate:value=fn rows=4  ... > 
  at <Anonymous value= {hashed: true, components: Object, theme: undefined, token: Object} > 
  at <ALocaleProvider locale=undefined ANT_MARK__="internalMark" > 
  at <LocaleReceiver children=fn<children> > 
  at <AConfigProvider theme= {token: Object} > 
  at <App> @ http://127.0.0.1:5175/@vite/client:528
[    1699ms] [WARNING] [Vue warn]: Invalid prop: type check failed for prop "onKeydown". Expected Function, got Array  
  at <ATextarea value="" onUpdate:value=fn rows=4  ... > 
  at <Anonymous value= {hashed: true, components: Object, theme: undefined, token: Object} > 
  at <ALocaleProvider locale=undefined ANT_MARK__="internalMark" > 
  at <LocaleReceiver children=fn<children> > 
  at <AConfigProvider theme= {token: Object} > 
  at <App> @ http://127.0.0.1:5175/@vite/client:528
[    1702ms] [WARNING] [Vue warn]: Invalid prop: type check failed for prop "onKeydown". Expected Function, got Array  
  at <ATextarea value="" onUpdate:value=fn rows=4  ... > 
  at <Anonymous value= {hashed: true, components: Object, theme: undefined, token: Object} > 
  at <ALocaleProvider locale=undefined ANT_MARK__="internalMark" > 
  at <LocaleReceiver children=fn<children> > 
  at <AConfigProvider theme= {token: Object} > 
  at <App> @ http://127.0.0.1:5175/@vite/client:528
[    1705ms] [WARNING] [Vue warn]: Invalid prop: type check failed for prop "onKeydown". Expected Function, got Array  
  at <ATextarea value="" onUpdate:value=fn rows=4  ... > 
  at <Anonymous value= {hashed: true, components: Object, theme: undefined, token: Object} > 
  at <ALocaleProvider locale=undefined ANT_MARK__="internalMark" > 
  at <LocaleReceiver children=fn<children> > 
  at <AConfigProvider theme= {token: Object} > 
  at <App> @ http://127.0.0.1:5175/@vite/client:528
[    1708ms] [WARNING] [Vue warn]: Invalid prop: type check failed for prop "onKeydown". Expected Function, got Array  
  at <ATextarea value="" onUpdate:value=fn rows=4  ... > 
  at <Anonymous value= {hashed: true, components: Object, theme: undefined, token: Object} > 
  at <ALocaleProvider locale=undefined ANT_MARK__="internalMark" > 
  at <LocaleReceiver children=fn<children> > 
  at <AConfigProvider theme= {token: Object} > 
  at <App> @ http://127.0.0.1:5175/@vite/client:528
[    1711ms] [WARNING] [Vue warn]: Invalid prop: type check failed for prop "onKeydown". Expected Function, got Array  
  at <ATextarea value="" onUpdate:value=fn rows=4  ... > 
  at <Anonymous value= {hashed: true, components: Object, theme: undefined, token: Object} > 
  at <ALocaleProvider locale=undefined ANT_MARK__="internalMark" > 
  at <LocaleReceiver children=fn<children> > 
  at <AConfigProvider theme= {token: Object} > 
  at <App> @ http://127.0.0.1:5175/@vite/client:528
[    1713ms] [WARNING] [Vue warn]: Invalid prop: type check failed for prop "onKeydown". Expected Function, got Array  
  at <ATextarea value="" onUpdate:value=fn rows=4  ... > 
  at <Anonymous value= {hashed: true, components: Object, theme: undefined, token: Object} > 
  at <ALocaleProvider locale=undefined ANT_MARK__="internalMark" > 
  at <LocaleReceiver children=fn<children> > 
  at <AConfigProvider theme= {token: Object} > 
  at <App> @ http://127.0.0.1:5175/@vite/client:528
[    1716ms] [WARNING] [Vue warn]: Invalid prop: type check failed for prop "onKeydown". Expected Function, got Array  
  at <ATextarea value="" onUpdate:value=fn rows=4  ... > 
  at <Anonymous value= {hashed: true, components: Object, theme: undefined, token: Object} > 
  at <ALocaleProvider locale=undefined ANT_MARK__="internalMark" > 
  at <LocaleReceiver children=fn<children> > 
  at <AConfigProvider theme= {token: Object} > 
  at <App> @ http://127.0.0.1:5175/@vite/client:528
[    1719ms] [WARNING] [Vue warn]: Invalid prop: type check failed for prop "onKeydown". Expected Function, got Array  
  at <ATextarea value="" onUpdate:value=fn rows=4  ... > 
  at <Anonymous value= {hashed: true, components: Object, theme: undefined, token: Object} > 
  at <ALocaleProvider locale=undefined ANT_MARK__="internalMark" > 
  at <LocaleReceiver children=fn<children> > 
  at <AConfigProvider theme= {token: Object} > 
  at <App> @ http://127.0.0.1:5175/@vite/client:528
[    1722ms] [WARNING] [Vue warn]: Invalid prop: type check failed for prop "onKeydown". Expected Function, got Array  
  at <ATextarea value="" onUpdate:value=fn rows=4  ... > 
  at <Anonymous value= {hashed: true, components: Object, theme: undefined, token: Object} > 
  at <ALocaleProvider locale=undefined ANT_MARK__="internalMark" > 
  at <LocaleReceiver children=fn<children> > 
  at <AConfigProvider theme= {token: Object} > 
  at <App> @ http://127.0.0.1:5175/@vite/client:528
[    1725ms] [WARNING] [Vue warn]: Invalid prop: type check failed for prop "onKeydown". Expected Function, got Array  
  at <ATextarea value="" onUpdate:value=fn rows=4  ... > 
  at <Anonymous value= {hashed: true, components: Object, theme: undefined, token: Object} > 
  at <ALocaleProvider locale=undefined ANT_MARK__="internalMark" > 
  at <LocaleReceiver children=fn<children> > 
  at <AConfigProvider theme= {token: Object} > 
  at <App> @ http://127.0.0.1:5175/@vite/client:528
[    1728ms] [WARNING] [Vue warn]: Invalid prop: type check failed for prop "onKeydown". Expected Function, got Array  
  at <ATextarea value="" onUpdate:value=fn rows=4  ... > 
  at <Anonymous value= {hashed: true, components: Object, theme: undefined, token: Object} > 
  at <ALocaleProvider locale=undefined ANT_MARK__="internalMark" > 
  at <LocaleReceiver children=fn<children> > 
  at <AConfigProvider theme= {token: Object} > 
  at <App> @ http://127.0.0.1:5175/@vite/client:528
[    1731ms] [WARNING] [Vue warn]: Invalid prop: type check failed for prop "onKeydown". Expected Function, got Array  
  at <ATextarea value="" onUpdate:value=fn rows=4  ... > 
  at <Anonymous value= {hashed: true, components: Object, theme: undefined, token: Object} > 
  at <ALocaleProvider locale=undefined ANT_MARK__="internalMark" > 
  at <LocaleReceiver children=fn<children> > 
  at <AConfigProvider theme= {token: Object} > 
  at <App> @ http://127.0.0.1:5175/@vite/client:528
[    1734ms] [WARNING] [Vue warn]: Invalid prop: type check failed for prop "onKeydown". Expected Function, got Array  
  at <ATextarea value="" onUpdate:value=fn rows=4  ... > 
  at <Anonymous value= {hashed: true, components: Object, theme: undefined, token: Object} > 
  at <ALocaleProvider locale=undefined ANT_MARK__="internalMark" > 
  at <LocaleReceiver children=fn<children> > 
  at <AConfigProvider theme= {token: Object} > 
  at <App> @ http://127.0.0.1:5175/@vite/client:528
[    1737ms] [WARNING] [Vue warn]: Invalid prop: type check failed for prop "onKeydown". Expected Function, got Array  
  at <ATextarea value="" onUpdate:value=fn rows=4  ... > 
  at <Anonymous value= {hashed: true, components: Object, theme: undefined, token: Object} > 
  at <ALocaleProvider locale=undefined ANT_MARK__="internalMark" > 
  at <LocaleReceiver children=fn<children> > 
  at <AConfigProvider theme= {token: Object} > 
  at <App> @ http://127.0.0.1:5175/@vite/client:528
[    1740ms] [WARNING] [Vue warn]: Invalid prop: type check failed for prop "onKeydown". Expected Function, got Array  
  at <ATextarea value="" onUpdate:value=fn rows=4  ... > 
  at <Anonymous value= {hashed: true, components: Object, theme: undefined, token: Object} > 
  at <ALocaleProvider locale=undefined ANT_MARK__="internalMark" > 
  at <LocaleReceiver children=fn<children> > 
  at <AConfigProvider theme= {token: Object} > 
  at <App> @ http://127.0.0.1:5175/@vite/client:528
[    1743ms] [WARNING] [Vue warn]: Invalid prop: type check failed for prop "onKeydown". Expected Function, got Array  
  at <ATextarea value="" onUpdate:value=fn rows=4  ... > 
  at <Anonymous value= {hashed: true, components: Object, theme: undefined, token: Object} > 
  at <ALocaleProvider locale=undefined ANT_MARK__="internalMark" > 
  at <LocaleReceiver children=fn<children> > 
  at <AConfigProvider theme= {token: Object} > 
  at <App> @ http://127.0.0.1:5175/@vite/client:528
[    1746ms] [WARNING] [Vue warn]: Invalid prop: type check failed for prop "onKeydown". Expected Function, got Array  
  at <ATextarea value="" onUpdate:value=fn rows=4  ... > 
  at <Anonymous value= {hashed: true, components: Object, theme: undefined, token: Object} > 
  at <ALocaleProvider locale=undefined ANT_MARK__="internalMark" > 
  at <LocaleReceiver children=fn<children> > 
  at <AConfigProvider theme= {token: Object} > 
  at <App> @ http://127.0.0.1:5175/@vite/client:528
[    1749ms] [WARNING] [Vue warn]: Invalid prop: type check failed for prop "onKeydown". Expected Function, got Array  
  at <ATextarea value="" onUpdate:value=fn rows=4  ... > 
  at <Anonymous value= {hashed: true, components: Object, theme: undefined, token: Object} > 
  at <ALocaleProvider locale=undefined ANT_MARK__="internalMark" > 
  at <LocaleReceiver children=fn<children> > 
  at <AConfigProvider theme= {token: Object} > 
  at <App> @ http://127.0.0.1:5175/@vite/client:528
[    1751ms] [WARNING] [Vue warn]: Invalid prop: type check failed for prop "onKeydown". Expected Function, got Array  
  at <ATextarea value="" onUpdate:value=fn rows=4  ... > 
  at <Anonymous value= {hashed: true, components: Object, theme: undefined, token: Object} > 
  at <ALocaleProvider locale=undefined ANT_MARK__="internalMark" > 
  at <LocaleReceiver children=fn<children> > 
  at <AConfigProvider theme= {token: Object} > 
  at <App> @ http://127.0.0.1:5175/@vite/client:528
[    1754ms] [WARNING] [Vue warn]: Invalid prop: type check failed for prop "onKeydown". Expected Function, got Array  
  at <ATextarea value="" onUpdate:value=fn rows=4  ... > 
  at <Anonymous value= {hashed: true, components: Object, theme: undefined, token: Object} > 
  at <ALocaleProvider locale=undefined ANT_MARK__="internalMark" > 
  at <LocaleReceiver children=fn<children> > 
  at <AConfigProvider theme= {token: Object} > 
  at <App> @ http://127.0.0.1:5175/@vite/client:528
[    1757ms] [WARNING] [Vue warn]: Invalid prop: type check failed for prop "onKeydown". Expected Function, got Array  
  at <ATextarea value="" onUpdate:value=fn rows=4  ... > 
  at <Anonymous value= {hashed: true, components: Object, theme: undefined, token: Object} > 
  at <ALocaleProvider locale=undefined ANT_MARK__="internalMark" > 
  at <LocaleReceiver children=fn<children> > 
  at <AConfigProvider theme= {token: Object} > 
  at <App> @ http://127.0.0.1:5175/@vite/client:528
[    1760ms] [WARNING] [Vue warn]: Invalid prop: type check failed for prop "onKeydown". Expected Function, got Array  
  at <ATextarea value="" onUpdate:value=fn rows=4  ... > 
  at <Anonymous value= {hashed: true, components: Object, theme: undefined, token: Object} > 
  at <ALocaleProvider locale=undefined ANT_MARK__="internalMark" > 
  at <LocaleReceiver children=fn<children> > 
  at <AConfigProvider theme= {token: Object} > 
  at <App> @ http://127.0.0.1:5175/@vite/client:528
[    1765ms] [WARNING] [Vue warn]: Invalid prop: type check failed for prop "onKeydown". Expected Function, got Array  
  at <ATextarea value="" onUpdate:value=fn rows=4  ... > 
  at <Anonymous value= {hashed: true, components: Object, theme: undefined, token: Object} > 
  at <ALocaleProvider locale=undefined ANT_MARK__="internalMark" > 
  at <LocaleReceiver children=fn<children> > 
  at <AConfigProvider theme= {token: Object} > 
  at <App> @ http://127.0.0.1:5175/@vite/client:528
[    1768ms] [WARNING] [Vue warn]: Invalid prop: type check failed for prop "onKeydown". Expected Function, got Array  
  at <ATextarea value="" onUpdate:value=fn rows=4  ... > 
  at <Anonymous value= {hashed: true, components: Object, theme: undefined, token: Object} > 
  at <ALocaleProvider locale=undefined ANT_MARK__="internalMark" > 
  at <LocaleReceiver children=fn<children> > 
  at <AConfigProvider theme= {token: Object} > 
  at <App> @ http://127.0.0.1:5175/@vite/client:528
[    1771ms] [WARNING] [Vue warn]: Invalid prop: type check failed for prop "onKeydown". Expected Function, got Array  
  at <ATextarea value="" onUpdate:value=fn rows=4  ... > 
  at <Anonymous value= {hashed: true, components: Object, theme: undefined, token: Object} > 
  at <ALocaleProvider locale=undefined ANT_MARK__="internalMark" > 
  at <LocaleReceiver children=fn<children> > 
  at <AConfigProvider theme= {token: Object} > 
  at <App> @ http://127.0.0.1:5175/@vite/client:528
[    1774ms] [WARNING] [Vue warn]: Invalid prop: type check failed for prop "onKeydown". Expected Function, got Array  
  at <ATextarea value="" onUpdate:value=fn rows=4  ... > 
  at <Anonymous value= {hashed: true, components: Object, theme: undefined, token: Object} > 
  at <ALocaleProvider locale=undefined ANT_MARK__="internalMark" > 
  at <LocaleReceiver children=fn<children> > 
  at <AConfigProvider theme= {token: Object} > 
  at <App> @ http://127.0.0.1:5175/@vite/client:528
[    1778ms] [WARNING] [Vue warn]: Invalid prop: type check failed for prop "onKeydown". Expected Function, got Array  
  at <ATextarea value="" onUpdate:value=fn rows=4  ... > 
  at <Anonymous value= {hashed: true, components: Object, theme: undefined, token: Object} > 
  at <ALocaleProvider locale=undefined ANT_MARK__="internalMark" > 
  at <LocaleReceiver children=fn<children> > 
  at <AConfigProvider theme= {token: Object} > 
  at <App> @ http://127.0.0.1:5175/@vite/client:528
[    1781ms] [WARNING] [Vue warn]: Invalid prop: type check failed for prop "onKeydown". Expected Function, got Array  
  at <ATextarea value="" onUpdate:value=fn rows=4  ... > 
  at <Anonymous value= {hashed: true, components: Object, theme: undefined, token: Object} > 
  at <ALocaleProvider locale=undefined ANT_MARK__="internalMark" > 
  at <LocaleReceiver children=fn<children> > 
  at <AConfigProvider theme= {token: Object} > 
  at <App> @ http://127.0.0.1:5175/@vite/client:528
[    1784ms] [WARNING] [Vue warn]: Invalid prop: type check failed for prop "onKeydown". Expected Function, got Array  
  at <ATextarea value="" onUpdate:value=fn rows=4  ... > 
  at <Anonymous value= {hashed: true, components: Object, theme: undefined, token: Object} > 
  at <ALocaleProvider locale=undefined ANT_MARK__="internalMark" > 
  at <LocaleReceiver children=fn<children> > 
  at <AConfigProvider theme= {token: Object} > 
  at <App> @ http://127.0.0.1:5175/@vite/client:528
[    1787ms] [WARNING] [Vue warn]: Invalid prop: type check failed for prop "onKeydown". Expected Function, got Array  
  at <ATextarea value="" onUpdate:value=fn rows=4  ... > 
  at <Anonymous value= {hashed: true, components: Object, theme: undefined, token: Object} > 
  at <ALocaleProvider locale=undefined ANT_MARK__="internalMark" > 
  at <LocaleReceiver children=fn<children> > 
  at <AConfigProvider theme= {token: Object} > 
  at <App> @ http://127.0.0.1:5175/@vite/client:528
[    1790ms] [WARNING] [Vue warn]: Invalid prop: type check failed for prop "onKeydown". Expected Function, got Array  
  at <ATextarea value="" onUpdate:value=fn rows=4  ... > 
  at <Anonymous value= {hashed: true, components: Object, theme: undefined, token: Object} > 
  at <ALocaleProvider locale=undefined ANT_MARK__="internalMark" > 
  at <LocaleReceiver children=fn<children> > 
  at <AConfigProvider theme= {token: Object} > 
  at <App> @ http://127.0.0.1:5175/@vite/client:528
[    1793ms] [WARNING] [Vue warn]: Invalid prop: type check failed for prop "onKeydown". Expected Function, got Array  
  at <ATextarea value="" onUpdate:value=fn rows=4  ... > 
  at <Anonymous value= {hashed: true, components: Object, theme: undefined, token: Object} > 
  at <ALocaleProvider locale=undefined ANT_MARK__="internalMark" > 
  at <LocaleReceiver children=fn<children> > 
  at <AConfigProvider theme= {token: Object} > 
  at <App> @ http://127.0.0.1:5175/@vite/client:528
[    1795ms] [WARNING] [Vue warn]: Invalid prop: type check failed for prop "onKeydown". Expected Function, got Array  
  at <ATextarea value="" onUpdate:value=fn rows=4  ... > 
  at <Anonymous value= {hashed: true, components: Object, theme: undefined, token: Object} > 
  at <ALocaleProvider locale=undefined ANT_MARK__="internalMark" > 
  at <LocaleReceiver children=fn<children> > 
  at <AConfigProvider theme= {token: Object} > 
  at <App> @ http://127.0.0.1:5175/@vite/client:528
[    1798ms] [WARNING] [Vue warn]: Invalid prop: type check failed for prop "onKeydown". Expected Function, got Array  
  at <ATextarea value="" onUpdate:value=fn rows=4  ... > 
  at <Anonymous value= {hashed: true, components: Object, theme: undefined, token: Object} > 
  at <ALocaleProvider locale=undefined ANT_MARK__="internalMark" > 
  at <LocaleReceiver children=fn<children> > 
  at <AConfigProvider theme= {token: Object} > 
  at <App> @ http://127.0.0.1:5175/@vite/client:528
[    1801ms] [WARNING] [Vue warn]: Invalid prop: type check failed for prop "onKeydown". Expected Function, got Array  
  at <ATextarea value="" onUpdate:value=fn rows=4  ... > 
  at <Anonymous value= {hashed: true, components: Object, theme: undefined, token: Object} > 
  at <ALocaleProvider locale=undefined ANT_MARK__="internalMark" > 
  at <LocaleReceiver children=fn<children> > 
  at <AConfigProvider theme= {token: Object} > 
  at <App> @ http://127.0.0.1:5175/@vite/client:528
[    1804ms] [WARNING] [Vue warn]: Invalid prop: type check failed for prop "onKeydown". Expected Function, got Array  
  at <ATextarea value="" onUpdate:value=fn rows=4  ... > 
  at <Anonymous value= {hashed: true, components: Object, theme: undefined, token: Object} > 
  at <ALocaleProvider locale=undefined ANT_MARK__="internalMark" > 
  at <LocaleReceiver children=fn<children> > 
  at <AConfigProvider theme= {token: Object} > 
  at <App> @ http://127.0.0.1:5175/@vite/client:528
[    1807ms] [WARNING] [Vue warn]: Invalid prop: type check failed for prop "onKeydown". Expected Function, got Array  
  at <ATextarea value="" onUpdate:value=fn rows=4  ... > 
  at <Anonymous value= {hashed: true, components: Object, theme: undefined, token: Object} > 
  at <ALocaleProvider locale=undefined ANT_MARK__="internalMark" > 
  at <LocaleReceiver children=fn<children> > 
  at <AConfigProvider theme= {token: Object} > 
  at <App> @ http://127.0.0.1:5175/@vite/client:528
[    1810ms] [WARNING] [Vue warn]: Invalid prop: type check failed for prop "onKeydown". Expected Function, got Array  
  at <ATextarea value="" onUpdate:value=fn rows=4  ... > 
  at <Anonymous value= {hashed: true, components: Object, theme: undefined, token: Object} > 
  at <ALocaleProvider locale=undefined ANT_MARK__="internalMark" > 
  at <LocaleReceiver children=fn<children> > 
  at <AConfigProvider theme= {token: Object} > 
  at <App> @ http://127.0.0.1:5175/@vite/client:528
[    1813ms] [WARNING] [Vue warn]: Invalid prop: type check failed for prop "onKeydown". Expected Function, got Array  
  at <ATextarea value="" onUpdate:value=fn rows=4  ... > 
  at <Anonymous value= {hashed: true, components: Object, theme: undefined, token: Object} > 
  at <ALocaleProvider locale=undefined ANT_MARK__="internalMark" > 
  at <LocaleReceiver children=fn<children> > 
  at <AConfigProvider theme= {token: Object} > 
  at <App> @ http://127.0.0.1:5175/@vite/client:528
[    1816ms] [WARNING] [Vue warn]: Invalid prop: type check failed for prop "onKeydown". Expected Function, got Array  
  at <ATextarea value="" onUpdate:value=fn rows=4  ... > 
  at <Anonymous value= {hashed: true, components: Object, theme: undefined, token: Object} > 
  at <ALocaleProvider locale=undefined ANT_MARK__="internalMark" > 
  at <LocaleReceiver children=fn<children> > 
  at <AConfigProvider theme= {token: Object} > 
  at <App> @ http://127.0.0.1:5175/@vite/client:528
[    1819ms] [WARNING] [Vue warn]: Invalid prop: type check failed for prop "onKeydown". Expected Function, got Array  
  at <ATextarea value="" onUpdate:value=fn rows=4  ... > 
  at <Anonymous value= {hashed: true, components: Object, theme: undefined, token: Object} > 
  at <ALocaleProvider locale=undefined ANT_MARK__="internalMark" > 
  at <LocaleReceiver children=fn<children> > 
  at <AConfigProvider theme= {token: Object} > 
  at <App> @ http://127.0.0.1:5175/@vite/client:528
[    1821ms] [WARNING] [Vue warn]: Invalid prop: type check failed for prop "onKeydown". Expected Function, got Array  
  at <ATextarea value="" onUpdate:value=fn rows=4  ... > 
  at <Anonymous value= {hashed: true, components: Object, theme: undefined, token: Object} > 
  at <ALocaleProvider locale=undefined ANT_MARK__="internalMark" > 
  at <LocaleReceiver children=fn<children> > 
  at <AConfigProvider theme= {token: Object} > 
  at <App> @ http://127.0.0.1:5175/@vite/client:528
[    1824ms] [WARNING] [Vue warn]: Invalid prop: type check failed for prop "onKeydown". Expected Function, got Array  
  at <ATextarea value="" onUpdate:value=fn rows=4  ... > 
  at <Anonymous value= {hashed: true, components: Object, theme: undefined, token: Object} > 
  at <ALocaleProvider locale=undefined ANT_MARK__="internalMark" > 
  at <LocaleReceiver children=fn<children> > 
  at <AConfigProvider theme= {token: Object} > 
  at <App> @ http://127.0.0.1:5175/@vite/client:528
[    1827ms] [WARNING] [Vue warn]: Invalid prop: type check failed for prop "onKeydown". Expected Function, got Array  
  at <ATextarea value="" onUpdate:value=fn rows=4  ... > 
  at <Anonymous value= {hashed: true, components: Object, theme: undefined, token: Object} > 
  at <ALocaleProvider locale=undefined ANT_MARK__="internalMark" > 
  at <LocaleReceiver children=fn<children> > 
  at <AConfigProvider theme= {token: Object} > 
  at <App> @ http://127.0.0.1:5175/@vite/client:528
[    1830ms] [WARNING] [Vue warn]: Invalid prop: type check failed for prop "onKeydown". Expected Function, got Array  
  at <ATextarea value="" onUpdate:value=fn rows=4  ... > 
  at <Anonymous value= {hashed: true, components: Object, theme: undefined, token: Object} > 
  at <ALocaleProvider locale=undefined ANT_MARK__="internalMark" > 
  at <LocaleReceiver children=fn<children> > 
  at <AConfigProvider theme= {token: Object} > 
  at <App> @ http://127.0.0.1:5175/@vite/client:528
[    1832ms] [WARNING] [Vue warn]: Invalid prop: type check failed for prop "onKeydown". Expected Function, got Array  
  at <ATextarea value="" onUpdate:value=fn rows=4  ... > 
  at <Anonymous value= {hashed: true, components: Object, theme: undefined, token: Object} > 
  at <ALocaleProvider locale=undefined ANT_MARK__="internalMark" > 
  at <LocaleReceiver children=fn<children> > 
  at <AConfigProvider theme= {token: Object} > 
  at <App> @ http://127.0.0.1:5175/@vite/client:528
[    1835ms] [WARNING] [Vue warn]: Invalid prop: type check failed for prop "onKeydown". Expected Function, got Array  
  at <ATextarea value="" onUpdate:value=fn rows=4  ... > 
  at <Anonymous value= {hashed: true, components: Object, theme: undefined, token: Object} > 
  at <ALocaleProvider locale=undefined ANT_MARK__="internalMark" > 
  at <LocaleReceiver children=fn<children> > 
  at <AConfigProvider theme= {token: Object} > 
  at <App> @ http://127.0.0.1:5175/@vite/client:528
[    1838ms] [WARNING] [Vue warn]: Invalid prop: type check failed for prop "onKeydown". Expected Function, got Array  
  at <ATextarea value="" onUpdate:value=fn rows=4  ... > 
  at <Anonymous value= {hashed: true, components: Object, theme: undefined, token: Object} > 
  at <ALocaleProvider locale=undefined ANT_MARK__="internalMark" > 
  at <LocaleReceiver children=fn<children> > 
  at <AConfigProvider theme= {token: Object} > 
  at <App> @ http://127.0.0.1:5175/@vite/client:528
[    1841ms] [WARNING] [Vue warn]: Invalid prop: type check failed for prop "onKeydown". Expected Function, got Array  
  at <ATextarea value="" onUpdate:value=fn rows=4  ... > 
  at <Anonymous value= {hashed: true, components: Object, theme: undefined, token: Object} > 
  at <ALocaleProvider locale=undefined ANT_MARK__="internalMark" > 
  at <LocaleReceiver children=fn<children> > 
  at <AConfigProvider theme= {token: Object} > 
  at <App> @ http://127.0.0.1:5175/@vite/client:528
[    1844ms] [WARNING] [Vue warn]: Invalid prop: type check failed for prop "onKeydown". Expected Function, got Array  
  at <ATextarea value="" onUpdate:value=fn rows=4  ... > 
  at <Anonymous value= {hashed: true, components: Object, theme: undefined, token: Object} > 
  at <ALocaleProvider locale=undefined ANT_MARK__="internalMark" > 
  at <LocaleReceiver children=fn<children> > 
  at <AConfigProvider theme= {token: Object} > 
  at <App> @ http://127.0.0.1:5175/@vite/client:528
[    1848ms] [WARNING] [Vue warn]: Invalid prop: type check failed for prop "onKeydown". Expected Function, got Array  
  at <ATextarea value="" onUpdate:value=fn rows=4  ... > 
  at <Anonymous value= {hashed: true, components: Object, theme: undefined, token: Object} > 
  at <ALocaleProvider locale=undefined ANT_MARK__="internalMark" > 
  at <LocaleReceiver children=fn<children> > 
  at <AConfigProvider theme= {token: Object} > 
  at <App> @ http://127.0.0.1:5175/@vite/client:528
[    1851ms] [WARNING] [Vue warn]: Invalid prop: type check failed for prop "onKeydown". Expected Function, got Array  
  at <ATextarea value="" onUpdate:value=fn rows=4  ... > 
  at <Anonymous value= {hashed: true, components: Object, theme: undefined, token: Object} > 
  at <ALocaleProvider locale=undefined ANT_MARK__="internalMark" > 
  at <LocaleReceiver children=fn<children> > 
  at <AConfigProvider theme= {token: Object} > 
  at <App> @ http://127.0.0.1:5175/@vite/client:528
[    1854ms] [WARNING] [Vue warn]: Invalid prop: type check failed for prop "onKeydown". Expected Function, got Array  
  at <ATextarea value="" onUpdate:value=fn rows=4  ... > 
  at <Anonymous value= {hashed: true, components: Object, theme: undefined, token: Object} > 
  at <ALocaleProvider locale=undefined ANT_MARK__="internalMark" > 
  at <LocaleReceiver children=fn<children> > 
  at <AConfigProvider theme= {token: Object} > 
  at <App> @ http://127.0.0.1:5175/@vite/client:528
[    1859ms] [WARNING] [Vue warn]: Invalid prop: type check failed for prop "onKeydown". Expected Function, got Array  
  at <ATextarea value="" onUpdate:value=fn rows=4  ... > 
  at <Anonymous value= {hashed: true, components: Object, theme: undefined, token: Object} > 
  at <ALocaleProvider locale=undefined ANT_MARK__="internalMark" > 
  at <LocaleReceiver children=fn<children> > 
  at <AConfigProvider theme= {token: Object} > 
  at <App> @ http://127.0.0.1:5175/@vite/client:528
[    1862ms] [WARNING] [Vue warn]: Invalid prop: type check failed for prop "onKeydown". Expected Function, got Array  
  at <ATextarea value="" onUpdate:value=fn rows=4  ... > 
  at <Anonymous value= {hashed: true, components: Object, theme: undefined, token: Object} > 
  at <ALocaleProvider locale=undefined ANT_MARK__="internalMark" > 
  at <LocaleReceiver children=fn<children> > 
  at <AConfigProvider theme= {token: Object} > 
  at <App> @ http://127.0.0.1:5175/@vite/client:528
[    1864ms] [WARNING] [Vue warn]: Invalid prop: type check failed for prop "onKeydown". Expected Function, got Array  
  at <ATextarea value="" onUpdate:value=fn rows=4  ... > 
  at <Anonymous value= {hashed: true, components: Object, theme: undefined, token: Object} > 
  at <ALocaleProvider locale=undefined ANT_MARK__="internalMark" > 
  at <LocaleReceiver children=fn<children> > 
  at <AConfigProvider theme= {token: Object} > 
  at <App> @ http://127.0.0.1:5175/@vite/client:528
[    1867ms] [WARNING] [Vue warn]: Invalid prop: type check failed for prop "onKeydown". Expected Function, got Array  
  at <ATextarea value="" onUpdate:value=fn rows=4  ... > 
  at <Anonymous value= {hashed: true, components: Object, theme: undefined, token: Object} > 
  at <ALocaleProvider locale=undefined ANT_MARK__="internalMark" > 
  at <LocaleReceiver children=fn<children> > 
  at <AConfigProvider theme= {token: Object} > 
  at <App> @ http://127.0.0.1:5175/@vite/client:528
[    1870ms] [WARNING] [Vue warn]: Invalid prop: type check failed for prop "onKeydown". Expected Function, got Array  
  at <ATextarea value="" onUpdate:value=fn rows=4  ... > 
  at <Anonymous value= {hashed: true, components: Object, theme: undefined, token: Object} > 
  at <ALocaleProvider locale=undefined ANT_MARK__="internalMark" > 
  at <LocaleReceiver children=fn<children> > 
  at <AConfigProvider theme= {token: Object} > 
  at <App> @ http://127.0.0.1:5175/@vite/client:528
[    1873ms] [WARNING] [Vue warn]: Invalid prop: type check failed for prop "onKeydown". Expected Function, got Array  
  at <ATextarea value="" onUpdate:value=fn rows=4  ... > 
  at <Anonymous value= {hashed: true, components: Object, theme: undefined, token: Object} > 
  at <ALocaleProvider locale=undefined ANT_MARK__="internalMark" > 
  at <LocaleReceiver children=fn<children> > 
  at <AConfigProvider theme= {token: Object} > 
  at <App> @ http://127.0.0.1:5175/@vite/client:528
[    1876ms] [WARNING] [Vue warn]: Invalid prop: type check failed for prop "onKeydown". Expected Function, got Array  
  at <ATextarea value="" onUpdate:value=fn rows=4  ... > 
  at <Anonymous value= {hashed: true, components: Object, theme: undefined, token: Object} > 
  at <ALocaleProvider locale=undefined ANT_MARK__="internalMark" > 
  at <LocaleReceiver children=fn<children> > 
  at <AConfigProvider theme= {token: Object} > 
  at <App> @ http://127.0.0.1:5175/@vite/client:528
[    1879ms] [WARNING] [Vue warn]: Invalid prop: type check failed for prop "onKeydown". Expected Function, got Array  
  at <ATextarea value="" onUpdate:value=fn rows=4  ... > 
  at <Anonymous value= {hashed: true, components: Object, theme: undefined, token: Object} > 
  at <ALocaleProvider locale=undefined ANT_MARK__="internalMark" > 
  at <LocaleReceiver children=fn<children> > 
  at <AConfigProvider theme= {token: Object} > 
  at <App> @ http://127.0.0.1:5175/@vite/client:528
[    1881ms] [WARNING] [Vue warn]: Invalid prop: type check failed for prop "onKeydown". Expected Function, got Array  
  at <ATextarea value="" onUpdate:value=fn rows=4  ... > 
  at <Anonymous value= {hashed: true, components: Object, theme: undefined, token: Object} > 
  at <ALocaleProvider locale=undefined ANT_MARK__="internalMark" > 
  at <LocaleReceiver children=fn<children> > 
  at <AConfigProvider theme= {token: Object} > 
  at <App> @ http://127.0.0.1:5175/@vite/client:528
[    1884ms] [WARNING] [Vue warn]: Invalid prop: type check failed for prop "onKeydown". Expected Function, got Array  
  at <ATextarea value="" onUpdate:value=fn rows=4  ... > 
  at <Anonymous value= {hashed: true, components: Object, theme: undefined, token: Object} > 
  at <ALocaleProvider locale=undefined ANT_MARK__="internalMark" > 
  at <LocaleReceiver children=fn<children> > 
  at <AConfigProvider theme= {token: Object} > 
  at <App> @ http://127.0.0.1:5175/@vite/client:528
[    1887ms] [WARNING] [Vue warn]: Invalid prop: type check failed for prop "onKeydown". Expected Function, got Array  
  at <ATextarea value="" onUpdate:value=fn rows=4  ... > 
  at <Anonymous value= {hashed: true, components: Object, theme: undefined, token: Object} > 
  at <ALocaleProvider locale=undefined ANT_MARK__="internalMark" > 
  at <LocaleReceiver children=fn<children> > 
  at <AConfigProvider theme= {token: Object} > 
  at <App> @ http://127.0.0.1:5175/@vite/client:528
[    1890ms] [WARNING] [Vue warn]: Invalid prop: type check failed for prop "onKeydown". Expected Function, got Array  
  at <ATextarea value="" onUpdate:value=fn rows=4  ... > 
  at <Anonymous value= {hashed: true, components: Object, theme: undefined, token: Object} > 
  at <ALocaleProvider locale=undefined ANT_MARK__="internalMark" > 
  at <LocaleReceiver children=fn<children> > 
  at <AConfigProvider theme= {token: Object} > 
  at <App> @ http://127.0.0.1:5175/@vite/client:528
[    1893ms] [WARNING] [Vue warn]: Invalid prop: type check failed for prop "onKeydown". Expected Function, got Array  
  at <ATextarea value="" onUpdate:value=fn rows=4  ... > 
  at <Anonymous value= {hashed: true, components: Object, theme: undefined, token: Object} > 
  at <ALocaleProvider locale=undefined ANT_MARK__="internalMark" > 
  at <LocaleReceiver children=fn<children> > 
  at <AConfigProvider theme= {token: Object} > 
  at <App> @ http://127.0.0.1:5175/@vite/client:528
[    1896ms] [WARNING] [Vue warn]: Invalid prop: type check failed for prop "onKeydown". Expected Function, got Array  
  at <ATextarea value="" onUpdate:value=fn rows=4  ... > 
  at <Anonymous value= {hashed: true, components: Object, theme: undefined, token: Object} > 
  at <ALocaleProvider locale=undefined ANT_MARK__="internalMark" > 
  at <LocaleReceiver children=fn<children> > 
  at <AConfigProvider theme= {token: Object} > 
  at <App> @ http://127.0.0.1:5175/@vite/client:528
[    1899ms] [WARNING] [Vue warn]: Invalid prop: type check failed for prop "onKeydown". Expected Function, got Array  
  at <ATextarea value="" onUpdate:value=fn rows=4  ... > 
  at <Anonymous value= {hashed: true, components: Object, theme: undefined, token: Object} > 
  at <ALocaleProvider locale=undefined ANT_MARK__="internalMark" > 
  at <LocaleReceiver children=fn<children> > 
  at <AConfigProvider theme= {token: Object} > 
  at <App> @ http://127.0.0.1:5175/@vite/client:528
[    1901ms] [WARNING] [Vue warn]: Invalid prop: type check failed for prop "onKeydown". Expected Function, got Array  
  at <ATextarea value="" onUpdate:value=fn rows=4  ... > 
  at <Anonymous value= {hashed: true, components: Object, theme: undefined, token: Object} > 
  at <ALocaleProvider locale=undefined ANT_MARK__="internalMark" > 
  at <LocaleReceiver children=fn<children> > 
  at <AConfigProvider theme= {token: Object} > 
  at <App> @ http://127.0.0.1:5175/@vite/client:528
[    1904ms] [WARNING] [Vue warn]: Invalid prop: type check failed for prop "onKeydown". Expected Function, got Array  
  at <ATextarea value="" onUpdate:value=fn rows=4  ... > 
  at <Anonymous value= {hashed: true, components: Object, theme: undefined, token: Object} > 
  at <ALocaleProvider locale=undefined ANT_MARK__="internalMark" > 
  at <LocaleReceiver children=fn<children> > 
  at <AConfigProvider theme= {token: Object} > 
  at <App> @ http://127.0.0.1:5175/@vite/client:528
[    1907ms] [WARNING] [Vue warn]: Invalid prop: type check failed for prop "onKeydown". Expected Function, got Array  
  at <ATextarea value="" onUpdate:value=fn rows=4  ... > 
  at <Anonymous value= {hashed: true, components: Object, theme: undefined, token: Object} > 
  at <ALocaleProvider locale=undefined ANT_MARK__="internalMark" > 
  at <LocaleReceiver children=fn<children> > 
  at <AConfigProvider theme= {token: Object} > 
  at <App> @ http://127.0.0.1:5175/@vite/client:528
[    1910ms] [WARNING] [Vue warn]: Invalid prop: type check failed for prop "onKeydown". Expected Function, got Array  
  at <ATextarea value="" onUpdate:value=fn rows=4  ... > 
  at <Anonymous value= {hashed: true, components: Object, theme: undefined, token: Object} > 
  at <ALocaleProvider locale=undefined ANT_MARK__="internalMark" > 
  at <LocaleReceiver children=fn<children> > 
  at <AConfigProvider theme= {token: Object} > 
  at <App> @ http://127.0.0.1:5175/@vite/client:528
[    1913ms] [WARNING] [Vue warn]: Invalid prop: type check failed for prop "onKeydown". Expected Function, got Array  
  at <ATextarea value="" onUpdate:value=fn rows=4  ... > 
  at <Anonymous value= {hashed: true, components: Object, theme: undefined, token: Object} > 
  at <ALocaleProvider locale=undefined ANT_MARK__="internalMark" > 
  at <LocaleReceiver children=fn<children> > 
  at <AConfigProvider theme= {token: Object} > 
  at <App> @ http://127.0.0.1:5175/@vite/client:528
[    1916ms] [WARNING] [Vue warn]: Invalid prop: type check failed for prop "onKeydown". Expected Function, got Array  
  at <ATextarea value="" onUpdate:value=fn rows=4  ... > 
  at <Anonymous value= {hashed: true, components: Object, theme: undefined, token: Object} > 
  at <ALocaleProvider locale=undefined ANT_MARK__="internalMark" > 
  at <LocaleReceiver children=fn<children> > 
  at <AConfigProvider theme= {token: Object} > 
  at <App> @ http://127.0.0.1:5175/@vite/client:528
[    1919ms] [WARNING] [Vue warn]: Invalid prop: type check failed for prop "onKeydown". Expected Function, got Array  
  at <ATextarea value="" onUpdate:value=fn rows=4  ... > 
  at <Anonymous value= {hashed: true, components: Object, theme: undefined, token: Object} > 
  at <ALocaleProvider locale=undefined ANT_MARK__="internalMark" > 
  at <LocaleReceiver children=fn<children> > 
  at <AConfigProvider theme= {token: Object} > 
  at <App> @ http://127.0.0.1:5175/@vite/client:528
[    1921ms] [WARNING] [Vue warn]: Invalid prop: type check failed for prop "onKeydown". Expected Function, got Array  
  at <ATextarea value="" onUpdate:value=fn rows=4  ... > 
  at <Anonymous value= {hashed: true, components: Object, theme: undefined, token: Object} > 
  at <ALocaleProvider locale=undefined ANT_MARK__="internalMark" > 
  at <LocaleReceiver children=fn<children> > 
  at <AConfigProvider theme= {token: Object} > 
  at <App> @ http://127.0.0.1:5175/@vite/client:528
[    1924ms] [WARNING] [Vue warn]: Invalid prop: type check failed for prop "onKeydown". Expected Function, got Array  
  at <ATextarea value="" onUpdate:value=fn rows=4  ... > 
  at <Anonymous value= {hashed: true, components: Object, theme: undefined, token: Object} > 
  at <ALocaleProvider locale=undefined ANT_MARK__="internalMark" > 
  at <LocaleReceiver children=fn<children> > 
  at <AConfigProvider theme= {token: Object} > 
  at <App> @ http://127.0.0.1:5175/@vite/client:528
[    1927ms] [WARNING] [Vue warn]: Invalid prop: type check failed for prop "onKeydown". Expected Function, got Array  
  at <ATextarea value="" onUpdate:value=fn rows=4  ... > 
  at <Anonymous value= {hashed: true, components: Object, theme: undefined, token: Object} > 
  at <ALocaleProvider locale=undefined ANT_MARK__="internalMark" > 
  at <LocaleReceiver children=fn<children> > 
  at <AConfigProvider theme= {token: Object} > 
  at <App> @ http://127.0.0.1:5175/@vite/client:528
[    1930ms] [WARNING] [Vue warn]: Invalid prop: type check failed for prop "onKeydown". Expected Function, got Array  
  at <ATextarea value="" onUpdate:value=fn rows=4  ... > 
  at <Anonymous value= {hashed: true, components: Object, theme: undefined, token: Object} > 
  at <ALocaleProvider locale=undefined ANT_MARK__="internalMark" > 
  at <LocaleReceiver children=fn<children> > 
  at <AConfigProvider theme= {token: Object} > 
  at <App> @ http://127.0.0.1:5175/@vite/client:528
[    1933ms] [WARNING] [Vue warn]: Invalid prop: type check failed for prop "onKeydown". Expected Function, got Array  
  at <ATextarea value="" onUpdate:value=fn rows=4  ... > 
  at <Anonymous value= {hashed: true, components: Object, theme: undefined, token: Object} > 
  at <ALocaleProvider locale=undefined ANT_MARK__="internalMark" > 
  at <LocaleReceiver children=fn<children> > 
  at <AConfigProvider theme= {token: Object} > 
  at <App> @ http://127.0.0.1:5175/@vite/client:528
[    1935ms] [WARNING] [Vue warn]: Invalid prop: type check failed for prop "onKeydown". Expected Function, got Array  
  at <ATextarea value="" onUpdate:value=fn rows=4  ... > 
  at <Anonymous value= {hashed: true, components: Object, theme: undefined, token: Object} > 
  at <ALocaleProvider locale=undefined ANT_MARK__="internalMark" > 
  at <LocaleReceiver children=fn<children> > 
  at <AConfigProvider theme= {token: Object} > 
  at <App> @ http://127.0.0.1:5175/@vite/client:528
[    1938ms] [WARNING] [Vue warn]: Invalid prop: type check failed for prop "onKeydown". Expected Function, got Array  
  at <ATextarea value="" onUpdate:value=fn rows=4  ... > 
  at <Anonymous value= {hashed: true, components: Object, theme: undefined, token: Object} > 
  at <ALocaleProvider locale=undefined ANT_MARK__="internalMark" > 
  at <LocaleReceiver children=fn<children> > 
  at <AConfigProvider theme= {token: Object} > 
  at <App> @ http://127.0.0.1:5175/@vite/client:528
[    1941ms] [WARNING] [Vue warn]: Invalid prop: type check failed for prop "onKeydown". Expected Function, got Array  
  at <ATextarea value="" onUpdate:value=fn rows=4  ... > 
  at <Anonymous value= {hashed: true, components: Object, theme: undefined, token: Object} > 
  at <ALocaleProvider locale=undefined ANT_MARK__="internalMark" > 
  at <LocaleReceiver children=fn<children> > 
  at <AConfigProvider theme= {token: Object} > 
  at <App> @ http://127.0.0.1:5175/@vite/client:528
[    1944ms] [WARNING] [Vue warn]: Invalid prop: type check failed for prop "onKeydown". Expected Function, got Array  
  at <ATextarea value="" onUpdate:value=fn rows=4  ... > 
  at <Anonymous value= {hashed: true, components: Object, theme: undefined, token: Object} > 
  at <ALocaleProvider locale=undefined ANT_MARK__="internalMark" > 
  at <LocaleReceiver children=fn<children> > 
  at <AConfigProvider theme= {token: Object} > 
  at <App> @ http://127.0.0.1:5175/@vite/client:528
[    1948ms] [WARNING] [Vue warn]: Invalid prop: type check failed for prop "onKeydown". Expected Function, got Array  
  at <ATextarea value="" onUpdate:value=fn rows=4  ... > 
  at <Anonymous value= {hashed: true, components: Object, theme: undefined, token: Object} > 
  at <ALocaleProvider locale=undefined ANT_MARK__="internalMark" > 
  at <LocaleReceiver children=fn<children> > 
  at <AConfigProvider theme= {token: Object} > 
  at <App> @ http://127.0.0.1:5175/@vite/client:528
[    1952ms] [WARNING] [Vue warn]: Invalid prop: type check failed for prop "onKeydown". Expected Function, got Array  
  at <ATextarea value="" onUpdate:value=fn rows=4  ... > 
  at <Anonymous value= {hashed: true, components: Object, theme: undefined, token: Object} > 
  at <ALocaleProvider locale=undefined ANT_MARK__="internalMark" > 
  at <LocaleReceiver children=fn<children> > 
  at <AConfigProvider theme= {token: Object} > 
  at <App> @ http://127.0.0.1:5175/@vite/client:528
[    1955ms] [WARNING] [Vue warn]: Invalid prop: type check failed for prop "onKeydown". Expected Function, got Array  
  at <ATextarea value="" onUpdate:value=fn rows=4  ... > 
  at <Anonymous value= {hashed: true, components: Object, theme: undefined, token: Object} > 
  at <ALocaleProvider locale=undefined ANT_MARK__="internalMark" > 
  at <LocaleReceiver children=fn<children> > 
  at <AConfigProvider theme= {token: Object} > 
  at <App> @ http://127.0.0.1:5175/@vite/client:528
[    1958ms] [WARNING] [Vue warn]: Invalid prop: type check failed for prop "onKeydown". Expected Function, got Array  
  at <ATextarea value="" onUpdate:value=fn rows=4  ... > 
  at <Anonymous value= {hashed: true, components: Object, theme: undefined, token: Object} > 
  at <ALocaleProvider locale=undefined ANT_MARK__="internalMark" > 
  at <LocaleReceiver children=fn<children> > 
  at <AConfigProvider theme= {token: Object} > 
  at <App> @ http://127.0.0.1:5175/@vite/client:528
[    1961ms] [WARNING] [Vue warn]: Invalid prop: type check failed for prop "onKeydown". Expected Function, got Array  
  at <ATextarea value="" onUpdate:value=fn rows=4  ... > 
  at <Anonymous value= {hashed: true, components: Object, theme: undefined, token: Object} > 
  at <ALocaleProvider locale=undefined ANT_MARK__="internalMark" > 
  at <LocaleReceiver children=fn<children> > 
  at <AConfigProvider theme= {token: Object} > 
  at <App> @ http://127.0.0.1:5175/@vite/client:528
[    1964ms] [WARNING] [Vue warn]: Invalid prop: type check failed for prop "onKeydown". Expected Function, got Array  
  at <ATextarea value="" onUpdate:value=fn rows=4  ... > 
  at <Anonymous value= {hashed: true, components: Object, theme: undefined, token: Object} > 
  at <ALocaleProvider locale=undefined ANT_MARK__="internalMark" > 
  at <LocaleReceiver children=fn<children> > 
  at <AConfigProvider theme= {token: Object} > 
  at <App> @ http://127.0.0.1:5175/@vite/client:528
[    1967ms] [WARNING] [Vue warn]: Invalid prop: type check failed for prop "onKeydown". Expected Function, got Array  
  at <ATextarea value="" onUpdate:value=fn rows=4  ... > 
  at <Anonymous value= {hashed: true, components: Object, theme: undefined, token: Object} > 
  at <ALocaleProvider locale=undefined ANT_MARK__="internalMark" > 
  at <LocaleReceiver children=fn<children> > 
  at <AConfigProvider theme= {token: Object} > 
  at <App> @ http://127.0.0.1:5175/@vite/client:528
[    1970ms] [WARNING] [Vue warn]: Invalid prop: type check failed for prop "onKeydown". Expected Function, got Array  
  at <ATextarea value="" onUpdate:value=fn rows=4  ... > 
  at <Anonymous value= {hashed: true, components: Object, theme: undefined, token: Object} > 
  at <ALocaleProvider locale=undefined ANT_MARK__="internalMark" > 
  at <LocaleReceiver children=fn<children> > 
  at <AConfigProvider theme= {token: Object} > 
  at <App> @ http://127.0.0.1:5175/@vite/client:528
[    1972ms] [WARNING] [Vue warn]: Invalid prop: type check failed for prop "onKeydown". Expected Function, got Array  
  at <ATextarea value="" onUpdate:value=fn rows=4  ... > 
  at <Anonymous value= {hashed: true, components: Object, theme: undefined, token: Object} > 
  at <ALocaleProvider locale=undefined ANT_MARK__="internalMark" > 
  at <LocaleReceiver children=fn<children> > 
  at <AConfigProvider theme= {token: Object} > 
  at <App> @ http://127.0.0.1:5175/@vite/client:528
[    1975ms] [WARNING] [Vue warn]: Invalid prop: type check failed for prop "onKeydown". Expected Function, got Array  
  at <ATextarea value="" onUpdate:value=fn rows=4  ... > 
  at <Anonymous value= {hashed: true, components: Object, theme: undefined, token: Object} > 
  at <ALocaleProvider locale=undefined ANT_MARK__="internalMark" > 
  at <LocaleReceiver children=fn<children> > 
  at <AConfigProvider theme= {token: Object} > 
  at <App> @ http://127.0.0.1:5175/@vite/client:528
[    1978ms] [WARNING] [Vue warn]: Invalid prop: type check failed for prop "onKeydown". Expected Function, got Array  
  at <ATextarea value="" onUpdate:value=fn rows=4  ... > 
  at <Anonymous value= {hashed: true, components: Object, theme: undefined, token: Object} > 
  at <ALocaleProvider locale=undefined ANT_MARK__="internalMark" > 
  at <LocaleReceiver children=fn<children> > 
  at <AConfigProvider theme= {token: Object} > 
  at <App> @ http://127.0.0.1:5175/@vite/client:528
[    1981ms] [WARNING] [Vue warn]: Invalid prop: type check failed for prop "onKeydown". Expected Function, got Array  
  at <ATextarea value="" onUpdate:value=fn rows=4  ... > 
  at <Anonymous value= {hashed: true, components: Object, theme: undefined, token: Object} > 
  at <ALocaleProvider locale=undefined ANT_MARK__="internalMark" > 
  at <LocaleReceiver children=fn<children> > 
  at <AConfigProvider theme= {token: Object} > 
  at <App> @ http://127.0.0.1:5175/@vite/client:528
[    1984ms] [WARNING] [Vue warn]: Invalid prop: type check failed for prop "onKeydown". Expected Function, got Array  
  at <ATextarea value="" onUpdate:value=fn rows=4  ... > 
  at <Anonymous value= {hashed: true, components: Object, theme: undefined, token: Object} > 
  at <ALocaleProvider locale=undefined ANT_MARK__="internalMark" > 
  at <LocaleReceiver children=fn<children> > 
  at <AConfigProvider theme= {token: Object} > 
  at <App> @ http://127.0.0.1:5175/@vite/client:528
[    1987ms] [WARNING] [Vue warn]: Invalid prop: type check failed for prop "onKeydown". Expected Function, got Array  
  at <ATextarea value="" onUpdate:value=fn rows=4  ... > 
  at <Anonymous value= {hashed: true, components: Object, theme: undefined, token: Object} > 
  at <ALocaleProvider locale=undefined ANT_MARK__="internalMark" > 
  at <LocaleReceiver children=fn<children> > 
  at <AConfigProvider theme= {token: Object} > 
  at <App> @ http://127.0.0.1:5175/@vite/client:528
[    1990ms] [WARNING] [Vue warn]: Invalid prop: type check failed for prop "onKeydown". Expected Function, got Array  
  at <ATextarea value="" onUpdate:value=fn rows=4  ... > 
  at <Anonymous value= {hashed: true, components: Object, theme: undefined, token: Object} > 
  at <ALocaleProvider locale=undefined ANT_MARK__="internalMark" > 
  at <LocaleReceiver children=fn<children> > 
  at <AConfigProvider theme= {token: Object} > 
  at <App> @ http://127.0.0.1:5175/@vite/client:528
[    1992ms] [WARNING] [Vue warn]: Invalid prop: type check failed for prop "onKeydown". Expected Function, got Array  
  at <ATextarea value="" onUpdate:value=fn rows=4  ... > 
  at <Anonymous value= {hashed: true, components: Object, theme: undefined, token: Object} > 
  at <ALocaleProvider locale=undefined ANT_MARK__="internalMark" > 
  at <LocaleReceiver children=fn<children> > 
  at <AConfigProvider theme= {token: Object} > 
  at <App> @ http://127.0.0.1:5175/@vite/client:528
[    1995ms] [WARNING] [Vue warn]: Invalid prop: type check failed for prop "onKeydown". Expected Function, got Array  
  at <ATextarea value="" onUpdate:value=fn rows=4  ... > 
  at <Anonymous value= {hashed: true, components: Object, theme: undefined, token: Object} > 
  at <ALocaleProvider locale=undefined ANT_MARK__="internalMark" > 
  at <LocaleReceiver children=fn<children> > 
  at <AConfigProvider theme= {token: Object} > 
  at <App> @ http://127.0.0.1:5175/@vite/client:528
[    1998ms] [WARNING] [Vue warn]: Invalid prop: type check failed for prop "onKeydown". Expected Function, got Array  
  at <ATextarea value="" onUpdate:value=fn rows=4  ... > 
  at <Anonymous value= {hashed: true, components: Object, theme: undefined, token: Object} > 
  at <ALocaleProvider locale=undefined ANT_MARK__="internalMark" > 
  at <LocaleReceiver children=fn<children> > 
  at <AConfigProvider theme= {token: Object} > 
  at <App> @ http://127.0.0.1:5175/@vite/client:528
[    2001ms] [WARNING] [Vue warn]: Invalid prop: type check failed for prop "onKeydown". Expected Function, got Array  
  at <ATextarea value="" onUpdate:value=fn rows=4  ... > 
  at <Anonymous value= {hashed: true, components: Object, theme: undefined, token: Object} > 
  at <ALocaleProvider locale=undefined ANT_MARK__="internalMark" > 
  at <LocaleReceiver children=fn<children> > 
  at <AConfigProvider theme= {token: Object} > 
  at <App> @ http://127.0.0.1:5175/@vite/client:528
[    2004ms] [WARNING] [Vue warn]: Invalid prop: type check failed for prop "onKeydown". Expected Function, got Array  
  at <ATextarea value="" onUpdate:value=fn rows=4  ... > 
  at <Anonymous value= {hashed: true, components: Object, theme: undefined, token: Object} > 
  at <ALocaleProvider locale=undefined ANT_MARK__="internalMark" > 
  at <LocaleReceiver children=fn<children> > 
  at <AConfigProvider theme= {token: Object} > 
  at <App> @ http://127.0.0.1:5175/@vite/client:528
[    2007ms] [WARNING] [Vue warn]: Invalid prop: type check failed for prop "onKeydown". Expected Function, got Array  
  at <ATextarea value="" onUpdate:value=fn rows=4  ... > 
  at <Anonymous value= {hashed: true, components: Object, theme: undefined, token: Object} > 
  at <ALocaleProvider locale=undefined ANT_MARK__="internalMark" > 
  at <LocaleReceiver children=fn<children> > 
  at <AConfigProvider theme= {token: Object} > 
  at <App> @ http://127.0.0.1:5175/@vite/client:528
[    2010ms] [WARNING] [Vue warn]: Invalid prop: type check failed for prop "onKeydown". Expected Function, got Array  
  at <ATextarea value="" onUpdate:value=fn rows=4  ... > 
  at <Anonymous value= {hashed: true, components: Object, theme: undefined, token: Object} > 
  at <ALocaleProvider locale=undefined ANT_MARK__="internalMark" > 
  at <LocaleReceiver children=fn<children> > 
  at <AConfigProvider theme= {token: Object} > 
  at <App> @ http://127.0.0.1:5175/@vite/client:528
[    2012ms] [WARNING] [Vue warn]: Invalid prop: type check failed for prop "onKeydown". Expected Function, got Array  
  at <ATextarea value="" onUpdate:value=fn rows=4  ... > 
  at <Anonymous value= {hashed: true, components: Object, theme: undefined, token: Object} > 
  at <ALocaleProvider locale=undefined ANT_MARK__="internalMark" > 
  at <LocaleReceiver children=fn<children> > 
  at <AConfigProvider theme= {token: Object} > 
  at <App> @ http://127.0.0.1:5175/@vite/client:528
[    2016ms] [WARNING] [Vue warn]: Invalid prop: type check failed for prop "onKeydown". Expected Function, got Array  
  at <ATextarea value="" onUpdate:value=fn rows=4  ... > 
  at <Anonymous value= {hashed: true, components: Object, theme: undefined, token: Object} > 
  at <ALocaleProvider locale=undefined ANT_MARK__="internalMark" > 
  at <LocaleReceiver children=fn<children> > 
  at <AConfigProvider theme= {token: Object} > 
  at <App> @ http://127.0.0.1:5175/@vite/client:528
[    2019ms] [WARNING] [Vue warn]: Invalid prop: type check failed for prop "onKeydown". Expected Function, got Array  
  at <ATextarea value="" onUpdate:value=fn rows=4  ... > 
  at <Anonymous value= {hashed: true, components: Object, theme: undefined, token: Object} > 
  at <ALocaleProvider locale=undefined ANT_MARK__="internalMark" > 
  at <LocaleReceiver children=fn<children> > 
  at <AConfigProvider theme= {token: Object} > 
  at <App> @ http://127.0.0.1:5175/@vite/client:528
[    2022ms] [WARNING] [Vue warn]: Invalid prop: type check failed for prop "onKeydown". Expected Function, got Array  
  at <ATextarea value="" onUpdate:value=fn rows=4  ... > 
  at <Anonymous value= {hashed: true, components: Object, theme: undefined, token: Object} > 
  at <ALocaleProvider locale=undefined ANT_MARK__="internalMark" > 
  at <LocaleReceiver children=fn<children> > 
  at <AConfigProvider theme= {token: Object} > 
  at <App> @ http://127.0.0.1:5175/@vite/client:528
[    2025ms] [WARNING] [Vue warn]: Invalid prop: type check failed for prop "onKeydown". Expected Function, got Array  
  at <ATextarea value="" onUpdate:value=fn rows=4  ... > 
  at <Anonymous value= {hashed: true, components: Object, theme: undefined, token: Object} > 
  at <ALocaleProvider locale=undefined ANT_MARK__="internalMark" > 
  at <LocaleReceiver children=fn<children> > 
  at <AConfigProvider theme= {token: Object} > 
  at <App> @ http://127.0.0.1:5175/@vite/client:528
[    2028ms] [WARNING] [Vue warn]: Invalid prop: type check failed for prop "onKeydown". Expected Function, got Array  
  at <ATextarea value="" onUpdate:value=fn rows=4  ... > 
  at <Anonymous value= {hashed: true, components: Object, theme: undefined, token: Object} > 
  at <ALocaleProvider locale=undefined ANT_MARK__="internalMark" > 
  at <LocaleReceiver children=fn<children> > 
  at <AConfigProvider theme= {token: Object} > 
  at <App> @ http://127.0.0.1:5175/@vite/client:528
[    2031ms] [WARNING] [Vue warn]: Invalid prop: type check failed for prop "onKeydown". Expected Function, got Array  
  at <ATextarea value="" onUpdate:value=fn rows=4  ... > 
  at <Anonymous value= {hashed: true, components: Object, theme: undefined, token: Object} > 
  at <ALocaleProvider locale=undefined ANT_MARK__="internalMark" > 
  at <LocaleReceiver children=fn<children> > 
  at <AConfigProvider theme= {token: Object} > 
  at <App> @ http://127.0.0.1:5175/@vite/client:528
[    2034ms] [WARNING] [Vue warn]: Invalid prop: type check failed for prop "onKeydown". Expected Function, got Array  
  at <ATextarea value="" onUpdate:value=fn rows=4  ... > 
  at <Anonymous value= {hashed: true, components: Object, theme: undefined, token: Object} > 
  at <ALocaleProvider locale=undefined ANT_MARK__="internalMark" > 
  at <LocaleReceiver children=fn<children> > 
  at <AConfigProvider theme= {token: Object} > 
  at <App> @ http://127.0.0.1:5175/@vite/client:528
[    2037ms] [WARNING] [Vue warn]: Invalid prop: type check failed for prop "onKeydown". Expected Function, got Array  
  at <ATextarea value="" onUpdate:value=fn rows=4  ... > 
  at <Anonymous value= {hashed: true, components: Object, theme: undefined, token: Object} > 
  at <ALocaleProvider locale=undefined ANT_MARK__="internalMark" > 
  at <LocaleReceiver children=fn<children> > 
  at <AConfigProvider theme= {token: Object} > 
  at <App> @ http://127.0.0.1:5175/@vite/client:528
[    2040ms] [WARNING] [Vue warn]: Invalid prop: type check failed for prop "onKeydown". Expected Function, got Array  
  at <ATextarea value="" onUpdate:value=fn rows=4  ... > 
  at <Anonymous value= {hashed: true, components: Object, theme: undefined, token: Object} > 
  at <ALocaleProvider locale=undefined ANT_MARK__="internalMark" > 
  at <LocaleReceiver children=fn<children> > 
  at <AConfigProvider theme= {token: Object} > 
  at <App> @ http://127.0.0.1:5175/@vite/client:528
[    2044ms] [WARNING] [Vue warn]: Invalid prop: type check failed for prop "onKeydown". Expected Function, got Array  
  at <ATextarea value="" onUpdate:value=fn rows=4  ... > 
  at <Anonymous value= {hashed: true, components: Object, theme: undefined, token: Object} > 
  at <ALocaleProvider locale=undefined ANT_MARK__="internalMark" > 
  at <LocaleReceiver children=fn<children> > 
  at <AConfigProvider theme= {token: Object} > 
  at <App> @ http://127.0.0.1:5175/@vite/client:528
[    2047ms] [WARNING] [Vue warn]: Invalid prop: type check failed for prop "onKeydown". Expected Function, got Array  
  at <ATextarea value="" onUpdate:value=fn rows=4  ... > 
  at <Anonymous value= {hashed: true, components: Object, theme: undefined, token: Object} > 
  at <ALocaleProvider locale=undefined ANT_MARK__="internalMark" > 
  at <LocaleReceiver children=fn<children> > 
  at <AConfigProvider theme= {token: Object} > 
  at <App> @ http://127.0.0.1:5175/@vite/client:528
[    2050ms] [WARNING] [Vue warn]: Invalid prop: type check failed for prop "onKeydown". Expected Function, got Array  
  at <ATextarea value="" onUpdate:value=fn rows=4  ... > 
  at <Anonymous value= {hashed: true, components: Object, theme: undefined, token: Object} > 
  at <ALocaleProvider locale=undefined ANT_MARK__="internalMark" > 
  at <LocaleReceiver children=fn<children> > 
  at <AConfigProvider theme= {token: Object} > 
  at <App> @ http://127.0.0.1:5175/@vite/client:528
[    2053ms] [WARNING] [Vue warn]: Invalid prop: type check failed for prop "onKeydown". Expected Function, got Array  
  at <ATextarea value="" onUpdate:value=fn rows=4  ... > 
  at <Anonymous value= {hashed: true, components: Object, theme: undefined, token: Object} > 
  at <ALocaleProvider locale=undefined ANT_MARK__="internalMark" > 
  at <LocaleReceiver children=fn<children> > 
  at <AConfigProvider theme= {token: Object} > 
  at <App> @ http://127.0.0.1:5175/@vite/client:528
[    2056ms] [WARNING] [Vue warn]: Invalid prop: type check failed for prop "onKeydown". Expected Function, got Array  
  at <ATextarea value="" onUpdate:value=fn rows=4  ... > 
  at <Anonymous value= {hashed: true, components: Object, theme: undefined, token: Object} > 
  at <ALocaleProvider locale=undefined ANT_MARK__="internalMark" > 
  at <LocaleReceiver children=fn<children> > 
  at <AConfigProvider theme= {token: Object} > 
  at <App> @ http://127.0.0.1:5175/@vite/client:528
[    2059ms] [WARNING] [Vue warn]: Invalid prop: type check failed for prop "onKeydown". Expected Function, got Array  
  at <ATextarea value="" onUpdate:value=fn rows=4  ... > 
  at <Anonymous value= {hashed: true, components: Object, theme: undefined, token: Object} > 
  at <ALocaleProvider locale=undefined ANT_MARK__="internalMark" > 
  at <LocaleReceiver children=fn<children> > 
  at <AConfigProvider theme= {token: Object} > 
  at <App> @ http://127.0.0.1:5175/@vite/client:528
[    2062ms] [WARNING] [Vue warn]: Invalid prop: type check failed for prop "onKeydown". Expected Function, got Array  
  at <ATextarea value="" onUpdate:value=fn rows=4  ... > 
  at <Anonymous value= {hashed: true, components: Object, theme: undefined, token: Object} > 
  at <ALocaleProvider locale=undefined ANT_MARK__="internalMark" > 
  at <LocaleReceiver children=fn<children> > 
  at <AConfigProvider theme= {token: Object} > 
  at <App> @ http://127.0.0.1:5175/@vite/client:528
[    2065ms] [WARNING] [Vue warn]: Invalid prop: type check failed for prop "onKeydown". Expected Function, got Array  
  at <ATextarea value="" onUpdate:value=fn rows=4  ... > 
  at <Anonymous value= {hashed: true, components: Object, theme: undefined, token: Object} > 
  at <ALocaleProvider locale=undefined ANT_MARK__="internalMark" > 
  at <LocaleReceiver children=fn<children> > 
  at <AConfigProvider theme= {token: Object} > 
  at <App> @ http://127.0.0.1:5175/@vite/client:528
[    2068ms] [WARNING] [Vue warn]: Invalid prop: type check failed for prop "onKeydown". Expected Function, got Array  
  at <ATextarea value="" onUpdate:value=fn rows=4  ... > 
  at <Anonymous value= {hashed: true, components: Object, theme: undefined, token: Object} > 
  at <ALocaleProvider locale=undefined ANT_MARK__="internalMark" > 
  at <LocaleReceiver children=fn<children> > 
  at <AConfigProvider theme= {token: Object} > 
  at <App> @ http://127.0.0.1:5175/@vite/client:528
[    2070ms] [WARNING] [Vue warn]: Invalid prop: type check failed for prop "onKeydown". Expected Function, got Array  
  at <ATextarea value="" onUpdate:value=fn rows=4  ... > 
  at <Anonymous value= {hashed: true, components: Object, theme: undefined, token: Object} > 
  at <ALocaleProvider locale=undefined ANT_MARK__="internalMark" > 
  at <LocaleReceiver children=fn<children> > 
  at <AConfigProvider theme= {token: Object} > 
  at <App> @ http://127.0.0.1:5175/@vite/client:528
[    2073ms] [WARNING] [Vue warn]: Invalid prop: type check failed for prop "onKeydown". Expected Function, got Array  
  at <ATextarea value="" onUpdate:value=fn rows=4  ... > 
  at <Anonymous value= {hashed: true, components: Object, theme: undefined, token: Object} > 
  at <ALocaleProvider locale=undefined ANT_MARK__="internalMark" > 
  at <LocaleReceiver children=fn<children> > 
  at <AConfigProvider theme= {token: Object} > 
  at <App> @ http://127.0.0.1:5175/@vite/client:528
[    2076ms] [WARNING] [Vue warn]: Invalid prop: type check failed for prop "onKeydown". Expected Function, got Array  
  at <ATextarea value="" onUpdate:value=fn rows=4  ... > 
  at <Anonymous value= {hashed: true, components: Object, theme: undefined, token: Object} > 
  at <ALocaleProvider locale=undefined ANT_MARK__="internalMark" > 
  at <LocaleReceiver children=fn<children> > 
  at <AConfigProvider theme= {token: Object} > 
  at <App> @ http://127.0.0.1:5175/@vite/client:528
[    2079ms] [WARNING] [Vue warn]: Invalid prop: type check failed for prop "onKeydown". Expected Function, got Array  
  at <ATextarea value="" onUpdate:value=fn rows=4  ... > 
  at <Anonymous value= {hashed: true, components: Object, theme: undefined, token: Object} > 
  at <ALocaleProvider locale=undefined ANT_MARK__="internalMark" > 
  at <LocaleReceiver children=fn<children> > 
  at <AConfigProvider theme= {token: Object} > 
  at <App> @ http://127.0.0.1:5175/@vite/client:528
[    2082ms] [WARNING] [Vue warn]: Invalid prop: type check failed for prop "onKeydown". Expected Function, got Array  
  at <ATextarea value="" onUpdate:value=fn rows=4  ... > 
  at <Anonymous value= {hashed: true, components: Object, theme: undefined, token: Object} > 
  at <ALocaleProvider locale=undefined ANT_MARK__="internalMark" > 
  at <LocaleReceiver children=fn<children> > 
  at <AConfigProvider theme= {token: Object} > 
  at <App> @ http://127.0.0.1:5175/@vite/client:528
[    2085ms] [WARNING] [Vue warn]: Invalid prop: type check failed for prop "onKeydown". Expected Function, got Array  
  at <ATextarea value="" onUpdate:value=fn rows=4  ... > 
  at <Anonymous value= {hashed: true, components: Object, theme: undefined, token: Object} > 
  at <ALocaleProvider locale=undefined ANT_MARK__="internalMark" > 
  at <LocaleReceiver children=fn<children> > 
  at <AConfigProvider theme= {token: Object} > 
  at <App> @ http://127.0.0.1:5175/@vite/client:528
[    2088ms] [WARNING] [Vue warn]: Invalid prop: type check failed for prop "onKeydown". Expected Function, got Array  
  at <ATextarea value="" onUpdate:value=fn rows=4  ... > 
  at <Anonymous value= {hashed: true, components: Object, theme: undefined, token: Object} > 
  at <ALocaleProvider locale=undefined ANT_MARK__="internalMark" > 
  at <LocaleReceiver children=fn<children> > 
  at <AConfigProvider theme= {token: Object} > 
  at <App> @ http://127.0.0.1:5175/@vite/client:528
[    2091ms] [WARNING] [Vue warn]: Invalid prop: type check failed for prop "onKeydown". Expected Function, got Array  
  at <ATextarea value="" onUpdate:value=fn rows=4  ... > 
  at <Anonymous value= {hashed: true, components: Object, theme: undefined, token: Object} > 
  at <ALocaleProvider locale=undefined ANT_MARK__="internalMark" > 
  at <LocaleReceiver children=fn<children> > 
  at <AConfigProvider theme= {token: Object} > 
  at <App> @ http://127.0.0.1:5175/@vite/client:528
[    2093ms] [WARNING] [Vue warn]: Invalid prop: type check failed for prop "onKeydown". Expected Function, got Array  
  at <ATextarea value="" onUpdate:value=fn rows=4  ... > 
  at <Anonymous value= {hashed: true, components: Object, theme: undefined, token: Object} > 
  at <ALocaleProvider locale=undefined ANT_MARK__="internalMark" > 
  at <LocaleReceiver children=fn<children> > 
  at <AConfigProvider theme= {token: Object} > 
  at <App> @ http://127.0.0.1:5175/@vite/client:528
[    2096ms] [WARNING] [Vue warn]: Invalid prop: type check failed for prop "onKeydown". Expected Function, got Array  
  at <ATextarea value="" onUpdate:value=fn rows=4  ... > 
  at <Anonymous value= {hashed: true, components: Object, theme: undefined, token: Object} > 
  at <ALocaleProvider locale=undefined ANT_MARK__="internalMark" > 
  at <LocaleReceiver children=fn<children> > 
  at <AConfigProvider theme= {token: Object} > 
  at <App> @ http://127.0.0.1:5175/@vite/client:528
[    2099ms] [WARNING] [Vue warn]: Invalid prop: type check failed for prop "onKeydown". Expected Function, got Array  
  at <ATextarea value="" onUpdate:value=fn rows=4  ... > 
  at <Anonymous value= {hashed: true, components: Object, theme: undefined, token: Object} > 
  at <ALocaleProvider locale=undefined ANT_MARK__="internalMark" > 
  at <LocaleReceiver children=fn<children> > 
  at <AConfigProvider theme= {token: Object} > 
  at <App> @ http://127.0.0.1:5175/@vite/client:528
[    2102ms] [WARNING] [Vue warn]: Invalid prop: type check failed for prop "onKeydown". Expected Function, got Array  
  at <ATextarea value="" onUpdate:value=fn rows=4  ... > 
  at <Anonymous value= {hashed: true, components: Object, theme: undefined, token: Object} > 
  at <ALocaleProvider locale=undefined ANT_MARK__="internalMark" > 
  at <LocaleReceiver children=fn<children> > 
  at <AConfigProvider theme= {token: Object} > 
  at <App> @ http://127.0.0.1:5175/@vite/client:528
[    2105ms] [WARNING] [Vue warn]: Invalid prop: type check failed for prop "onKeydown". Expected Function, got Array  
  at <ATextarea value="" onUpdate:value=fn rows=4  ... > 
  at <Anonymous value= {hashed: true, components: Object, theme: undefined, token: Object} > 
  at <ALocaleProvider locale=undefined ANT_MARK__="internalMark" > 
  at <LocaleReceiver children=fn<children> > 
  at <AConfigProvider theme= {token: Object} > 
  at <App> @ http://127.0.0.1:5175/@vite/client:528
[    2108ms] [WARNING] [Vue warn]: Invalid prop: type check failed for prop "onKeydown". Expected Function, got Array  
  at <ATextarea value="" onUpdate:value=fn rows=4  ... > 
  at <Anonymous value= {hashed: true, components: Object, theme: undefined, token: Object} > 
  at <ALocaleProvider locale=undefined ANT_MARK__="internalMark" > 
  at <LocaleReceiver children=fn<children> > 
  at <AConfigProvider theme= {token: Object} > 
  at <App> @ http://127.0.0.1:5175/@vite/client:528
[    2110ms] [WARNING] [Vue warn]: Invalid prop: type check failed for prop "onKeydown". Expected Function, got Array  
  at <ATextarea value="" onUpdate:value=fn rows=4  ... > 
  at <Anonymous value= {hashed: true, components: Object, theme: undefined, token: Object} > 
  at <ALocaleProvider locale=undefined ANT_MARK__="internalMark" > 
  at <LocaleReceiver children=fn<children> > 
  at <AConfigProvider theme= {token: Object} > 
  at <App> @ http://127.0.0.1:5175/@vite/client:528
[    2113ms] [WARNING] [Vue warn]: Invalid prop: type check failed for prop "onKeydown". Expected Function, got Array  
  at <ATextarea value="" onUpdate:value=fn rows=4  ... > 
  at <Anonymous value= {hashed: true, components: Object, theme: undefined, token: Object} > 
  at <ALocaleProvider locale=undefined ANT_MARK__="internalMark" > 
  at <LocaleReceiver children=fn<children> > 
  at <AConfigProvider theme= {token: Object} > 
  at <App> @ http://127.0.0.1:5175/@vite/client:528
[    2116ms] [WARNING] [Vue warn]: Invalid prop: type check failed for prop "onKeydown". Expected Function, got Array  
  at <ATextarea value="" onUpdate:value=fn rows=4  ... > 
  at <Anonymous value= {hashed: true, components: Object, theme: undefined, token: Object} > 
  at <ALocaleProvider locale=undefined ANT_MARK__="internalMark" > 
  at <LocaleReceiver children=fn<children> > 
  at <AConfigProvider theme= {token: Object} > 
  at <App> @ http://127.0.0.1:5175/@vite/client:528
[    2119ms] [WARNING] [Vue warn]: Invalid prop: type check failed for prop "onKeydown". Expected Function, got Array  
  at <ATextarea value="" onUpdate:value=fn rows=4  ... > 
  at <Anonymous value= {hashed: true, components: Object, theme: undefined, token: Object} > 
  at <ALocaleProvider locale=undefined ANT_MARK__="internalMark" > 
  at <LocaleReceiver children=fn<children> > 
  at <AConfigProvider theme= {token: Object} > 
  at <App> @ http://127.0.0.1:5175/@vite/client:528
[    2122ms] [WARNING] [Vue warn]: Invalid prop: type check failed for prop "onKeydown". Expected Function, got Array  
  at <ATextarea value="" onUpdate:value=fn rows=4  ... > 
  at <Anonymous value= {hashed: true, components: Object, theme: undefined, token: Object} > 
  at <ALocaleProvider locale=undefined ANT_MARK__="internalMark" > 
  at <LocaleReceiver children=fn<children> > 
  at <AConfigProvider theme= {token: Object} > 
  at <App> @ http://127.0.0.1:5175/@vite/client:528
[    2125ms] [WARNING] [Vue warn]: Invalid prop: type check failed for prop "onKeydown". Expected Function, got Array  
  at <ATextarea value="" onUpdate:value=fn rows=4  ... > 
  at <Anonymous value= {hashed: true, components: Object, theme: undefined, token: Object} > 
  at <ALocaleProvider locale=undefined ANT_MARK__="internalMark" > 
  at <LocaleReceiver children=fn<children> > 
  at <AConfigProvider theme= {token: Object} > 
  at <App> @ http://127.0.0.1:5175/@vite/client:528
[    2128ms] [WARNING] [Vue warn]: Invalid prop: type check failed for prop "onKeydown". Expected Function, got Array  
  at <ATextarea value="" onUpdate:value=fn rows=4  ... > 
  at <Anonymous value= {hashed: true, components: Object, theme: undefined, token: Object} > 
  at <ALocaleProvider locale=undefined ANT_MARK__="internalMark" > 
  at <LocaleReceiver children=fn<children> > 
  at <AConfigProvider theme= {token: Object} > 
  at <App> @ http://127.0.0.1:5175/@vite/client:528
[    2130ms] [WARNING] [Vue warn]: Invalid prop: type check failed for prop "onKeydown". Expected Function, got Array  
  at <ATextarea value="" onUpdate:value=fn rows=4  ... > 
  at <Anonymous value= {hashed: true, components: Object, theme: undefined, token: Object} > 
  at <ALocaleProvider locale=undefined ANT_MARK__="internalMark" > 
  at <LocaleReceiver children=fn<children> > 
  at <AConfigProvider theme= {token: Object} > 
  at <App> @ http://127.0.0.1:5175/@vite/client:528
[    2134ms] [WARNING] [Vue warn]: Invalid prop: type check failed for prop "onKeydown". Expected Function, got Array  
  at <ATextarea value="" onUpdate:value=fn rows=4  ... > 
  at <Anonymous value= {hashed: true, components: Object, theme: undefined, token: Object} > 
  at <ALocaleProvider locale=undefined ANT_MARK__="internalMark" > 
  at <LocaleReceiver children=fn<children> > 
  at <AConfigProvider theme= {token: Object} > 
  at <App> @ http://127.0.0.1:5175/@vite/client:528
[    2137ms] [WARNING] [Vue warn]: Invalid prop: type check failed for prop "onKeydown". Expected Function, got Array  
  at <ATextarea value="" onUpdate:value=fn rows=4  ... > 
  at <Anonymous value= {hashed: true, components: Object, theme: undefined, token: Object} > 
  at <ALocaleProvider locale=undefined ANT_MARK__="internalMark" > 
  at <LocaleReceiver children=fn<children> > 
  at <AConfigProvider theme= {token: Object} > 
  at <App> @ http://127.0.0.1:5175/@vite/client:528
[    2140ms] [WARNING] [Vue warn]: Invalid prop: type check failed for prop "onKeydown". Expected Function, got Array  
  at <ATextarea value="" onUpdate:value=fn rows=4  ... > 
  at <Anonymous value= {hashed: true, components: Object, theme: undefined, token: Object} > 
  at <ALocaleProvider locale=undefined ANT_MARK__="internalMark" > 
  at <LocaleReceiver children=fn<children> > 
  at <AConfigProvider theme= {token: Object} > 
  at <App> @ http://127.0.0.1:5175/@vite/client:528
[    2143ms] [WARNING] [Vue warn]: Invalid prop: type check failed for prop "onKeydown". Expected Function, got Array  
  at <ATextarea value="" onUpdate:value=fn rows=4  ... > 
  at <Anonymous value= {hashed: true, components: Object, theme: undefined, token: Object} > 
  at <ALocaleProvider locale=undefined ANT_MARK__="internalMark" > 
  at <LocaleReceiver children=fn<children> > 
  at <AConfigProvider theme= {token: Object} > 
  at <App> @ http://127.0.0.1:5175/@vite/client:528
[    2146ms] [WARNING] [Vue warn]: Invalid prop: type check failed for prop "onKeydown". Expected Function, got Array  
  at <ATextarea value="" onUpdate:value=fn rows=4  ... > 
  at <Anonymous value= {hashed: true, components: Object, theme: undefined, token: Object} > 
  at <ALocaleProvider locale=undefined ANT_MARK__="internalMark" > 
  at <LocaleReceiver children=fn<children> > 
  at <AConfigProvider theme= {token: Object} > 
  at <App> @ http://127.0.0.1:5175/@vite/client:528
[    2150ms] [WARNING] [Vue warn]: Invalid prop: type check failed for prop "onKeydown". Expected Function, got Array  
  at <ATextarea value="" onUpdate:value=fn rows=4  ... > 
  at <Anonymous value= {hashed: true, components: Object, theme: undefined, token: Object} > 
  at <ALocaleProvider locale=undefined ANT_MARK__="internalMark" > 
  at <LocaleReceiver children=fn<children> > 
  at <AConfigProvider theme= {token: Object} > 
  at <App> @ http://127.0.0.1:5175/@vite/client:528
[    2154ms] [WARNING] [Vue warn]: Invalid prop: type check failed for prop "onKeydown". Expected Function, got Array  
  at <ATextarea value="" onUpdate:value=fn rows=4  ... > 
  at <Anonymous value= {hashed: true, components: Object, theme: undefined, token: Object} > 
  at <ALocaleProvider locale=undefined ANT_MARK__="internalMark" > 
  at <LocaleReceiver children=fn<children> > 
  at <AConfigProvider theme= {token: Object} > 
  at <App> @ http://127.0.0.1:5175/@vite/client:528
[    2157ms] [WARNING] [Vue warn]: Invalid prop: type check failed for prop "onKeydown". Expected Function, got Array  
  at <ATextarea value="" onUpdate:value=fn rows=4  ... > 
  at <Anonymous value= {hashed: true, components: Object, theme: undefined, token: Object} > 
  at <ALocaleProvider locale=undefined ANT_MARK__="internalMark" > 
  at <LocaleReceiver children=fn<children> > 
  at <AConfigProvider theme= {token: Object} > 
  at <App> @ http://127.0.0.1:5175/@vite/client:528
[    2160ms] [WARNING] [Vue warn]: Invalid prop: type check failed for prop "onKeydown". Expected Function, got Array  
  at <ATextarea value="" onUpdate:value=fn rows=4  ... > 
  at <Anonymous value= {hashed: true, components: Object, theme: undefined, token: Object} > 
  at <ALocaleProvider locale=undefined ANT_MARK__="internalMark" > 
  at <LocaleReceiver children=fn<children> > 
  at <AConfigProvider theme= {token: Object} > 
  at <App> @ http://127.0.0.1:5175/@vite/client:528
[    2163ms] [WARNING] [Vue warn]: Invalid prop: type check failed for prop "onKeydown". Expected Function, got Array  
  at <ATextarea value="" onUpdate:value=fn rows=4  ... > 
  at <Anonymous value= {hashed: true, components: Object, theme: undefined, token: Object} > 
  at <ALocaleProvider locale=undefined ANT_MARK__="internalMark" > 
  at <LocaleReceiver children=fn<children> > 
  at <AConfigProvider theme= {token: Object} > 
  at <App> @ http://127.0.0.1:5175/@vite/client:528
[    2166ms] [WARNING] [Vue warn]: Invalid prop: type check failed for prop "onKeydown". Expected Function, got Array  
  at <ATextarea value="" onUpdate:value=fn rows=4  ... > 
  at <Anonymous value= {hashed: true, components: Object, theme: undefined, token: Object} > 
  at <ALocaleProvider locale=undefined ANT_MARK__="internalMark" > 
  at <LocaleReceiver children=fn<children> > 
  at <AConfigProvider theme= {token: Object} > 
  at <App> @ http://127.0.0.1:5175/@vite/client:528
[    2169ms] [WARNING] [Vue warn]: Invalid prop: type check failed for prop "onKeydown". Expected Function, got Array  
  at <ATextarea value="" onUpdate:value=fn rows=4  ... > 
  at <Anonymous value= {hashed: true, components: Object, theme: undefined, token: Object} > 
  at <ALocaleProvider locale=undefined ANT_MARK__="internalMark" > 
  at <LocaleReceiver children=fn<children> > 
  at <AConfigProvider theme= {token: Object} > 
  at <App> @ http://127.0.0.1:5175/@vite/client:528
[    2172ms] [WARNING] [Vue warn]: Invalid prop: type check failed for prop "onKeydown". Expected Function, got Array  
  at <ATextarea value="" onUpdate:value=fn rows=4  ... > 
  at <Anonymous value= {hashed: true, components: Object, theme: undefined, token: Object} > 
  at <ALocaleProvider locale=undefined ANT_MARK__="internalMark" > 
  at <LocaleReceiver children=fn<children> > 
  at <AConfigProvider theme= {token: Object} > 
  at <App> @ http://127.0.0.1:5175/@vite/client:528
[    2175ms] [WARNING] [Vue warn]: Invalid prop: type check failed for prop "onKeydown". Expected Function, got Array  
  at <ATextarea value="" onUpdate:value=fn rows=4  ... > 
  at <Anonymous value= {hashed: true, components: Object, theme: undefined, token: Object} > 
  at <ALocaleProvider locale=undefined ANT_MARK__="internalMark" > 
  at <LocaleReceiver children=fn<children> > 
  at <AConfigProvider theme= {token: Object} > 
  at <App> @ http://127.0.0.1:5175/@vite/client:528
[    2177ms] [WARNING] [Vue warn]: Invalid prop: type check failed for prop "onKeydown". Expected Function, got Array  
  at <ATextarea value="" onUpdate:value=fn rows=4  ... > 
  at <Anonymous value= {hashed: true, components: Object, theme: undefined, token: Object} > 
  at <ALocaleProvider locale=undefined ANT_MARK__="internalMark" > 
  at <LocaleReceiver children=fn<children> > 
  at <AConfigProvider theme= {token: Object} > 
  at <App> @ http://127.0.0.1:5175/@vite/client:528
[    2180ms] [WARNING] [Vue warn]: Invalid prop: type check failed for prop "onKeydown". Expected Function, got Array  
  at <ATextarea value="" onUpdate:value=fn rows=4  ... > 
  at <Anonymous value= {hashed: true, components: Object, theme: undefined, token: Object} > 
  at <ALocaleProvider locale=undefined ANT_MARK__="internalMark" > 
  at <LocaleReceiver children=fn<children> > 
  at <AConfigProvider theme= {token: Object} > 
  at <App> @ http://127.0.0.1:5175/@vite/client:528
[    2183ms] [WARNING] [Vue warn]: Invalid prop: type check failed for prop "onKeydown". Expected Function, got Array  
  at <ATextarea value="" onUpdate:value=fn rows=4  ... > 
  at <Anonymous value= {hashed: true, components: Object, theme: undefined, token: Object} > 
  at <ALocaleProvider locale=undefined ANT_MARK__="internalMark" > 
  at <LocaleReceiver children=fn<children> > 
  at <AConfigProvider theme= {token: Object} > 
  at <App> @ http://127.0.0.1:5175/@vite/client:528
[    2186ms] [WARNING] [Vue warn]: Invalid prop: type check failed for prop "onKeydown". Expected Function, got Array  
  at <ATextarea value="" onUpdate:value=fn rows=4  ... > 
  at <Anonymous value= {hashed: true, components: Object, theme: undefined, token: Object} > 
  at <ALocaleProvider locale=undefined ANT_MARK__="internalMark" > 
  at <LocaleReceiver children=fn<children> > 
  at <AConfigProvider theme= {token: Object} > 
  at <App> @ http://127.0.0.1:5175/@vite/client:528
[    2189ms] [WARNING] [Vue warn]: Invalid prop: type check failed for prop "onKeydown". Expected Function, got Array  
  at <ATextarea value="" onUpdate:value=fn rows=4  ... > 
  at <Anonymous value= {hashed: true, components: Object, theme: undefined, token: Object} > 
  at <ALocaleProvider locale=undefined ANT_MARK__="internalMark" > 
  at <LocaleReceiver children=fn<children> > 
  at <AConfigProvider theme= {token: Object} > 
  at <App> @ http://127.0.0.1:5175/@vite/client:528
[    2192ms] [WARNING] [Vue warn]: Invalid prop: type check failed for prop "onKeydown". Expected Function, got Array  
  at <ATextarea value="" onUpdate:value=fn rows=4  ... > 
  at <Anonymous value= {hashed: true, components: Object, theme: undefined, token: Object} > 
  at <ALocaleProvider locale=undefined ANT_MARK__="internalMark" > 
  at <LocaleReceiver children=fn<children> > 
  at <AConfigProvider theme= {token: Object} > 
  at <App> @ http://127.0.0.1:5175/@vite/client:528
[    2195ms] [WARNING] [Vue warn]: Invalid prop: type check failed for prop "onKeydown". Expected Function, got Array  
  at <ATextarea value="" onUpdate:value=fn rows=4  ... > 
  at <Anonymous value= {hashed: true, components: Object, theme: undefined, token: Object} > 
  at <ALocaleProvider locale=undefined ANT_MARK__="internalMark" > 
  at <LocaleReceiver children=fn<children> > 
  at <AConfigProvider theme= {token: Object} > 
  at <App> @ http://127.0.0.1:5175/@vite/client:528
[    2198ms] [WARNING] [Vue warn]: Invalid prop: type check failed for prop "onKeydown". Expected Function, got Array  
  at <ATextarea value="" onUpdate:value=fn rows=4  ... > 
  at <Anonymous value= {hashed: true, components: Object, theme: undefined, token: Object} > 
  at <ALocaleProvider locale=undefined ANT_MARK__="internalMark" > 
  at <LocaleReceiver children=fn<children> > 
  at <AConfigProvider theme= {token: Object} > 
  at <App> @ http://127.0.0.1:5175/@vite/client:528
[    2201ms] [WARNING] [Vue warn]: Invalid prop: type check failed for prop "onKeydown". Expected Function, got Array  
  at <ATextarea value="" onUpdate:value=fn rows=4  ... > 
  at <Anonymous value= {hashed: true, components: Object, theme: undefined, token: Object} > 
  at <ALocaleProvider locale=undefined ANT_MARK__="internalMark" > 
  at <LocaleReceiver children=fn<children> > 
  at <AConfigProvider theme= {token: Object} > 
  at <App> @ http://127.0.0.1:5175/@vite/client:528
[    2204ms] [WARNING] [Vue warn]: Invalid prop: type check failed for prop "onKeydown". Expected Function, got Array  
  at <ATextarea value="" onUpdate:value=fn rows=4  ... > 
  at <Anonymous value= {hashed: true, components: Object, theme: undefined, token: Object} > 
  at <ALocaleProvider locale=undefined ANT_MARK__="internalMark" > 
  at <LocaleReceiver children=fn<children> > 
  at <AConfigProvider theme= {token: Object} > 
  at <App> @ http://127.0.0.1:5175/@vite/client:528
[    2206ms] [WARNING] [Vue warn]: Invalid prop: type check failed for prop "onKeydown". Expected Function, got Array  
  at <ATextarea value="" onUpdate:value=fn rows=4  ... > 
  at <Anonymous value= {hashed: true, components: Object, theme: undefined, token: Object} > 
  at <ALocaleProvider locale=undefined ANT_MARK__="internalMark" > 
  at <LocaleReceiver children=fn<children> > 
  at <AConfigProvider theme= {token: Object} > 
  at <App> @ http://127.0.0.1:5175/@vite/client:528
[    2209ms] [WARNING] [Vue warn]: Invalid prop: type check failed for prop "onKeydown". Expected Function, got Array  
  at <ATextarea value="" onUpdate:value=fn rows=4  ... > 
  at <Anonymous value= {hashed: true, components: Object, theme: undefined, token: Object} > 
  at <ALocaleProvider locale=undefined ANT_MARK__="internalMark" > 
  at <LocaleReceiver children=fn<children> > 
  at <AConfigProvider theme= {token: Object} > 
  at <App> @ http://127.0.0.1:5175/@vite/client:528
[    2212ms] [WARNING] [Vue warn]: Invalid prop: type check failed for prop "onKeydown". Expected Function, got Array  
  at <ATextarea value="" onUpdate:value=fn rows=4  ... > 
  at <Anonymous value= {hashed: true, components: Object, theme: undefined, token: Object} > 
  at <ALocaleProvider locale=undefined ANT_MARK__="internalMark" > 
  at <LocaleReceiver children=fn<children> > 
  at <AConfigProvider theme= {token: Object} > 
  at <App> @ http://127.0.0.1:5175/@vite/client:528
[    2215ms] [WARNING] [Vue warn]: Invalid prop: type check failed for prop "onKeydown". Expected Function, got Array  
  at <ATextarea value="" onUpdate:value=fn rows=4  ... > 
  at <Anonymous value= {hashed: true, components: Object, theme: undefined, token: Object} > 
  at <ALocaleProvider locale=undefined ANT_MARK__="internalMark" > 
  at <LocaleReceiver children=fn<children> > 
  at <AConfigProvider theme= {token: Object} > 
  at <App> @ http://127.0.0.1:5175/@vite/client:528
[    2218ms] [WARNING] [Vue warn]: Invalid prop: type check failed for prop "onKeydown". Expected Function, got Array  
  at <ATextarea value="" onUpdate:value=fn rows=4  ... > 
  at <Anonymous value= {hashed: true, components: Object, theme: undefined, token: Object} > 
  at <ALocaleProvider locale=undefined ANT_MARK__="internalMark" > 
  at <LocaleReceiver children=fn<children> > 
  at <AConfigProvider theme= {token: Object} > 
  at <App> @ http://127.0.0.1:5175/@vite/client:528
[    2221ms] [WARNING] [Vue warn]: Invalid prop: type check failed for prop "onKeydown". Expected Function, got Array  
  at <ATextarea value="" onUpdate:value=fn rows=4  ... > 
  at <Anonymous value= {hashed: true, components: Object, theme: undefined, token: Object} > 
  at <ALocaleProvider locale=undefined ANT_MARK__="internalMark" > 
  at <LocaleReceiver children=fn<children> > 
  at <AConfigProvider theme= {token: Object} > 
  at <App> @ http://127.0.0.1:5175/@vite/client:528
[    2224ms] [WARNING] [Vue warn]: Invalid prop: type check failed for prop "onKeydown". Expected Function, got Array  
  at <ATextarea value="" onUpdate:value=fn rows=4  ... > 
  at <Anonymous value= {hashed: true, components: Object, theme: undefined, token: Object} > 
  at <ALocaleProvider locale=undefined ANT_MARK__="internalMark" > 
  at <LocaleReceiver children=fn<children> > 
  at <AConfigProvider theme= {token: Object} > 
  at <App> @ http://127.0.0.1:5175/@vite/client:528
[    2228ms] [WARNING] [Vue warn]: Invalid prop: type check failed for prop "onKeydown". Expected Function, got Array  
  at <ATextarea value="" onUpdate:value=fn rows=4  ... > 
  at <Anonymous value= {hashed: true, components: Object, theme: undefined, token: Object} > 
  at <ALocaleProvider locale=undefined ANT_MARK__="internalMark" > 
  at <LocaleReceiver children=fn<children> > 
  at <AConfigProvider theme= {token: Object} > 
  at <App> @ http://127.0.0.1:5175/@vite/client:528
[    2232ms] [WARNING] [Vue warn]: Invalid prop: type check failed for prop "onKeydown". Expected Function, got Array  
  at <ATextarea value="" onUpdate:value=fn rows=4  ... > 
  at <Anonymous value= {hashed: true, components: Object, theme: undefined, token: Object} > 
  at <ALocaleProvider locale=undefined ANT_MARK__="internalMark" > 
  at <LocaleReceiver children=fn<children> > 
  at <AConfigProvider theme= {token: Object} > 
  at <App> @ http://127.0.0.1:5175/@vite/client:528
[    2235ms] [WARNING] [Vue warn]: Invalid prop: type check failed for prop "onKeydown". Expected Function, got Array  
  at <ATextarea value="" onUpdate:value=fn rows=4  ... > 
  at <Anonymous value= {hashed: true, components: Object, theme: undefined, token: Object} > 
  at <ALocaleProvider locale=undefined ANT_MARK__="internalMark" > 
  at <LocaleReceiver children=fn<children> > 
  at <AConfigProvider theme= {token: Object} > 
  at <App> @ http://127.0.0.1:5175/@vite/client:528
[    2238ms] [WARNING] [Vue warn]: Invalid prop: type check failed for prop "onKeydown". Expected Function, got Array  
  at <ATextarea value="" onUpdate:value=fn rows=4  ... > 
  at <Anonymous value= {hashed: true, components: Object, theme: undefined, token: Object} > 
  at <ALocaleProvider locale=undefined ANT_MARK__="internalMark" > 
  at <LocaleReceiver children=fn<children> > 
  at <AConfigProvider theme= {token: Object} > 
  at <App> @ http://127.0.0.1:5175/@vite/client:528
[    2241ms] [WARNING] [Vue warn]: Invalid prop: type check failed for prop "onKeydown". Expected Function, got Array  
  at <ATextarea value="" onUpdate:value=fn rows=4  ... > 
  at <Anonymous value= {hashed: true, components: Object, theme: undefined, token: Object} > 
  at <ALocaleProvider locale=undefined ANT_MARK__="internalMark" > 
  at <LocaleReceiver children=fn<children> > 
  at <AConfigProvider theme= {token: Object} > 
  at <App> @ http://127.0.0.1:5175/@vite/client:528
[    2244ms] [WARNING] [Vue warn]: Invalid prop: type check failed for prop "onKeydown". Expected Function, got Array  
  at <ATextarea value="" onUpdate:value=fn rows=4  ... > 
  at <Anonymous value= {hashed: true, components: Object, theme: undefined, token: Object} > 
  at <ALocaleProvider locale=undefined ANT_MARK__="internalMark" > 
  at <LocaleReceiver children=fn<children> > 
  at <AConfigProvider theme= {token: Object} > 
  at <App> @ http://127.0.0.1:5175/@vite/client:528
[    2247ms] [WARNING] [Vue warn]: Invalid prop: type check failed for prop "onKeydown". Expected Function, got Array  
  at <ATextarea value="" onUpdate:value=fn rows=4  ... > 
  at <Anonymous value= {hashed: true, components: Object, theme: undefined, token: Object} > 
  at <ALocaleProvider locale=undefined ANT_MARK__="internalMark" > 
  at <LocaleReceiver children=fn<children> > 
  at <AConfigProvider theme= {token: Object} > 
  at <App> @ http://127.0.0.1:5175/@vite/client:528
[    2251ms] [WARNING] [Vue warn]: Invalid prop: type check failed for prop "onKeydown". Expected Function, got Array  
  at <ATextarea value="" onUpdate:value=fn rows=4  ... > 
  at <Anonymous value= {hashed: true, components: Object, theme: undefined, token: Object} > 
  at <ALocaleProvider locale=undefined ANT_MARK__="internalMark" > 
  at <LocaleReceiver children=fn<children> > 
  at <AConfigProvider theme= {token: Object} > 
  at <App> @ http://127.0.0.1:5175/@vite/client:528
[    2254ms] [WARNING] [Vue warn]: Invalid prop: type check failed for prop "onKeydown". Expected Function, got Array  
  at <ATextarea value="" onUpdate:value=fn rows=4  ... > 
  at <Anonymous value= {hashed: true, components: Object, theme: undefined, token: Object} > 
  at <ALocaleProvider locale=undefined ANT_MARK__="internalMark" > 
  at <LocaleReceiver children=fn<children> > 
  at <AConfigProvider theme= {token: Object} > 
  at <App> @ http://127.0.0.1:5175/@vite/client:528
[    2257ms] [WARNING] [Vue warn]: Invalid prop: type check failed for prop "onKeydown". Expected Function, got Array  
  at <ATextarea value="" onUpdate:value=fn rows=4  ... > 
  at <Anonymous value= {hashed: true, components: Object, theme: undefined, token: Object} > 
  at <ALocaleProvider locale=undefined ANT_MARK__="internalMark" > 
  at <LocaleReceiver children=fn<children> > 
  at <AConfigProvider theme= {token: Object} > 
  at <App> @ http://127.0.0.1:5175/@vite/client:528
[    2260ms] [WARNING] [Vue warn]: Invalid prop: type check failed for prop "onKeydown". Expected Function, got Array  
  at <ATextarea value="" onUpdate:value=fn rows=4  ... > 
  at <Anonymous value= {hashed: true, components: Object, theme: undefined, token: Object} > 
  at <ALocaleProvider locale=undefined ANT_MARK__="internalMark" > 
  at <LocaleReceiver children=fn<children> > 
  at <AConfigProvider theme= {token: Object} > 
  at <App> @ http://127.0.0.1:5175/@vite/client:528
[    2263ms] [WARNING] [Vue warn]: Invalid prop: type check failed for prop "onKeydown". Expected Function, got Array  
  at <ATextarea value="" onUpdate:value=fn rows=4  ... > 
  at <Anonymous value= {hashed: true, components: Object, theme: undefined, token: Object} > 
  at <ALocaleProvider locale=undefined ANT_MARK__="internalMark" > 
  at <LocaleReceiver children=fn<children> > 
  at <AConfigProvider theme= {token: Object} > 
  at <App> @ http://127.0.0.1:5175/@vite/client:528
[    2266ms] [WARNING] [Vue warn]: Invalid prop: type check failed for prop "onKeydown". Expected Function, got Array  
  at <ATextarea value="" onUpdate:value=fn rows=4  ... > 
  at <Anonymous value= {hashed: true, components: Object, theme: undefined, token: Object} > 
  at <ALocaleProvider locale=undefined ANT_MARK__="internalMark" > 
  at <LocaleReceiver children=fn<children> > 
  at <AConfigProvider theme= {token: Object} > 
  at <App> @ http://127.0.0.1:5175/@vite/client:528
[    2269ms] [WARNING] [Vue warn]: Invalid prop: type check failed for prop "onKeydown". Expected Function, got Array  
  at <ATextarea value="" onUpdate:value=fn rows=4  ... > 
  at <Anonymous value= {hashed: true, components: Object, theme: undefined, token: Object} > 
  at <ALocaleProvider locale=undefined ANT_MARK__="internalMark" > 
  at <LocaleReceiver children=fn<children> > 
  at <AConfigProvider theme= {token: Object} > 
  at <App> @ http://127.0.0.1:5175/@vite/client:528
[    2272ms] [WARNING] [Vue warn]: Invalid prop: type check failed for prop "onKeydown". Expected Function, got Array  
  at <ATextarea value="" onUpdate:value=fn rows=4  ... > 
  at <Anonymous value= {hashed: true, components: Object, theme: undefined, token: Object} > 
  at <ALocaleProvider locale=undefined ANT_MARK__="internalMark" > 
  at <LocaleReceiver children=fn<children> > 
  at <AConfigProvider theme= {token: Object} > 
  at <App> @ http://127.0.0.1:5175/@vite/client:528
[    2275ms] [WARNING] [Vue warn]: Invalid prop: type check failed for prop "onKeydown". Expected Function, got Array  
  at <ATextarea value="" onUpdate:value=fn rows=4  ... > 
  at <Anonymous value= {hashed: true, components: Object, theme: undefined, token: Object} > 
  at <ALocaleProvider locale=undefined ANT_MARK__="internalMark" > 
  at <LocaleReceiver children=fn<children> > 
  at <AConfigProvider theme= {token: Object} > 
  at <App> @ http://127.0.0.1:5175/@vite/client:528
[    2278ms] [WARNING] [Vue warn]: Invalid prop: type check failed for prop "onKeydown". Expected Function, got Array  
  at <ATextarea value="" onUpdate:value=fn rows=4  ... > 
  at <Anonymous value= {hashed: true, components: Object, theme: undefined, token: Object} > 
  at <ALocaleProvider locale=undefined ANT_MARK__="internalMark" > 
  at <LocaleReceiver children=fn<children> > 
  at <AConfigProvider theme= {token: Object} > 
  at <App> @ http://127.0.0.1:5175/@vite/client:528
[    2281ms] [WARNING] [Vue warn]: Invalid prop: type check failed for prop "onKeydown". Expected Function, got Array  
  at <ATextarea value="" onUpdate:value=fn rows=4  ... > 
  at <Anonymous value= {hashed: true, components: Object, theme: undefined, token: Object} > 
  at <ALocaleProvider locale=undefined ANT_MARK__="internalMark" > 
  at <LocaleReceiver children=fn<children> > 
  at <AConfigProvider theme= {token: Object} > 
  at <App> @ http://127.0.0.1:5175/@vite/client:528
[    2283ms] [WARNING] [Vue warn]: Invalid prop: type check failed for prop "onKeydown". Expected Function, got Array  
  at <ATextarea value="" onUpdate:value=fn rows=4  ... > 
  at <Anonymous value= {hashed: true, components: Object, theme: undefined, token: Object} > 
  at <ALocaleProvider locale=undefined ANT_MARK__="internalMark" > 
  at <LocaleReceiver children=fn<children> > 
  at <AConfigProvider theme= {token: Object} > 
  at <App> @ http://127.0.0.1:5175/@vite/client:528
[    2286ms] [WARNING] [Vue warn]: Invalid prop: type check failed for prop "onKeydown". Expected Function, got Array  
  at <ATextarea value="" onUpdate:value=fn rows=4  ... > 
  at <Anonymous value= {hashed: true, components: Object, theme: undefined, token: Object} > 
  at <ALocaleProvider locale=undefined ANT_MARK__="internalMark" > 
  at <LocaleReceiver children=fn<children> > 
  at <AConfigProvider theme= {token: Object} > 
  at <App> @ http://127.0.0.1:5175/@vite/client:528
[    2289ms] [WARNING] [Vue warn]: Invalid prop: type check failed for prop "onKeydown". Expected Function, got Array  
  at <ATextarea value="" onUpdate:value=fn rows=4  ... > 
  at <Anonymous value= {hashed: true, components: Object, theme: undefined, token: Object} > 
  at <ALocaleProvider locale=undefined ANT_MARK__="internalMark" > 
  at <LocaleReceiver children=fn<children> > 
  at <AConfigProvider theme= {token: Object} > 
  at <App> @ http://127.0.0.1:5175/@vite/client:528
[    2292ms] [WARNING] [Vue warn]: Invalid prop: type check failed for prop "onKeydown". Expected Function, got Array  
  at <ATextarea value="" onUpdate:value=fn rows=4  ... > 
  at <Anonymous value= {hashed: true, components: Object, theme: undefined, token: Object} > 
  at <ALocaleProvider locale=undefined ANT_MARK__="internalMark" > 
  at <LocaleReceiver children=fn<children> > 
  at <AConfigProvider theme= {token: Object} > 
  at <App> @ http://127.0.0.1:5175/@vite/client:528
[    2295ms] [WARNING] [Vue warn]: Invalid prop: type check failed for prop "onKeydown". Expected Function, got Array  
  at <ATextarea value="" onUpdate:value=fn rows=4  ... > 
  at <Anonymous value= {hashed: true, components: Object, theme: undefined, token: Object} > 
  at <ALocaleProvider locale=undefined ANT_MARK__="internalMark" > 
  at <LocaleReceiver children=fn<children> > 
  at <AConfigProvider theme= {token: Object} > 
  at <App> @ http://127.0.0.1:5175/@vite/client:528
[    2298ms] [WARNING] [Vue warn]: Invalid prop: type check failed for prop "onKeydown". Expected Function, got Array  
  at <ATextarea value="" onUpdate:value=fn rows=4  ... > 
  at <Anonymous value= {hashed: true, components: Object, theme: undefined, token: Object} > 
  at <ALocaleProvider locale=undefined ANT_MARK__="internalMark" > 
  at <LocaleReceiver children=fn<children> > 
  at <AConfigProvider theme= {token: Object} > 
  at <App> @ http://127.0.0.1:5175/@vite/client:528
[    2301ms] [WARNING] [Vue warn]: Invalid prop: type check failed for prop "onKeydown". Expected Function, got Array  
  at <ATextarea value="" onUpdate:value=fn rows=4  ... > 
  at <Anonymous value= {hashed: true, components: Object, theme: undefined, token: Object} > 
  at <ALocaleProvider locale=undefined ANT_MARK__="internalMark" > 
  at <LocaleReceiver children=fn<children> > 
  at <AConfigProvider theme= {token: Object} > 
  at <App> @ http://127.0.0.1:5175/@vite/client:528
[    2304ms] [WARNING] [Vue warn]: Invalid prop: type check failed for prop "onKeydown". Expected Function, got Array  
  at <ATextarea value="" onUpdate:value=fn rows=4  ... > 
  at <Anonymous value= {hashed: true, components: Object, theme: undefined, token: Object} > 
  at <ALocaleProvider locale=undefined ANT_MARK__="internalMark" > 
  at <LocaleReceiver children=fn<children> > 
  at <AConfigProvider theme= {token: Object} > 
  at <App> @ http://127.0.0.1:5175/@vite/client:528
[    2307ms] [WARNING] [Vue warn]: Invalid prop: type check failed for prop "onKeydown". Expected Function, got Array  
  at <ATextarea value="" onUpdate:value=fn rows=4  ... > 
  at <Anonymous value= {hashed: true, components: Object, theme: undefined, token: Object} > 
  at <ALocaleProvider locale=undefined ANT_MARK__="internalMark" > 
  at <LocaleReceiver children=fn<children> > 
  at <AConfigProvider theme= {token: Object} > 
  at <App> @ http://127.0.0.1:5175/@vite/client:528
[    2310ms] [WARNING] [Vue warn]: Invalid prop: type check failed for prop "onKeydown". Expected Function, got Array  
  at <ATextarea value="" onUpdate:value=fn rows=4  ... > 
  at <Anonymous value= {hashed: true, components: Object, theme: undefined, token: Object} > 
  at <ALocaleProvider locale=undefined ANT_MARK__="internalMark" > 
  at <LocaleReceiver children=fn<children> > 
  at <AConfigProvider theme= {token: Object} > 
  at <App> @ http://127.0.0.1:5175/@vite/client:528
[    2312ms] [WARNING] [Vue warn]: Invalid prop: type check failed for prop "onKeydown". Expected Function, got Array  
  at <ATextarea value="" onUpdate:value=fn rows=4  ... > 
  at <Anonymous value= {hashed: true, components: Object, theme: undefined, token: Object} > 
  at <ALocaleProvider locale=undefined ANT_MARK__="internalMark" > 
  at <LocaleReceiver children=fn<children> > 
  at <AConfigProvider theme= {token: Object} > 
  at <App> @ http://127.0.0.1:5175/@vite/client:528
[    2315ms] [WARNING] [Vue warn]: Invalid prop: type check failed for prop "onKeydown". Expected Function, got Array  
  at <ATextarea value="" onUpdate:value=fn rows=4  ... > 
  at <Anonymous value= {hashed: true, components: Object, theme: undefined, token: Object} > 
  at <ALocaleProvider locale=undefined ANT_MARK__="internalMark" > 
  at <LocaleReceiver children=fn<children> > 
  at <AConfigProvider theme= {token: Object} > 
  at <App> @ http://127.0.0.1:5175/@vite/client:528
[    2318ms] [WARNING] [Vue warn]: Invalid prop: type check failed for prop "onKeydown". Expected Function, got Array  
  at <ATextarea value="" onUpdate:value=fn rows=4  ... > 
  at <Anonymous value= {hashed: true, components: Object, theme: undefined, token: Object} > 
  at <ALocaleProvider locale=undefined ANT_MARK__="internalMark" > 
  at <LocaleReceiver children=fn<children> > 
  at <AConfigProvider theme= {token: Object} > 
  at <App> @ http://127.0.0.1:5175/@vite/client:528
[    2322ms] [WARNING] [Vue warn]: Invalid prop: type check failed for prop "onKeydown". Expected Function, got Array  
  at <ATextarea value="" onUpdate:value=fn rows=4  ... > 
  at <Anonymous value= {hashed: true, components: Object, theme: undefined, token: Object} > 
  at <ALocaleProvider locale=undefined ANT_MARK__="internalMark" > 
  at <LocaleReceiver children=fn<children> > 
  at <AConfigProvider theme= {token: Object} > 
  at <App> @ http://127.0.0.1:5175/@vite/client:528
[    2326ms] [WARNING] [Vue warn]: Invalid prop: type check failed for prop "onKeydown". Expected Function, got Array  
  at <ATextarea value="" onUpdate:value=fn rows=4  ... > 
  at <Anonymous value= {hashed: true, components: Object, theme: undefined, token: Object} > 
  at <ALocaleProvider locale=undefined ANT_MARK__="internalMark" > 
  at <LocaleReceiver children=fn<children> > 
  at <AConfigProvider theme= {token: Object} > 
  at <App> @ http://127.0.0.1:5175/@vite/client:528
[    2329ms] [WARNING] [Vue warn]: Invalid prop: type check failed for prop "onKeydown". Expected Function, got Array  
  at <ATextarea value="" onUpdate:value=fn rows=4  ... > 
  at <Anonymous value= {hashed: true, components: Object, theme: undefined, token: Object} > 
  at <ALocaleProvider locale=undefined ANT_MARK__="internalMark" > 
  at <LocaleReceiver children=fn<children> > 
  at <AConfigProvider theme= {token: Object} > 
  at <App> @ http://127.0.0.1:5175/@vite/client:528
[    2332ms] [WARNING] [Vue warn]: Invalid prop: type check failed for prop "onKeydown". Expected Function, got Array  
  at <ATextarea value="" onUpdate:value=fn rows=4  ... > 
  at <Anonymous value= {hashed: true, components: Object, theme: undefined, token: Object} > 
  at <ALocaleProvider locale=undefined ANT_MARK__="internalMark" > 
  at <LocaleReceiver children=fn<children> > 
  at <AConfigProvider theme= {token: Object} > 
  at <App> @ http://127.0.0.1:5175/@vite/client:528
[    2336ms] [WARNING] [Vue warn]: Invalid prop: type check failed for prop "onKeydown". Expected Function, got Array  
  at <ATextarea value="" onUpdate:value=fn rows=4  ... > 
  at <Anonymous value= {hashed: true, components: Object, theme: undefined, token: Object} > 
  at <ALocaleProvider locale=undefined ANT_MARK__="internalMark" > 
  at <LocaleReceiver children=fn<children> > 
  at <AConfigProvider theme= {token: Object} > 
  at <App> @ http://127.0.0.1:5175/@vite/client:528
[    2339ms] [WARNING] [Vue warn]: Invalid prop: type check failed for prop "onKeydown". Expected Function, got Array  
  at <ATextarea value="" onUpdate:value=fn rows=4  ... > 
  at <Anonymous value= {hashed: true, components: Object, theme: undefined, token: Object} > 
  at <ALocaleProvider locale=undefined ANT_MARK__="internalMark" > 
  at <LocaleReceiver children=fn<children> > 
  at <AConfigProvider theme= {token: Object} > 
  at <App> @ http://127.0.0.1:5175/@vite/client:528
[    2341ms] [WARNING] [Vue warn]: Invalid prop: type check failed for prop "onKeydown". Expected Function, got Array  
  at <ATextarea value="" onUpdate:value=fn rows=4  ... > 
  at <Anonymous value= {hashed: true, components: Object, theme: undefined, token: Object} > 
  at <ALocaleProvider locale=undefined ANT_MARK__="internalMark" > 
  at <LocaleReceiver children=fn<children> > 
  at <AConfigProvider theme= {token: Object} > 
  at <App> @ http://127.0.0.1:5175/@vite/client:528
[    2345ms] [WARNING] [Vue warn]: Invalid prop: type check failed for prop "onKeydown". Expected Function, got Array  
  at <ATextarea value="" onUpdate:value=fn rows=4  ... > 
  at <Anonymous value= {hashed: true, components: Object, theme: undefined, token: Object} > 
  at <ALocaleProvider locale=undefined ANT_MARK__="internalMark" > 
  at <LocaleReceiver children=fn<children> > 
  at <AConfigProvider theme= {token: Object} > 
  at <App> @ http://127.0.0.1:5175/@vite/client:528
[    2349ms] [WARNING] [Vue warn]: Invalid prop: type check failed for prop "onKeydown". Expected Function, got Array  
  at <ATextarea value="" onUpdate:value=fn rows=4  ... > 
  at <Anonymous value= {hashed: true, components: Object, theme: undefined, token: Object} > 
  at <ALocaleProvider locale=undefined ANT_MARK__="internalMark" > 
  at <LocaleReceiver children=fn<children> > 
  at <AConfigProvider theme= {token: Object} > 
  at <App> @ http://127.0.0.1:5175/@vite/client:528
[    2352ms] [WARNING] [Vue warn]: Invalid prop: type check failed for prop "onKeydown". Expected Function, got Array  
  at <ATextarea value="" onUpdate:value=fn rows=4  ... > 
  at <Anonymous value= {hashed: true, components: Object, theme: undefined, token: Object} > 
  at <ALocaleProvider locale=undefined ANT_MARK__="internalMark" > 
  at <LocaleReceiver children=fn<children> > 
  at <AConfigProvider theme= {token: Object} > 
  at <App> @ http://127.0.0.1:5175/@vite/client:528
[    2356ms] [WARNING] [Vue warn]: Invalid prop: type check failed for prop "onKeydown". Expected Function, got Array  
  at <ATextarea value="" onUpdate:value=fn rows=4  ... > 
  at <Anonymous value= {hashed: true, components: Object, theme: undefined, token: Object} > 
  at <ALocaleProvider locale=undefined ANT_MARK__="internalMark" > 
  at <LocaleReceiver children=fn<children> > 
  at <AConfigProvider theme= {token: Object} > 
  at <App> @ http://127.0.0.1:5175/@vite/client:528
[    2359ms] [WARNING] [Vue warn]: Invalid prop: type check failed for prop "onKeydown". Expected Function, got Array  
  at <ATextarea value="" onUpdate:value=fn rows=4  ... > 
  at <Anonymous value= {hashed: true, components: Object, theme: undefined, token: Object} > 
  at <ALocaleProvider locale=undefined ANT_MARK__="internalMark" > 
  at <LocaleReceiver children=fn<children> > 
  at <AConfigProvider theme= {token: Object} > 
  at <App> @ http://127.0.0.1:5175/@vite/client:528
[    2363ms] [WARNING] [Vue warn]: Invalid prop: type check failed for prop "onKeydown". Expected Function, got Array  
  at <ATextarea value="" onUpdate:value=fn rows=4  ... > 
  at <Anonymous value= {hashed: true, components: Object, theme: undefined, token: Object} > 
  at <ALocaleProvider locale=undefined ANT_MARK__="internalMark" > 
  at <LocaleReceiver children=fn<children> > 
  at <AConfigProvider theme= {token: Object} > 
  at <App> @ http://127.0.0.1:5175/@vite/client:528
[    2366ms] [WARNING] [Vue warn]: Invalid prop: type check failed for prop "onKeydown". Expected Function, got Array  
  at <ATextarea value="" onUpdate:value=fn rows=4  ... > 
  at <Anonymous value= {hashed: true, components: Object, theme: undefined, token: Object} > 
  at <ALocaleProvider locale=undefined ANT_MARK__="internalMark" > 
  at <LocaleReceiver children=fn<children> > 
  at <AConfigProvider theme= {token: Object} > 
  at <App> @ http://127.0.0.1:5175/@vite/client:528
[    2369ms] [WARNING] [Vue warn]: Invalid prop: type check failed for prop "onKeydown". Expected Function, got Array  
  at <ATextarea value="" onUpdate:value=fn rows=4  ... > 
  at <Anonymous value= {hashed: true, components: Object, theme: undefined, token: Object} > 
  at <ALocaleProvider locale=undefined ANT_MARK__="internalMark" > 
  at <LocaleReceiver children=fn<children> > 
  at <AConfigProvider theme= {token: Object} > 
  at <App> @ http://127.0.0.1:5175/@vite/client:528
[    2372ms] [WARNING] [Vue warn]: Invalid prop: type check failed for prop "onKeydown". Expected Function, got Array  
  at <ATextarea value="" onUpdate:value=fn rows=4  ... > 
  at <Anonymous value= {hashed: true, components: Object, theme: undefined, token: Object} > 
  at <ALocaleProvider locale=undefined ANT_MARK__="internalMark" > 
  at <LocaleReceiver children=fn<children> > 
  at <AConfigProvider theme= {token: Object} > 
  at <App> @ http://127.0.0.1:5175/@vite/client:528
[    2375ms] [WARNING] [Vue warn]: Invalid prop: type check failed for prop "onKeydown". Expected Function, got Array  
  at <ATextarea value="" onUpdate:value=fn rows=4  ... > 
  at <Anonymous value= {hashed: true, components: Object, theme: undefined, token: Object} > 
  at <ALocaleProvider locale=undefined ANT_MARK__="internalMark" > 
  at <LocaleReceiver children=fn<children> > 
  at <AConfigProvider theme= {token: Object} > 
  at <App> @ http://127.0.0.1:5175/@vite/client:528
[    2378ms] [WARNING] [Vue warn]: Invalid prop: type check failed for prop "onKeydown". Expected Function, got Array  
  at <ATextarea value="" onUpdate:value=fn rows=4  ... > 
  at <Anonymous value= {hashed: true, components: Object, theme: undefined, token: Object} > 
  at <ALocaleProvider locale=undefined ANT_MARK__="internalMark" > 
  at <LocaleReceiver children=fn<children> > 
  at <AConfigProvider theme= {token: Object} > 
  at <App> @ http://127.0.0.1:5175/@vite/client:528
[    2381ms] [WARNING] [Vue warn]: Invalid prop: type check failed for prop "onKeydown". Expected Function, got Array  
  at <ATextarea value="" onUpdate:value=fn rows=4  ... > 
  at <Anonymous value= {hashed: true, components: Object, theme: undefined, token: Object} > 
  at <ALocaleProvider locale=undefined ANT_MARK__="internalMark" > 
  at <LocaleReceiver children=fn<children> > 
  at <AConfigProvider theme= {token: Object} > 
  at <App> @ http://127.0.0.1:5175/@vite/client:528
[    2384ms] [WARNING] [Vue warn]: Invalid prop: type check failed for prop "onKeydown". Expected Function, got Array  
  at <ATextarea value="" onUpdate:value=fn rows=4  ... > 
  at <Anonymous value= {hashed: true, components: Object, theme: undefined, token: Object} > 
  at <ALocaleProvider locale=undefined ANT_MARK__="internalMark" > 
  at <LocaleReceiver children=fn<children> > 
  at <AConfigProvider theme= {token: Object} > 
  at <App> @ http://127.0.0.1:5175/@vite/client:528
[    2387ms] [WARNING] [Vue warn]: Invalid prop: type check failed for prop "onKeydown". Expected Function, got Array  
  at <ATextarea value="" onUpdate:value=fn rows=4  ... > 
  at <Anonymous value= {hashed: true, components: Object, theme: undefined, token: Object} > 
  at <ALocaleProvider locale=undefined ANT_MARK__="internalMark" > 
  at <LocaleReceiver children=fn<children> > 
  at <AConfigProvider theme= {token: Object} > 
  at <App> @ http://127.0.0.1:5175/@vite/client:528
[    2390ms] [WARNING] [Vue warn]: Invalid prop: type check failed for prop "onKeydown". Expected Function, got Array  
  at <ATextarea value="" onUpdate:value=fn rows=4  ... > 
  at <Anonymous value= {hashed: true, components: Object, theme: undefined, token: Object} > 
  at <ALocaleProvider locale=undefined ANT_MARK__="internalMark" > 
  at <LocaleReceiver children=fn<children> > 
  at <AConfigProvider theme= {token: Object} > 
  at <App> @ http://127.0.0.1:5175/@vite/client:528
[    2393ms] [WARNING] [Vue warn]: Invalid prop: type check failed for prop "onKeydown". Expected Function, got Array  
  at <ATextarea value="" onUpdate:value=fn rows=4  ... > 
  at <Anonymous value= {hashed: true, components: Object, theme: undefined, token: Object} > 
  at <ALocaleProvider locale=undefined ANT_MARK__="internalMark" > 
  at <LocaleReceiver children=fn<children> > 
  at <AConfigProvider theme= {token: Object} > 
  at <App> @ http://127.0.0.1:5175/@vite/client:528
[    2396ms] [WARNING] [Vue warn]: Invalid prop: type check failed for prop "onKeydown". Expected Function, got Array  
  at <ATextarea value="" onUpdate:value=fn rows=4  ... > 
  at <Anonymous value= {hashed: true, components: Object, theme: undefined, token: Object} > 
  at <ALocaleProvider locale=undefined ANT_MARK__="internalMark" > 
  at <LocaleReceiver children=fn<children> > 
  at <AConfigProvider theme= {token: Object} > 
  at <App> @ http://127.0.0.1:5175/@vite/client:528
[    2398ms] [WARNING] [Vue warn]: Invalid prop: type check failed for prop "onKeydown". Expected Function, got Array  
  at <ATextarea value="" onUpdate:value=fn rows=4  ... > 
  at <Anonymous value= {hashed: true, components: Object, theme: undefined, token: Object} > 
  at <ALocaleProvider locale=undefined ANT_MARK__="internalMark" > 
  at <LocaleReceiver children=fn<children> > 
  at <AConfigProvider theme= {token: Object} > 
  at <App> @ http://127.0.0.1:5175/@vite/client:528
[    2401ms] [WARNING] [Vue warn]: Invalid prop: type check failed for prop "onKeydown". Expected Function, got Array  
  at <ATextarea value="" onUpdate:value=fn rows=4  ... > 
  at <Anonymous value= {hashed: true, components: Object, theme: undefined, token: Object} > 
  at <ALocaleProvider locale=undefined ANT_MARK__="internalMark" > 
  at <LocaleReceiver children=fn<children> > 
  at <AConfigProvider theme= {token: Object} > 
  at <App> @ http://127.0.0.1:5175/@vite/client:528
[    2404ms] [WARNING] [Vue warn]: Invalid prop: type check failed for prop "onKeydown". Expected Function, got Array  
  at <ATextarea value="" onUpdate:value=fn rows=4  ... > 
  at <Anonymous value= {hashed: true, components: Object, theme: undefined, token: Object} > 
  at <ALocaleProvider locale=undefined ANT_MARK__="internalMark" > 
  at <LocaleReceiver children=fn<children> > 
  at <AConfigProvider theme= {token: Object} > 
  at <App> @ http://127.0.0.1:5175/@vite/client:528
[    2407ms] [WARNING] [Vue warn]: Invalid prop: type check failed for prop "onKeydown". Expected Function, got Array  
  at <ATextarea value="" onUpdate:value=fn rows=4  ... > 
  at <Anonymous value= {hashed: true, components: Object, theme: undefined, token: Object} > 
  at <ALocaleProvider locale=undefined ANT_MARK__="internalMark" > 
  at <LocaleReceiver children=fn<children> > 
  at <AConfigProvider theme= {token: Object} > 
  at <App> @ http://127.0.0.1:5175/@vite/client:528
[    2410ms] [WARNING] [Vue warn]: Invalid prop: type check failed for prop "onKeydown". Expected Function, got Array  
  at <ATextarea value="" onUpdate:value=fn rows=4  ... > 
  at <Anonymous value= {hashed: true, components: Object, theme: undefined, token: Object} > 
  at <ALocaleProvider locale=undefined ANT_MARK__="internalMark" > 
  at <LocaleReceiver children=fn<children> > 
  at <AConfigProvider theme= {token: Object} > 
  at <App> @ http://127.0.0.1:5175/@vite/client:528
[    2413ms] [WARNING] [Vue warn]: Invalid prop: type check failed for prop "onKeydown". Expected Function, got Array  
  at <ATextarea value="" onUpdate:value=fn rows=4  ... > 
  at <Anonymous value= {hashed: true, components: Object, theme: undefined, token: Object} > 
  at <ALocaleProvider locale=undefined ANT_MARK__="internalMark" > 
  at <LocaleReceiver children=fn<children> > 
  at <AConfigProvider theme= {token: Object} > 
  at <App> @ http://127.0.0.1:5175/@vite/client:528
[    2416ms] [WARNING] [Vue warn]: Invalid prop: type check failed for prop "onKeydown". Expected Function, got Array  
  at <ATextarea value="" onUpdate:value=fn rows=4  ... > 
  at <Anonymous value= {hashed: true, components: Object, theme: undefined, token: Object} > 
  at <ALocaleProvider locale=undefined ANT_MARK__="internalMark" > 
  at <LocaleReceiver children=fn<children> > 
  at <AConfigProvider theme= {token: Object} > 
  at <App> @ http://127.0.0.1:5175/@vite/client:528
[    2420ms] [WARNING] [Vue warn]: Invalid prop: type check failed for prop "onKeydown". Expected Function, got Array  
  at <ATextarea value="" onUpdate:value=fn rows=4  ... > 
  at <Anonymous value= {hashed: true, components: Object, theme: undefined, token: Object} > 
  at <ALocaleProvider locale=undefined ANT_MARK__="internalMark" > 
  at <LocaleReceiver children=fn<children> > 
  at <AConfigProvider theme= {token: Object} > 
  at <App> @ http://127.0.0.1:5175/@vite/client:528
[    2424ms] [WARNING] [Vue warn]: Invalid prop: type check failed for prop "onKeydown". Expected Function, got Array  
  at <ATextarea value="" onUpdate:value=fn rows=4  ... > 
  at <Anonymous value= {hashed: true, components: Object, theme: undefined, token: Object} > 
  at <ALocaleProvider locale=undefined ANT_MARK__="internalMark" > 
  at <LocaleReceiver children=fn<children> > 
  at <AConfigProvider theme= {token: Object} > 
  at <App> @ http://127.0.0.1:5175/@vite/client:528
[    2427ms] [WARNING] [Vue warn]: Invalid prop: type check failed for prop "onKeydown". Expected Function, got Array  
  at <ATextarea value="" onUpdate:value=fn rows=4  ... > 
  at <Anonymous value= {hashed: true, components: Object, theme: undefined, token: Object} > 
  at <ALocaleProvider locale=undefined ANT_MARK__="internalMark" > 
  at <LocaleReceiver children=fn<children> > 
  at <AConfigProvider theme= {token: Object} > 
  at <App> @ http://127.0.0.1:5175/@vite/client:528
[    2431ms] [WARNING] [Vue warn]: Invalid prop: type check failed for prop "onKeydown". Expected Function, got Array  
  at <ATextarea value="" onUpdate:value=fn rows=4  ... > 
  at <Anonymous value= {hashed: true, components: Object, theme: undefined, token: Object} > 
  at <ALocaleProvider locale=undefined ANT_MARK__="internalMark" > 
  at <LocaleReceiver children=fn<children> > 
  at <AConfigProvider theme= {token: Object} > 
  at <App> @ http://127.0.0.1:5175/@vite/client:528
[    2434ms] [WARNING] [Vue warn]: Invalid prop: type check failed for prop "onKeydown". Expected Function, got Array  
  at <ATextarea value="" onUpdate:value=fn rows=4  ... > 
  at <Anonymous value= {hashed: true, components: Object, theme: undefined, token: Object} > 
  at <ALocaleProvider locale=undefined ANT_MARK__="internalMark" > 
  at <LocaleReceiver children=fn<children> > 
  at <AConfigProvider theme= {token: Object} > 
  at <App> @ http://127.0.0.1:5175/@vite/client:528
[    2437ms] [WARNING] [Vue warn]: Invalid prop: type check failed for prop "onKeydown". Expected Function, got Array  
  at <ATextarea value="" onUpdate:value=fn rows=4  ... > 
  at <Anonymous value= {hashed: true, components: Object, theme: undefined, token: Object} > 
  at <ALocaleProvider locale=undefined ANT_MARK__="internalMark" > 
  at <LocaleReceiver children=fn<children> > 
  at <AConfigProvider theme= {token: Object} > 
  at <App> @ http://127.0.0.1:5175/@vite/client:528
[    2440ms] [WARNING] [Vue warn]: Invalid prop: type check failed for prop "onKeydown". Expected Function, got Array  
  at <ATextarea value="" onUpdate:value=fn rows=4  ... > 
  at <Anonymous value= {hashed: true, components: Object, theme: undefined, token: Object} > 
  at <ALocaleProvider locale=undefined ANT_MARK__="internalMark" > 
  at <LocaleReceiver children=fn<children> > 
  at <AConfigProvider theme= {token: Object} > 
  at <App> @ http://127.0.0.1:5175/@vite/client:528
[    2443ms] [WARNING] [Vue warn]: Invalid prop: type check failed for prop "onKeydown". Expected Function, got Array  
  at <ATextarea value="" onUpdate:value=fn rows=4  ... > 
  at <Anonymous value= {hashed: true, components: Object, theme: undefined, token: Object} > 
  at <ALocaleProvider locale=undefined ANT_MARK__="internalMark" > 
  at <LocaleReceiver children=fn<children> > 
  at <AConfigProvider theme= {token: Object} > 
  at <App> @ http://127.0.0.1:5175/@vite/client:528
[    2446ms] [WARNING] [Vue warn]: Invalid prop: type check failed for prop "onKeydown". Expected Function, got Array  
  at <ATextarea value="" onUpdate:value=fn rows=4  ... > 
  at <Anonymous value= {hashed: true, components: Object, theme: undefined, token: Object} > 
  at <ALocaleProvider locale=undefined ANT_MARK__="internalMark" > 
  at <LocaleReceiver children=fn<children> > 
  at <AConfigProvider theme= {token: Object} > 
  at <App> @ http://127.0.0.1:5175/@vite/client:528
[    2449ms] [WARNING] [Vue warn]: Invalid prop: type check failed for prop "onKeydown". Expected Function, got Array  
  at <ATextarea value="" onUpdate:value=fn rows=4  ... > 
  at <Anonymous value= {hashed: true, components: Object, theme: undefined, token: Object} > 
  at <ALocaleProvider locale=undefined ANT_MARK__="internalMark" > 
  at <LocaleReceiver children=fn<children> > 
  at <AConfigProvider theme= {token: Object} > 
  at <App> @ http://127.0.0.1:5175/@vite/client:528
[    2452ms] [WARNING] [Vue warn]: Invalid prop: type check failed for prop "onKeydown". Expected Function, got Array  
  at <ATextarea value="" onUpdate:value=fn rows=4  ... > 
  at <Anonymous value= {hashed: true, components: Object, theme: undefined, token: Object} > 
  at <ALocaleProvider locale=undefined ANT_MARK__="internalMark" > 
  at <LocaleReceiver children=fn<children> > 
  at <AConfigProvider theme= {token: Object} > 
  at <App> @ http://127.0.0.1:5175/@vite/client:528
[    2455ms] [WARNING] [Vue warn]: Invalid prop: type check failed for prop "onKeydown". Expected Function, got Array  
  at <ATextarea value="" onUpdate:value=fn rows=4  ... > 
  at <Anonymous value= {hashed: true, components: Object, theme: undefined, token: Object} > 
  at <ALocaleProvider locale=undefined ANT_MARK__="internalMark" > 
  at <LocaleReceiver children=fn<children> > 
  at <AConfigProvider theme= {token: Object} > 
  at <App> @ http://127.0.0.1:5175/@vite/client:528
[    2458ms] [WARNING] [Vue warn]: Invalid prop: type check failed for prop "onKeydown". Expected Function, got Array  
  at <ATextarea value="" onUpdate:value=fn rows=4  ... > 
  at <Anonymous value= {hashed: true, components: Object, theme: undefined, token: Object} > 
  at <ALocaleProvider locale=undefined ANT_MARK__="internalMark" > 
  at <LocaleReceiver children=fn<children> > 
  at <AConfigProvider theme= {token: Object} > 
  at <App> @ http://127.0.0.1:5175/@vite/client:528
[    2461ms] [WARNING] [Vue warn]: Invalid prop: type check failed for prop "onKeydown". Expected Function, got Array  
  at <ATextarea value="" onUpdate:value=fn rows=4  ... > 
  at <Anonymous value= {hashed: true, components: Object, theme: undefined, token: Object} > 
  at <ALocaleProvider locale=undefined ANT_MARK__="internalMark" > 
  at <LocaleReceiver children=fn<children> > 
  at <AConfigProvider theme= {token: Object} > 
  at <App> @ http://127.0.0.1:5175/@vite/client:528
[    2464ms] [WARNING] [Vue warn]: Invalid prop: type check failed for prop "onKeydown". Expected Function, got Array  
  at <ATextarea value="" onUpdate:value=fn rows=4  ... > 
  at <Anonymous value= {hashed: true, components: Object, theme: undefined, token: Object} > 
  at <ALocaleProvider locale=undefined ANT_MARK__="internalMark" > 
  at <LocaleReceiver children=fn<children> > 
  at <AConfigProvider theme= {token: Object} > 
  at <App> @ http://127.0.0.1:5175/@vite/client:528
[    2468ms] [WARNING] [Vue warn]: Invalid prop: type check failed for prop "onKeydown". Expected Function, got Array  
  at <ATextarea value="" onUpdate:value=fn rows=4  ... > 
  at <Anonymous value= {hashed: true, components: Object, theme: undefined, token: Object} > 
  at <ALocaleProvider locale=undefined ANT_MARK__="internalMark" > 
  at <LocaleReceiver children=fn<children> > 
  at <AConfigProvider theme= {token: Object} > 
  at <App> @ http://127.0.0.1:5175/@vite/client:528
[    2471ms] [WARNING] [Vue warn]: Invalid prop: type check failed for prop "onKeydown". Expected Function, got Array  
  at <ATextarea value="" onUpdate:value=fn rows=4  ... > 
  at <Anonymous value= {hashed: true, components: Object, theme: undefined, token: Object} > 
  at <ALocaleProvider locale=undefined ANT_MARK__="internalMark" > 
  at <LocaleReceiver children=fn<children> > 
  at <AConfigProvider theme= {token: Object} > 
  at <App> @ http://127.0.0.1:5175/@vite/client:528
[    2474ms] [WARNING] [Vue warn]: Invalid prop: type check failed for prop "onKeydown". Expected Function, got Array  
  at <ATextarea value="" onUpdate:value=fn rows=4  ... > 
  at <Anonymous value= {hashed: true, components: Object, theme: undefined, token: Object} > 
  at <ALocaleProvider locale=undefined ANT_MARK__="internalMark" > 
  at <LocaleReceiver children=fn<children> > 
  at <AConfigProvider theme= {token: Object} > 
  at <App> @ http://127.0.0.1:5175/@vite/client:528
[    2477ms] [WARNING] [Vue warn]: Invalid prop: type check failed for prop "onKeydown". Expected Function, got Array  
  at <ATextarea value="" onUpdate:value=fn rows=4  ... > 
  at <Anonymous value= {hashed: true, components: Object, theme: undefined, token: Object} > 
  at <ALocaleProvider locale=undefined ANT_MARK__="internalMark" > 
  at <LocaleReceiver children=fn<children> > 
  at <AConfigProvider theme= {token: Object} > 
  at <App> @ http://127.0.0.1:5175/@vite/client:528
[    2480ms] [WARNING] [Vue warn]: Invalid prop: type check failed for prop "onKeydown". Expected Function, got Array  
  at <ATextarea value="" onUpdate:value=fn rows=4  ... > 
  at <Anonymous value= {hashed: true, components: Object, theme: undefined, token: Object} > 
  at <ALocaleProvider locale=undefined ANT_MARK__="internalMark" > 
  at <LocaleReceiver children=fn<children> > 
  at <AConfigProvider theme= {token: Object} > 
  at <App> @ http://127.0.0.1:5175/@vite/client:528
[    2483ms] [WARNING] [Vue warn]: Invalid prop: type check failed for prop "onKeydown". Expected Function, got Array  
  at <ATextarea value="" onUpdate:value=fn rows=4  ... > 
  at <Anonymous value= {hashed: true, components: Object, theme: undefined, token: Object} > 
  at <ALocaleProvider locale=undefined ANT_MARK__="internalMark" > 
  at <LocaleReceiver children=fn<children> > 
  at <AConfigProvider theme= {token: Object} > 
  at <App> @ http://127.0.0.1:5175/@vite/client:528
[    2486ms] [WARNING] [Vue warn]: Invalid prop: type check failed for prop "onKeydown". Expected Function, got Array  
  at <ATextarea value="" onUpdate:value=fn rows=4  ... > 
  at <Anonymous value= {hashed: true, components: Object, theme: undefined, token: Object} > 
  at <ALocaleProvider locale=undefined ANT_MARK__="internalMark" > 
  at <LocaleReceiver children=fn<children> > 
  at <AConfigProvider theme= {token: Object} > 
  at <App> @ http://127.0.0.1:5175/@vite/client:528
[    2490ms] [WARNING] [Vue warn]: Invalid prop: type check failed for prop "onKeydown". Expected Function, got Array  
  at <ATextarea value="" onUpdate:value=fn rows=4  ... > 
  at <Anonymous value= {hashed: true, components: Object, theme: undefined, token: Object} > 
  at <ALocaleProvider locale=undefined ANT_MARK__="internalMark" > 
  at <LocaleReceiver children=fn<children> > 
  at <AConfigProvider theme= {token: Object} > 
  at <App> @ http://127.0.0.1:5175/@vite/client:528
[    2493ms] [WARNING] [Vue warn]: Invalid prop: type check failed for prop "onKeydown". Expected Function, got Array  
  at <ATextarea value="" onUpdate:value=fn rows=4  ... > 
  at <Anonymous value= {hashed: true, components: Object, theme: undefined, token: Object} > 
  at <ALocaleProvider locale=undefined ANT_MARK__="internalMark" > 
  at <LocaleReceiver children=fn<children> > 
  at <AConfigProvider theme= {token: Object} > 
  at <App> @ http://127.0.0.1:5175/@vite/client:528
[    2496ms] [WARNING] [Vue warn]: Invalid prop: type check failed for prop "onKeydown". Expected Function, got Array  
  at <ATextarea value="" onUpdate:value=fn rows=4  ... > 
  at <Anonymous value= {hashed: true, components: Object, theme: undefined, token: Object} > 
  at <ALocaleProvider locale=undefined ANT_MARK__="internalMark" > 
  at <LocaleReceiver children=fn<children> > 
  at <AConfigProvider theme= {token: Object} > 
  at <App> @ http://127.0.0.1:5175/@vite/client:528
[    2499ms] [WARNING] [Vue warn]: Invalid prop: type check failed for prop "onKeydown". Expected Function, got Array  
  at <ATextarea value="" onUpdate:value=fn rows=4  ... > 
  at <Anonymous value= {hashed: true, components: Object, theme: undefined, token: Object} > 
  at <ALocaleProvider locale=undefined ANT_MARK__="internalMark" > 
  at <LocaleReceiver children=fn<children> > 
  at <AConfigProvider theme= {token: Object} > 
  at <App> @ http://127.0.0.1:5175/@vite/client:528
[    2502ms] [WARNING] [Vue warn]: Invalid prop: type check failed for prop "onKeydown". Expected Function, got Array  
  at <ATextarea value="" onUpdate:value=fn rows=4  ... > 
  at <Anonymous value= {hashed: true, components: Object, theme: undefined, token: Object} > 
  at <ALocaleProvider locale=undefined ANT_MARK__="internalMark" > 
  at <LocaleReceiver children=fn<children> > 
  at <AConfigProvider theme= {token: Object} > 
  at <App> @ http://127.0.0.1:5175/@vite/client:528
[    2505ms] [WARNING] [Vue warn]: Invalid prop: type check failed for prop "onKeydown". Expected Function, got Array  
  at <ATextarea value="" onUpdate:value=fn rows=4  ... > 
  at <Anonymous value= {hashed: true, components: Object, theme: undefined, token: Object} > 
  at <ALocaleProvider locale=undefined ANT_MARK__="internalMark" > 
  at <LocaleReceiver children=fn<children> > 
  at <AConfigProvider theme= {token: Object} > 
  at <App> @ http://127.0.0.1:5175/@vite/client:528
[    2508ms] [WARNING] [Vue warn]: Invalid prop: type check failed for prop "onKeydown". Expected Function, got Array  
  at <ATextarea value="" onUpdate:value=fn rows=4  ... > 
  at <Anonymous value= {hashed: true, components: Object, theme: undefined, token: Object} > 
  at <ALocaleProvider locale=undefined ANT_MARK__="internalMark" > 
  at <LocaleReceiver children=fn<children> > 
  at <AConfigProvider theme= {token: Object} > 
  at <App> @ http://127.0.0.1:5175/@vite/client:528
[    2511ms] [WARNING] [Vue warn]: Invalid prop: type check failed for prop "onKeydown". Expected Function, got Array  
  at <ATextarea value="" onUpdate:value=fn rows=4  ... > 
  at <Anonymous value= {hashed: true, components: Object, theme: undefined, token: Object} > 
  at <ALocaleProvider locale=undefined ANT_MARK__="internalMark" > 
  at <LocaleReceiver children=fn<children> > 
  at <AConfigProvider theme= {token: Object} > 
  at <App> @ http://127.0.0.1:5175/@vite/client:528
[    2514ms] [WARNING] [Vue warn]: Invalid prop: type check failed for prop "onKeydown". Expected Function, got Array  
  at <ATextarea value="" onUpdate:value=fn rows=4  ... > 
  at <Anonymous value= {hashed: true, components: Object, theme: undefined, token: Object} > 
  at <ALocaleProvider locale=undefined ANT_MARK__="internalMark" > 
  at <LocaleReceiver children=fn<children> > 
  at <AConfigProvider theme= {token: Object} > 
  at <App> @ http://127.0.0.1:5175/@vite/client:528
[    2517ms] [WARNING] [Vue warn]: Invalid prop: type check failed for prop "onKeydown". Expected Function, got Array  
  at <ATextarea value="" onUpdate:value=fn rows=4  ... > 
  at <Anonymous value= {hashed: true, components: Object, theme: undefined, token: Object} > 
  at <ALocaleProvider locale=undefined ANT_MARK__="internalMark" > 
  at <LocaleReceiver children=fn<children> > 
  at <AConfigProvider theme= {token: Object} > 
  at <App> @ http://127.0.0.1:5175/@vite/client:528
[    2521ms] [WARNING] [Vue warn]: Invalid prop: type check failed for prop "onKeydown". Expected Function, got Array  
  at <ATextarea value="" onUpdate:value=fn rows=4  ... > 
  at <Anonymous value= {hashed: true, components: Object, theme: undefined, token: Object} > 
  at <ALocaleProvider locale=undefined ANT_MARK__="internalMark" > 
  at <LocaleReceiver children=fn<children> > 
  at <AConfigProvider theme= {token: Object} > 
  at <App> @ http://127.0.0.1:5175/@vite/client:528
[    2525ms] [WARNING] [Vue warn]: Invalid prop: type check failed for prop "onKeydown". Expected Function, got Array  
  at <ATextarea value="" onUpdate:value=fn rows=4  ... > 
  at <Anonymous value= {hashed: true, components: Object, theme: undefined, token: Object} > 
  at <ALocaleProvider locale=undefined ANT_MARK__="internalMark" > 
  at <LocaleReceiver children=fn<children> > 
  at <AConfigProvider theme= {token: Object} > 
  at <App> @ http://127.0.0.1:5175/@vite/client:528
[    2528ms] [WARNING] [Vue warn]: Invalid prop: type check failed for prop "onKeydown". Expected Function, got Array  
  at <ATextarea value="" onUpdate:value=fn rows=4  ... > 
  at <Anonymous value= {hashed: true, components: Object, theme: undefined, token: Object} > 
  at <ALocaleProvider locale=undefined ANT_MARK__="internalMark" > 
  at <LocaleReceiver children=fn<children> > 
  at <AConfigProvider theme= {token: Object} > 
  at <App> @ http://127.0.0.1:5175/@vite/client:528
[    2531ms] [WARNING] [Vue warn]: Invalid prop: type check failed for prop "onKeydown". Expected Function, got Array  
  at <ATextarea value="" onUpdate:value=fn rows=4  ... > 
  at <Anonymous value= {hashed: true, components: Object, theme: undefined, token: Object} > 
  at <ALocaleProvider locale=undefined ANT_MARK__="internalMark" > 
  at <LocaleReceiver children=fn<children> > 
  at <AConfigProvider theme= {token: Object} > 
  at <App> @ http://127.0.0.1:5175/@vite/client:528
[    2534ms] [WARNING] [Vue warn]: Invalid prop: type check failed for prop "onKeydown". Expected Function, got Array  
  at <ATextarea value="" onUpdate:value=fn rows=4  ... > 
  at <Anonymous value= {hashed: true, components: Object, theme: undefined, token: Object} > 
  at <ALocaleProvider locale=undefined ANT_MARK__="internalMark" > 
  at <LocaleReceiver children=fn<children> > 
  at <AConfigProvider theme= {token: Object} > 
  at <App> @ http://127.0.0.1:5175/@vite/client:528
[    2537ms] [WARNING] [Vue warn]: Invalid prop: type check failed for prop "onKeydown". Expected Function, got Array  
  at <ATextarea value="" onUpdate:value=fn rows=4  ... > 
  at <Anonymous value= {hashed: true, components: Object, theme: undefined, token: Object} > 
  at <ALocaleProvider locale=undefined ANT_MARK__="internalMark" > 
  at <LocaleReceiver children=fn<children> > 
  at <AConfigProvider theme= {token: Object} > 
  at <App> @ http://127.0.0.1:5175/@vite/client:528
[    2540ms] [WARNING] [Vue warn]: Invalid prop: type check failed for prop "onKeydown". Expected Function, got Array  
  at <ATextarea value="" onUpdate:value=fn rows=4  ... > 
  at <Anonymous value= {hashed: true, components: Object, theme: undefined, token: Object} > 
  at <ALocaleProvider locale=undefined ANT_MARK__="internalMark" > 
  at <LocaleReceiver children=fn<children> > 
  at <AConfigProvider theme= {token: Object} > 
  at <App> @ http://127.0.0.1:5175/@vite/client:528
[    2543ms] [WARNING] [Vue warn]: Invalid prop: type check failed for prop "onKeydown". Expected Function, got Array  
  at <ATextarea value="" onUpdate:value=fn rows=4  ... > 
  at <Anonymous value= {hashed: true, components: Object, theme: undefined, token: Object} > 
  at <ALocaleProvider locale=undefined ANT_MARK__="internalMark" > 
  at <LocaleReceiver children=fn<children> > 
  at <AConfigProvider theme= {token: Object} > 
  at <App> @ http://127.0.0.1:5175/@vite/client:528
[    2546ms] [WARNING] [Vue warn]: Invalid prop: type check failed for prop "onKeydown". Expected Function, got Array  
  at <ATextarea value="" onUpdate:value=fn rows=4  ... > 
  at <Anonymous value= {hashed: true, components: Object, theme: undefined, token: Object} > 
  at <ALocaleProvider locale=undefined ANT_MARK__="internalMark" > 
  at <LocaleReceiver children=fn<children> > 
  at <AConfigProvider theme= {token: Object} > 
  at <App> @ http://127.0.0.1:5175/@vite/client:528
[    2549ms] [WARNING] [Vue warn]: Invalid prop: type check failed for prop "onKeydown". Expected Function, got Array  
  at <ATextarea value="" onUpdate:value=fn rows=4  ... > 
  at <Anonymous value= {hashed: true, components: Object, theme: undefined, token: Object} > 
  at <ALocaleProvider locale=undefined ANT_MARK__="internalMark" > 
  at <LocaleReceiver children=fn<children> > 
  at <AConfigProvider theme= {token: Object} > 
  at <App> @ http://127.0.0.1:5175/@vite/client:528
[    2552ms] [WARNING] [Vue warn]: Invalid prop: type check failed for prop "onKeydown". Expected Function, got Array  
  at <ATextarea value="" onUpdate:value=fn rows=4  ... > 
  at <Anonymous value= {hashed: true, components: Object, theme: undefined, token: Object} > 
  at <ALocaleProvider locale=undefined ANT_MARK__="internalMark" > 
  at <LocaleReceiver children=fn<children> > 
  at <AConfigProvider theme= {token: Object} > 
  at <App> @ http://127.0.0.1:5175/@vite/client:528
[    2556ms] [WARNING] [Vue warn]: Invalid prop: type check failed for prop "onKeydown". Expected Function, got Array  
  at <ATextarea value="" onUpdate:value=fn rows=4  ... > 
  at <Anonymous value= {hashed: true, components: Object, theme: undefined, token: Object} > 
  at <ALocaleProvider locale=undefined ANT_MARK__="internalMark" > 
  at <LocaleReceiver children=fn<children> > 
  at <AConfigProvider theme= {token: Object} > 
  at <App> @ http://127.0.0.1:5175/@vite/client:528
[    2558ms] [WARNING] [Vue warn]: Invalid prop: type check failed for prop "onKeydown". Expected Function, got Array  
  at <ATextarea value="" onUpdate:value=fn rows=4  ... > 
  at <Anonymous value= {hashed: true, components: Object, theme: undefined, token: Object} > 
  at <ALocaleProvider locale=undefined ANT_MARK__="internalMark" > 
  at <LocaleReceiver children=fn<children> > 
  at <AConfigProvider theme= {token: Object} > 
  at <App> @ http://127.0.0.1:5175/@vite/client:528
[    2561ms] [WARNING] [Vue warn]: Invalid prop: type check failed for prop "onKeydown". Expected Function, got Array  
  at <ATextarea value="" onUpdate:value=fn rows=4  ... > 
  at <Anonymous value= {hashed: true, components: Object, theme: undefined, token: Object} > 
  at <ALocaleProvider locale=undefined ANT_MARK__="internalMark" > 
  at <LocaleReceiver children=fn<children> > 
  at <AConfigProvider theme= {token: Object} > 
  at <App> @ http://127.0.0.1:5175/@vite/client:528
[    2564ms] [WARNING] [Vue warn]: Invalid prop: type check failed for prop "onKeydown". Expected Function, got Array  
  at <ATextarea value="" onUpdate:value=fn rows=4  ... > 
  at <Anonymous value= {hashed: true, components: Object, theme: undefined, token: Object} > 
  at <ALocaleProvider locale=undefined ANT_MARK__="internalMark" > 
  at <LocaleReceiver children=fn<children> > 
  at <AConfigProvider theme= {token: Object} > 
  at <App> @ http://127.0.0.1:5175/@vite/client:528
[    2567ms] [WARNING] [Vue warn]: Invalid prop: type check failed for prop "onKeydown". Expected Function, got Array  
  at <ATextarea value="" onUpdate:value=fn rows=4  ... > 
  at <Anonymous value= {hashed: true, components: Object, theme: undefined, token: Object} > 
  at <ALocaleProvider locale=undefined ANT_MARK__="internalMark" > 
  at <LocaleReceiver children=fn<children> > 
  at <AConfigProvider theme= {token: Object} > 
  at <App> @ http://127.0.0.1:5175/@vite/client:528
[    2570ms] [WARNING] [Vue warn]: Invalid prop: type check failed for prop "onKeydown". Expected Function, got Array  
  at <ATextarea value="" onUpdate:value=fn rows=4  ... > 
  at <Anonymous value= {hashed: true, components: Object, theme: undefined, token: Object} > 
  at <ALocaleProvider locale=undefined ANT_MARK__="internalMark" > 
  at <LocaleReceiver children=fn<children> > 
  at <AConfigProvider theme= {token: Object} > 
  at <App> @ http://127.0.0.1:5175/@vite/client:528
[    2573ms] [WARNING] [Vue warn]: Invalid prop: type check failed for prop "onKeydown". Expected Function, got Array  
  at <ATextarea value="" onUpdate:value=fn rows=4  ... > 
  at <Anonymous value= {hashed: true, components: Object, theme: undefined, token: Object} > 
  at <ALocaleProvider locale=undefined ANT_MARK__="internalMark" > 
  at <LocaleReceiver children=fn<children> > 
  at <AConfigProvider theme= {token: Object} > 
  at <App> @ http://127.0.0.1:5175/@vite/client:528
[    2576ms] [WARNING] [Vue warn]: Invalid prop: type check failed for prop "onKeydown". Expected Function, got Array  
  at <ATextarea value="" onUpdate:value=fn rows=4  ... > 
  at <Anonymous value= {hashed: true, components: Object, theme: undefined, token: Object} > 
  at <ALocaleProvider locale=undefined ANT_MARK__="internalMark" > 
  at <LocaleReceiver children=fn<children> > 
  at <AConfigProvider theme= {token: Object} > 
  at <App> @ http://127.0.0.1:5175/@vite/client:528
[    2579ms] [WARNING] [Vue warn]: Invalid prop: type check failed for prop "onKeydown". Expected Function, got Array  
  at <ATextarea value="" onUpdate:value=fn rows=4  ... > 
  at <Anonymous value= {hashed: true, components: Object, theme: undefined, token: Object} > 
  at <ALocaleProvider locale=undefined ANT_MARK__="internalMark" > 
  at <LocaleReceiver children=fn<children> > 
  at <AConfigProvider theme= {token: Object} > 
  at <App> @ http://127.0.0.1:5175/@vite/client:528
[    2582ms] [WARNING] [Vue warn]: Invalid prop: type check failed for prop "onKeydown". Expected Function, got Array  
  at <ATextarea value="" onUpdate:value=fn rows=4  ... > 
  at <Anonymous value= {hashed: true, components: Object, theme: undefined, token: Object} > 
  at <ALocaleProvider locale=undefined ANT_MARK__="internalMark" > 
  at <LocaleReceiver children=fn<children> > 
  at <AConfigProvider theme= {token: Object} > 
  at <App> @ http://127.0.0.1:5175/@vite/client:528
[    2584ms] [WARNING] [Vue warn]: Invalid prop: type check failed for prop "onKeydown". Expected Function, got Array  
  at <ATextarea value="" onUpdate:value=fn rows=4  ... > 
  at <Anonymous value= {hashed: true, components: Object, theme: undefined, token: Object} > 
  at <ALocaleProvider locale=undefined ANT_MARK__="internalMark" > 
  at <LocaleReceiver children=fn<children> > 
  at <AConfigProvider theme= {token: Object} > 
  at <App> @ http://127.0.0.1:5175/@vite/client:528
[    2587ms] [WARNING] [Vue warn]: Invalid prop: type check failed for prop "onKeydown". Expected Function, got Array  
  at <ATextarea value="" onUpdate:value=fn rows=4  ... > 
  at <Anonymous value= {hashed: true, components: Object, theme: undefined, token: Object} > 
  at <ALocaleProvider locale=undefined ANT_MARK__="internalMark" > 
  at <LocaleReceiver children=fn<children> > 
  at <AConfigProvider theme= {token: Object} > 
  at <App> @ http://127.0.0.1:5175/@vite/client:528
[    2590ms] [WARNING] [Vue warn]: Invalid prop: type check failed for prop "onKeydown". Expected Function, got Array  
  at <ATextarea value="" onUpdate:value=fn rows=4  ... > 
  at <Anonymous value= {hashed: true, components: Object, theme: undefined, token: Object} > 
  at <ALocaleProvider locale=undefined ANT_MARK__="internalMark" > 
  at <LocaleReceiver children=fn<children> > 
  at <AConfigProvider theme= {token: Object} > 
  at <App> @ http://127.0.0.1:5175/@vite/client:528
[    2593ms] [WARNING] [Vue warn]: Invalid prop: type check failed for prop "onKeydown". Expected Function, got Array  
  at <ATextarea value="" onUpdate:value=fn rows=4  ... > 
  at <Anonymous value= {hashed: true, components: Object, theme: undefined, token: Object} > 
  at <ALocaleProvider locale=undefined ANT_MARK__="internalMark" > 
  at <LocaleReceiver children=fn<children> > 
  at <AConfigProvider theme= {token: Object} > 
  at <App> @ http://127.0.0.1:5175/@vite/client:528
[    2596ms] [WARNING] [Vue warn]: Invalid prop: type check failed for prop "onKeydown". Expected Function, got Array  
  at <ATextarea value="" onUpdate:value=fn rows=4  ... > 
  at <Anonymous value= {hashed: true, components: Object, theme: undefined, token: Object} > 
  at <ALocaleProvider locale=undefined ANT_MARK__="internalMark" > 
  at <LocaleReceiver children=fn<children> > 
  at <AConfigProvider theme= {token: Object} > 
  at <App> @ http://127.0.0.1:5175/@vite/client:528
[    2599ms] [WARNING] [Vue warn]: Invalid prop: type check failed for prop "onKeydown". Expected Function, got Array  
  at <ATextarea value="" onUpdate:value=fn rows=4  ... > 
  at <Anonymous value= {hashed: true, components: Object, theme: undefined, token: Object} > 
  at <ALocaleProvider locale=undefined ANT_MARK__="internalMark" > 
  at <LocaleReceiver children=fn<children> > 
  at <AConfigProvider theme= {token: Object} > 
  at <App> @ http://127.0.0.1:5175/@vite/client:528
[    2602ms] [WARNING] [Vue warn]: Invalid prop: type check failed for prop "onKeydown". Expected Function, got Array  
  at <ATextarea value="" onUpdate:value=fn rows=4  ... > 
  at <Anonymous value= {hashed: true, components: Object, theme: undefined, token: Object} > 
  at <ALocaleProvider locale=undefined ANT_MARK__="internalMark" > 
  at <LocaleReceiver children=fn<children> > 
  at <AConfigProvider theme= {token: Object} > 
  at <App> @ http://127.0.0.1:5175/@vite/client:528
[    2605ms] [WARNING] [Vue warn]: Invalid prop: type check failed for prop "onKeydown". Expected Function, got Array  
  at <ATextarea value="" onUpdate:value=fn rows=4  ... > 
  at <Anonymous value= {hashed: true, components: Object, theme: undefined, token: Object} > 
  at <ALocaleProvider locale=undefined ANT_MARK__="internalMark" > 
  at <LocaleReceiver children=fn<children> > 
  at <AConfigProvider theme= {token: Object} > 
  at <App> @ http://127.0.0.1:5175/@vite/client:528
[    2608ms] [WARNING] [Vue warn]: Invalid prop: type check failed for prop "onKeydown". Expected Function, got Array  
  at <ATextarea value="" onUpdate:value=fn rows=4  ... > 
  at <Anonymous value= {hashed: true, components: Object, theme: undefined, token: Object} > 
  at <ALocaleProvider locale=undefined ANT_MARK__="internalMark" > 
  at <LocaleReceiver children=fn<children> > 
  at <AConfigProvider theme= {token: Object} > 
  at <App> @ http://127.0.0.1:5175/@vite/client:528
[    2610ms] [WARNING] [Vue warn]: Invalid prop: type check failed for prop "onKeydown". Expected Function, got Array  
  at <ATextarea value="" onUpdate:value=fn rows=4  ... > 
  at <Anonymous value= {hashed: true, components: Object, theme: undefined, token: Object} > 
  at <ALocaleProvider locale=undefined ANT_MARK__="internalMark" > 
  at <LocaleReceiver children=fn<children> > 
  at <AConfigProvider theme= {token: Object} > 
  at <App> @ http://127.0.0.1:5175/@vite/client:528
[    2615ms] [WARNING] [Vue warn]: Invalid prop: type check failed for prop "onKeydown". Expected Function, got Array  
  at <ATextarea value="" onUpdate:value=fn rows=4  ... > 
  at <Anonymous value= {hashed: true, components: Object, theme: undefined, token: Object} > 
  at <ALocaleProvider locale=undefined ANT_MARK__="internalMark" > 
  at <LocaleReceiver children=fn<children> > 
  at <AConfigProvider theme= {token: Object} > 
  at <App> @ http://127.0.0.1:5175/@vite/client:528
[    2618ms] [WARNING] [Vue warn]: Invalid prop: type check failed for prop "onKeydown". Expected Function, got Array  
  at <ATextarea value="" onUpdate:value=fn rows=4  ... > 
  at <Anonymous value= {hashed: true, components: Object, theme: undefined, token: Object} > 
  at <ALocaleProvider locale=undefined ANT_MARK__="internalMark" > 
  at <LocaleReceiver children=fn<children> > 
  at <AConfigProvider theme= {token: Object} > 
  at <App> @ http://127.0.0.1:5175/@vite/client:528
[    2621ms] [WARNING] [Vue warn]: Invalid prop: type check failed for prop "onKeydown". Expected Function, got Array  
  at <ATextarea value="" onUpdate:value=fn rows=4  ... > 
  at <Anonymous value= {hashed: true, components: Object, theme: undefined, token: Object} > 
  at <ALocaleProvider locale=undefined ANT_MARK__="internalMark" > 
  at <LocaleReceiver children=fn<children> > 
  at <AConfigProvider theme= {token: Object} > 
  at <App> @ http://127.0.0.1:5175/@vite/client:528
[    2624ms] [WARNING] [Vue warn]: Invalid prop: type check failed for prop "onKeydown". Expected Function, got Array  
  at <ATextarea value="" onUpdate:value=fn rows=4  ... > 
  at <Anonymous value= {hashed: true, components: Object, theme: undefined, token: Object} > 
  at <ALocaleProvider locale=undefined ANT_MARK__="internalMark" > 
  at <LocaleReceiver children=fn<children> > 
  at <AConfigProvider theme= {token: Object} > 
  at <App> @ http://127.0.0.1:5175/@vite/client:528
[    2628ms] [WARNING] [Vue warn]: Invalid prop: type check failed for prop "onKeydown". Expected Function, got Array  
  at <ATextarea value="" onUpdate:value=fn rows=4  ... > 
  at <Anonymous value= {hashed: true, components: Object, theme: undefined, token: Object} > 
  at <ALocaleProvider locale=undefined ANT_MARK__="internalMark" > 
  at <LocaleReceiver children=fn<children> > 
  at <AConfigProvider theme= {token: Object} > 
  at <App> @ http://127.0.0.1:5175/@vite/client:528
[    2631ms] [WARNING] [Vue warn]: Invalid prop: type check failed for prop "onKeydown". Expected Function, got Array  
  at <ATextarea value="" onUpdate:value=fn rows=4  ... > 
  at <Anonymous value= {hashed: true, components: Object, theme: undefined, token: Object} > 
  at <ALocaleProvider locale=undefined ANT_MARK__="internalMark" > 
  at <LocaleReceiver children=fn<children> > 
  at <AConfigProvider theme= {token: Object} > 
  at <App> @ http://127.0.0.1:5175/@vite/client:528
[    2634ms] [WARNING] [Vue warn]: Invalid prop: type check failed for prop "onKeydown". Expected Function, got Array  
  at <ATextarea value="" onUpdate:value=fn rows=4  ... > 
  at <Anonymous value= {hashed: true, components: Object, theme: undefined, token: Object} > 
  at <ALocaleProvider locale=undefined ANT_MARK__="internalMark" > 
  at <LocaleReceiver children=fn<children> > 
  at <AConfigProvider theme= {token: Object} > 
  at <App> @ http://127.0.0.1:5175/@vite/client:528
[    2637ms] [WARNING] [Vue warn]: Invalid prop: type check failed for prop "onKeydown". Expected Function, got Array  
  at <ATextarea value="" onUpdate:value=fn rows=4  ... > 
  at <Anonymous value= {hashed: true, components: Object, theme: undefined, token: Object} > 
  at <ALocaleProvider locale=undefined ANT_MARK__="internalMark" > 
  at <LocaleReceiver children=fn<children> > 
  at <AConfigProvider theme= {token: Object} > 
  at <App> @ http://127.0.0.1:5175/@vite/client:528
[    2640ms] [WARNING] [Vue warn]: Invalid prop: type check failed for prop "onKeydown". Expected Function, got Array  
  at <ATextarea value="" onUpdate:value=fn rows=4  ... > 
  at <Anonymous value= {hashed: true, components: Object, theme: undefined, token: Object} > 
  at <ALocaleProvider locale=undefined ANT_MARK__="internalMark" > 
  at <LocaleReceiver children=fn<children> > 
  at <AConfigProvider theme= {token: Object} > 
  at <App> @ http://127.0.0.1:5175/@vite/client:528
[    2643ms] [WARNING] [Vue warn]: Invalid prop: type check failed for prop "onKeydown". Expected Function, got Array  
  at <ATextarea value="" onUpdate:value=fn rows=4  ... > 
  at <Anonymous value= {hashed: true, components: Object, theme: undefined, token: Object} > 
  at <ALocaleProvider locale=undefined ANT_MARK__="internalMark" > 
  at <LocaleReceiver children=fn<children> > 
  at <AConfigProvider theme= {token: Object} > 
  at <App> @ http://127.0.0.1:5175/@vite/client:528
[    2646ms] [WARNING] [Vue warn]: Invalid prop: type check failed for prop "onKeydown". Expected Function, got Array  
  at <ATextarea value="" onUpdate:value=fn rows=4  ... > 
  at <Anonymous value= {hashed: true, components: Object, theme: undefined, token: Object} > 
  at <ALocaleProvider locale=undefined ANT_MARK__="internalMark" > 
  at <LocaleReceiver children=fn<children> > 
  at <AConfigProvider theme= {token: Object} > 
  at <App> @ http://127.0.0.1:5175/@vite/client:528
[    2649ms] [WARNING] [Vue warn]: Invalid prop: type check failed for prop "onKeydown". Expected Function, got Array  
  at <ATextarea value="" onUpdate:value=fn rows=4  ... > 
  at <Anonymous value= {hashed: true, components: Object, theme: undefined, token: Object} > 
  at <ALocaleProvider locale=undefined ANT_MARK__="internalMark" > 
  at <LocaleReceiver children=fn<children> > 
  at <AConfigProvider theme= {token: Object} > 
  at <App> @ http://127.0.0.1:5175/@vite/client:528
[    2652ms] [WARNING] [Vue warn]: Invalid prop: type check failed for prop "onKeydown". Expected Function, got Array  
  at <ATextarea value="" onUpdate:value=fn rows=4  ... > 
  at <Anonymous value= {hashed: true, components: Object, theme: undefined, token: Object} > 
  at <ALocaleProvider locale=undefined ANT_MARK__="internalMark" > 
  at <LocaleReceiver children=fn<children> > 
  at <AConfigProvider theme= {token: Object} > 
  at <App> @ http://127.0.0.1:5175/@vite/client:528
[    2655ms] [WARNING] [Vue warn]: Invalid prop: type check failed for prop "onKeydown". Expected Function, got Array  
  at <ATextarea value="" onUpdate:value=fn rows=4  ... > 
  at <Anonymous value= {hashed: true, components: Object, theme: undefined, token: Object} > 
  at <ALocaleProvider locale=undefined ANT_MARK__="internalMark" > 
  at <LocaleReceiver children=fn<children> > 
  at <AConfigProvider theme= {token: Object} > 
  at <App> @ http://127.0.0.1:5175/@vite/client:528
[    2658ms] [WARNING] [Vue warn]: Invalid prop: type check failed for prop "onKeydown". Expected Function, got Array  
  at <ATextarea value="" onUpdate:value=fn rows=4  ... > 
  at <Anonymous value= {hashed: true, components: Object, theme: undefined, token: Object} > 
  at <ALocaleProvider locale=undefined ANT_MARK__="internalMark" > 
  at <LocaleReceiver children=fn<children> > 
  at <AConfigProvider theme= {token: Object} > 
  at <App> @ http://127.0.0.1:5175/@vite/client:528
[    2661ms] [WARNING] [Vue warn]: Invalid prop: type check failed for prop "onKeydown". Expected Function, got Array  
  at <ATextarea value="" onUpdate:value=fn rows=4  ... > 
  at <Anonymous value= {hashed: true, components: Object, theme: undefined, token: Object} > 
  at <ALocaleProvider locale=undefined ANT_MARK__="internalMark" > 
  at <LocaleReceiver children=fn<children> > 
  at <AConfigProvider theme= {token: Object} > 
  at <App> @ http://127.0.0.1:5175/@vite/client:528
[    2664ms] [WARNING] [Vue warn]: Invalid prop: type check failed for prop "onKeydown". Expected Function, got Array  
  at <ATextarea value="" onUpdate:value=fn rows=4  ... > 
  at <Anonymous value= {hashed: true, components: Object, theme: undefined, token: Object} > 
  at <ALocaleProvider locale=undefined ANT_MARK__="internalMark" > 
  at <LocaleReceiver children=fn<children> > 
  at <AConfigProvider theme= {token: Object} > 
  at <App> @ http://127.0.0.1:5175/@vite/client:528
[    2667ms] [WARNING] [Vue warn]: Invalid prop: type check failed for prop "onKeydown". Expected Function, got Array  
  at <ATextarea value="" onUpdate:value=fn rows=4  ... > 
  at <Anonymous value= {hashed: true, components: Object, theme: undefined, token: Object} > 
  at <ALocaleProvider locale=undefined ANT_MARK__="internalMark" > 
  at <LocaleReceiver children=fn<children> > 
  at <AConfigProvider theme= {token: Object} > 
  at <App> @ http://127.0.0.1:5175/@vite/client:528
[    2670ms] [WARNING] [Vue warn]: Invalid prop: type check failed for prop "onKeydown". Expected Function, got Array  
  at <ATextarea value="" onUpdate:value=fn rows=4  ... > 
  at <Anonymous value= {hashed: true, components: Object, theme: undefined, token: Object} > 
  at <ALocaleProvider locale=undefined ANT_MARK__="internalMark" > 
  at <LocaleReceiver children=fn<children> > 
  at <AConfigProvider theme= {token: Object} > 
  at <App> @ http://127.0.0.1:5175/@vite/client:528
[    2672ms] [WARNING] [Vue warn]: Invalid prop: type check failed for prop "onKeydown". Expected Function, got Array  
  at <ATextarea value="" onUpdate:value=fn rows=4  ... > 
  at <Anonymous value= {hashed: true, components: Object, theme: undefined, token: Object} > 
  at <ALocaleProvider locale=undefined ANT_MARK__="internalMark" > 
  at <LocaleReceiver children=fn<children> > 
  at <AConfigProvider theme= {token: Object} > 
  at <App> @ http://127.0.0.1:5175/@vite/client:528
[    2676ms] [WARNING] [Vue warn]: Invalid prop: type check failed for prop "onKeydown". Expected Function, got Array  
  at <ATextarea value="" onUpdate:value=fn rows=4  ... > 
  at <Anonymous value= {hashed: true, components: Object, theme: undefined, token: Object} > 
  at <ALocaleProvider locale=undefined ANT_MARK__="internalMark" > 
  at <LocaleReceiver children=fn<children> > 
  at <AConfigProvider theme= {token: Object} > 
  at <App> @ http://127.0.0.1:5175/@vite/client:528
[    2679ms] [WARNING] [Vue warn]: Invalid prop: type check failed for prop "onKeydown". Expected Function, got Array  
  at <ATextarea value="" onUpdate:value=fn rows=4  ... > 
  at <Anonymous value= {hashed: true, components: Object, theme: undefined, token: Object} > 
  at <ALocaleProvider locale=undefined ANT_MARK__="internalMark" > 
  at <LocaleReceiver children=fn<children> > 
  at <AConfigProvider theme= {token: Object} > 
  at <App> @ http://127.0.0.1:5175/@vite/client:528
[    2682ms] [WARNING] [Vue warn]: Invalid prop: type check failed for prop "onKeydown". Expected Function, got Array  
  at <ATextarea value="" onUpdate:value=fn rows=4  ... > 
  at <Anonymous value= {hashed: true, components: Object, theme: undefined, token: Object} > 
  at <ALocaleProvider locale=undefined ANT_MARK__="internalMark" > 
  at <LocaleReceiver children=fn<children> > 
  at <AConfigProvider theme= {token: Object} > 
  at <App> @ http://127.0.0.1:5175/@vite/client:528
[    2685ms] [WARNING] [Vue warn]: Invalid prop: type check failed for prop "onKeydown". Expected Function, got Array  
  at <ATextarea value="" onUpdate:value=fn rows=4  ... > 
  at <Anonymous value= {hashed: true, components: Object, theme: undefined, token: Object} > 
  at <ALocaleProvider locale=undefined ANT_MARK__="internalMark" > 
  at <LocaleReceiver children=fn<children> > 
  at <AConfigProvider theme= {token: Object} > 
  at <App> @ http://127.0.0.1:5175/@vite/client:528
[    2688ms] [WARNING] [Vue warn]: Invalid prop: type check failed for prop "onKeydown". Expected Function, got Array  
  at <ATextarea value="" onUpdate:value=fn rows=4  ... > 
  at <Anonymous value= {hashed: true, components: Object, theme: undefined, token: Object} > 
  at <ALocaleProvider locale=undefined ANT_MARK__="internalMark" > 
  at <LocaleReceiver children=fn<children> > 
  at <AConfigProvider theme= {token: Object} > 
  at <App> @ http://127.0.0.1:5175/@vite/client:528
[    2691ms] [WARNING] [Vue warn]: Invalid prop: type check failed for prop "onKeydown". Expected Function, got Array  
  at <ATextarea value="" onUpdate:value=fn rows=4  ... > 
  at <Anonymous value= {hashed: true, components: Object, theme: undefined, token: Object} > 
  at <ALocaleProvider locale=undefined ANT_MARK__="internalMark" > 
  at <LocaleReceiver children=fn<children> > 
  at <AConfigProvider theme= {token: Object} > 
  at <App> @ http://127.0.0.1:5175/@vite/client:528
[    2695ms] [WARNING] [Vue warn]: Invalid prop: type check failed for prop "onKeydown". Expected Function, got Array  
  at <ATextarea value="" onUpdate:value=fn rows=4  ... > 
  at <Anonymous value= {hashed: true, components: Object, theme: undefined, token: Object} > 
  at <ALocaleProvider locale=undefined ANT_MARK__="internalMark" > 
  at <LocaleReceiver children=fn<children> > 
  at <AConfigProvider theme= {token: Object} > 
  at <App> @ http://127.0.0.1:5175/@vite/client:528
[    2698ms] [WARNING] [Vue warn]: Invalid prop: type check failed for prop "onKeydown". Expected Function, got Array  
  at <ATextarea value="" onUpdate:value=fn rows=4  ... > 
  at <Anonymous value= {hashed: true, components: Object, theme: undefined, token: Object} > 
  at <ALocaleProvider locale=undefined ANT_MARK__="internalMark" > 
  at <LocaleReceiver children=fn<children> > 
  at <AConfigProvider theme= {token: Object} > 
  at <App> @ http://127.0.0.1:5175/@vite/client:528
[    2701ms] [WARNING] [Vue warn]: Invalid prop: type check failed for prop "onKeydown". Expected Function, got Array  
  at <ATextarea value="" onUpdate:value=fn rows=4  ... > 
  at <Anonymous value= {hashed: true, components: Object, theme: undefined, token: Object} > 
  at <ALocaleProvider locale=undefined ANT_MARK__="internalMark" > 
  at <LocaleReceiver children=fn<children> > 
  at <AConfigProvider theme= {token: Object} > 
  at <App> @ http://127.0.0.1:5175/@vite/client:528
[    2704ms] [WARNING] [Vue warn]: Invalid prop: type check failed for prop "onKeydown". Expected Function, got Array  
  at <ATextarea value="" onUpdate:value=fn rows=4  ... > 
  at <Anonymous value= {hashed: true, components: Object, theme: undefined, token: Object} > 
  at <ALocaleProvider locale=undefined ANT_MARK__="internalMark" > 
  at <LocaleReceiver children=fn<children> > 
  at <AConfigProvider theme= {token: Object} > 
  at <App> @ http://127.0.0.1:5175/@vite/client:528
[    2708ms] [WARNING] [Vue warn]: Invalid prop: type check failed for prop "onKeydown". Expected Function, got Array  
  at <ATextarea value="" onUpdate:value=fn rows=4  ... > 
  at <Anonymous value= {hashed: true, components: Object, theme: undefined, token: Object} > 
  at <ALocaleProvider locale=undefined ANT_MARK__="internalMark" > 
  at <LocaleReceiver children=fn<children> > 
  at <AConfigProvider theme= {token: Object} > 
  at <App> @ http://127.0.0.1:5175/@vite/client:528
[    2712ms] [WARNING] [Vue warn]: Invalid prop: type check failed for prop "onKeydown". Expected Function, got Array  
  at <ATextarea value="" onUpdate:value=fn rows=4  ... > 
  at <Anonymous value= {hashed: true, components: Object, theme: undefined, token: Object} > 
  at <ALocaleProvider locale=undefined ANT_MARK__="internalMark" > 
  at <LocaleReceiver children=fn<children> > 
  at <AConfigProvider theme= {token: Object} > 
  at <App> @ http://127.0.0.1:5175/@vite/client:528
[    2715ms] [WARNING] [Vue warn]: Invalid prop: type check failed for prop "onKeydown". Expected Function, got Array  
  at <ATextarea value="" onUpdate:value=fn rows=4  ... > 
  at <Anonymous value= {hashed: true, components: Object, theme: undefined, token: Object} > 
  at <ALocaleProvider locale=undefined ANT_MARK__="internalMark" > 
  at <LocaleReceiver children=fn<children> > 
  at <AConfigProvider theme= {token: Object} > 
  at <App> @ http://127.0.0.1:5175/@vite/client:528
[    2719ms] [WARNING] [Vue warn]: Invalid prop: type check failed for prop "onKeydown". Expected Function, got Array  
  at <ATextarea value="" onUpdate:value=fn rows=4  ... > 
  at <Anonymous value= {hashed: true, components: Object, theme: undefined, token: Object} > 
  at <ALocaleProvider locale=undefined ANT_MARK__="internalMark" > 
  at <LocaleReceiver children=fn<children> > 
  at <AConfigProvider theme= {token: Object} > 
  at <App> @ http://127.0.0.1:5175/@vite/client:528
[    2722ms] [WARNING] [Vue warn]: Invalid prop: type check failed for prop "onKeydown". Expected Function, got Array  
  at <ATextarea value="" onUpdate:value=fn rows=4  ... > 
  at <Anonymous value= {hashed: true, components: Object, theme: undefined, token: Object} > 
  at <ALocaleProvider locale=undefined ANT_MARK__="internalMark" > 
  at <LocaleReceiver children=fn<children> > 
  at <AConfigProvider theme= {token: Object} > 
  at <App> @ http://127.0.0.1:5175/@vite/client:528
[    2725ms] [WARNING] [Vue warn]: Invalid prop: type check failed for prop "onKeydown". Expected Function, got Array  
  at <ATextarea value="" onUpdate:value=fn rows=4  ... > 
  at <Anonymous value= {hashed: true, components: Object, theme: undefined, token: Object} > 
  at <ALocaleProvider locale=undefined ANT_MARK__="internalMark" > 
  at <LocaleReceiver children=fn<children> > 
  at <AConfigProvider theme= {token: Object} > 
  at <App> @ http://127.0.0.1:5175/@vite/client:528
[    2729ms] [WARNING] [Vue warn]: Invalid prop: type check failed for prop "onKeydown". Expected Function, got Array  
  at <ATextarea value="" onUpdate:value=fn rows=4  ... > 
  at <Anonymous value= {hashed: true, components: Object, theme: undefined, token: Object} > 
  at <ALocaleProvider locale=undefined ANT_MARK__="internalMark" > 
  at <LocaleReceiver children=fn<children> > 
  at <AConfigProvider theme= {token: Object} > 
  at <App> @ http://127.0.0.1:5175/@vite/client:528
[    2732ms] [WARNING] [Vue warn]: Invalid prop: type check failed for prop "onKeydown". Expected Function, got Array  
  at <ATextarea value="" onUpdate:value=fn rows=4  ... > 
  at <Anonymous value= {hashed: true, components: Object, theme: undefined, token: Object} > 
  at <ALocaleProvider locale=undefined ANT_MARK__="internalMark" > 
  at <LocaleReceiver children=fn<children> > 
  at <AConfigProvider theme= {token: Object} > 
  at <App> @ http://127.0.0.1:5175/@vite/client:528
[    2736ms] [WARNING] [Vue warn]: Invalid prop: type check failed for prop "onKeydown". Expected Function, got Array  
  at <ATextarea value="" onUpdate:value=fn rows=4  ... > 
  at <Anonymous value= {hashed: true, components: Object, theme: undefined, token: Object} > 
  at <ALocaleProvider locale=undefined ANT_MARK__="internalMark" > 
  at <LocaleReceiver children=fn<children> > 
  at <AConfigProvider theme= {token: Object} > 
  at <App> @ http://127.0.0.1:5175/@vite/client:528
[    2740ms] [WARNING] [Vue warn]: Invalid prop: type check failed for prop "onKeydown". Expected Function, got Array  
  at <ATextarea value="" onUpdate:value=fn rows=4  ... > 
  at <Anonymous value= {hashed: true, components: Object, theme: undefined, token: Object} > 
  at <ALocaleProvider locale=undefined ANT_MARK__="internalMark" > 
  at <LocaleReceiver children=fn<children> > 
  at <AConfigProvider theme= {token: Object} > 
  at <App> @ http://127.0.0.1:5175/@vite/client:528
[    2743ms] [WARNING] [Vue warn]: Invalid prop: type check failed for prop "onKeydown". Expected Function, got Array  
  at <ATextarea value="" onUpdate:value=fn rows=4  ... > 
  at <Anonymous value= {hashed: true, components: Object, theme: undefined, token: Object} > 
  at <ALocaleProvider locale=undefined ANT_MARK__="internalMark" > 
  at <LocaleReceiver children=fn<children> > 
  at <AConfigProvider theme= {token: Object} > 
  at <App> @ http://127.0.0.1:5175/@vite/client:528
[    2746ms] [WARNING] [Vue warn]: Invalid prop: type check failed for prop "onKeydown". Expected Function, got Array  
  at <ATextarea value="" onUpdate:value=fn rows=4  ... > 
  at <Anonymous value= {hashed: true, components: Object, theme: undefined, token: Object} > 
  at <ALocaleProvider locale=undefined ANT_MARK__="internalMark" > 
  at <LocaleReceiver children=fn<children> > 
  at <AConfigProvider theme= {token: Object} > 
  at <App> @ http://127.0.0.1:5175/@vite/client:528
[    2750ms] [WARNING] [Vue warn]: Invalid prop: type check failed for prop "onKeydown". Expected Function, got Array  
  at <ATextarea value="" onUpdate:value=fn rows=4  ... > 
  at <Anonymous value= {hashed: true, components: Object, theme: undefined, token: Object} > 
  at <ALocaleProvider locale=undefined ANT_MARK__="internalMark" > 
  at <LocaleReceiver children=fn<children> > 
  at <AConfigProvider theme= {token: Object} > 
  at <App> @ http://127.0.0.1:5175/@vite/client:528
[    2753ms] [WARNING] [Vue warn]: Invalid prop: type check failed for prop "onKeydown". Expected Function, got Array  
  at <ATextarea value="" onUpdate:value=fn rows=4  ... > 
  at <Anonymous value= {hashed: true, components: Object, theme: undefined, token: Object} > 
  at <ALocaleProvider locale=undefined ANT_MARK__="internalMark" > 
  at <LocaleReceiver children=fn<children> > 
  at <AConfigProvider theme= {token: Object} > 
  at <App> @ http://127.0.0.1:5175/@vite/client:528
[    2756ms] [WARNING] [Vue warn]: Invalid prop: type check failed for prop "onKeydown". Expected Function, got Array  
  at <ATextarea value="" onUpdate:value=fn rows=4  ... > 
  at <Anonymous value= {hashed: true, components: Object, theme: undefined, token: Object} > 
  at <ALocaleProvider locale=undefined ANT_MARK__="internalMark" > 
  at <LocaleReceiver children=fn<children> > 
  at <AConfigProvider theme= {token: Object} > 
  at <App> @ http://127.0.0.1:5175/@vite/client:528
[    2759ms] [WARNING] [Vue warn]: Invalid prop: type check failed for prop "onKeydown". Expected Function, got Array  
  at <ATextarea value="" onUpdate:value=fn rows=4  ... > 
  at <Anonymous value= {hashed: true, components: Object, theme: undefined, token: Object} > 
  at <ALocaleProvider locale=undefined ANT_MARK__="internalMark" > 
  at <LocaleReceiver children=fn<children> > 
  at <AConfigProvider theme= {token: Object} > 
  at <App> @ http://127.0.0.1:5175/@vite/client:528
[    2763ms] [WARNING] [Vue warn]: Invalid prop: type check failed for prop "onKeydown". Expected Function, got Array  
  at <ATextarea value="" onUpdate:value=fn rows=4  ... > 
  at <Anonymous value= {hashed: true, components: Object, theme: undefined, token: Object} > 
  at <ALocaleProvider locale=undefined ANT_MARK__="internalMark" > 
  at <LocaleReceiver children=fn<children> > 
  at <AConfigProvider theme= {token: Object} > 
  at <App> @ http://127.0.0.1:5175/@vite/client:528
[    2767ms] [WARNING] [Vue warn]: Invalid prop: type check failed for prop "onKeydown". Expected Function, got Array  
  at <ATextarea value="" onUpdate:value=fn rows=4  ... > 
  at <Anonymous value= {hashed: true, components: Object, theme: undefined, token: Object} > 
  at <ALocaleProvider locale=undefined ANT_MARK__="internalMark" > 
  at <LocaleReceiver children=fn<children> > 
  at <AConfigProvider theme= {token: Object} > 
  at <App> @ http://127.0.0.1:5175/@vite/client:528
[    2770ms] [WARNING] [Vue warn]: Invalid prop: type check failed for prop "onKeydown". Expected Function, got Array  
  at <ATextarea value="" onUpdate:value=fn rows=4  ... > 
  at <Anonymous value= {hashed: true, components: Object, theme: undefined, token: Object} > 
  at <ALocaleProvider locale=undefined ANT_MARK__="internalMark" > 
  at <LocaleReceiver children=fn<children> > 
  at <AConfigProvider theme= {token: Object} > 
  at <App> @ http://127.0.0.1:5175/@vite/client:528
[    2773ms] [WARNING] [Vue warn]: Invalid prop: type check failed for prop "onKeydown". Expected Function, got Array  
  at <ATextarea value="" onUpdate:value=fn rows=4  ... > 
  at <Anonymous value= {hashed: true, components: Object, theme: undefined, token: Object} > 
  at <ALocaleProvider locale=undefined ANT_MARK__="internalMark" > 
  at <LocaleReceiver children=fn<children> > 
  at <AConfigProvider theme= {token: Object} > 
  at <App> @ http://127.0.0.1:5175/@vite/client:528
[    2777ms] [WARNING] [Vue warn]: Invalid prop: type check failed for prop "onKeydown". Expected Function, got Array  
  at <ATextarea value="" onUpdate:value=fn rows=4  ... > 
  at <Anonymous value= {hashed: true, components: Object, theme: undefined, token: Object} > 
  at <ALocaleProvider locale=undefined ANT_MARK__="internalMark" > 
  at <LocaleReceiver children=fn<children> > 
  at <AConfigProvider theme= {token: Object} > 
  at <App> @ http://127.0.0.1:5175/@vite/client:528
[    2780ms] [WARNING] [Vue warn]: Invalid prop: type check failed for prop "onKeydown". Expected Function, got Array  
  at <ATextarea value="" onUpdate:value=fn rows=4  ... > 
  at <Anonymous value= {hashed: true, components: Object, theme: undefined, token: Object} > 
  at <ALocaleProvider locale=undefined ANT_MARK__="internalMark" > 
  at <LocaleReceiver children=fn<children> > 
  at <AConfigProvider theme= {token: Object} > 
  at <App> @ http://127.0.0.1:5175/@vite/client:528
[    2783ms] [WARNING] [Vue warn]: Invalid prop: type check failed for prop "onKeydown". Expected Function, got Array  
  at <ATextarea value="" onUpdate:value=fn rows=4  ... > 
  at <Anonymous value= {hashed: true, components: Object, theme: undefined, token: Object} > 
  at <ALocaleProvider locale=undefined ANT_MARK__="internalMark" > 
  at <LocaleReceiver children=fn<children> > 
  at <AConfigProvider theme= {token: Object} > 
  at <App> @ http://127.0.0.1:5175/@vite/client:528
[    2786ms] [WARNING] [Vue warn]: Invalid prop: type check failed for prop "onKeydown". Expected Function, got Array  
  at <ATextarea value="" onUpdate:value=fn rows=4  ... > 
  at <Anonymous value= {hashed: true, components: Object, theme: undefined, token: Object} > 
  at <ALocaleProvider locale=undefined ANT_MARK__="internalMark" > 
  at <LocaleReceiver children=fn<children> > 
  at <AConfigProvider theme= {token: Object} > 
  at <App> @ http://127.0.0.1:5175/@vite/client:528
[    2789ms] [WARNING] [Vue warn]: Invalid prop: type check failed for prop "onKeydown". Expected Function, got Array  
  at <ATextarea value="" onUpdate:value=fn rows=4  ... > 
  at <Anonymous value= {hashed: true, components: Object, theme: undefined, token: Object} > 
  at <ALocaleProvider locale=undefined ANT_MARK__="internalMark" > 
  at <LocaleReceiver children=fn<children> > 
  at <AConfigProvider theme= {token: Object} > 
  at <App> @ http://127.0.0.1:5175/@vite/client:528
[    2793ms] [WARNING] [Vue warn]: Invalid prop: type check failed for prop "onKeydown". Expected Function, got Array  
  at <ATextarea value="" onUpdate:value=fn rows=4  ... > 
  at <Anonymous value= {hashed: true, components: Object, theme: undefined, token: Object} > 
  at <ALocaleProvider locale=undefined ANT_MARK__="internalMark" > 
  at <LocaleReceiver children=fn<children> > 
  at <AConfigProvider theme= {token: Object} > 
  at <App> @ http://127.0.0.1:5175/@vite/client:528
[    2796ms] [WARNING] [Vue warn]: Invalid prop: type check failed for prop "onKeydown". Expected Function, got Array  
  at <ATextarea value="" onUpdate:value=fn rows=4  ... > 
  at <Anonymous value= {hashed: true, components: Object, theme: undefined, token: Object} > 
  at <ALocaleProvider locale=undefined ANT_MARK__="internalMark" > 
  at <LocaleReceiver children=fn<children> > 
  at <AConfigProvider theme= {token: Object} > 
  at <App> @ http://127.0.0.1:5175/@vite/client:528
[    2799ms] [WARNING] [Vue warn]: Invalid prop: type check failed for prop "onKeydown". Expected Function, got Array  
  at <ATextarea value="" onUpdate:value=fn rows=4  ... > 
  at <Anonymous value= {hashed: true, components: Object, theme: undefined, token: Object} > 
  at <ALocaleProvider locale=undefined ANT_MARK__="internalMark" > 
  at <LocaleReceiver children=fn<children> > 
  at <AConfigProvider theme= {token: Object} > 
  at <App> @ http://127.0.0.1:5175/@vite/client:528
[    2802ms] [WARNING] [Vue warn]: Invalid prop: type check failed for prop "onKeydown". Expected Function, got Array  
  at <ATextarea value="" onUpdate:value=fn rows=4  ... > 
  at <Anonymous value= {hashed: true, components: Object, theme: undefined, token: Object} > 
  at <ALocaleProvider locale=undefined ANT_MARK__="internalMark" > 
  at <LocaleReceiver children=fn<children> > 
  at <AConfigProvider theme= {token: Object} > 
  at <App> @ http://127.0.0.1:5175/@vite/client:528
[    2805ms] [WARNING] [Vue warn]: Invalid prop: type check failed for prop "onKeydown". Expected Function, got Array  
  at <ATextarea value="" onUpdate:value=fn rows=4  ... > 
  at <Anonymous value= {hashed: true, components: Object, theme: undefined, token: Object} > 
  at <ALocaleProvider locale=undefined ANT_MARK__="internalMark" > 
  at <LocaleReceiver children=fn<children> > 
  at <AConfigProvider theme= {token: Object} > 
  at <App> @ http://127.0.0.1:5175/@vite/client:528
[    2808ms] [WARNING] [Vue warn]: Invalid prop: type check failed for prop "onKeydown". Expected Function, got Array  
  at <ATextarea value="" onUpdate:value=fn rows=4  ... > 
  at <Anonymous value= {hashed: true, components: Object, theme: undefined, token: Object} > 
  at <ALocaleProvider locale=undefined ANT_MARK__="internalMark" > 
  at <LocaleReceiver children=fn<children> > 
  at <AConfigProvider theme= {token: Object} > 
  at <App> @ http://127.0.0.1:5175/@vite/client:528
[    2812ms] [WARNING] [Vue warn]: Invalid prop: type check failed for prop "onKeydown". Expected Function, got Array  
  at <ATextarea value="" onUpdate:value=fn rows=4  ... > 
  at <Anonymous value= {hashed: true, components: Object, theme: undefined, token: Object} > 
  at <ALocaleProvider locale=undefined ANT_MARK__="internalMark" > 
  at <LocaleReceiver children=fn<children> > 
  at <AConfigProvider theme= {token: Object} > 
  at <App> @ http://127.0.0.1:5175/@vite/client:528
[    2816ms] [WARNING] [Vue warn]: Invalid prop: type check failed for prop "onKeydown". Expected Function, got Array  
  at <ATextarea value="" onUpdate:value=fn rows=4  ... > 
  at <Anonymous value= {hashed: true, components: Object, theme: undefined, token: Object} > 
  at <ALocaleProvider locale=undefined ANT_MARK__="internalMark" > 
  at <LocaleReceiver children=fn<children> > 
  at <AConfigProvider theme= {token: Object} > 
  at <App> @ http://127.0.0.1:5175/@vite/client:528
[    2820ms] [WARNING] [Vue warn]: Invalid prop: type check failed for prop "onKeydown". Expected Function, got Array  
  at <ATextarea value="" onUpdate:value=fn rows=4  ... > 
  at <Anonymous value= {hashed: true, components: Object, theme: undefined, token: Object} > 
  at <ALocaleProvider locale=undefined ANT_MARK__="internalMark" > 
  at <LocaleReceiver children=fn<children> > 
  at <AConfigProvider theme= {token: Object} > 
  at <App> @ http://127.0.0.1:5175/@vite/client:528
[    2823ms] [WARNING] [Vue warn]: Invalid prop: type check failed for prop "onKeydown". Expected Function, got Array  
  at <ATextarea value="" onUpdate:value=fn rows=4  ... > 
  at <Anonymous value= {hashed: true, components: Object, theme: undefined, token: Object} > 
  at <ALocaleProvider locale=undefined ANT_MARK__="internalMark" > 
  at <LocaleReceiver children=fn<children> > 
  at <AConfigProvider theme= {token: Object} > 
  at <App> @ http://127.0.0.1:5175/@vite/client:528
[    2827ms] [WARNING] [Vue warn]: Invalid prop: type check failed for prop "onKeydown". Expected Function, got Array  
  at <ATextarea value="" onUpdate:value=fn rows=4  ... > 
  at <Anonymous value= {hashed: true, components: Object, theme: undefined, token: Object} > 
  at <ALocaleProvider locale=undefined ANT_MARK__="internalMark" > 
  at <LocaleReceiver children=fn<children> > 
  at <AConfigProvider theme= {token: Object} > 
  at <App> @ http://127.0.0.1:5175/@vite/client:528
[    2830ms] [WARNING] [Vue warn]: Invalid prop: type check failed for prop "onKeydown". Expected Function, got Array  
  at <ATextarea value="" onUpdate:value=fn rows=4  ... > 
  at <Anonymous value= {hashed: true, components: Object, theme: undefined, token: Object} > 
  at <ALocaleProvider locale=undefined ANT_MARK__="internalMark" > 
  at <LocaleReceiver children=fn<children> > 
  at <AConfigProvider theme= {token: Object} > 
  at <App> @ http://127.0.0.1:5175/@vite/client:528
[    2833ms] [WARNING] [Vue warn]: Invalid prop: type check failed for prop "onKeydown". Expected Function, got Array  
  at <ATextarea value="" onUpdate:value=fn rows=4  ... > 
  at <Anonymous value= {hashed: true, components: Object, theme: undefined, token: Object} > 
  at <ALocaleProvider locale=undefined ANT_MARK__="internalMark" > 
  at <LocaleReceiver children=fn<children> > 
  at <AConfigProvider theme= {token: Object} > 
  at <App> @ http://127.0.0.1:5175/@vite/client:528
[    2837ms] [WARNING] [Vue warn]: Invalid prop: type check failed for prop "onKeydown". Expected Function, got Array  
  at <ATextarea value="" onUpdate:value=fn rows=4  ... > 
  at <Anonymous value= {hashed: true, components: Object, theme: undefined, token: Object} > 
  at <ALocaleProvider locale=undefined ANT_MARK__="internalMark" > 
  at <LocaleReceiver children=fn<children> > 
  at <AConfigProvider theme= {token: Object} > 
  at <App> @ http://127.0.0.1:5175/@vite/client:528
[    2840ms] [WARNING] [Vue warn]: Invalid prop: type check failed for prop "onKeydown". Expected Function, got Array  
  at <ATextarea value="" onUpdate:value=fn rows=4  ... > 
  at <Anonymous value= {hashed: true, components: Object, theme: undefined, token: Object} > 
  at <ALocaleProvider locale=undefined ANT_MARK__="internalMark" > 
  at <LocaleReceiver children=fn<children> > 
  at <AConfigProvider theme= {token: Object} > 
  at <App> @ http://127.0.0.1:5175/@vite/client:528
[    2843ms] [WARNING] [Vue warn]: Invalid prop: type check failed for prop "onKeydown". Expected Function, got Array  
  at <ATextarea value="" onUpdate:value=fn rows=4  ... > 
  at <Anonymous value= {hashed: true, components: Object, theme: undefined, token: Object} > 
  at <ALocaleProvider locale=undefined ANT_MARK__="internalMark" > 
  at <LocaleReceiver children=fn<children> > 
  at <AConfigProvider theme= {token: Object} > 
  at <App> @ http://127.0.0.1:5175/@vite/client:528
[    2846ms] [WARNING] [Vue warn]: Invalid prop: type check failed for prop "onKeydown". Expected Function, got Array  
  at <ATextarea value="" onUpdate:value=fn rows=4  ... > 
  at <Anonymous value= {hashed: true, components: Object, theme: undefined, token: Object} > 
  at <ALocaleProvider locale=undefined ANT_MARK__="internalMark" > 
  at <LocaleReceiver children=fn<children> > 
  at <AConfigProvider theme= {token: Object} > 
  at <App> @ http://127.0.0.1:5175/@vite/client:528
[    2850ms] [WARNING] [Vue warn]: Invalid prop: type check failed for prop "onKeydown". Expected Function, got Array  
  at <ATextarea value="" onUpdate:value=fn rows=4  ... > 
  at <Anonymous value= {hashed: true, components: Object, theme: undefined, token: Object} > 
  at <ALocaleProvider locale=undefined ANT_MARK__="internalMark" > 
  at <LocaleReceiver children=fn<children> > 
  at <AConfigProvider theme= {token: Object} > 
  at <App> @ http://127.0.0.1:5175/@vite/client:528
[    2853ms] [WARNING] [Vue warn]: Invalid prop: type check failed for prop "onKeydown". Expected Function, got Array  
  at <ATextarea value="" onUpdate:value=fn rows=4  ... > 
  at <Anonymous value= {hashed: true, components: Object, theme: undefined, token: Object} > 
  at <ALocaleProvider locale=undefined ANT_MARK__="internalMark" > 
  at <LocaleReceiver children=fn<children> > 
  at <AConfigProvider theme= {token: Object} > 
  at <App> @ http://127.0.0.1:5175/@vite/client:528
[    2856ms] [WARNING] [Vue warn]: Invalid prop: type check failed for prop "onKeydown". Expected Function, got Array  
  at <ATextarea value="" onUpdate:value=fn rows=4  ... > 
  at <Anonymous value= {hashed: true, components: Object, theme: undefined, token: Object} > 
  at <ALocaleProvider locale=undefined ANT_MARK__="internalMark" > 
  at <LocaleReceiver children=fn<children> > 
  at <AConfigProvider theme= {token: Object} > 
  at <App> @ http://127.0.0.1:5175/@vite/client:528
[    2860ms] [WARNING] [Vue warn]: Invalid prop: type check failed for prop "onKeydown". Expected Function, got Array  
  at <ATextarea value="" onUpdate:value=fn rows=4  ... > 
  at <Anonymous value= {hashed: true, components: Object, theme: undefined, token: Object} > 
  at <ALocaleProvider locale=undefined ANT_MARK__="internalMark" > 
  at <LocaleReceiver children=fn<children> > 
  at <AConfigProvider theme= {token: Object} > 
  at <App> @ http://127.0.0.1:5175/@vite/client:528
[    2863ms] [WARNING] [Vue warn]: Invalid prop: type check failed for prop "onKeydown". Expected Function, got Array  
  at <ATextarea value="" onUpdate:value=fn rows=4  ... > 
  at <Anonymous value= {hashed: true, components: Object, theme: undefined, token: Object} > 
  at <ALocaleProvider locale=undefined ANT_MARK__="internalMark" > 
  at <LocaleReceiver children=fn<children> > 
  at <AConfigProvider theme= {token: Object} > 
  at <App> @ http://127.0.0.1:5175/@vite/client:528
[    2867ms] [WARNING] [Vue warn]: Invalid prop: type check failed for prop "onKeydown". Expected Function, got Array  
  at <ATextarea value="" onUpdate:value=fn rows=4  ... > 
  at <Anonymous value= {hashed: true, components: Object, theme: undefined, token: Object} > 
  at <ALocaleProvider locale=undefined ANT_MARK__="internalMark" > 
  at <LocaleReceiver children=fn<children> > 
  at <AConfigProvider theme= {token: Object} > 
  at <App> @ http://127.0.0.1:5175/@vite/client:528
[    2871ms] [WARNING] [Vue warn]: Invalid prop: type check failed for prop "onKeydown". Expected Function, got Array  
  at <ATextarea value="" onUpdate:value=fn rows=4  ... > 
  at <Anonymous value= {hashed: true, components: Object, theme: undefined, token: Object} > 
  at <ALocaleProvider locale=undefined ANT_MARK__="internalMark" > 
  at <LocaleReceiver children=fn<children> > 
  at <AConfigProvider theme= {token: Object} > 
  at <App> @ http://127.0.0.1:5175/@vite/client:528
[    2874ms] [WARNING] [Vue warn]: Invalid prop: type check failed for prop "onKeydown". Expected Function, got Array  
  at <ATextarea value="" onUpdate:value=fn rows=4  ... > 
  at <Anonymous value= {hashed: true, components: Object, theme: undefined, token: Object} > 
  at <ALocaleProvider locale=undefined ANT_MARK__="internalMark" > 
  at <LocaleReceiver children=fn<children> > 
  at <AConfigProvider theme= {token: Object} > 
  at <App> @ http://127.0.0.1:5175/@vite/client:528
[    2877ms] [WARNING] [Vue warn]: Invalid prop: type check failed for prop "onKeydown". Expected Function, got Array  
  at <ATextarea value="" onUpdate:value=fn rows=4  ... > 
  at <Anonymous value= {hashed: true, components: Object, theme: undefined, token: Object} > 
  at <ALocaleProvider locale=undefined ANT_MARK__="internalMark" > 
  at <LocaleReceiver children=fn<children> > 
  at <AConfigProvider theme= {token: Object} > 
  at <App> @ http://127.0.0.1:5175/@vite/client:528
[    2881ms] [WARNING] [Vue warn]: Invalid prop: type check failed for prop "onKeydown". Expected Function, got Array  
  at <ATextarea value="" onUpdate:value=fn rows=4  ... > 
  at <Anonymous value= {hashed: true, components: Object, theme: undefined, token: Object} > 
  at <ALocaleProvider locale=undefined ANT_MARK__="internalMark" > 
  at <LocaleReceiver children=fn<children> > 
  at <AConfigProvider theme= {token: Object} > 
  at <App> @ http://127.0.0.1:5175/@vite/client:528
[    2884ms] [WARNING] [Vue warn]: Invalid prop: type check failed for prop "onKeydown". Expected Function, got Array  
  at <ATextarea value="" onUpdate:value=fn rows=4  ... > 
  at <Anonymous value= {hashed: true, components: Object, theme: undefined, token: Object} > 
  at <ALocaleProvider locale=undefined ANT_MARK__="internalMark" > 
  at <LocaleReceiver children=fn<children> > 
  at <AConfigProvider theme= {token: Object} > 
  at <App> @ http://127.0.0.1:5175/@vite/client:528
[    2887ms] [WARNING] [Vue warn]: Invalid prop: type check failed for prop "onKeydown". Expected Function, got Array  
  at <ATextarea value="" onUpdate:value=fn rows=4  ... > 
  at <Anonymous value= {hashed: true, components: Object, theme: undefined, token: Object} > 
  at <ALocaleProvider locale=undefined ANT_MARK__="internalMark" > 
  at <LocaleReceiver children=fn<children> > 
  at <AConfigProvider theme= {token: Object} > 
  at <App> @ http://127.0.0.1:5175/@vite/client:528
[    2890ms] [WARNING] [Vue warn]: Invalid prop: type check failed for prop "onKeydown". Expected Function, got Array  
  at <ATextarea value="" onUpdate:value=fn rows=4  ... > 
  at <Anonymous value= {hashed: true, components: Object, theme: undefined, token: Object} > 
  at <ALocaleProvider locale=undefined ANT_MARK__="internalMark" > 
  at <LocaleReceiver children=fn<children> > 
  at <AConfigProvider theme= {token: Object} > 
  at <App> @ http://127.0.0.1:5175/@vite/client:528
[    2893ms] [WARNING] [Vue warn]: Invalid prop: type check failed for prop "onKeydown". Expected Function, got Array  
  at <ATextarea value="" onUpdate:value=fn rows=4  ... > 
  at <Anonymous value= {hashed: true, components: Object, theme: undefined, token: Object} > 
  at <ALocaleProvider locale=undefined ANT_MARK__="internalMark" > 
  at <LocaleReceiver children=fn<children> > 
  at <AConfigProvider theme= {token: Object} > 
  at <App> @ http://127.0.0.1:5175/@vite/client:528
[    2896ms] [WARNING] [Vue warn]: Invalid prop: type check failed for prop "onKeydown". Expected Function, got Array  
  at <ATextarea value="" onUpdate:value=fn rows=4  ... > 
  at <Anonymous value= {hashed: true, components: Object, theme: undefined, token: Object} > 
  at <ALocaleProvider locale=undefined ANT_MARK__="internalMark" > 
  at <LocaleReceiver children=fn<children> > 
  at <AConfigProvider theme= {token: Object} > 
  at <App> @ http://127.0.0.1:5175/@vite/client:528
[    2899ms] [WARNING] [Vue warn]: Invalid prop: type check failed for prop "onKeydown". Expected Function, got Array  
  at <ATextarea value="" onUpdate:value=fn rows=4  ... > 
  at <Anonymous value= {hashed: true, components: Object, theme: undefined, token: Object} > 
  at <ALocaleProvider locale=undefined ANT_MARK__="internalMark" > 
  at <LocaleReceiver children=fn<children> > 
  at <AConfigProvider theme= {token: Object} > 
  at <App> @ http://127.0.0.1:5175/@vite/client:528
[    2902ms] [WARNING] [Vue warn]: Invalid prop: type check failed for prop "onKeydown". Expected Function, got Array  
  at <ATextarea value="" onUpdate:value=fn rows=4  ... > 
  at <Anonymous value= {hashed: true, components: Object, theme: undefined, token: Object} > 
  at <ALocaleProvider locale=undefined ANT_MARK__="internalMark" > 
  at <LocaleReceiver children=fn<children> > 
  at <AConfigProvider theme= {token: Object} > 
  at <App> @ http://127.0.0.1:5175/@vite/client:528
[    2906ms] [WARNING] [Vue warn]: Invalid prop: type check failed for prop "onKeydown". Expected Function, got Array  
  at <ATextarea value="" onUpdate:value=fn rows=4  ... > 
  at <Anonymous value= {hashed: true, components: Object, theme: undefined, token: Object} > 
  at <ALocaleProvider locale=undefined ANT_MARK__="internalMark" > 
  at <LocaleReceiver children=fn<children> > 
  at <AConfigProvider theme= {token: Object} > 
  at <App> @ http://127.0.0.1:5175/@vite/client:528
[    2909ms] [WARNING] [Vue warn]: Invalid prop: type check failed for prop "onKeydown". Expected Function, got Array  
  at <ATextarea value="" onUpdate:value=fn rows=4  ... > 
  at <Anonymous value= {hashed: true, components: Object, theme: undefined, token: Object} > 
  at <ALocaleProvider locale=undefined ANT_MARK__="internalMark" > 
  at <LocaleReceiver children=fn<children> > 
  at <AConfigProvider theme= {token: Object} > 
  at <App> @ http://127.0.0.1:5175/@vite/client:528
[    2913ms] [WARNING] [Vue warn]: Invalid prop: type check failed for prop "onKeydown". Expected Function, got Array  
  at <ATextarea value="" onUpdate:value=fn rows=4  ... > 
  at <Anonymous value= {hashed: true, components: Object, theme: undefined, token: Object} > 
  at <ALocaleProvider locale=undefined ANT_MARK__="internalMark" > 
  at <LocaleReceiver children=fn<children> > 
  at <AConfigProvider theme= {token: Object} > 
  at <App> @ http://127.0.0.1:5175/@vite/client:528
[    2916ms] [WARNING] [Vue warn]: Invalid prop: type check failed for prop "onKeydown". Expected Function, got Array  
  at <ATextarea value="" onUpdate:value=fn rows=4  ... > 
  at <Anonymous value= {hashed: true, components: Object, theme: undefined, token: Object} > 
  at <ALocaleProvider locale=undefined ANT_MARK__="internalMark" > 
  at <LocaleReceiver children=fn<children> > 
  at <AConfigProvider theme= {token: Object} > 
  at <App> @ http://127.0.0.1:5175/@vite/client:528
[    2920ms] [WARNING] [Vue warn]: Invalid prop: type check failed for prop "onKeydown". Expected Function, got Array  
  at <ATextarea value="" onUpdate:value=fn rows=4  ... > 
  at <Anonymous value= {hashed: true, components: Object, theme: undefined, token: Object} > 
  at <ALocaleProvider locale=undefined ANT_MARK__="internalMark" > 
  at <LocaleReceiver children=fn<children> > 
  at <AConfigProvider theme= {token: Object} > 
  at <App> @ http://127.0.0.1:5175/@vite/client:528
[    2923ms] [WARNING] [Vue warn]: Invalid prop: type check failed for prop "onKeydown". Expected Function, got Array  
  at <ATextarea value="" onUpdate:value=fn rows=4  ... > 
  at <Anonymous value= {hashed: true, components: Object, theme: undefined, token: Object} > 
  at <ALocaleProvider locale=undefined ANT_MARK__="internalMark" > 
  at <LocaleReceiver children=fn<children> > 
  at <AConfigProvider theme= {token: Object} > 
  at <App> @ http://127.0.0.1:5175/@vite/client:528
[    2926ms] [WARNING] [Vue warn]: Invalid prop: type check failed for prop "onKeydown". Expected Function, got Array  
  at <ATextarea value="" onUpdate:value=fn rows=4  ... > 
  at <Anonymous value= {hashed: true, components: Object, theme: undefined, token: Object} > 
  at <ALocaleProvider locale=undefined ANT_MARK__="internalMark" > 
  at <LocaleReceiver children=fn<children> > 
  at <AConfigProvider theme= {token: Object} > 
  at <App> @ http://127.0.0.1:5175/@vite/client:528
[    2929ms] [WARNING] [Vue warn]: Invalid prop: type check failed for prop "onKeydown". Expected Function, got Array  
  at <ATextarea value="" onUpdate:value=fn rows=4  ... > 
  at <Anonymous value= {hashed: true, components: Object, theme: undefined, token: Object} > 
  at <ALocaleProvider locale=undefined ANT_MARK__="internalMark" > 
  at <LocaleReceiver children=fn<children> > 
  at <AConfigProvider theme= {token: Object} > 
  at <App> @ http://127.0.0.1:5175/@vite/client:528
[    2932ms] [WARNING] [Vue warn]: Invalid prop: type check failed for prop "onKeydown". Expected Function, got Array  
  at <ATextarea value="" onUpdate:value=fn rows=4  ... > 
  at <Anonymous value= {hashed: true, components: Object, theme: undefined, token: Object} > 
  at <ALocaleProvider locale=undefined ANT_MARK__="internalMark" > 
  at <LocaleReceiver children=fn<children> > 
  at <AConfigProvider theme= {token: Object} > 
  at <App> @ http://127.0.0.1:5175/@vite/client:528
[    2935ms] [WARNING] [Vue warn]: Invalid prop: type check failed for prop "onKeydown". Expected Function, got Array  
  at <ATextarea value="" onUpdate:value=fn rows=4  ... > 
  at <Anonymous value= {hashed: true, components: Object, theme: undefined, token: Object} > 
  at <ALocaleProvider locale=undefined ANT_MARK__="internalMark" > 
  at <LocaleReceiver children=fn<children> > 
  at <AConfigProvider theme= {token: Object} > 
  at <App> @ http://127.0.0.1:5175/@vite/client:528
[    2938ms] [WARNING] [Vue warn]: Invalid prop: type check failed for prop "onKeydown". Expected Function, got Array  
  at <ATextarea value="" onUpdate:value=fn rows=4  ... > 
  at <Anonymous value= {hashed: true, components: Object, theme: undefined, token: Object} > 
  at <ALocaleProvider locale=undefined ANT_MARK__="internalMark" > 
  at <LocaleReceiver children=fn<children> > 
  at <AConfigProvider theme= {token: Object} > 
  at <App> @ http://127.0.0.1:5175/@vite/client:528
[    2941ms] [WARNING] [Vue warn]: Invalid prop: type check failed for prop "onKeydown". Expected Function, got Array  
  at <ATextarea value="" onUpdate:value=fn rows=4  ... > 
  at <Anonymous value= {hashed: true, components: Object, theme: undefined, token: Object} > 
  at <ALocaleProvider locale=undefined ANT_MARK__="internalMark" > 
  at <LocaleReceiver children=fn<children> > 
  at <AConfigProvider theme= {token: Object} > 
  at <App> @ http://127.0.0.1:5175/@vite/client:528
[    2944ms] [WARNING] [Vue warn]: Invalid prop: type check failed for prop "onKeydown". Expected Function, got Array  
  at <ATextarea value="" onUpdate:value=fn rows=4  ... > 
  at <Anonymous value= {hashed: true, components: Object, theme: undefined, token: Object} > 
  at <ALocaleProvider locale=undefined ANT_MARK__="internalMark" > 
  at <LocaleReceiver children=fn<children> > 
  at <AConfigProvider theme= {token: Object} > 
  at <App> @ http://127.0.0.1:5175/@vite/client:528
[    2947ms] [WARNING] [Vue warn]: Invalid prop: type check failed for prop "onKeydown". Expected Function, got Array  
  at <ATextarea value="" onUpdate:value=fn rows=4  ... > 
  at <Anonymous value= {hashed: true, components: Object, theme: undefined, token: Object} > 
  at <ALocaleProvider locale=undefined ANT_MARK__="internalMark" > 
  at <LocaleReceiver children=fn<children> > 
  at <AConfigProvider theme= {token: Object} > 
  at <App> @ http://127.0.0.1:5175/@vite/client:528
[    2950ms] [WARNING] [Vue warn]: Invalid prop: type check failed for prop "onKeydown". Expected Function, got Array  
  at <ATextarea value="" onUpdate:value=fn rows=4  ... > 
  at <Anonymous value= {hashed: true, components: Object, theme: undefined, token: Object} > 
  at <ALocaleProvider locale=undefined ANT_MARK__="internalMark" > 
  at <LocaleReceiver children=fn<children> > 
  at <AConfigProvider theme= {token: Object} > 
  at <App> @ http://127.0.0.1:5175/@vite/client:528
[    2953ms] [WARNING] [Vue warn]: Invalid prop: type check failed for prop "onKeydown". Expected Function, got Array  
  at <ATextarea value="" onUpdate:value=fn rows=4  ... > 
  at <Anonymous value= {hashed: true, components: Object, theme: undefined, token: Object} > 
  at <ALocaleProvider locale=undefined ANT_MARK__="internalMark" > 
  at <LocaleReceiver children=fn<children> > 
  at <AConfigProvider theme= {token: Object} > 
  at <App> @ http://127.0.0.1:5175/@vite/client:528
[    2956ms] [WARNING] [Vue warn]: Invalid prop: type check failed for prop "onKeydown". Expected Function, got Array  
  at <ATextarea value="" onUpdate:value=fn rows=4  ... > 
  at <Anonymous value= {hashed: true, components: Object, theme: undefined, token: Object} > 
  at <ALocaleProvider locale=undefined ANT_MARK__="internalMark" > 
  at <LocaleReceiver children=fn<children> > 
  at <AConfigProvider theme= {token: Object} > 
  at <App> @ http://127.0.0.1:5175/@vite/client:528
[    2959ms] [WARNING] [Vue warn]: Invalid prop: type check failed for prop "onKeydown". Expected Function, got Array  
  at <ATextarea value="" onUpdate:value=fn rows=4  ... > 
  at <Anonymous value= {hashed: true, components: Object, theme: undefined, token: Object} > 
  at <ALocaleProvider locale=undefined ANT_MARK__="internalMark" > 
  at <LocaleReceiver children=fn<children> > 
  at <AConfigProvider theme= {token: Object} > 
  at <App> @ http://127.0.0.1:5175/@vite/client:528
[    2962ms] [WARNING] [Vue warn]: Invalid prop: type check failed for prop "onKeydown". Expected Function, got Array  
  at <ATextarea value="" onUpdate:value=fn rows=4  ... > 
  at <Anonymous value= {hashed: true, components: Object, theme: undefined, token: Object} > 
  at <ALocaleProvider locale=undefined ANT_MARK__="internalMark" > 
  at <LocaleReceiver children=fn<children> > 
  at <AConfigProvider theme= {token: Object} > 
  at <App> @ http://127.0.0.1:5175/@vite/client:528
[    2965ms] [WARNING] [Vue warn]: Invalid prop: type check failed for prop "onKeydown". Expected Function, got Array  
  at <ATextarea value="" onUpdate:value=fn rows=4  ... > 
  at <Anonymous value= {hashed: true, components: Object, theme: undefined, token: Object} > 
  at <ALocaleProvider locale=undefined ANT_MARK__="internalMark" > 
  at <LocaleReceiver children=fn<children> > 
  at <AConfigProvider theme= {token: Object} > 
  at <App> @ http://127.0.0.1:5175/@vite/client:528
[    2968ms] [WARNING] [Vue warn]: Invalid prop: type check failed for prop "onKeydown". Expected Function, got Array  
  at <ATextarea value="" onUpdate:value=fn rows=4  ... > 
  at <Anonymous value= {hashed: true, components: Object, theme: undefined, token: Object} > 
  at <ALocaleProvider locale=undefined ANT_MARK__="internalMark" > 
  at <LocaleReceiver children=fn<children> > 
  at <AConfigProvider theme= {token: Object} > 
  at <App> @ http://127.0.0.1:5175/@vite/client:528
[    2971ms] [WARNING] [Vue warn]: Invalid prop: type check failed for prop "onKeydown". Expected Function, got Array  
  at <ATextarea value="" onUpdate:value=fn rows=4  ... > 
  at <Anonymous value= {hashed: true, components: Object, theme: undefined, token: Object} > 
  at <ALocaleProvider locale=undefined ANT_MARK__="internalMark" > 
  at <LocaleReceiver children=fn<children> > 
  at <AConfigProvider theme= {token: Object} > 
  at <App> @ http://127.0.0.1:5175/@vite/client:528
[    2974ms] [WARNING] [Vue warn]: Invalid prop: type check failed for prop "onKeydown". Expected Function, got Array  
  at <ATextarea value="" onUpdate:value=fn rows=4  ... > 
  at <Anonymous value= {hashed: true, components: Object, theme: undefined, token: Object} > 
  at <ALocaleProvider locale=undefined ANT_MARK__="internalMark" > 
  at <LocaleReceiver children=fn<children> > 
  at <AConfigProvider theme= {token: Object} > 
  at <App> @ http://127.0.0.1:5175/@vite/client:528
[    2977ms] [WARNING] [Vue warn]: Invalid prop: type check failed for prop "onKeydown". Expected Function, got Array  
  at <ATextarea value="" onUpdate:value=fn rows=4  ... > 
  at <Anonymous value= {hashed: true, components: Object, theme: undefined, token: Object} > 
  at <ALocaleProvider locale=undefined ANT_MARK__="internalMark" > 
  at <LocaleReceiver children=fn<children> > 
  at <AConfigProvider theme= {token: Object} > 
  at <App> @ http://127.0.0.1:5175/@vite/client:528
[    2980ms] [WARNING] [Vue warn]: Invalid prop: type check failed for prop "onKeydown". Expected Function, got Array  
  at <ATextarea value="" onUpdate:value=fn rows=4  ... > 
  at <Anonymous value= {hashed: true, components: Object, theme: undefined, token: Object} > 
  at <ALocaleProvider locale=undefined ANT_MARK__="internalMark" > 
  at <LocaleReceiver children=fn<children> > 
  at <AConfigProvider theme= {token: Object} > 
  at <App> @ http://127.0.0.1:5175/@vite/client:528
[    2983ms] [WARNING] [Vue warn]: Invalid prop: type check failed for prop "onKeydown". Expected Function, got Array  
  at <ATextarea value="" onUpdate:value=fn rows=4  ... > 
  at <Anonymous value= {hashed: true, components: Object, theme: undefined, token: Object} > 
  at <ALocaleProvider locale=undefined ANT_MARK__="internalMark" > 
  at <LocaleReceiver children=fn<children> > 
  at <AConfigProvider theme= {token: Object} > 
  at <App> @ http://127.0.0.1:5175/@vite/client:528
[    2986ms] [WARNING] [Vue warn]: Invalid prop: type check failed for prop "onKeydown". Expected Function, got Array  
  at <ATextarea value="" onUpdate:value=fn rows=4  ... > 
  at <Anonymous value= {hashed: true, components: Object, theme: undefined, token: Object} > 
  at <ALocaleProvider locale=undefined ANT_MARK__="internalMark" > 
  at <LocaleReceiver children=fn<children> > 
  at <AConfigProvider theme= {token: Object} > 
  at <App> @ http://127.0.0.1:5175/@vite/client:528
[    2989ms] [WARNING] [Vue warn]: Invalid prop: type check failed for prop "onKeydown". Expected Function, got Array  
  at <ATextarea value="" onUpdate:value=fn rows=4  ... > 
  at <Anonymous value= {hashed: true, components: Object, theme: undefined, token: Object} > 
  at <ALocaleProvider locale=undefined ANT_MARK__="internalMark" > 
  at <LocaleReceiver children=fn<children> > 
  at <AConfigProvider theme= {token: Object} > 
  at <App> @ http://127.0.0.1:5175/@vite/client:528
[    2992ms] [WARNING] [Vue warn]: Invalid prop: type check failed for prop "onKeydown". Expected Function, got Array  
  at <ATextarea value="" onUpdate:value=fn rows=4  ... > 
  at <Anonymous value= {hashed: true, components: Object, theme: undefined, token: Object} > 
  at <ALocaleProvider locale=undefined ANT_MARK__="internalMark" > 
  at <LocaleReceiver children=fn<children> > 
  at <AConfigProvider theme= {token: Object} > 
  at <App> @ http://127.0.0.1:5175/@vite/client:528
[    2995ms] [WARNING] [Vue warn]: Invalid prop: type check failed for prop "onKeydown". Expected Function, got Array  
  at <ATextarea value="" onUpdate:value=fn rows=4  ... > 
  at <Anonymous value= {hashed: true, components: Object, theme: undefined, token: Object} > 
  at <ALocaleProvider locale=undefined ANT_MARK__="internalMark" > 
  at <LocaleReceiver children=fn<children> > 
  at <AConfigProvider theme= {token: Object} > 
  at <App> @ http://127.0.0.1:5175/@vite/client:528
[    2998ms] [WARNING] [Vue warn]: Invalid prop: type check failed for prop "onKeydown". Expected Function, got Array  
  at <ATextarea value="" onUpdate:value=fn rows=4  ... > 
  at <Anonymous value= {hashed: true, components: Object, theme: undefined, token: Object} > 
  at <ALocaleProvider locale=undefined ANT_MARK__="internalMark" > 
  at <LocaleReceiver children=fn<children> > 
  at <AConfigProvider theme= {token: Object} > 
  at <App> @ http://127.0.0.1:5175/@vite/client:528
[    3001ms] [WARNING] [Vue warn]: Invalid prop: type check failed for prop "onKeydown". Expected Function, got Array  
  at <ATextarea value="" onUpdate:value=fn rows=4  ... > 
  at <Anonymous value= {hashed: true, components: Object, theme: undefined, token: Object} > 
  at <ALocaleProvider locale=undefined ANT_MARK__="internalMark" > 
  at <LocaleReceiver children=fn<children> > 
  at <AConfigProvider theme= {token: Object} > 
  at <App> @ http://127.0.0.1:5175/@vite/client:528
[    3005ms] [WARNING] [Vue warn]: Invalid prop: type check failed for prop "onKeydown". Expected Function, got Array  
  at <ATextarea value="" onUpdate:value=fn rows=4  ... > 
  at <Anonymous value= {hashed: true, components: Object, theme: undefined, token: Object} > 
  at <ALocaleProvider locale=undefined ANT_MARK__="internalMark" > 
  at <LocaleReceiver children=fn<children> > 
  at <AConfigProvider theme= {token: Object} > 
  at <App> @ http://127.0.0.1:5175/@vite/client:528
[    3008ms] [WARNING] [Vue warn]: Invalid prop: type check failed for prop "onKeydown". Expected Function, got Array  
  at <ATextarea value="" onUpdate:value=fn rows=4  ... > 
  at <Anonymous value= {hashed: true, components: Object, theme: undefined, token: Object} > 
  at <ALocaleProvider locale=undefined ANT_MARK__="internalMark" > 
  at <LocaleReceiver children=fn<children> > 
  at <AConfigProvider theme= {token: Object} > 
  at <App> @ http://127.0.0.1:5175/@vite/client:528
[    3011ms] [WARNING] [Vue warn]: Invalid prop: type check failed for prop "onKeydown". Expected Function, got Array  
  at <ATextarea value="" onUpdate:value=fn rows=4  ... > 
  at <Anonymous value= {hashed: true, components: Object, theme: undefined, token: Object} > 
  at <ALocaleProvider locale=undefined ANT_MARK__="internalMark" > 
  at <LocaleReceiver children=fn<children> > 
  at <AConfigProvider theme= {token: Object} > 
  at <App> @ http://127.0.0.1:5175/@vite/client:528
[    3014ms] [WARNING] [Vue warn]: Invalid prop: type check failed for prop "onKeydown". Expected Function, got Array  
  at <ATextarea value="" onUpdate:value=fn rows=4  ... > 
  at <Anonymous value= {hashed: true, components: Object, theme: undefined, token: Object} > 
  at <ALocaleProvider locale=undefined ANT_MARK__="internalMark" > 
  at <LocaleReceiver children=fn<children> > 
  at <AConfigProvider theme= {token: Object} > 
  at <App> @ http://127.0.0.1:5175/@vite/client:528
[    3019ms] [WARNING] [Vue warn]: Invalid prop: type check failed for prop "onKeydown". Expected Function, got Array  
  at <ATextarea value="" onUpdate:value=fn rows=4  ... > 
  at <Anonymous value= {hashed: true, components: Object, theme: undefined, token: Object} > 
  at <ALocaleProvider locale=undefined ANT_MARK__="internalMark" > 
  at <LocaleReceiver children=fn<children> > 
  at <AConfigProvider theme= {token: Object} > 
  at <App> @ http://127.0.0.1:5175/@vite/client:528
[    3022ms] [WARNING] [Vue warn]: Invalid prop: type check failed for prop "onKeydown". Expected Function, got Array  
  at <ATextarea value="" onUpdate:value=fn rows=4  ... > 
  at <Anonymous value= {hashed: true, components: Object, theme: undefined, token: Object} > 
  at <ALocaleProvider locale=undefined ANT_MARK__="internalMark" > 
  at <LocaleReceiver children=fn<children> > 
  at <AConfigProvider theme= {token: Object} > 
  at <App> @ http://127.0.0.1:5175/@vite/client:528
[    3025ms] [WARNING] [Vue warn]: Invalid prop: type check failed for prop "onKeydown". Expected Function, got Array  
  at <ATextarea value="" onUpdate:value=fn rows=4  ... > 
  at <Anonymous value= {hashed: true, components: Object, theme: undefined, token: Object} > 
  at <ALocaleProvider locale=undefined ANT_MARK__="internalMark" > 
  at <LocaleReceiver children=fn<children> > 
  at <AConfigProvider theme= {token: Object} > 
  at <App> @ http://127.0.0.1:5175/@vite/client:528
[    3028ms] [WARNING] [Vue warn]: Invalid prop: type check failed for prop "onKeydown". Expected Function, got Array  
  at <ATextarea value="" onUpdate:value=fn rows=4  ... > 
  at <Anonymous value= {hashed: true, components: Object, theme: undefined, token: Object} > 
  at <ALocaleProvider locale=undefined ANT_MARK__="internalMark" > 
  at <LocaleReceiver children=fn<children> > 
  at <AConfigProvider theme= {token: Object} > 
  at <App> @ http://127.0.0.1:5175/@vite/client:528
[    3031ms] [WARNING] [Vue warn]: Invalid prop: type check failed for prop "onKeydown". Expected Function, got Array  
  at <ATextarea value="" onUpdate:value=fn rows=4  ... > 
  at <Anonymous value= {hashed: true, components: Object, theme: undefined, token: Object} > 
  at <ALocaleProvider locale=undefined ANT_MARK__="internalMark" > 
  at <LocaleReceiver children=fn<children> > 
  at <AConfigProvider theme= {token: Object} > 
  at <App> @ http://127.0.0.1:5175/@vite/client:528
[    3035ms] [WARNING] [Vue warn]: Invalid prop: type check failed for prop "onKeydown". Expected Function, got Array  
  at <ATextarea value="" onUpdate:value=fn rows=4  ... > 
  at <Anonymous value= {hashed: true, components: Object, theme: undefined, token: Object} > 
  at <ALocaleProvider locale=undefined ANT_MARK__="internalMark" > 
  at <LocaleReceiver children=fn<children> > 
  at <AConfigProvider theme= {token: Object} > 
  at <App> @ http://127.0.0.1:5175/@vite/client:528
[    3039ms] [WARNING] [Vue warn]: Invalid prop: type check failed for prop "onKeydown". Expected Function, got Array  
  at <ATextarea value="" onUpdate:value=fn rows=4  ... > 
  at <Anonymous value= {hashed: true, components: Object, theme: undefined, token: Object} > 
  at <ALocaleProvider locale=undefined ANT_MARK__="internalMark" > 
  at <LocaleReceiver children=fn<children> > 
  at <AConfigProvider theme= {token: Object} > 
  at <App> @ http://127.0.0.1:5175/@vite/client:528
[    3042ms] [WARNING] [Vue warn]: Invalid prop: type check failed for prop "onKeydown". Expected Function, got Array  
  at <ATextarea value="" onUpdate:value=fn rows=4  ... > 
  at <Anonymous value= {hashed: true, components: Object, theme: undefined, token: Object} > 
  at <ALocaleProvider locale=undefined ANT_MARK__="internalMark" > 
  at <LocaleReceiver children=fn<children> > 
  at <AConfigProvider theme= {token: Object} > 
  at <App> @ http://127.0.0.1:5175/@vite/client:528
[    3045ms] [WARNING] [Vue warn]: Invalid prop: type check failed for prop "onKeydown". Expected Function, got Array  
  at <ATextarea value="" onUpdate:value=fn rows=4  ... > 
  at <Anonymous value= {hashed: true, components: Object, theme: undefined, token: Object} > 
  at <ALocaleProvider locale=undefined ANT_MARK__="internalMark" > 
  at <LocaleReceiver children=fn<children> > 
  at <AConfigProvider theme= {token: Object} > 
  at <App> @ http://127.0.0.1:5175/@vite/client:528
[    3048ms] [WARNING] [Vue warn]: Invalid prop: type check failed for prop "onKeydown". Expected Function, got Array  
  at <ATextarea value="" onUpdate:value=fn rows=4  ... > 
  at <Anonymous value= {hashed: true, components: Object, theme: undefined, token: Object} > 
  at <ALocaleProvider locale=undefined ANT_MARK__="internalMark" > 
  at <LocaleReceiver children=fn<children> > 
  at <AConfigProvider theme= {token: Object} > 
  at <App> @ http://127.0.0.1:5175/@vite/client:528
[    3051ms] [WARNING] [Vue warn]: Invalid prop: type check failed for prop "onKeydown". Expected Function, got Array  
  at <ATextarea value="" onUpdate:value=fn rows=4  ... > 
  at <Anonymous value= {hashed: true, components: Object, theme: undefined, token: Object} > 
  at <ALocaleProvider locale=undefined ANT_MARK__="internalMark" > 
  at <LocaleReceiver children=fn<children> > 
  at <AConfigProvider theme= {token: Object} > 
  at <App> @ http://127.0.0.1:5175/@vite/client:528
[    3054ms] [WARNING] [Vue warn]: Invalid prop: type check failed for prop "onKeydown". Expected Function, got Array  
  at <ATextarea value="" onUpdate:value=fn rows=4  ... > 
  at <Anonymous value= {hashed: true, components: Object, theme: undefined, token: Object} > 
  at <ALocaleProvider locale=undefined ANT_MARK__="internalMark" > 
  at <LocaleReceiver children=fn<children> > 
  at <AConfigProvider theme= {token: Object} > 
  at <App> @ http://127.0.0.1:5175/@vite/client:528
[    3057ms] [WARNING] [Vue warn]: Invalid prop: type check failed for prop "onKeydown". Expected Function, got Array  
  at <ATextarea value="" onUpdate:value=fn rows=4  ... > 
  at <Anonymous value= {hashed: true, components: Object, theme: undefined, token: Object} > 
  at <ALocaleProvider locale=undefined ANT_MARK__="internalMark" > 
  at <LocaleReceiver children=fn<children> > 
  at <AConfigProvider theme= {token: Object} > 
  at <App> @ http://127.0.0.1:5175/@vite/client:528
[    3060ms] [WARNING] [Vue warn]: Invalid prop: type check failed for prop "onKeydown". Expected Function, got Array  
  at <ATextarea value="" onUpdate:value=fn rows=4  ... > 
  at <Anonymous value= {hashed: true, components: Object, theme: undefined, token: Object} > 
  at <ALocaleProvider locale=undefined ANT_MARK__="internalMark" > 
  at <LocaleReceiver children=fn<children> > 
  at <AConfigProvider theme= {token: Object} > 
  at <App> @ http://127.0.0.1:5175/@vite/client:528
[    3063ms] [WARNING] [Vue warn]: Invalid prop: type check failed for prop "onKeydown". Expected Function, got Array  
  at <ATextarea value="" onUpdate:value=fn rows=4  ... > 
  at <Anonymous value= {hashed: true, components: Object, theme: undefined, token: Object} > 
  at <ALocaleProvider locale=undefined ANT_MARK__="internalMark" > 
  at <LocaleReceiver children=fn<children> > 
  at <AConfigProvider theme= {token: Object} > 
  at <App> @ http://127.0.0.1:5175/@vite/client:528
[    3067ms] [WARNING] [Vue warn]: Invalid prop: type check failed for prop "onKeydown". Expected Function, got Array  
  at <ATextarea value="" onUpdate:value=fn rows=4  ... > 
  at <Anonymous value= {hashed: true, components: Object, theme: undefined, token: Object} > 
  at <ALocaleProvider locale=undefined ANT_MARK__="internalMark" > 
  at <LocaleReceiver children=fn<children> > 
  at <AConfigProvider theme= {token: Object} > 
  at <App> @ http://127.0.0.1:5175/@vite/client:528
[    3071ms] [WARNING] [Vue warn]: Invalid prop: type check failed for prop "onKeydown". Expected Function, got Array  
  at <ATextarea value="" onUpdate:value=fn rows=4  ... > 
  at <Anonymous value= {hashed: true, components: Object, theme: undefined, token: Object} > 
  at <ALocaleProvider locale=undefined ANT_MARK__="internalMark" > 
  at <LocaleReceiver children=fn<children> > 
  at <AConfigProvider theme= {token: Object} > 
  at <App> @ http://127.0.0.1:5175/@vite/client:528
[    3074ms] [WARNING] [Vue warn]: Invalid prop: type check failed for prop "onKeydown". Expected Function, got Array  
  at <ATextarea value="" onUpdate:value=fn rows=4  ... > 
  at <Anonymous value= {hashed: true, components: Object, theme: undefined, token: Object} > 
  at <ALocaleProvider locale=undefined ANT_MARK__="internalMark" > 
  at <LocaleReceiver children=fn<children> > 
  at <AConfigProvider theme= {token: Object} > 
  at <App> @ http://127.0.0.1:5175/@vite/client:528
[    3077ms] [WARNING] [Vue warn]: Invalid prop: type check failed for prop "onKeydown". Expected Function, got Array  
  at <ATextarea value="" onUpdate:value=fn rows=4  ... > 
  at <Anonymous value= {hashed: true, components: Object, theme: undefined, token: Object} > 
  at <ALocaleProvider locale=undefined ANT_MARK__="internalMark" > 
  at <LocaleReceiver children=fn<children> > 
  at <AConfigProvider theme= {token: Object} > 
  at <App> @ http://127.0.0.1:5175/@vite/client:528
[    3080ms] [WARNING] [Vue warn]: Invalid prop: type check failed for prop "onKeydown". Expected Function, got Array  
  at <ATextarea value="" onUpdate:value=fn rows=4  ... > 
  at <Anonymous value= {hashed: true, components: Object, theme: undefined, token: Object} > 
  at <ALocaleProvider locale=undefined ANT_MARK__="internalMark" > 
  at <LocaleReceiver children=fn<children> > 
  at <AConfigProvider theme= {token: Object} > 
  at <App> @ http://127.0.0.1:5175/@vite/client:528
[    3083ms] [WARNING] [Vue warn]: Invalid prop: type check failed for prop "onKeydown". Expected Function, got Array  
  at <ATextarea value="" onUpdate:value=fn rows=4  ... > 
  at <Anonymous value= {hashed: true, components: Object, theme: undefined, token: Object} > 
  at <ALocaleProvider locale=undefined ANT_MARK__="internalMark" > 
  at <LocaleReceiver children=fn<children> > 
  at <AConfigProvider theme= {token: Object} > 
  at <App> @ http://127.0.0.1:5175/@vite/client:528
[    3086ms] [WARNING] [Vue warn]: Invalid prop: type check failed for prop "onKeydown". Expected Function, got Array  
  at <ATextarea value="" onUpdate:value=fn rows=4  ... > 
  at <Anonymous value= {hashed: true, components: Object, theme: undefined, token: Object} > 
  at <ALocaleProvider locale=undefined ANT_MARK__="internalMark" > 
  at <LocaleReceiver children=fn<children> > 
  at <AConfigProvider theme= {token: Object} > 
  at <App> @ http://127.0.0.1:5175/@vite/client:528
[    3089ms] [WARNING] [Vue warn]: Invalid prop: type check failed for prop "onKeydown". Expected Function, got Array  
  at <ATextarea value="" onUpdate:value=fn rows=4  ... > 
  at <Anonymous value= {hashed: true, components: Object, theme: undefined, token: Object} > 
  at <ALocaleProvider locale=undefined ANT_MARK__="internalMark" > 
  at <LocaleReceiver children=fn<children> > 
  at <AConfigProvider theme= {token: Object} > 
  at <App> @ http://127.0.0.1:5175/@vite/client:528
[    3092ms] [WARNING] [Vue warn]: Invalid prop: type check failed for prop "onKeydown". Expected Function, got Array  
  at <ATextarea value="" onUpdate:value=fn rows=4  ... > 
  at <Anonymous value= {hashed: true, components: Object, theme: undefined, token: Object} > 
  at <ALocaleProvider locale=undefined ANT_MARK__="internalMark" > 
  at <LocaleReceiver children=fn<children> > 
  at <AConfigProvider theme= {token: Object} > 
  at <App> @ http://127.0.0.1:5175/@vite/client:528
[    3095ms] [WARNING] [Vue warn]: Invalid prop: type check failed for prop "onKeydown". Expected Function, got Array  
  at <ATextarea value="" onUpdate:value=fn rows=4  ... > 
  at <Anonymous value= {hashed: true, components: Object, theme: undefined, token: Object} > 
  at <ALocaleProvider locale=undefined ANT_MARK__="internalMark" > 
  at <LocaleReceiver children=fn<children> > 
  at <AConfigProvider theme= {token: Object} > 
  at <App> @ http://127.0.0.1:5175/@vite/client:528
[    3098ms] [WARNING] [Vue warn]: Invalid prop: type check failed for prop "onKeydown". Expected Function, got Array  
  at <ATextarea value="" onUpdate:value=fn rows=4  ... > 
  at <Anonymous value= {hashed: true, components: Object, theme: undefined, token: Object} > 
  at <ALocaleProvider locale=undefined ANT_MARK__="internalMark" > 
  at <LocaleReceiver children=fn<children> > 
  at <AConfigProvider theme= {token: Object} > 
  at <App> @ http://127.0.0.1:5175/@vite/client:528
[    3101ms] [WARNING] [Vue warn]: Invalid prop: type check failed for prop "onKeydown". Expected Function, got Array  
  at <ATextarea value="" onUpdate:value=fn rows=4  ... > 
  at <Anonymous value= {hashed: true, components: Object, theme: undefined, token: Object} > 
  at <ALocaleProvider locale=undefined ANT_MARK__="internalMark" > 
  at <LocaleReceiver children=fn<children> > 
  at <AConfigProvider theme= {token: Object} > 
  at <App> @ http://127.0.0.1:5175/@vite/client:528
[    3104ms] [WARNING] [Vue warn]: Invalid prop: type check failed for prop "onKeydown". Expected Function, got Array  
  at <ATextarea value="" onUpdate:value=fn rows=4  ... > 
  at <Anonymous value= {hashed: true, components: Object, theme: undefined, token: Object} > 
  at <ALocaleProvider locale=undefined ANT_MARK__="internalMark" > 
  at <LocaleReceiver children=fn<children> > 
  at <AConfigProvider theme= {token: Object} > 
  at <App> @ http://127.0.0.1:5175/@vite/client:528
[    3108ms] [WARNING] [Vue warn]: Invalid prop: type check failed for prop "onKeydown". Expected Function, got Array  
  at <ATextarea value="" onUpdate:value=fn rows=4  ... > 
  at <Anonymous value= {hashed: true, components: Object, theme: undefined, token: Object} > 
  at <ALocaleProvider locale=undefined ANT_MARK__="internalMark" > 
  at <LocaleReceiver children=fn<children> > 
  at <AConfigProvider theme= {token: Object} > 
  at <App> @ http://127.0.0.1:5175/@vite/client:528
[    3111ms] [WARNING] [Vue warn]: Invalid prop: type check failed for prop "onKeydown". Expected Function, got Array  
  at <ATextarea value="" onUpdate:value=fn rows=4  ... > 
  at <Anonymous value= {hashed: true, components: Object, theme: undefined, token: Object} > 
  at <ALocaleProvider locale=undefined ANT_MARK__="internalMark" > 
  at <LocaleReceiver children=fn<children> > 
  at <AConfigProvider theme= {token: Object} > 
  at <App> @ http://127.0.0.1:5175/@vite/client:528
[    3114ms] [WARNING] [Vue warn]: Invalid prop: type check failed for prop "onKeydown". Expected Function, got Array  
  at <ATextarea value="" onUpdate:value=fn rows=4  ... > 
  at <Anonymous value= {hashed: true, components: Object, theme: undefined, token: Object} > 
  at <ALocaleProvider locale=undefined ANT_MARK__="internalMark" > 
  at <LocaleReceiver children=fn<children> > 
  at <AConfigProvider theme= {token: Object} > 
  at <App> @ http://127.0.0.1:5175/@vite/client:528
[    3118ms] [WARNING] [Vue warn]: Invalid prop: type check failed for prop "onKeydown". Expected Function, got Array  
  at <ATextarea value="" onUpdate:value=fn rows=4  ... > 
  at <Anonymous value= {hashed: true, components: Object, theme: undefined, token: Object} > 
  at <ALocaleProvider locale=undefined ANT_MARK__="internalMark" > 
  at <LocaleReceiver children=fn<children> > 
  at <AConfigProvider theme= {token: Object} > 
  at <App> @ http://127.0.0.1:5175/@vite/client:528
[    3121ms] [WARNING] [Vue warn]: Invalid prop: type check failed for prop "onKeydown". Expected Function, got Array  
  at <ATextarea value="" onUpdate:value=fn rows=4  ... > 
  at <Anonymous value= {hashed: true, components: Object, theme: undefined, token: Object} > 
  at <ALocaleProvider locale=undefined ANT_MARK__="internalMark" > 
  at <LocaleReceiver children=fn<children> > 
  at <AConfigProvider theme= {token: Object} > 
  at <App> @ http://127.0.0.1:5175/@vite/client:528
[    3124ms] [WARNING] [Vue warn]: Invalid prop: type check failed for prop "onKeydown". Expected Function, got Array  
  at <ATextarea value="" onUpdate:value=fn rows=4  ... > 
  at <Anonymous value= {hashed: true, components: Object, theme: undefined, token: Object} > 
  at <ALocaleProvider locale=undefined ANT_MARK__="internalMark" > 
  at <LocaleReceiver children=fn<children> > 
  at <AConfigProvider theme= {token: Object} > 
  at <App> @ http://127.0.0.1:5175/@vite/client:528
[    3127ms] [WARNING] [Vue warn]: Invalid prop: type check failed for prop "onKeydown". Expected Function, got Array  
  at <ATextarea value="" onUpdate:value=fn rows=4  ... > 
  at <Anonymous value= {hashed: true, components: Object, theme: undefined, token: Object} > 
  at <ALocaleProvider locale=undefined ANT_MARK__="internalMark" > 
  at <LocaleReceiver children=fn<children> > 
  at <AConfigProvider theme= {token: Object} > 
  at <App> @ http://127.0.0.1:5175/@vite/client:528
[    3131ms] [WARNING] [Vue warn]: Invalid prop: type check failed for prop "onKeydown". Expected Function, got Array  
  at <ATextarea value="" onUpdate:value=fn rows=4  ... > 
  at <Anonymous value= {hashed: true, components: Object, theme: undefined, token: Object} > 
  at <ALocaleProvider locale=undefined ANT_MARK__="internalMark" > 
  at <LocaleReceiver children=fn<children> > 
  at <AConfigProvider theme= {token: Object} > 
  at <App> @ http://127.0.0.1:5175/@vite/client:528
[    3134ms] [WARNING] [Vue warn]: Invalid prop: type check failed for prop "onKeydown". Expected Function, got Array  
  at <ATextarea value="" onUpdate:value=fn rows=4  ... > 
  at <Anonymous value= {hashed: true, components: Object, theme: undefined, token: Object} > 
  at <ALocaleProvider locale=undefined ANT_MARK__="internalMark" > 
  at <LocaleReceiver children=fn<children> > 
  at <AConfigProvider theme= {token: Object} > 
  at <App> @ http://127.0.0.1:5175/@vite/client:528
[    3138ms] [WARNING] [Vue warn]: Invalid prop: type check failed for prop "onKeydown". Expected Function, got Array  
  at <ATextarea value="" onUpdate:value=fn rows=4  ... > 
  at <Anonymous value= {hashed: true, components: Object, theme: undefined, token: Object} > 
  at <ALocaleProvider locale=undefined ANT_MARK__="internalMark" > 
  at <LocaleReceiver children=fn<children> > 
  at <AConfigProvider theme= {token: Object} > 
  at <App> @ http://127.0.0.1:5175/@vite/client:528
[    3141ms] [WARNING] [Vue warn]: Invalid prop: type check failed for prop "onKeydown". Expected Function, got Array  
  at <ATextarea value="" onUpdate:value=fn rows=4  ... > 
  at <Anonymous value= {hashed: true, components: Object, theme: undefined, token: Object} > 
  at <ALocaleProvider locale=undefined ANT_MARK__="internalMark" > 
  at <LocaleReceiver children=fn<children> > 
  at <AConfigProvider theme= {token: Object} > 
  at <App> @ http://127.0.0.1:5175/@vite/client:528
[    3144ms] [WARNING] [Vue warn]: Invalid prop: type check failed for prop "onKeydown". Expected Function, got Array  
  at <ATextarea value="" onUpdate:value=fn rows=4  ... > 
  at <Anonymous value= {hashed: true, components: Object, theme: undefined, token: Object} > 
  at <ALocaleProvider locale=undefined ANT_MARK__="internalMark" > 
  at <LocaleReceiver children=fn<children> > 
  at <AConfigProvider theme= {token: Object} > 
  at <App> @ http://127.0.0.1:5175/@vite/client:528
[    3147ms] [WARNING] [Vue warn]: Invalid prop: type check failed for prop "onKeydown". Expected Function, got Array  
  at <ATextarea value="" onUpdate:value=fn rows=4  ... > 
  at <Anonymous value= {hashed: true, components: Object, theme: undefined, token: Object} > 
  at <ALocaleProvider locale=undefined ANT_MARK__="internalMark" > 
  at <LocaleReceiver children=fn<children> > 
  at <AConfigProvider theme= {token: Object} > 
  at <App> @ http://127.0.0.1:5175/@vite/client:528
[    3150ms] [WARNING] [Vue warn]: Invalid prop: type check failed for prop "onKeydown". Expected Function, got Array  
  at <ATextarea value="" onUpdate:value=fn rows=4  ... > 
  at <Anonymous value= {hashed: true, components: Object, theme: undefined, token: Object} > 
  at <ALocaleProvider locale=undefined ANT_MARK__="internalMark" > 
  at <LocaleReceiver children=fn<children> > 
  at <AConfigProvider theme= {token: Object} > 
  at <App> @ http://127.0.0.1:5175/@vite/client:528
[    3153ms] [WARNING] [Vue warn]: Invalid prop: type check failed for prop "onKeydown". Expected Function, got Array  
  at <ATextarea value="" onUpdate:value=fn rows=4  ... > 
  at <Anonymous value= {hashed: true, components: Object, theme: undefined, token: Object} > 
  at <ALocaleProvider locale=undefined ANT_MARK__="internalMark" > 
  at <LocaleReceiver children=fn<children> > 
  at <AConfigProvider theme= {token: Object} > 
  at <App> @ http://127.0.0.1:5175/@vite/client:528
[    3156ms] [WARNING] [Vue warn]: Invalid prop: type check failed for prop "onKeydown". Expected Function, got Array  
  at <ATextarea value="" onUpdate:value=fn rows=4  ... > 
  at <Anonymous value= {hashed: true, components: Object, theme: undefined, token: Object} > 
  at <ALocaleProvider locale=undefined ANT_MARK__="internalMark" > 
  at <LocaleReceiver children=fn<children> > 
  at <AConfigProvider theme= {token: Object} > 
  at <App> @ http://127.0.0.1:5175/@vite/client:528
[    3160ms] [WARNING] [Vue warn]: Invalid prop: type check failed for prop "onKeydown". Expected Function, got Array  
  at <ATextarea value="" onUpdate:value=fn rows=4  ... > 
  at <Anonymous value= {hashed: true, components: Object, theme: undefined, token: Object} > 
  at <ALocaleProvider locale=undefined ANT_MARK__="internalMark" > 
  at <LocaleReceiver children=fn<children> > 
  at <AConfigProvider theme= {token: Object} > 
  at <App> @ http://127.0.0.1:5175/@vite/client:528
[    3162ms] [WARNING] [Vue warn]: Invalid prop: type check failed for prop "onKeydown". Expected Function, got Array  
  at <ATextarea value="" onUpdate:value=fn rows=4  ... > 
  at <Anonymous value= {hashed: true, components: Object, theme: undefined, token: Object} > 
  at <ALocaleProvider locale=undefined ANT_MARK__="internalMark" > 
  at <LocaleReceiver children=fn<children> > 
  at <AConfigProvider theme= {token: Object} > 
  at <App> @ http://127.0.0.1:5175/@vite/client:528
[    3165ms] [WARNING] [Vue warn]: Invalid prop: type check failed for prop "onKeydown". Expected Function, got Array  
  at <ATextarea value="" onUpdate:value=fn rows=4  ... > 
  at <Anonymous value= {hashed: true, components: Object, theme: undefined, token: Object} > 
  at <ALocaleProvider locale=undefined ANT_MARK__="internalMark" > 
  at <LocaleReceiver children=fn<children> > 
  at <AConfigProvider theme= {token: Object} > 
  at <App> @ http://127.0.0.1:5175/@vite/client:528
[    3169ms] [WARNING] [Vue warn]: Invalid prop: type check failed for prop "onKeydown". Expected Function, got Array  
  at <ATextarea value="" onUpdate:value=fn rows=4  ... > 
  at <Anonymous value= {hashed: true, components: Object, theme: undefined, token: Object} > 
  at <ALocaleProvider locale=undefined ANT_MARK__="internalMark" > 
  at <LocaleReceiver children=fn<children> > 
  at <AConfigProvider theme= {token: Object} > 
  at <App> @ http://127.0.0.1:5175/@vite/client:528
[    3172ms] [WARNING] [Vue warn]: Invalid prop: type check failed for prop "onKeydown". Expected Function, got Array  
  at <ATextarea value="" onUpdate:value=fn rows=4  ... > 
  at <Anonymous value= {hashed: true, components: Object, theme: undefined, token: Object} > 
  at <ALocaleProvider locale=undefined ANT_MARK__="internalMark" > 
  at <LocaleReceiver children=fn<children> > 
  at <AConfigProvider theme= {token: Object} > 
  at <App> @ http://127.0.0.1:5175/@vite/client:528
[    3176ms] [WARNING] [Vue warn]: Invalid prop: type check failed for prop "onKeydown". Expected Function, got Array  
  at <ATextarea value="" onUpdate:value=fn rows=4  ... > 
  at <Anonymous value= {hashed: true, components: Object, theme: undefined, token: Object} > 
  at <ALocaleProvider locale=undefined ANT_MARK__="internalMark" > 
  at <LocaleReceiver children=fn<children> > 
  at <AConfigProvider theme= {token: Object} > 
  at <App> @ http://127.0.0.1:5175/@vite/client:528
[    3179ms] [WARNING] [Vue warn]: Invalid prop: type check failed for prop "onKeydown". Expected Function, got Array  
  at <ATextarea value="" onUpdate:value=fn rows=4  ... > 
  at <Anonymous value= {hashed: true, components: Object, theme: undefined, token: Object} > 
  at <ALocaleProvider locale=undefined ANT_MARK__="internalMark" > 
  at <LocaleReceiver children=fn<children> > 
  at <AConfigProvider theme= {token: Object} > 
  at <App> @ http://127.0.0.1:5175/@vite/client:528
[    3182ms] [WARNING] [Vue warn]: Invalid prop: type check failed for prop "onKeydown". Expected Function, got Array  
  at <ATextarea value="" onUpdate:value=fn rows=4  ... > 
  at <Anonymous value= {hashed: true, components: Object, theme: undefined, token: Object} > 
  at <ALocaleProvider locale=undefined ANT_MARK__="internalMark" > 
  at <LocaleReceiver children=fn<children> > 
  at <AConfigProvider theme= {token: Object} > 
  at <App> @ http://127.0.0.1:5175/@vite/client:528
[    3186ms] [WARNING] [Vue warn]: Invalid prop: type check failed for prop "onKeydown". Expected Function, got Array  
  at <ATextarea value="" onUpdate:value=fn rows=4  ... > 
  at <Anonymous value= {hashed: true, components: Object, theme: undefined, token: Object} > 
  at <ALocaleProvider locale=undefined ANT_MARK__="internalMark" > 
  at <LocaleReceiver children=fn<children> > 
  at <AConfigProvider theme= {token: Object} > 
  at <App> @ http://127.0.0.1:5175/@vite/client:528
[    3189ms] [WARNING] [Vue warn]: Invalid prop: type check failed for prop "onKeydown". Expected Function, got Array  
  at <ATextarea value="" onUpdate:value=fn rows=4  ... > 
  at <Anonymous value= {hashed: true, components: Object, theme: undefined, token: Object} > 
  at <ALocaleProvider locale=undefined ANT_MARK__="internalMark" > 
  at <LocaleReceiver children=fn<children> > 
  at <AConfigProvider theme= {token: Object} > 
  at <App> @ http://127.0.0.1:5175/@vite/client:528
[    3192ms] [WARNING] [Vue warn]: Invalid prop: type check failed for prop "onKeydown". Expected Function, got Array  
  at <ATextarea value="" onUpdate:value=fn rows=4  ... > 
  at <Anonymous value= {hashed: true, components: Object, theme: undefined, token: Object} > 
  at <ALocaleProvider locale=undefined ANT_MARK__="internalMark" > 
  at <LocaleReceiver children=fn<children> > 
  at <AConfigProvider theme= {token: Object} > 
  at <App> @ http://127.0.0.1:5175/@vite/client:528
[    3195ms] [WARNING] [Vue warn]: Invalid prop: type check failed for prop "onKeydown". Expected Function, got Array  
  at <ATextarea value="" onUpdate:value=fn rows=4  ... > 
  at <Anonymous value= {hashed: true, components: Object, theme: undefined, token: Object} > 
  at <ALocaleProvider locale=undefined ANT_MARK__="internalMark" > 
  at <LocaleReceiver children=fn<children> > 
  at <AConfigProvider theme= {token: Object} > 
  at <App> @ http://127.0.0.1:5175/@vite/client:528
[    3199ms] [WARNING] [Vue warn]: Invalid prop: type check failed for prop "onKeydown". Expected Function, got Array  
  at <ATextarea value="" onUpdate:value=fn rows=4  ... > 
  at <Anonymous value= {hashed: true, components: Object, theme: undefined, token: Object} > 
  at <ALocaleProvider locale=undefined ANT_MARK__="internalMark" > 
  at <LocaleReceiver children=fn<children> > 
  at <AConfigProvider theme= {token: Object} > 
  at <App> @ http://127.0.0.1:5175/@vite/client:528
[    3202ms] [WARNING] [Vue warn]: Invalid prop: type check failed for prop "onKeydown". Expected Function, got Array  
  at <ATextarea value="" onUpdate:value=fn rows=4  ... > 
  at <Anonymous value= {hashed: true, components: Object, theme: undefined, token: Object} > 
  at <ALocaleProvider locale=undefined ANT_MARK__="internalMark" > 
  at <LocaleReceiver children=fn<children> > 
  at <AConfigProvider theme= {token: Object} > 
  at <App> @ http://127.0.0.1:5175/@vite/client:528
[    3205ms] [WARNING] [Vue warn]: Invalid prop: type check failed for prop "onKeydown". Expected Function, got Array  
  at <ATextarea value="" onUpdate:value=fn rows=4  ... > 
  at <Anonymous value= {hashed: true, components: Object, theme: undefined, token: Object} > 
  at <ALocaleProvider locale=undefined ANT_MARK__="internalMark" > 
  at <LocaleReceiver children=fn<children> > 
  at <AConfigProvider theme= {token: Object} > 
  at <App> @ http://127.0.0.1:5175/@vite/client:528
[    3208ms] [WARNING] [Vue warn]: Invalid prop: type check failed for prop "onKeydown". Expected Function, got Array  
  at <ATextarea value="" onUpdate:value=fn rows=4  ... > 
  at <Anonymous value= {hashed: true, components: Object, theme: undefined, token: Object} > 
  at <ALocaleProvider locale=undefined ANT_MARK__="internalMark" > 
  at <LocaleReceiver children=fn<children> > 
  at <AConfigProvider theme= {token: Object} > 
  at <App> @ http://127.0.0.1:5175/@vite/client:528
[    3211ms] [WARNING] [Vue warn]: Invalid prop: type check failed for prop "onKeydown". Expected Function, got Array  
  at <ATextarea value="" onUpdate:value=fn rows=4  ... > 
  at <Anonymous value= {hashed: true, components: Object, theme: undefined, token: Object} > 
  at <ALocaleProvider locale=undefined ANT_MARK__="internalMark" > 
  at <LocaleReceiver children=fn<children> > 
  at <AConfigProvider theme= {token: Object} > 
  at <App> @ http://127.0.0.1:5175/@vite/client:528
[    3215ms] [WARNING] [Vue warn]: Invalid prop: type check failed for prop "onKeydown". Expected Function, got Array  
  at <ATextarea value="" onUpdate:value=fn rows=4  ... > 
  at <Anonymous value= {hashed: true, components: Object, theme: undefined, token: Object} > 
  at <ALocaleProvider locale=undefined ANT_MARK__="internalMark" > 
  at <LocaleReceiver children=fn<children> > 
  at <AConfigProvider theme= {token: Object} > 
  at <App> @ http://127.0.0.1:5175/@vite/client:528
[    3219ms] [WARNING] [Vue warn]: Invalid prop: type check failed for prop "onKeydown". Expected Function, got Array  
  at <ATextarea value="" onUpdate:value=fn rows=4  ... > 
  at <Anonymous value= {hashed: true, components: Object, theme: undefined, token: Object} > 
  at <ALocaleProvider locale=undefined ANT_MARK__="internalMark" > 
  at <LocaleReceiver children=fn<children> > 
  at <AConfigProvider theme= {token: Object} > 
  at <App> @ http://127.0.0.1:5175/@vite/client:528
[    3222ms] [WARNING] [Vue warn]: Invalid prop: type check failed for prop "onKeydown". Expected Function, got Array  
  at <ATextarea value="" onUpdate:value=fn rows=4  ... > 
  at <Anonymous value= {hashed: true, components: Object, theme: undefined, token: Object} > 
  at <ALocaleProvider locale=undefined ANT_MARK__="internalMark" > 
  at <LocaleReceiver children=fn<children> > 
  at <AConfigProvider theme= {token: Object} > 
  at <App> @ http://127.0.0.1:5175/@vite/client:528
[    3225ms] [WARNING] [Vue warn]: Invalid prop: type check failed for prop "onKeydown". Expected Function, got Array  
  at <ATextarea value="" onUpdate:value=fn rows=4  ... > 
  at <Anonymous value= {hashed: true, components: Object, theme: undefined, token: Object} > 
  at <ALocaleProvider locale=undefined ANT_MARK__="internalMark" > 
  at <LocaleReceiver children=fn<children> > 
  at <AConfigProvider theme= {token: Object} > 
  at <App> @ http://127.0.0.1:5175/@vite/client:528
[    3228ms] [WARNING] [Vue warn]: Invalid prop: type check failed for prop "onKeydown". Expected Function, got Array  
  at <ATextarea value="" onUpdate:value=fn rows=4  ... > 
  at <Anonymous value= {hashed: true, components: Object, theme: undefined, token: Object} > 
  at <ALocaleProvider locale=undefined ANT_MARK__="internalMark" > 
  at <LocaleReceiver children=fn<children> > 
  at <AConfigProvider theme= {token: Object} > 
  at <App> @ http://127.0.0.1:5175/@vite/client:528
[    3231ms] [WARNING] [Vue warn]: Invalid prop: type check failed for prop "onKeydown". Expected Function, got Array  
  at <ATextarea value="" onUpdate:value=fn rows=4  ... > 
  at <Anonymous value= {hashed: true, components: Object, theme: undefined, token: Object} > 
  at <ALocaleProvider locale=undefined ANT_MARK__="internalMark" > 
  at <LocaleReceiver children=fn<children> > 
  at <AConfigProvider theme= {token: Object} > 
  at <App> @ http://127.0.0.1:5175/@vite/client:528
[    3234ms] [WARNING] [Vue warn]: Invalid prop: type check failed for prop "onKeydown". Expected Function, got Array  
  at <ATextarea value="" onUpdate:value=fn rows=4  ... > 
  at <Anonymous value= {hashed: true, components: Object, theme: undefined, token: Object} > 
  at <ALocaleProvider locale=undefined ANT_MARK__="internalMark" > 
  at <LocaleReceiver children=fn<children> > 
  at <AConfigProvider theme= {token: Object} > 
  at <App> @ http://127.0.0.1:5175/@vite/client:528
[    3237ms] [WARNING] [Vue warn]: Invalid prop: type check failed for prop "onKeydown". Expected Function, got Array  
  at <ATextarea value="" onUpdate:value=fn rows=4  ... > 
  at <Anonymous value= {hashed: true, components: Object, theme: undefined, token: Object} > 
  at <ALocaleProvider locale=undefined ANT_MARK__="internalMark" > 
  at <LocaleReceiver children=fn<children> > 
  at <AConfigProvider theme= {token: Object} > 
  at <App> @ http://127.0.0.1:5175/@vite/client:528
[    3241ms] [WARNING] [Vue warn]: Invalid prop: type check failed for prop "onKeydown". Expected Function, got Array  
  at <ATextarea value="" onUpdate:value=fn rows=4  ... > 
  at <Anonymous value= {hashed: true, components: Object, theme: undefined, token: Object} > 
  at <ALocaleProvider locale=undefined ANT_MARK__="internalMark" > 
  at <LocaleReceiver children=fn<children> > 
  at <AConfigProvider theme= {token: Object} > 
  at <App> @ http://127.0.0.1:5175/@vite/client:528
[    3244ms] [WARNING] [Vue warn]: Invalid prop: type check failed for prop "onKeydown". Expected Function, got Array  
  at <ATextarea value="" onUpdate:value=fn rows=4  ... > 
  at <Anonymous value= {hashed: true, components: Object, theme: undefined, token: Object} > 
  at <ALocaleProvider locale=undefined ANT_MARK__="internalMark" > 
  at <LocaleReceiver children=fn<children> > 
  at <AConfigProvider theme= {token: Object} > 
  at <App> @ http://127.0.0.1:5175/@vite/client:528
[    3247ms] [WARNING] [Vue warn]: Invalid prop: type check failed for prop "onKeydown". Expected Function, got Array  
  at <ATextarea value="" onUpdate:value=fn rows=4  ... > 
  at <Anonymous value= {hashed: true, components: Object, theme: undefined, token: Object} > 
  at <ALocaleProvider locale=undefined ANT_MARK__="internalMark" > 
  at <LocaleReceiver children=fn<children> > 
  at <AConfigProvider theme= {token: Object} > 
  at <App> @ http://127.0.0.1:5175/@vite/client:528
[    3250ms] [WARNING] [Vue warn]: Invalid prop: type check failed for prop "onKeydown". Expected Function, got Array  
  at <ATextarea value="" onUpdate:value=fn rows=4  ... > 
  at <Anonymous value= {hashed: true, components: Object, theme: undefined, token: Object} > 
  at <ALocaleProvider locale=undefined ANT_MARK__="internalMark" > 
  at <LocaleReceiver children=fn<children> > 
  at <AConfigProvider theme= {token: Object} > 
  at <App> @ http://127.0.0.1:5175/@vite/client:528
[    3253ms] [WARNING] [Vue warn]: Invalid prop: type check failed for prop "onKeydown". Expected Function, got Array  
  at <ATextarea value="" onUpdate:value=fn rows=4  ... > 
  at <Anonymous value= {hashed: true, components: Object, theme: undefined, token: Object} > 
  at <ALocaleProvider locale=undefined ANT_MARK__="internalMark" > 
  at <LocaleReceiver children=fn<children> > 
  at <AConfigProvider theme= {token: Object} > 
  at <App> @ http://127.0.0.1:5175/@vite/client:528
[    3256ms] [WARNING] [Vue warn]: Invalid prop: type check failed for prop "onKeydown". Expected Function, got Array  
  at <ATextarea value="" onUpdate:value=fn rows=4  ... > 
  at <Anonymous value= {hashed: true, components: Object, theme: undefined, token: Object} > 
  at <ALocaleProvider locale=undefined ANT_MARK__="internalMark" > 
  at <LocaleReceiver children=fn<children> > 
  at <AConfigProvider theme= {token: Object} > 
  at <App> @ http://127.0.0.1:5175/@vite/client:528
[    3259ms] [WARNING] [Vue warn]: Invalid prop: type check failed for prop "onKeydown". Expected Function, got Array  
  at <ATextarea value="" onUpdate:value=fn rows=4  ... > 
  at <Anonymous value= {hashed: true, components: Object, theme: undefined, token: Object} > 
  at <ALocaleProvider locale=undefined ANT_MARK__="internalMark" > 
  at <LocaleReceiver children=fn<children> > 
  at <AConfigProvider theme= {token: Object} > 
  at <App> @ http://127.0.0.1:5175/@vite/client:528
[    3263ms] [WARNING] [Vue warn]: Invalid prop: type check failed for prop "onKeydown". Expected Function, got Array  
  at <ATextarea value="" onUpdate:value=fn rows=4  ... > 
  at <Anonymous value= {hashed: true, components: Object, theme: undefined, token: Object} > 
  at <ALocaleProvider locale=undefined ANT_MARK__="internalMark" > 
  at <LocaleReceiver children=fn<children> > 
  at <AConfigProvider theme= {token: Object} > 
  at <App> @ http://127.0.0.1:5175/@vite/client:528
[    3266ms] [WARNING] [Vue warn]: Invalid prop: type check failed for prop "onKeydown". Expected Function, got Array  
  at <ATextarea value="" onUpdate:value=fn rows=4  ... > 
  at <Anonymous value= {hashed: true, components: Object, theme: undefined, token: Object} > 
  at <ALocaleProvider locale=undefined ANT_MARK__="internalMark" > 
  at <LocaleReceiver children=fn<children> > 
  at <AConfigProvider theme= {token: Object} > 
  at <App> @ http://127.0.0.1:5175/@vite/client:528
[    3269ms] [WARNING] [Vue warn]: Invalid prop: type check failed for prop "onKeydown". Expected Function, got Array  
  at <ATextarea value="" onUpdate:value=fn rows=4  ... > 
  at <Anonymous value= {hashed: true, components: Object, theme: undefined, token: Object} > 
  at <ALocaleProvider locale=undefined ANT_MARK__="internalMark" > 
  at <LocaleReceiver children=fn<children> > 
  at <AConfigProvider theme= {token: Object} > 
  at <App> @ http://127.0.0.1:5175/@vite/client:528
[    3272ms] [WARNING] [Vue warn]: Invalid prop: type check failed for prop "onKeydown". Expected Function, got Array  
  at <ATextarea value="" onUpdate:value=fn rows=4  ... > 
  at <Anonymous value= {hashed: true, components: Object, theme: undefined, token: Object} > 
  at <ALocaleProvider locale=undefined ANT_MARK__="internalMark" > 
  at <LocaleReceiver children=fn<children> > 
  at <AConfigProvider theme= {token: Object} > 
  at <App> @ http://127.0.0.1:5175/@vite/client:528
[    3275ms] [WARNING] [Vue warn]: Invalid prop: type check failed for prop "onKeydown". Expected Function, got Array  
  at <ATextarea value="" onUpdate:value=fn rows=4  ... > 
  at <Anonymous value= {hashed: true, components: Object, theme: undefined, token: Object} > 
  at <ALocaleProvider locale=undefined ANT_MARK__="internalMark" > 
  at <LocaleReceiver children=fn<children> > 
  at <AConfigProvider theme= {token: Object} > 
  at <App> @ http://127.0.0.1:5175/@vite/client:528
[    3278ms] [WARNING] [Vue warn]: Invalid prop: type check failed for prop "onKeydown". Expected Function, got Array  
  at <ATextarea value="" onUpdate:value=fn rows=4  ... > 
  at <Anonymous value= {hashed: true, components: Object, theme: undefined, token: Object} > 
  at <ALocaleProvider locale=undefined ANT_MARK__="internalMark" > 
  at <LocaleReceiver children=fn<children> > 
  at <AConfigProvider theme= {token: Object} > 
  at <App> @ http://127.0.0.1:5175/@vite/client:528
[    3281ms] [WARNING] [Vue warn]: Invalid prop: type check failed for prop "onKeydown". Expected Function, got Array  
  at <ATextarea value="" onUpdate:value=fn rows=4  ... > 
  at <Anonymous value= {hashed: true, components: Object, theme: undefined, token: Object} > 
  at <ALocaleProvider locale=undefined ANT_MARK__="internalMark" > 
  at <LocaleReceiver children=fn<children> > 
  at <AConfigProvider theme= {token: Object} > 
  at <App> @ http://127.0.0.1:5175/@vite/client:528
[    3284ms] [WARNING] [Vue warn]: Invalid prop: type check failed for prop "onKeydown". Expected Function, got Array  
  at <ATextarea value="" onUpdate:value=fn rows=4  ... > 
  at <Anonymous value= {hashed: true, components: Object, theme: undefined, token: Object} > 
  at <ALocaleProvider locale=undefined ANT_MARK__="internalMark" > 
  at <LocaleReceiver children=fn<children> > 
  at <AConfigProvider theme= {token: Object} > 
  at <App> @ http://127.0.0.1:5175/@vite/client:528
[    3287ms] [WARNING] [Vue warn]: Invalid prop: type check failed for prop "onKeydown". Expected Function, got Array  
  at <ATextarea value="" onUpdate:value=fn rows=4  ... > 
  at <Anonymous value= {hashed: true, components: Object, theme: undefined, token: Object} > 
  at <ALocaleProvider locale=undefined ANT_MARK__="internalMark" > 
  at <LocaleReceiver children=fn<children> > 
  at <AConfigProvider theme= {token: Object} > 
  at <App> @ http://127.0.0.1:5175/@vite/client:528
[    3291ms] [WARNING] [Vue warn]: Invalid prop: type check failed for prop "onKeydown". Expected Function, got Array  
  at <ATextarea value="" onUpdate:value=fn rows=4  ... > 
  at <Anonymous value= {hashed: true, components: Object, theme: undefined, token: Object} > 
  at <ALocaleProvider locale=undefined ANT_MARK__="internalMark" > 
  at <LocaleReceiver children=fn<children> > 
  at <AConfigProvider theme= {token: Object} > 
  at <App> @ http://127.0.0.1:5175/@vite/client:528
[    3294ms] [WARNING] [Vue warn]: Invalid prop: type check failed for prop "onKeydown". Expected Function, got Array  
  at <ATextarea value="" onUpdate:value=fn rows=4  ... > 
  at <Anonymous value= {hashed: true, components: Object, theme: undefined, token: Object} > 
  at <ALocaleProvider locale=undefined ANT_MARK__="internalMark" > 
  at <LocaleReceiver children=fn<children> > 
  at <AConfigProvider theme= {token: Object} > 
  at <App> @ http://127.0.0.1:5175/@vite/client:528
[    3297ms] [WARNING] [Vue warn]: Invalid prop: type check failed for prop "onKeydown". Expected Function, got Array  
  at <ATextarea value="" onUpdate:value=fn rows=4  ... > 
  at <Anonymous value= {hashed: true, components: Object, theme: undefined, token: Object} > 
  at <ALocaleProvider locale=undefined ANT_MARK__="internalMark" > 
  at <LocaleReceiver children=fn<children> > 
  at <AConfigProvider theme= {token: Object} > 
  at <App> @ http://127.0.0.1:5175/@vite/client:528
[    3300ms] [WARNING] [Vue warn]: Invalid prop: type check failed for prop "onKeydown". Expected Function, got Array  
  at <ATextarea value="" onUpdate:value=fn rows=4  ... > 
  at <Anonymous value= {hashed: true, components: Object, theme: undefined, token: Object} > 
  at <ALocaleProvider locale=undefined ANT_MARK__="internalMark" > 
  at <LocaleReceiver children=fn<children> > 
  at <AConfigProvider theme= {token: Object} > 
  at <App> @ http://127.0.0.1:5175/@vite/client:528
[    3303ms] [WARNING] [Vue warn]: Invalid prop: type check failed for prop "onKeydown". Expected Function, got Array  
  at <ATextarea value="" onUpdate:value=fn rows=4  ... > 
  at <Anonymous value= {hashed: true, components: Object, theme: undefined, token: Object} > 
  at <ALocaleProvider locale=undefined ANT_MARK__="internalMark" > 
  at <LocaleReceiver children=fn<children> > 
  at <AConfigProvider theme= {token: Object} > 
  at <App> @ http://127.0.0.1:5175/@vite/client:528
[    3306ms] [WARNING] [Vue warn]: Invalid prop: type check failed for prop "onKeydown". Expected Function, got Array  
  at <ATextarea value="" onUpdate:value=fn rows=4  ... > 
  at <Anonymous value= {hashed: true, components: Object, theme: undefined, token: Object} > 
  at <ALocaleProvider locale=undefined ANT_MARK__="internalMark" > 
  at <LocaleReceiver children=fn<children> > 
  at <AConfigProvider theme= {token: Object} > 
  at <App> @ http://127.0.0.1:5175/@vite/client:528
[    3309ms] [WARNING] [Vue warn]: Invalid prop: type check failed for prop "onKeydown". Expected Function, got Array  
  at <ATextarea value="" onUpdate:value=fn rows=4  ... > 
  at <Anonymous value= {hashed: true, components: Object, theme: undefined, token: Object} > 
  at <ALocaleProvider locale=undefined ANT_MARK__="internalMark" > 
  at <LocaleReceiver children=fn<children> > 
  at <AConfigProvider theme= {token: Object} > 
  at <App> @ http://127.0.0.1:5175/@vite/client:528
[    3313ms] [WARNING] [Vue warn]: Invalid prop: type check failed for prop "onKeydown". Expected Function, got Array  
  at <ATextarea value="" onUpdate:value=fn rows=4  ... > 
  at <Anonymous value= {hashed: true, components: Object, theme: undefined, token: Object} > 
  at <ALocaleProvider locale=undefined ANT_MARK__="internalMark" > 
  at <LocaleReceiver children=fn<children> > 
  at <AConfigProvider theme= {token: Object} > 
  at <App> @ http://127.0.0.1:5175/@vite/client:528
[    3317ms] [WARNING] [Vue warn]: Invalid prop: type check failed for prop "onKeydown". Expected Function, got Array  
  at <ATextarea value="" onUpdate:value=fn rows=4  ... > 
  at <Anonymous value= {hashed: true, components: Object, theme: undefined, token: Object} > 
  at <ALocaleProvider locale=undefined ANT_MARK__="internalMark" > 
  at <LocaleReceiver children=fn<children> > 
  at <AConfigProvider theme= {token: Object} > 
  at <App> @ http://127.0.0.1:5175/@vite/client:528
[    3321ms] [WARNING] [Vue warn]: Invalid prop: type check failed for prop "onKeydown". Expected Function, got Array  
  at <ATextarea value="" onUpdate:value=fn rows=4  ... > 
  at <Anonymous value= {hashed: true, components: Object, theme: undefined, token: Object} > 
  at <ALocaleProvider locale=undefined ANT_MARK__="internalMark" > 
  at <LocaleReceiver children=fn<children> > 
  at <AConfigProvider theme= {token: Object} > 
  at <App> @ http://127.0.0.1:5175/@vite/client:528
[    3324ms] [WARNING] [Vue warn]: Invalid prop: type check failed for prop "onKeydown". Expected Function, got Array  
  at <ATextarea value="" onUpdate:value=fn rows=4  ... > 
  at <Anonymous value= {hashed: true, components: Object, theme: undefined, token: Object} > 
  at <ALocaleProvider locale=undefined ANT_MARK__="internalMark" > 
  at <LocaleReceiver children=fn<children> > 
  at <AConfigProvider theme= {token: Object} > 
  at <App> @ http://127.0.0.1:5175/@vite/client:528
[    3328ms] [WARNING] [Vue warn]: Invalid prop: type check failed for prop "onKeydown". Expected Function, got Array  
  at <ATextarea value="" onUpdate:value=fn rows=4  ... > 
  at <Anonymous value= {hashed: true, components: Object, theme: undefined, token: Object} > 
  at <ALocaleProvider locale=undefined ANT_MARK__="internalMark" > 
  at <LocaleReceiver children=fn<children> > 
  at <AConfigProvider theme= {token: Object} > 
  at <App> @ http://127.0.0.1:5175/@vite/client:528
[    3331ms] [WARNING] [Vue warn]: Invalid prop: type check failed for prop "onKeydown". Expected Function, got Array  
  at <ATextarea value="" onUpdate:value=fn rows=4  ... > 
  at <Anonymous value= {hashed: true, components: Object, theme: undefined, token: Object} > 
  at <ALocaleProvider locale=undefined ANT_MARK__="internalMark" > 
  at <LocaleReceiver children=fn<children> > 
  at <AConfigProvider theme= {token: Object} > 
  at <App> @ http://127.0.0.1:5175/@vite/client:528
[    3335ms] [WARNING] [Vue warn]: Invalid prop: type check failed for prop "onKeydown". Expected Function, got Array  
  at <ATextarea value="" onUpdate:value=fn rows=4  ... > 
  at <Anonymous value= {hashed: true, components: Object, theme: undefined, token: Object} > 
  at <ALocaleProvider locale=undefined ANT_MARK__="internalMark" > 
  at <LocaleReceiver children=fn<children> > 
  at <AConfigProvider theme= {token: Object} > 
  at <App> @ http://127.0.0.1:5175/@vite/client:528
[    3338ms] [WARNING] [Vue warn]: Invalid prop: type check failed for prop "onKeydown". Expected Function, got Array  
  at <ATextarea value="" onUpdate:value=fn rows=4  ... > 
  at <Anonymous value= {hashed: true, components: Object, theme: undefined, token: Object} > 
  at <ALocaleProvider locale=undefined ANT_MARK__="internalMark" > 
  at <LocaleReceiver children=fn<children> > 
  at <AConfigProvider theme= {token: Object} > 
  at <App> @ http://127.0.0.1:5175/@vite/client:528
[    3342ms] [WARNING] [Vue warn]: Invalid prop: type check failed for prop "onKeydown". Expected Function, got Array  
  at <ATextarea value="" onUpdate:value=fn rows=4  ... > 
  at <Anonymous value= {hashed: true, components: Object, theme: undefined, token: Object} > 
  at <ALocaleProvider locale=undefined ANT_MARK__="internalMark" > 
  at <LocaleReceiver children=fn<children> > 
  at <AConfigProvider theme= {token: Object} > 
  at <App> @ http://127.0.0.1:5175/@vite/client:528
[    3345ms] [WARNING] [Vue warn]: Invalid prop: type check failed for prop "onKeydown". Expected Function, got Array  
  at <ATextarea value="" onUpdate:value=fn rows=4  ... > 
  at <Anonymous value= {hashed: true, components: Object, theme: undefined, token: Object} > 
  at <ALocaleProvider locale=undefined ANT_MARK__="internalMark" > 
  at <LocaleReceiver children=fn<children> > 
  at <AConfigProvider theme= {token: Object} > 
  at <App> @ http://127.0.0.1:5175/@vite/client:528
[    3349ms] [WARNING] [Vue warn]: Invalid prop: type check failed for prop "onKeydown". Expected Function, got Array  
  at <ATextarea value="" onUpdate:value=fn rows=4  ... > 
  at <Anonymous value= {hashed: true, components: Object, theme: undefined, token: Object} > 
  at <ALocaleProvider locale=undefined ANT_MARK__="internalMark" > 
  at <LocaleReceiver children=fn<children> > 
  at <AConfigProvider theme= {token: Object} > 
  at <App> @ http://127.0.0.1:5175/@vite/client:528
[    3352ms] [WARNING] [Vue warn]: Invalid prop: type check failed for prop "onKeydown". Expected Function, got Array  
  at <ATextarea value="" onUpdate:value=fn rows=4  ... > 
  at <Anonymous value= {hashed: true, components: Object, theme: undefined, token: Object} > 
  at <ALocaleProvider locale=undefined ANT_MARK__="internalMark" > 
  at <LocaleReceiver children=fn<children> > 
  at <AConfigProvider theme= {token: Object} > 
  at <App> @ http://127.0.0.1:5175/@vite/client:528
[    3355ms] [WARNING] [Vue warn]: Invalid prop: type check failed for prop "onKeydown". Expected Function, got Array  
  at <ATextarea value="" onUpdate:value=fn rows=4  ... > 
  at <Anonymous value= {hashed: true, components: Object, theme: undefined, token: Object} > 
  at <ALocaleProvider locale=undefined ANT_MARK__="internalMark" > 
  at <LocaleReceiver children=fn<children> > 
  at <AConfigProvider theme= {token: Object} > 
  at <App> @ http://127.0.0.1:5175/@vite/client:528
[    3358ms] [WARNING] [Vue warn]: Invalid prop: type check failed for prop "onKeydown". Expected Function, got Array  
  at <ATextarea value="" onUpdate:value=fn rows=4  ... > 
  at <Anonymous value= {hashed: true, components: Object, theme: undefined, token: Object} > 
  at <ALocaleProvider locale=undefined ANT_MARK__="internalMark" > 
  at <LocaleReceiver children=fn<children> > 
  at <AConfigProvider theme= {token: Object} > 
  at <App> @ http://127.0.0.1:5175/@vite/client:528
[    3362ms] [WARNING] [Vue warn]: Invalid prop: type check failed for prop "onKeydown". Expected Function, got Array  
  at <ATextarea value="" onUpdate:value=fn rows=4  ... > 
  at <Anonymous value= {hashed: true, components: Object, theme: undefined, token: Object} > 
  at <ALocaleProvider locale=undefined ANT_MARK__="internalMark" > 
  at <LocaleReceiver children=fn<children> > 
  at <AConfigProvider theme= {token: Object} > 
  at <App> @ http://127.0.0.1:5175/@vite/client:528
[    3365ms] [WARNING] [Vue warn]: Invalid prop: type check failed for prop "onKeydown". Expected Function, got Array  
  at <ATextarea value="" onUpdate:value=fn rows=4  ... > 
  at <Anonymous value= {hashed: true, components: Object, theme: undefined, token: Object} > 
  at <ALocaleProvider locale=undefined ANT_MARK__="internalMark" > 
  at <LocaleReceiver children=fn<children> > 
  at <AConfigProvider theme= {token: Object} > 
  at <App> @ http://127.0.0.1:5175/@vite/client:528
[    3368ms] [WARNING] [Vue warn]: Invalid prop: type check failed for prop "onKeydown". Expected Function, got Array  
  at <ATextarea value="" onUpdate:value=fn rows=4  ... > 
  at <Anonymous value= {hashed: true, components: Object, theme: undefined, token: Object} > 
  at <ALocaleProvider locale=undefined ANT_MARK__="internalMark" > 
  at <LocaleReceiver children=fn<children> > 
  at <AConfigProvider theme= {token: Object} > 
  at <App> @ http://127.0.0.1:5175/@vite/client:528
[    3371ms] [WARNING] [Vue warn]: Invalid prop: type check failed for prop "onKeydown". Expected Function, got Array  
  at <ATextarea value="" onUpdate:value=fn rows=4  ... > 
  at <Anonymous value= {hashed: true, components: Object, theme: undefined, token: Object} > 
  at <ALocaleProvider locale=undefined ANT_MARK__="internalMark" > 
  at <LocaleReceiver children=fn<children> > 
  at <AConfigProvider theme= {token: Object} > 
  at <App> @ http://127.0.0.1:5175/@vite/client:528
[    3374ms] [WARNING] [Vue warn]: Invalid prop: type check failed for prop "onKeydown". Expected Function, got Array  
  at <ATextarea value="" onUpdate:value=fn rows=4  ... > 
  at <Anonymous value= {hashed: true, components: Object, theme: undefined, token: Object} > 
  at <ALocaleProvider locale=undefined ANT_MARK__="internalMark" > 
  at <LocaleReceiver children=fn<children> > 
  at <AConfigProvider theme= {token: Object} > 
  at <App> @ http://127.0.0.1:5175/@vite/client:528
[    3378ms] [WARNING] [Vue warn]: Invalid prop: type check failed for prop "onKeydown". Expected Function, got Array  
  at <ATextarea value="" onUpdate:value=fn rows=4  ... > 
  at <Anonymous value= {hashed: true, components: Object, theme: undefined, token: Object} > 
  at <ALocaleProvider locale=undefined ANT_MARK__="internalMark" > 
  at <LocaleReceiver children=fn<children> > 
  at <AConfigProvider theme= {token: Object} > 
  at <App> @ http://127.0.0.1:5175/@vite/client:528
[    3381ms] [WARNING] [Vue warn]: Invalid prop: type check failed for prop "onKeydown". Expected Function, got Array  
  at <ATextarea value="" onUpdate:value=fn rows=4  ... > 
  at <Anonymous value= {hashed: true, components: Object, theme: undefined, token: Object} > 
  at <ALocaleProvider locale=undefined ANT_MARK__="internalMark" > 
  at <LocaleReceiver children=fn<children> > 
  at <AConfigProvider theme= {token: Object} > 
  at <App> @ http://127.0.0.1:5175/@vite/client:528
[    3385ms] [WARNING] [Vue warn]: Invalid prop: type check failed for prop "onKeydown". Expected Function, got Array  
  at <ATextarea value="" onUpdate:value=fn rows=4  ... > 
  at <Anonymous value= {hashed: true, components: Object, theme: undefined, token: Object} > 
  at <ALocaleProvider locale=undefined ANT_MARK__="internalMark" > 
  at <LocaleReceiver children=fn<children> > 
  at <AConfigProvider theme= {token: Object} > 
  at <App> @ http://127.0.0.1:5175/@vite/client:528
[    3388ms] [WARNING] [Vue warn]: Invalid prop: type check failed for prop "onKeydown". Expected Function, got Array  
  at <ATextarea value="" onUpdate:value=fn rows=4  ... > 
  at <Anonymous value= {hashed: true, components: Object, theme: undefined, token: Object} > 
  at <ALocaleProvider locale=undefined ANT_MARK__="internalMark" > 
  at <LocaleReceiver children=fn<children> > 
  at <AConfigProvider theme= {token: Object} > 
  at <App> @ http://127.0.0.1:5175/@vite/client:528
[    3391ms] [WARNING] [Vue warn]: Invalid prop: type check failed for prop "onKeydown". Expected Function, got Array  
  at <ATextarea value="" onUpdate:value=fn rows=4  ... > 
  at <Anonymous value= {hashed: true, components: Object, theme: undefined, token: Object} > 
  at <ALocaleProvider locale=undefined ANT_MARK__="internalMark" > 
  at <LocaleReceiver children=fn<children> > 
  at <AConfigProvider theme= {token: Object} > 
  at <App> @ http://127.0.0.1:5175/@vite/client:528
[    3394ms] [WARNING] [Vue warn]: Invalid prop: type check failed for prop "onKeydown". Expected Function, got Array  
  at <ATextarea value="" onUpdate:value=fn rows=4  ... > 
  at <Anonymous value= {hashed: true, components: Object, theme: undefined, token: Object} > 
  at <ALocaleProvider locale=undefined ANT_MARK__="internalMark" > 
  at <LocaleReceiver children=fn<children> > 
  at <AConfigProvider theme= {token: Object} > 
  at <App> @ http://127.0.0.1:5175/@vite/client:528
[    3397ms] [WARNING] [Vue warn]: Invalid prop: type check failed for prop "onKeydown". Expected Function, got Array  
  at <ATextarea value="" onUpdate:value=fn rows=4  ... > 
  at <Anonymous value= {hashed: true, components: Object, theme: undefined, token: Object} > 
  at <ALocaleProvider locale=undefined ANT_MARK__="internalMark" > 
  at <LocaleReceiver children=fn<children> > 
  at <AConfigProvider theme= {token: Object} > 
  at <App> @ http://127.0.0.1:5175/@vite/client:528
[    3401ms] [WARNING] [Vue warn]: Invalid prop: type check failed for prop "onKeydown". Expected Function, got Array  
  at <ATextarea value="" onUpdate:value=fn rows=4  ... > 
  at <Anonymous value= {hashed: true, components: Object, theme: undefined, token: Object} > 
  at <ALocaleProvider locale=undefined ANT_MARK__="internalMark" > 
  at <LocaleReceiver children=fn<children> > 
  at <AConfigProvider theme= {token: Object} > 
  at <App> @ http://127.0.0.1:5175/@vite/client:528
[    3404ms] [WARNING] [Vue warn]: Invalid prop: type check failed for prop "onKeydown". Expected Function, got Array  
  at <ATextarea value="" onUpdate:value=fn rows=4  ... > 
  at <Anonymous value= {hashed: true, components: Object, theme: undefined, token: Object} > 
  at <ALocaleProvider locale=undefined ANT_MARK__="internalMark" > 
  at <LocaleReceiver children=fn<children> > 
  at <AConfigProvider theme= {token: Object} > 
  at <App> @ http://127.0.0.1:5175/@vite/client:528
[    3408ms] [WARNING] [Vue warn]: Invalid prop: type check failed for prop "onKeydown". Expected Function, got Array  
  at <ATextarea value="" onUpdate:value=fn rows=4  ... > 
  at <Anonymous value= {hashed: true, components: Object, theme: undefined, token: Object} > 
  at <ALocaleProvider locale=undefined ANT_MARK__="internalMark" > 
  at <LocaleReceiver children=fn<children> > 
  at <AConfigProvider theme= {token: Object} > 
  at <App> @ http://127.0.0.1:5175/@vite/client:528
[    3412ms] [WARNING] [Vue warn]: Invalid prop: type check failed for prop "onKeydown". Expected Function, got Array  
  at <ATextarea value="" onUpdate:value=fn rows=4  ... > 
  at <Anonymous value= {hashed: true, components: Object, theme: undefined, token: Object} > 
  at <ALocaleProvider locale=undefined ANT_MARK__="internalMark" > 
  at <LocaleReceiver children=fn<children> > 
  at <AConfigProvider theme= {token: Object} > 
  at <App> @ http://127.0.0.1:5175/@vite/client:528
[    3415ms] [WARNING] [Vue warn]: Invalid prop: type check failed for prop "onKeydown". Expected Function, got Array  
  at <ATextarea value="" onUpdate:value=fn rows=4  ... > 
  at <Anonymous value= {hashed: true, components: Object, theme: undefined, token: Object} > 
  at <ALocaleProvider locale=undefined ANT_MARK__="internalMark" > 
  at <LocaleReceiver children=fn<children> > 
  at <AConfigProvider theme= {token: Object} > 
  at <App> @ http://127.0.0.1:5175/@vite/client:528
[    3418ms] [WARNING] [Vue warn]: Invalid prop: type check failed for prop "onKeydown". Expected Function, got Array  
  at <ATextarea value="" onUpdate:value=fn rows=4  ... > 
  at <Anonymous value= {hashed: true, components: Object, theme: undefined, token: Object} > 
  at <ALocaleProvider locale=undefined ANT_MARK__="internalMark" > 
  at <LocaleReceiver children=fn<children> > 
  at <AConfigProvider theme= {token: Object} > 
  at <App> @ http://127.0.0.1:5175/@vite/client:528
[    3423ms] [WARNING] [Vue warn]: Invalid prop: type check failed for prop "onKeydown". Expected Function, got Array  
  at <ATextarea value="" onUpdate:value=fn rows=4  ... > 
  at <Anonymous value= {hashed: true, components: Object, theme: undefined, token: Object} > 
  at <ALocaleProvider locale=undefined ANT_MARK__="internalMark" > 
  at <LocaleReceiver children=fn<children> > 
  at <AConfigProvider theme= {token: Object} > 
  at <App> @ http://127.0.0.1:5175/@vite/client:528
[    3427ms] [WARNING] [Vue warn]: Invalid prop: type check failed for prop "onKeydown". Expected Function, got Array  
  at <ATextarea value="" onUpdate:value=fn rows=4  ... > 
  at <Anonymous value= {hashed: true, components: Object, theme: undefined, token: Object} > 
  at <ALocaleProvider locale=undefined ANT_MARK__="internalMark" > 
  at <LocaleReceiver children=fn<children> > 
  at <AConfigProvider theme= {token: Object} > 
  at <App> @ http://127.0.0.1:5175/@vite/client:528
[    3430ms] [WARNING] [Vue warn]: Invalid prop: type check failed for prop "onKeydown". Expected Function, got Array  
  at <ATextarea value="" onUpdate:value=fn rows=4  ... > 
  at <Anonymous value= {hashed: true, components: Object, theme: undefined, token: Object} > 
  at <ALocaleProvider locale=undefined ANT_MARK__="internalMark" > 
  at <LocaleReceiver children=fn<children> > 
  at <AConfigProvider theme= {token: Object} > 
  at <App> @ http://127.0.0.1:5175/@vite/client:528
[    3433ms] [WARNING] [Vue warn]: Invalid prop: type check failed for prop "onKeydown". Expected Function, got Array  
  at <ATextarea value="" onUpdate:value=fn rows=4  ... > 
  at <Anonymous value= {hashed: true, components: Object, theme: undefined, token: Object} > 
  at <ALocaleProvider locale=undefined ANT_MARK__="internalMark" > 
  at <LocaleReceiver children=fn<children> > 
  at <AConfigProvider theme= {token: Object} > 
  at <App> @ http://127.0.0.1:5175/@vite/client:528
[    3437ms] [WARNING] [Vue warn]: Invalid prop: type check failed for prop "onKeydown". Expected Function, got Array  
  at <ATextarea value="" onUpdate:value=fn rows=4  ... > 
  at <Anonymous value= {hashed: true, components: Object, theme: undefined, token: Object} > 
  at <ALocaleProvider locale=undefined ANT_MARK__="internalMark" > 
  at <LocaleReceiver children=fn<children> > 
  at <AConfigProvider theme= {token: Object} > 
  at <App> @ http://127.0.0.1:5175/@vite/client:528
[    3440ms] [WARNING] [Vue warn]: Invalid prop: type check failed for prop "onKeydown". Expected Function, got Array  
  at <ATextarea value="" onUpdate:value=fn rows=4  ... > 
  at <Anonymous value= {hashed: true, components: Object, theme: undefined, token: Object} > 
  at <ALocaleProvider locale=undefined ANT_MARK__="internalMark" > 
  at <LocaleReceiver children=fn<children> > 
  at <AConfigProvider theme= {token: Object} > 
  at <App> @ http://127.0.0.1:5175/@vite/client:528
[    3444ms] [WARNING] [Vue warn]: Invalid prop: type check failed for prop "onKeydown". Expected Function, got Array  
  at <ATextarea value="" onUpdate:value=fn rows=4  ... > 
  at <Anonymous value= {hashed: true, components: Object, theme: undefined, token: Object} > 
  at <ALocaleProvider locale=undefined ANT_MARK__="internalMark" > 
  at <LocaleReceiver children=fn<children> > 
  at <AConfigProvider theme= {token: Object} > 
  at <App> @ http://127.0.0.1:5175/@vite/client:528
[    3447ms] [WARNING] [Vue warn]: Invalid prop: type check failed for prop "onKeydown". Expected Function, got Array  
  at <ATextarea value="" onUpdate:value=fn rows=4  ... > 
  at <Anonymous value= {hashed: true, components: Object, theme: undefined, token: Object} > 
  at <ALocaleProvider locale=undefined ANT_MARK__="internalMark" > 
  at <LocaleReceiver children=fn<children> > 
  at <AConfigProvider theme= {token: Object} > 
  at <App> @ http://127.0.0.1:5175/@vite/client:528
[    3450ms] [WARNING] [Vue warn]: Invalid prop: type check failed for prop "onKeydown". Expected Function, got Array  
  at <ATextarea value="" onUpdate:value=fn rows=4  ... > 
  at <Anonymous value= {hashed: true, components: Object, theme: undefined, token: Object} > 
  at <ALocaleProvider locale=undefined ANT_MARK__="internalMark" > 
  at <LocaleReceiver children=fn<children> > 
  at <AConfigProvider theme= {token: Object} > 
  at <App> @ http://127.0.0.1:5175/@vite/client:528
[    3453ms] [WARNING] [Vue warn]: Invalid prop: type check failed for prop "onKeydown". Expected Function, got Array  
  at <ATextarea value="" onUpdate:value=fn rows=4  ... > 
  at <Anonymous value= {hashed: true, components: Object, theme: undefined, token: Object} > 
  at <ALocaleProvider locale=undefined ANT_MARK__="internalMark" > 
  at <LocaleReceiver children=fn<children> > 
  at <AConfigProvider theme= {token: Object} > 
  at <App> @ http://127.0.0.1:5175/@vite/client:528
[    3456ms] [WARNING] [Vue warn]: Invalid prop: type check failed for prop "onKeydown". Expected Function, got Array  
  at <ATextarea value="" onUpdate:value=fn rows=4  ... > 
  at <Anonymous value= {hashed: true, components: Object, theme: undefined, token: Object} > 
  at <ALocaleProvider locale=undefined ANT_MARK__="internalMark" > 
  at <LocaleReceiver children=fn<children> > 
  at <AConfigProvider theme= {token: Object} > 
  at <App> @ http://127.0.0.1:5175/@vite/client:528
[    3459ms] [WARNING] [Vue warn]: Invalid prop: type check failed for prop "onKeydown". Expected Function, got Array  
  at <ATextarea value="" onUpdate:value=fn rows=4  ... > 
  at <Anonymous value= {hashed: true, components: Object, theme: undefined, token: Object} > 
  at <ALocaleProvider locale=undefined ANT_MARK__="internalMark" > 
  at <LocaleReceiver children=fn<children> > 
  at <AConfigProvider theme= {token: Object} > 
  at <App> @ http://127.0.0.1:5175/@vite/client:528
[    3462ms] [WARNING] [Vue warn]: Invalid prop: type check failed for prop "onKeydown". Expected Function, got Array  
  at <ATextarea value="" onUpdate:value=fn rows=4  ... > 
  at <Anonymous value= {hashed: true, components: Object, theme: undefined, token: Object} > 
  at <ALocaleProvider locale=undefined ANT_MARK__="internalMark" > 
  at <LocaleReceiver children=fn<children> > 
  at <AConfigProvider theme= {token: Object} > 
  at <App> @ http://127.0.0.1:5175/@vite/client:528
[    3465ms] [WARNING] [Vue warn]: Invalid prop: type check failed for prop "onKeydown". Expected Function, got Array  
  at <ATextarea value="" onUpdate:value=fn rows=4  ... > 
  at <Anonymous value= {hashed: true, components: Object, theme: undefined, token: Object} > 
  at <ALocaleProvider locale=undefined ANT_MARK__="internalMark" > 
  at <LocaleReceiver children=fn<children> > 
  at <AConfigProvider theme= {token: Object} > 
  at <App> @ http://127.0.0.1:5175/@vite/client:528
[    3468ms] [WARNING] [Vue warn]: Invalid prop: type check failed for prop "onKeydown". Expected Function, got Array  
  at <ATextarea value="" onUpdate:value=fn rows=4  ... > 
  at <Anonymous value= {hashed: true, components: Object, theme: undefined, token: Object} > 
  at <ALocaleProvider locale=undefined ANT_MARK__="internalMark" > 
  at <LocaleReceiver children=fn<children> > 
  at <AConfigProvider theme= {token: Object} > 
  at <App> @ http://127.0.0.1:5175/@vite/client:528
[    3471ms] [WARNING] [Vue warn]: Invalid prop: type check failed for prop "onKeydown". Expected Function, got Array  
  at <ATextarea value="" onUpdate:value=fn rows=4  ... > 
  at <Anonymous value= {hashed: true, components: Object, theme: undefined, token: Object} > 
  at <ALocaleProvider locale=undefined ANT_MARK__="internalMark" > 
  at <LocaleReceiver children=fn<children> > 
  at <AConfigProvider theme= {token: Object} > 
  at <App> @ http://127.0.0.1:5175/@vite/client:528
[    3474ms] [WARNING] [Vue warn]: Invalid prop: type check failed for prop "onKeydown". Expected Function, got Array  
  at <ATextarea value="" onUpdate:value=fn rows=4  ... > 
  at <Anonymous value= {hashed: true, components: Object, theme: undefined, token: Object} > 
  at <ALocaleProvider locale=undefined ANT_MARK__="internalMark" > 
  at <LocaleReceiver children=fn<children> > 
  at <AConfigProvider theme= {token: Object} > 
  at <App> @ http://127.0.0.1:5175/@vite/client:528
[    3477ms] [WARNING] [Vue warn]: Invalid prop: type check failed for prop "onKeydown". Expected Function, got Array  
  at <ATextarea value="" onUpdate:value=fn rows=4  ... > 
  at <Anonymous value= {hashed: true, components: Object, theme: undefined, token: Object} > 
  at <ALocaleProvider locale=undefined ANT_MARK__="internalMark" > 
  at <LocaleReceiver children=fn<children> > 
  at <AConfigProvider theme= {token: Object} > 
  at <App> @ http://127.0.0.1:5175/@vite/client:528
[    3481ms] [WARNING] [Vue warn]: Invalid prop: type check failed for prop "onKeydown". Expected Function, got Array  
  at <ATextarea value="" onUpdate:value=fn rows=4  ... > 
  at <Anonymous value= {hashed: true, components: Object, theme: undefined, token: Object} > 
  at <ALocaleProvider locale=undefined ANT_MARK__="internalMark" > 
  at <LocaleReceiver children=fn<children> > 
  at <AConfigProvider theme= {token: Object} > 
  at <App> @ http://127.0.0.1:5175/@vite/client:528
[    3485ms] [WARNING] [Vue warn]: Invalid prop: type check failed for prop "onKeydown". Expected Function, got Array  
  at <ATextarea value="" onUpdate:value=fn rows=4  ... > 
  at <Anonymous value= {hashed: true, components: Object, theme: undefined, token: Object} > 
  at <ALocaleProvider locale=undefined ANT_MARK__="internalMark" > 
  at <LocaleReceiver children=fn<children> > 
  at <AConfigProvider theme= {token: Object} > 
  at <App> @ http://127.0.0.1:5175/@vite/client:528
[    3488ms] [WARNING] [Vue warn]: Invalid prop: type check failed for prop "onKeydown". Expected Function, got Array  
  at <ATextarea value="" onUpdate:value=fn rows=4  ... > 
  at <Anonymous value= {hashed: true, components: Object, theme: undefined, token: Object} > 
  at <ALocaleProvider locale=undefined ANT_MARK__="internalMark" > 
  at <LocaleReceiver children=fn<children> > 
  at <AConfigProvider theme= {token: Object} > 
  at <App> @ http://127.0.0.1:5175/@vite/client:528
[    3492ms] [WARNING] [Vue warn]: Invalid prop: type check failed for prop "onKeydown". Expected Function, got Array  
  at <ATextarea value="" onUpdate:value=fn rows=4  ... > 
  at <Anonymous value= {hashed: true, components: Object, theme: undefined, token: Object} > 
  at <ALocaleProvider locale=undefined ANT_MARK__="internalMark" > 
  at <LocaleReceiver children=fn<children> > 
  at <AConfigProvider theme= {token: Object} > 
  at <App> @ http://127.0.0.1:5175/@vite/client:528
[    3495ms] [WARNING] [Vue warn]: Invalid prop: type check failed for prop "onKeydown". Expected Function, got Array  
  at <ATextarea value="" onUpdate:value=fn rows=4  ... > 
  at <Anonymous value= {hashed: true, components: Object, theme: undefined, token: Object} > 
  at <ALocaleProvider locale=undefined ANT_MARK__="internalMark" > 
  at <LocaleReceiver children=fn<children> > 
  at <AConfigProvider theme= {token: Object} > 
  at <App> @ http://127.0.0.1:5175/@vite/client:528
[    3498ms] [WARNING] [Vue warn]: Invalid prop: type check failed for prop "onKeydown". Expected Function, got Array  
  at <ATextarea value="" onUpdate:value=fn rows=4  ... > 
  at <Anonymous value= {hashed: true, components: Object, theme: undefined, token: Object} > 
  at <ALocaleProvider locale=undefined ANT_MARK__="internalMark" > 
  at <LocaleReceiver children=fn<children> > 
  at <AConfigProvider theme= {token: Object} > 
  at <App> @ http://127.0.0.1:5175/@vite/client:528
[    3501ms] [WARNING] [Vue warn]: Invalid prop: type check failed for prop "onKeydown". Expected Function, got Array  
  at <ATextarea value="" onUpdate:value=fn rows=4  ... > 
  at <Anonymous value= {hashed: true, components: Object, theme: undefined, token: Object} > 
  at <ALocaleProvider locale=undefined ANT_MARK__="internalMark" > 
  at <LocaleReceiver children=fn<children> > 
  at <AConfigProvider theme= {token: Object} > 
  at <App> @ http://127.0.0.1:5175/@vite/client:528
[    3504ms] [WARNING] [Vue warn]: Invalid prop: type check failed for prop "onKeydown". Expected Function, got Array  
  at <ATextarea value="" onUpdate:value=fn rows=4  ... > 
  at <Anonymous value= {hashed: true, components: Object, theme: undefined, token: Object} > 
  at <ALocaleProvider locale=undefined ANT_MARK__="internalMark" > 
  at <LocaleReceiver children=fn<children> > 
  at <AConfigProvider theme= {token: Object} > 
  at <App> @ http://127.0.0.1:5175/@vite/client:528
[    3507ms] [WARNING] [Vue warn]: Invalid prop: type check failed for prop "onKeydown". Expected Function, got Array  
  at <ATextarea value="" onUpdate:value=fn rows=4  ... > 
  at <Anonymous value= {hashed: true, components: Object, theme: undefined, token: Object} > 
  at <ALocaleProvider locale=undefined ANT_MARK__="internalMark" > 
  at <LocaleReceiver children=fn<children> > 
  at <AConfigProvider theme= {token: Object} > 
  at <App> @ http://127.0.0.1:5175/@vite/client:528
[    3510ms] [WARNING] [Vue warn]: Invalid prop: type check failed for prop "onKeydown". Expected Function, got Array  
  at <ATextarea value="" onUpdate:value=fn rows=4  ... > 
  at <Anonymous value= {hashed: true, components: Object, theme: undefined, token: Object} > 
  at <ALocaleProvider locale=undefined ANT_MARK__="internalMark" > 
  at <LocaleReceiver children=fn<children> > 
  at <AConfigProvider theme= {token: Object} > 
  at <App> @ http://127.0.0.1:5175/@vite/client:528
[    3513ms] [WARNING] [Vue warn]: Invalid prop: type check failed for prop "onKeydown". Expected Function, got Array  
  at <ATextarea value="" onUpdate:value=fn rows=4  ... > 
  at <Anonymous value= {hashed: true, components: Object, theme: undefined, token: Object} > 
  at <ALocaleProvider locale=undefined ANT_MARK__="internalMark" > 
  at <LocaleReceiver children=fn<children> > 
  at <AConfigProvider theme= {token: Object} > 
  at <App> @ http://127.0.0.1:5175/@vite/client:528
[    3516ms] [WARNING] [Vue warn]: Invalid prop: type check failed for prop "onKeydown". Expected Function, got Array  
  at <ATextarea value="" onUpdate:value=fn rows=4  ... > 
  at <Anonymous value= {hashed: true, components: Object, theme: undefined, token: Object} > 
  at <ALocaleProvider locale=undefined ANT_MARK__="internalMark" > 
  at <LocaleReceiver children=fn<children> > 
  at <AConfigProvider theme= {token: Object} > 
  at <App> @ http://127.0.0.1:5175/@vite/client:528
[    3519ms] [WARNING] [Vue warn]: Invalid prop: type check failed for prop "onKeydown". Expected Function, got Array  
  at <ATextarea value="" onUpdate:value=fn rows=4  ... > 
  at <Anonymous value= {hashed: true, components: Object, theme: undefined, token: Object} > 
  at <ALocaleProvider locale=undefined ANT_MARK__="internalMark" > 
  at <LocaleReceiver children=fn<children> > 
  at <AConfigProvider theme= {token: Object} > 
  at <App> @ http://127.0.0.1:5175/@vite/client:528
[    3522ms] [WARNING] [Vue warn]: Invalid prop: type check failed for prop "onKeydown". Expected Function, got Array  
  at <ATextarea value="" onUpdate:value=fn rows=4  ... > 
  at <Anonymous value= {hashed: true, components: Object, theme: undefined, token: Object} > 
  at <ALocaleProvider locale=undefined ANT_MARK__="internalMark" > 
  at <LocaleReceiver children=fn<children> > 
  at <AConfigProvider theme= {token: Object} > 
  at <App> @ http://127.0.0.1:5175/@vite/client:528
[    3527ms] [WARNING] [Vue warn]: Invalid prop: type check failed for prop "onKeydown". Expected Function, got Array  
  at <ATextarea value="" onUpdate:value=fn rows=4  ... > 
  at <Anonymous value= {hashed: true, components: Object, theme: undefined, token: Object} > 
  at <ALocaleProvider locale=undefined ANT_MARK__="internalMark" > 
  at <LocaleReceiver children=fn<children> > 
  at <AConfigProvider theme= {token: Object} > 
  at <App> @ http://127.0.0.1:5175/@vite/client:528
[    3530ms] [WARNING] [Vue warn]: Invalid prop: type check failed for prop "onKeydown". Expected Function, got Array  
  at <ATextarea value="" onUpdate:value=fn rows=4  ... > 
  at <Anonymous value= {hashed: true, components: Object, theme: undefined, token: Object} > 
  at <ALocaleProvider locale=undefined ANT_MARK__="internalMark" > 
  at <LocaleReceiver children=fn<children> > 
  at <AConfigProvider theme= {token: Object} > 
  at <App> @ http://127.0.0.1:5175/@vite/client:528
[    3534ms] [WARNING] [Vue warn]: Invalid prop: type check failed for prop "onKeydown". Expected Function, got Array  
  at <ATextarea value="" onUpdate:value=fn rows=4  ... > 
  at <Anonymous value= {hashed: true, components: Object, theme: undefined, token: Object} > 
  at <ALocaleProvider locale=undefined ANT_MARK__="internalMark" > 
  at <LocaleReceiver children=fn<children> > 
  at <AConfigProvider theme= {token: Object} > 
  at <App> @ http://127.0.0.1:5175/@vite/client:528
[    3537ms] [WARNING] [Vue warn]: Invalid prop: type check failed for prop "onKeydown". Expected Function, got Array  
  at <ATextarea value="" onUpdate:value=fn rows=4  ... > 
  at <Anonymous value= {hashed: true, components: Object, theme: undefined, token: Object} > 
  at <ALocaleProvider locale=undefined ANT_MARK__="internalMark" > 
  at <LocaleReceiver children=fn<children> > 
  at <AConfigProvider theme= {token: Object} > 
  at <App> @ http://127.0.0.1:5175/@vite/client:528
[    3540ms] [WARNING] [Vue warn]: Invalid prop: type check failed for prop "onKeydown". Expected Function, got Array  
  at <ATextarea value="" onUpdate:value=fn rows=4  ... > 
  at <Anonymous value= {hashed: true, components: Object, theme: undefined, token: Object} > 
  at <ALocaleProvider locale=undefined ANT_MARK__="internalMark" > 
  at <LocaleReceiver children=fn<children> > 
  at <AConfigProvider theme= {token: Object} > 
  at <App> @ http://127.0.0.1:5175/@vite/client:528
[    3543ms] [WARNING] [Vue warn]: Invalid prop: type check failed for prop "onKeydown". Expected Function, got Array  
  at <ATextarea value="" onUpdate:value=fn rows=4  ... > 
  at <Anonymous value= {hashed: true, components: Object, theme: undefined, token: Object} > 
  at <ALocaleProvider locale=undefined ANT_MARK__="internalMark" > 
  at <LocaleReceiver children=fn<children> > 
  at <AConfigProvider theme= {token: Object} > 
  at <App> @ http://127.0.0.1:5175/@vite/client:528
[    3546ms] [WARNING] [Vue warn]: Invalid prop: type check failed for prop "onKeydown". Expected Function, got Array  
  at <ATextarea value="" onUpdate:value=fn rows=4  ... > 
  at <Anonymous value= {hashed: true, components: Object, theme: undefined, token: Object} > 
  at <ALocaleProvider locale=undefined ANT_MARK__="internalMark" > 
  at <LocaleReceiver children=fn<children> > 
  at <AConfigProvider theme= {token: Object} > 
  at <App> @ http://127.0.0.1:5175/@vite/client:528
[    3550ms] [WARNING] [Vue warn]: Invalid prop: type check failed for prop "onKeydown". Expected Function, got Array  
  at <ATextarea value="" onUpdate:value=fn rows=4  ... > 
  at <Anonymous value= {hashed: true, components: Object, theme: undefined, token: Object} > 
  at <ALocaleProvider locale=undefined ANT_MARK__="internalMark" > 
  at <LocaleReceiver children=fn<children> > 
  at <AConfigProvider theme= {token: Object} > 
  at <App> @ http://127.0.0.1:5175/@vite/client:528
[    3552ms] [WARNING] [Vue warn]: Invalid prop: type check failed for prop "onKeydown". Expected Function, got Array  
  at <ATextarea value="" onUpdate:value=fn rows=4  ... > 
  at <Anonymous value= {hashed: true, components: Object, theme: undefined, token: Object} > 
  at <ALocaleProvider locale=undefined ANT_MARK__="internalMark" > 
  at <LocaleReceiver children=fn<children> > 
  at <AConfigProvider theme= {token: Object} > 
  at <App> @ http://127.0.0.1:5175/@vite/client:528
[    3555ms] [WARNING] [Vue warn]: Invalid prop: type check failed for prop "onKeydown". Expected Function, got Array  
  at <ATextarea value="" onUpdate:value=fn rows=4  ... > 
  at <Anonymous value= {hashed: true, components: Object, theme: undefined, token: Object} > 
  at <ALocaleProvider locale=undefined ANT_MARK__="internalMark" > 
  at <LocaleReceiver children=fn<children> > 
  at <AConfigProvider theme= {token: Object} > 
  at <App> @ http://127.0.0.1:5175/@vite/client:528
[    3559ms] [WARNING] [Vue warn]: Invalid prop: type check failed for prop "onKeydown". Expected Function, got Array  
  at <ATextarea value="" onUpdate:value=fn rows=4  ... > 
  at <Anonymous value= {hashed: true, components: Object, theme: undefined, token: Object} > 
  at <ALocaleProvider locale=undefined ANT_MARK__="internalMark" > 
  at <LocaleReceiver children=fn<children> > 
  at <AConfigProvider theme= {token: Object} > 
  at <App> @ http://127.0.0.1:5175/@vite/client:528
[    3561ms] [WARNING] [Vue warn]: Invalid prop: type check failed for prop "onKeydown". Expected Function, got Array  
  at <ATextarea value="" onUpdate:value=fn rows=4  ... > 
  at <Anonymous value= {hashed: true, components: Object, theme: undefined, token: Object} > 
  at <ALocaleProvider locale=undefined ANT_MARK__="internalMark" > 
  at <LocaleReceiver children=fn<children> > 
  at <AConfigProvider theme= {token: Object} > 
  at <App> @ http://127.0.0.1:5175/@vite/client:528
[    3564ms] [WARNING] [Vue warn]: Invalid prop: type check failed for prop "onKeydown". Expected Function, got Array  
  at <ATextarea value="" onUpdate:value=fn rows=4  ... > 
  at <Anonymous value= {hashed: true, components: Object, theme: undefined, token: Object} > 
  at <ALocaleProvider locale=undefined ANT_MARK__="internalMark" > 
  at <LocaleReceiver children=fn<children> > 
  at <AConfigProvider theme= {token: Object} > 
  at <App> @ http://127.0.0.1:5175/@vite/client:528
[    3567ms] [WARNING] [Vue warn]: Invalid prop: type check failed for prop "onKeydown". Expected Function, got Array  
  at <ATextarea value="" onUpdate:value=fn rows=4  ... > 
  at <Anonymous value= {hashed: true, components: Object, theme: undefined, token: Object} > 
  at <ALocaleProvider locale=undefined ANT_MARK__="internalMark" > 
  at <LocaleReceiver children=fn<children> > 
  at <AConfigProvider theme= {token: Object} > 
  at <App> @ http://127.0.0.1:5175/@vite/client:528
[    3570ms] [WARNING] [Vue warn]: Invalid prop: type check failed for prop "onKeydown". Expected Function, got Array  
  at <ATextarea value="" onUpdate:value=fn rows=4  ... > 
  at <Anonymous value= {hashed: true, components: Object, theme: undefined, token: Object} > 
  at <ALocaleProvider locale=undefined ANT_MARK__="internalMark" > 
  at <LocaleReceiver children=fn<children> > 
  at <AConfigProvider theme= {token: Object} > 
  at <App> @ http://127.0.0.1:5175/@vite/client:528
[    3573ms] [WARNING] [Vue warn]: Invalid prop: type check failed for prop "onKeydown". Expected Function, got Array  
  at <ATextarea value="" onUpdate:value=fn rows=4  ... > 
  at <Anonymous value= {hashed: true, components: Object, theme: undefined, token: Object} > 
  at <ALocaleProvider locale=undefined ANT_MARK__="internalMark" > 
  at <LocaleReceiver children=fn<children> > 
  at <AConfigProvider theme= {token: Object} > 
  at <App> @ http://127.0.0.1:5175/@vite/client:528
[    3576ms] [WARNING] [Vue warn]: Invalid prop: type check failed for prop "onKeydown". Expected Function, got Array  
  at <ATextarea value="" onUpdate:value=fn rows=4  ... > 
  at <Anonymous value= {hashed: true, components: Object, theme: undefined, token: Object} > 
  at <ALocaleProvider locale=undefined ANT_MARK__="internalMark" > 
  at <LocaleReceiver children=fn<children> > 
  at <AConfigProvider theme= {token: Object} > 
  at <App> @ http://127.0.0.1:5175/@vite/client:528
[    3579ms] [WARNING] [Vue warn]: Invalid prop: type check failed for prop "onKeydown". Expected Function, got Array  
  at <ATextarea value="" onUpdate:value=fn rows=4  ... > 
  at <Anonymous value= {hashed: true, components: Object, theme: undefined, token: Object} > 
  at <ALocaleProvider locale=undefined ANT_MARK__="internalMark" > 
  at <LocaleReceiver children=fn<children> > 
  at <AConfigProvider theme= {token: Object} > 
  at <App> @ http://127.0.0.1:5175/@vite/client:528
[    3582ms] [WARNING] [Vue warn]: Invalid prop: type check failed for prop "onKeydown". Expected Function, got Array  
  at <ATextarea value="" onUpdate:value=fn rows=4  ... > 
  at <Anonymous value= {hashed: true, components: Object, theme: undefined, token: Object} > 
  at <ALocaleProvider locale=undefined ANT_MARK__="internalMark" > 
  at <LocaleReceiver children=fn<children> > 
  at <AConfigProvider theme= {token: Object} > 
  at <App> @ http://127.0.0.1:5175/@vite/client:528
[    3585ms] [WARNING] [Vue warn]: Invalid prop: type check failed for prop "onKeydown". Expected Function, got Array  
  at <ATextarea value="" onUpdate:value=fn rows=4  ... > 
  at <Anonymous value= {hashed: true, components: Object, theme: undefined, token: Object} > 
  at <ALocaleProvider locale=undefined ANT_MARK__="internalMark" > 
  at <LocaleReceiver children=fn<children> > 
  at <AConfigProvider theme= {token: Object} > 
  at <App> @ http://127.0.0.1:5175/@vite/client:528
[    3588ms] [WARNING] [Vue warn]: Invalid prop: type check failed for prop "onKeydown". Expected Function, got Array  
  at <ATextarea value="" onUpdate:value=fn rows=4  ... > 
  at <Anonymous value= {hashed: true, components: Object, theme: undefined, token: Object} > 
  at <ALocaleProvider locale=undefined ANT_MARK__="internalMark" > 
  at <LocaleReceiver children=fn<children> > 
  at <AConfigProvider theme= {token: Object} > 
  at <App> @ http://127.0.0.1:5175/@vite/client:528
[    3591ms] [WARNING] [Vue warn]: Invalid prop: type check failed for prop "onKeydown". Expected Function, got Array  
  at <ATextarea value="" onUpdate:value=fn rows=4  ... > 
  at <Anonymous value= {hashed: true, components: Object, theme: undefined, token: Object} > 
  at <ALocaleProvider locale=undefined ANT_MARK__="internalMark" > 
  at <LocaleReceiver children=fn<children> > 
  at <AConfigProvider theme= {token: Object} > 
  at <App> @ http://127.0.0.1:5175/@vite/client:528
[    3594ms] [WARNING] [Vue warn]: Invalid prop: type check failed for prop "onKeydown". Expected Function, got Array  
  at <ATextarea value="" onUpdate:value=fn rows=4  ... > 
  at <Anonymous value= {hashed: true, components: Object, theme: undefined, token: Object} > 
  at <ALocaleProvider locale=undefined ANT_MARK__="internalMark" > 
  at <LocaleReceiver children=fn<children> > 
  at <AConfigProvider theme= {token: Object} > 
  at <App> @ http://127.0.0.1:5175/@vite/client:528
[    3597ms] [WARNING] [Vue warn]: Invalid prop: type check failed for prop "onKeydown". Expected Function, got Array  
  at <ATextarea value="" onUpdate:value=fn rows=4  ... > 
  at <Anonymous value= {hashed: true, components: Object, theme: undefined, token: Object} > 
  at <ALocaleProvider locale=undefined ANT_MARK__="internalMark" > 
  at <LocaleReceiver children=fn<children> > 
  at <AConfigProvider theme= {token: Object} > 
  at <App> @ http://127.0.0.1:5175/@vite/client:528
[    3600ms] [WARNING] [Vue warn]: Invalid prop: type check failed for prop "onKeydown". Expected Function, got Array  
  at <ATextarea value="" onUpdate:value=fn rows=4  ... > 
  at <Anonymous value= {hashed: true, components: Object, theme: undefined, token: Object} > 
  at <ALocaleProvider locale=undefined ANT_MARK__="internalMark" > 
  at <LocaleReceiver children=fn<children> > 
  at <AConfigProvider theme= {token: Object} > 
  at <App> @ http://127.0.0.1:5175/@vite/client:528
[    3603ms] [WARNING] [Vue warn]: Invalid prop: type check failed for prop "onKeydown". Expected Function, got Array  
  at <ATextarea value="" onUpdate:value=fn rows=4  ... > 
  at <Anonymous value= {hashed: true, components: Object, theme: undefined, token: Object} > 
  at <ALocaleProvider locale=undefined ANT_MARK__="internalMark" > 
  at <LocaleReceiver children=fn<children> > 
  at <AConfigProvider theme= {token: Object} > 
  at <App> @ http://127.0.0.1:5175/@vite/client:528
[    3606ms] [WARNING] [Vue warn]: Invalid prop: type check failed for prop "onKeydown". Expected Function, got Array  
  at <ATextarea value="" onUpdate:value=fn rows=4  ... > 
  at <Anonymous value= {hashed: true, components: Object, theme: undefined, token: Object} > 
  at <ALocaleProvider locale=undefined ANT_MARK__="internalMark" > 
  at <LocaleReceiver children=fn<children> > 
  at <AConfigProvider theme= {token: Object} > 
  at <App> @ http://127.0.0.1:5175/@vite/client:528
[    3609ms] [WARNING] [Vue warn]: Invalid prop: type check failed for prop "onKeydown". Expected Function, got Array  
  at <ATextarea value="" onUpdate:value=fn rows=4  ... > 
  at <Anonymous value= {hashed: true, components: Object, theme: undefined, token: Object} > 
  at <ALocaleProvider locale=undefined ANT_MARK__="internalMark" > 
  at <LocaleReceiver children=fn<children> > 
  at <AConfigProvider theme= {token: Object} > 
  at <App> @ http://127.0.0.1:5175/@vite/client:528
[    3613ms] [WARNING] [Vue warn]: Invalid prop: type check failed for prop "onKeydown". Expected Function, got Array  
  at <ATextarea value="" onUpdate:value=fn rows=4  ... > 
  at <Anonymous value= {hashed: true, components: Object, theme: undefined, token: Object} > 
  at <ALocaleProvider locale=undefined ANT_MARK__="internalMark" > 
  at <LocaleReceiver children=fn<children> > 
  at <AConfigProvider theme= {token: Object} > 
  at <App> @ http://127.0.0.1:5175/@vite/client:528
[    3616ms] [WARNING] [Vue warn]: Invalid prop: type check failed for prop "onKeydown". Expected Function, got Array  
  at <ATextarea value="" onUpdate:value=fn rows=4  ... > 
  at <Anonymous value= {hashed: true, components: Object, theme: undefined, token: Object} > 
  at <ALocaleProvider locale=undefined ANT_MARK__="internalMark" > 
  at <LocaleReceiver children=fn<children> > 
  at <AConfigProvider theme= {token: Object} > 
  at <App> @ http://127.0.0.1:5175/@vite/client:528
[    3619ms] [WARNING] [Vue warn]: Invalid prop: type check failed for prop "onKeydown". Expected Function, got Array  
  at <ATextarea value="" onUpdate:value=fn rows=4  ... > 
  at <Anonymous value= {hashed: true, components: Object, theme: undefined, token: Object} > 
  at <ALocaleProvider locale=undefined ANT_MARK__="internalMark" > 
  at <LocaleReceiver children=fn<children> > 
  at <AConfigProvider theme= {token: Object} > 
  at <App> @ http://127.0.0.1:5175/@vite/client:528
[    3623ms] [WARNING] [Vue warn]: Invalid prop: type check failed for prop "onKeydown". Expected Function, got Array  
  at <ATextarea value="" onUpdate:value=fn rows=4  ... > 
  at <Anonymous value= {hashed: true, components: Object, theme: undefined, token: Object} > 
  at <ALocaleProvider locale=undefined ANT_MARK__="internalMark" > 
  at <LocaleReceiver children=fn<children> > 
  at <AConfigProvider theme= {token: Object} > 
  at <App> @ http://127.0.0.1:5175/@vite/client:528
[    3627ms] [WARNING] [Vue warn]: Invalid prop: type check failed for prop "onKeydown". Expected Function, got Array  
  at <ATextarea value="" onUpdate:value=fn rows=4  ... > 
  at <Anonymous value= {hashed: true, components: Object, theme: undefined, token: Object} > 
  at <ALocaleProvider locale=undefined ANT_MARK__="internalMark" > 
  at <LocaleReceiver children=fn<children> > 
  at <AConfigProvider theme= {token: Object} > 
  at <App> @ http://127.0.0.1:5175/@vite/client:528
[    3630ms] [WARNING] [Vue warn]: Invalid prop: type check failed for prop "onKeydown". Expected Function, got Array  
  at <ATextarea value="" onUpdate:value=fn rows=4  ... > 
  at <Anonymous value= {hashed: true, components: Object, theme: undefined, token: Object} > 
  at <ALocaleProvider locale=undefined ANT_MARK__="internalMark" > 
  at <LocaleReceiver children=fn<children> > 
  at <AConfigProvider theme= {token: Object} > 
  at <App> @ http://127.0.0.1:5175/@vite/client:528
[    3633ms] [WARNING] [Vue warn]: Invalid prop: type check failed for prop "onKeydown". Expected Function, got Array  
  at <ATextarea value="" onUpdate:value=fn rows=4  ... > 
  at <Anonymous value= {hashed: true, components: Object, theme: undefined, token: Object} > 
  at <ALocaleProvider locale=undefined ANT_MARK__="internalMark" > 
  at <LocaleReceiver children=fn<children> > 
  at <AConfigProvider theme= {token: Object} > 
  at <App> @ http://127.0.0.1:5175/@vite/client:528
[    3636ms] [WARNING] [Vue warn]: Invalid prop: type check failed for prop "onKeydown". Expected Function, got Array  
  at <ATextarea value="" onUpdate:value=fn rows=4  ... > 
  at <Anonymous value= {hashed: true, components: Object, theme: undefined, token: Object} > 
  at <ALocaleProvider locale=undefined ANT_MARK__="internalMark" > 
  at <LocaleReceiver children=fn<children> > 
  at <AConfigProvider theme= {token: Object} > 
  at <App> @ http://127.0.0.1:5175/@vite/client:528
[    3639ms] [WARNING] [Vue warn]: Invalid prop: type check failed for prop "onKeydown". Expected Function, got Array  
  at <ATextarea value="" onUpdate:value=fn rows=4  ... > 
  at <Anonymous value= {hashed: true, components: Object, theme: undefined, token: Object} > 
  at <ALocaleProvider locale=undefined ANT_MARK__="internalMark" > 
  at <LocaleReceiver children=fn<children> > 
  at <AConfigProvider theme= {token: Object} > 
  at <App> @ http://127.0.0.1:5175/@vite/client:528
[    3642ms] [WARNING] [Vue warn]: Invalid prop: type check failed for prop "onKeydown". Expected Function, got Array  
  at <ATextarea value="" onUpdate:value=fn rows=4  ... > 
  at <Anonymous value= {hashed: true, components: Object, theme: undefined, token: Object} > 
  at <ALocaleProvider locale=undefined ANT_MARK__="internalMark" > 
  at <LocaleReceiver children=fn<children> > 
  at <AConfigProvider theme= {token: Object} > 
  at <App> @ http://127.0.0.1:5175/@vite/client:528
[    3646ms] [WARNING] [Vue warn]: Invalid prop: type check failed for prop "onKeydown". Expected Function, got Array  
  at <ATextarea value="" onUpdate:value=fn rows=4  ... > 
  at <Anonymous value= {hashed: true, components: Object, theme: undefined, token: Object} > 
  at <ALocaleProvider locale=undefined ANT_MARK__="internalMark" > 
  at <LocaleReceiver children=fn<children> > 
  at <AConfigProvider theme= {token: Object} > 
  at <App> @ http://127.0.0.1:5175/@vite/client:528
[    3650ms] [WARNING] [Vue warn]: Invalid prop: type check failed for prop "onKeydown". Expected Function, got Array  
  at <ATextarea value="" onUpdate:value=fn rows=4  ... > 
  at <Anonymous value= {hashed: true, components: Object, theme: undefined, token: Object} > 
  at <ALocaleProvider locale=undefined ANT_MARK__="internalMark" > 
  at <LocaleReceiver children=fn<children> > 
  at <AConfigProvider theme= {token: Object} > 
  at <App> @ http://127.0.0.1:5175/@vite/client:528
[    3653ms] [WARNING] [Vue warn]: Invalid prop: type check failed for prop "onKeydown". Expected Function, got Array  
  at <ATextarea value="" onUpdate:value=fn rows=4  ... > 
  at <Anonymous value= {hashed: true, components: Object, theme: undefined, token: Object} > 
  at <ALocaleProvider locale=undefined ANT_MARK__="internalMark" > 
  at <LocaleReceiver children=fn<children> > 
  at <AConfigProvider theme= {token: Object} > 
  at <App> @ http://127.0.0.1:5175/@vite/client:528
[    3657ms] [WARNING] [Vue warn]: Invalid prop: type check failed for prop "onKeydown". Expected Function, got Array  
  at <ATextarea value="" onUpdate:value=fn rows=4  ... > 
  at <Anonymous value= {hashed: true, components: Object, theme: undefined, token: Object} > 
  at <ALocaleProvider locale=undefined ANT_MARK__="internalMark" > 
  at <LocaleReceiver children=fn<children> > 
  at <AConfigProvider theme= {token: Object} > 
  at <App> @ http://127.0.0.1:5175/@vite/client:528
[    3660ms] [WARNING] [Vue warn]: Invalid prop: type check failed for prop "onKeydown". Expected Function, got Array  
  at <ATextarea value="" onUpdate:value=fn rows=4  ... > 
  at <Anonymous value= {hashed: true, components: Object, theme: undefined, token: Object} > 
  at <ALocaleProvider locale=undefined ANT_MARK__="internalMark" > 
  at <LocaleReceiver children=fn<children> > 
  at <AConfigProvider theme= {token: Object} > 
  at <App> @ http://127.0.0.1:5175/@vite/client:528
[    3664ms] [WARNING] [Vue warn]: Invalid prop: type check failed for prop "onKeydown". Expected Function, got Array  
  at <ATextarea value="" onUpdate:value=fn rows=4  ... > 
  at <Anonymous value= {hashed: true, components: Object, theme: undefined, token: Object} > 
  at <ALocaleProvider locale=undefined ANT_MARK__="internalMark" > 
  at <LocaleReceiver children=fn<children> > 
  at <AConfigProvider theme= {token: Object} > 
  at <App> @ http://127.0.0.1:5175/@vite/client:528
[    3667ms] [WARNING] [Vue warn]: Invalid prop: type check failed for prop "onKeydown". Expected Function, got Array  
  at <ATextarea value="" onUpdate:value=fn rows=4  ... > 
  at <Anonymous value= {hashed: true, components: Object, theme: undefined, token: Object} > 
  at <ALocaleProvider locale=undefined ANT_MARK__="internalMark" > 
  at <LocaleReceiver children=fn<children> > 
  at <AConfigProvider theme= {token: Object} > 
  at <App> @ http://127.0.0.1:5175/@vite/client:528
[    3671ms] [WARNING] [Vue warn]: Invalid prop: type check failed for prop "onKeydown". Expected Function, got Array  
  at <ATextarea value="" onUpdate:value=fn rows=4  ... > 
  at <Anonymous value= {hashed: true, components: Object, theme: undefined, token: Object} > 
  at <ALocaleProvider locale=undefined ANT_MARK__="internalMark" > 
  at <LocaleReceiver children=fn<children> > 
  at <AConfigProvider theme= {token: Object} > 
  at <App> @ http://127.0.0.1:5175/@vite/client:528
[    3674ms] [WARNING] [Vue warn]: Invalid prop: type check failed for prop "onKeydown". Expected Function, got Array  
  at <ATextarea value="" onUpdate:value=fn rows=4  ... > 
  at <Anonymous value= {hashed: true, components: Object, theme: undefined, token: Object} > 
  at <ALocaleProvider locale=undefined ANT_MARK__="internalMark" > 
  at <LocaleReceiver children=fn<children> > 
  at <AConfigProvider theme= {token: Object} > 
  at <App> @ http://127.0.0.1:5175/@vite/client:528
[    3677ms] [WARNING] [Vue warn]: Invalid prop: type check failed for prop "onKeydown". Expected Function, got Array  
  at <ATextarea value="" onUpdate:value=fn rows=4  ... > 
  at <Anonymous value= {hashed: true, components: Object, theme: undefined, token: Object} > 
  at <ALocaleProvider locale=undefined ANT_MARK__="internalMark" > 
  at <LocaleReceiver children=fn<children> > 
  at <AConfigProvider theme= {token: Object} > 
  at <App> @ http://127.0.0.1:5175/@vite/client:528
[    3680ms] [WARNING] [Vue warn]: Invalid prop: type check failed for prop "onKeydown". Expected Function, got Array  
  at <ATextarea value="" onUpdate:value=fn rows=4  ... > 
  at <Anonymous value= {hashed: true, components: Object, theme: undefined, token: Object} > 
  at <ALocaleProvider locale=undefined ANT_MARK__="internalMark" > 
  at <LocaleReceiver children=fn<children> > 
  at <AConfigProvider theme= {token: Object} > 
  at <App> @ http://127.0.0.1:5175/@vite/client:528
[    3683ms] [WARNING] [Vue warn]: Invalid prop: type check failed for prop "onKeydown". Expected Function, got Array  
  at <ATextarea value="" onUpdate:value=fn rows=4  ... > 
  at <Anonymous value= {hashed: true, components: Object, theme: undefined, token: Object} > 
  at <ALocaleProvider locale=undefined ANT_MARK__="internalMark" > 
  at <LocaleReceiver children=fn<children> > 
  at <AConfigProvider theme= {token: Object} > 
  at <App> @ http://127.0.0.1:5175/@vite/client:528
[    3687ms] [WARNING] [Vue warn]: Invalid prop: type check failed for prop "onKeydown". Expected Function, got Array  
  at <ATextarea value="" onUpdate:value=fn rows=4  ... > 
  at <Anonymous value= {hashed: true, components: Object, theme: undefined, token: Object} > 
  at <ALocaleProvider locale=undefined ANT_MARK__="internalMark" > 
  at <LocaleReceiver children=fn<children> > 
  at <AConfigProvider theme= {token: Object} > 
  at <App> @ http://127.0.0.1:5175/@vite/client:528
[    3690ms] [WARNING] [Vue warn]: Invalid prop: type check failed for prop "onKeydown". Expected Function, got Array  
  at <ATextarea value="" onUpdate:value=fn rows=4  ... > 
  at <Anonymous value= {hashed: true, components: Object, theme: undefined, token: Object} > 
  at <ALocaleProvider locale=undefined ANT_MARK__="internalMark" > 
  at <LocaleReceiver children=fn<children> > 
  at <AConfigProvider theme= {token: Object} > 
  at <App> @ http://127.0.0.1:5175/@vite/client:528
[    3693ms] [WARNING] [Vue warn]: Invalid prop: type check failed for prop "onKeydown". Expected Function, got Array  
  at <ATextarea value="" onUpdate:value=fn rows=4  ... > 
  at <Anonymous value= {hashed: true, components: Object, theme: undefined, token: Object} > 
  at <ALocaleProvider locale=undefined ANT_MARK__="internalMark" > 
  at <LocaleReceiver children=fn<children> > 
  at <AConfigProvider theme= {token: Object} > 
  at <App> @ http://127.0.0.1:5175/@vite/client:528
[    3696ms] [WARNING] [Vue warn]: Invalid prop: type check failed for prop "onKeydown". Expected Function, got Array  
  at <ATextarea value="" onUpdate:value=fn rows=4  ... > 
  at <Anonymous value= {hashed: true, components: Object, theme: undefined, token: Object} > 
  at <ALocaleProvider locale=undefined ANT_MARK__="internalMark" > 
  at <LocaleReceiver children=fn<children> > 
  at <AConfigProvider theme= {token: Object} > 
  at <App> @ http://127.0.0.1:5175/@vite/client:528
[    3700ms] [WARNING] [Vue warn]: Invalid prop: type check failed for prop "onKeydown". Expected Function, got Array  
  at <ATextarea value="" onUpdate:value=fn rows=4  ... > 
  at <Anonymous value= {hashed: true, components: Object, theme: undefined, token: Object} > 
  at <ALocaleProvider locale=undefined ANT_MARK__="internalMark" > 
  at <LocaleReceiver children=fn<children> > 
  at <AConfigProvider theme= {token: Object} > 
  at <App> @ http://127.0.0.1:5175/@vite/client:528
[    3703ms] [WARNING] [Vue warn]: Invalid prop: type check failed for prop "onKeydown". Expected Function, got Array  
  at <ATextarea value="" onUpdate:value=fn rows=4  ... > 
  at <Anonymous value= {hashed: true, components: Object, theme: undefined, token: Object} > 
  at <ALocaleProvider locale=undefined ANT_MARK__="internalMark" > 
  at <LocaleReceiver children=fn<children> > 
  at <AConfigProvider theme= {token: Object} > 
  at <App> @ http://127.0.0.1:5175/@vite/client:528
[    3707ms] [WARNING] [Vue warn]: Invalid prop: type check failed for prop "onKeydown". Expected Function, got Array  
  at <ATextarea value="" onUpdate:value=fn rows=4  ... > 
  at <Anonymous value= {hashed: true, components: Object, theme: undefined, token: Object} > 
  at <ALocaleProvider locale=undefined ANT_MARK__="internalMark" > 
  at <LocaleReceiver children=fn<children> > 
  at <AConfigProvider theme= {token: Object} > 
  at <App> @ http://127.0.0.1:5175/@vite/client:528
[    3710ms] [WARNING] [Vue warn]: Invalid prop: type check failed for prop "onKeydown". Expected Function, got Array  
  at <ATextarea value="" onUpdate:value=fn rows=4  ... > 
  at <Anonymous value= {hashed: true, components: Object, theme: undefined, token: Object} > 
  at <ALocaleProvider locale=undefined ANT_MARK__="internalMark" > 
  at <LocaleReceiver children=fn<children> > 
  at <AConfigProvider theme= {token: Object} > 
  at <App> @ http://127.0.0.1:5175/@vite/client:528
[    3713ms] [WARNING] [Vue warn]: Invalid prop: type check failed for prop "onKeydown". Expected Function, got Array  
  at <ATextarea value="" onUpdate:value=fn rows=4  ... > 
  at <Anonymous value= {hashed: true, components: Object, theme: undefined, token: Object} > 
  at <ALocaleProvider locale=undefined ANT_MARK__="internalMark" > 
  at <LocaleReceiver children=fn<children> > 
  at <AConfigProvider theme= {token: Object} > 
  at <App> @ http://127.0.0.1:5175/@vite/client:528
[    3717ms] [WARNING] [Vue warn]: Invalid prop: type check failed for prop "onKeydown". Expected Function, got Array  
  at <ATextarea value="" onUpdate:value=fn rows=4  ... > 
  at <Anonymous value= {hashed: true, components: Object, theme: undefined, token: Object} > 
  at <ALocaleProvider locale=undefined ANT_MARK__="internalMark" > 
  at <LocaleReceiver children=fn<children> > 
  at <AConfigProvider theme= {token: Object} > 
  at <App> @ http://127.0.0.1:5175/@vite/client:528
[    3720ms] [WARNING] [Vue warn]: Invalid prop: type check failed for prop "onKeydown". Expected Function, got Array  
  at <ATextarea value="" onUpdate:value=fn rows=4  ... > 
  at <Anonymous value= {hashed: true, components: Object, theme: undefined, token: Object} > 
  at <ALocaleProvider locale=undefined ANT_MARK__="internalMark" > 
  at <LocaleReceiver children=fn<children> > 
  at <AConfigProvider theme= {token: Object} > 
  at <App> @ http://127.0.0.1:5175/@vite/client:528
[    3723ms] [WARNING] [Vue warn]: Invalid prop: type check failed for prop "onKeydown". Expected Function, got Array  
  at <ATextarea value="" onUpdate:value=fn rows=4  ... > 
  at <Anonymous value= {hashed: true, components: Object, theme: undefined, token: Object} > 
  at <ALocaleProvider locale=undefined ANT_MARK__="internalMark" > 
  at <LocaleReceiver children=fn<children> > 
  at <AConfigProvider theme= {token: Object} > 
  at <App> @ http://127.0.0.1:5175/@vite/client:528
[    3727ms] [WARNING] [Vue warn]: Invalid prop: type check failed for prop "onKeydown". Expected Function, got Array  
  at <ATextarea value="" onUpdate:value=fn rows=4  ... > 
  at <Anonymous value= {hashed: true, components: Object, theme: undefined, token: Object} > 
  at <ALocaleProvider locale=undefined ANT_MARK__="internalMark" > 
  at <LocaleReceiver children=fn<children> > 
  at <AConfigProvider theme= {token: Object} > 
  at <App> @ http://127.0.0.1:5175/@vite/client:528
[    3731ms] [WARNING] [Vue warn]: Invalid prop: type check failed for prop "onKeydown". Expected Function, got Array  
  at <ATextarea value="" onUpdate:value=fn rows=4  ... > 
  at <Anonymous value= {hashed: true, components: Object, theme: undefined, token: Object} > 
  at <ALocaleProvider locale=undefined ANT_MARK__="internalMark" > 
  at <LocaleReceiver children=fn<children> > 
  at <AConfigProvider theme= {token: Object} > 
  at <App> @ http://127.0.0.1:5175/@vite/client:528
[    3734ms] [WARNING] [Vue warn]: Invalid prop: type check failed for prop "onKeydown". Expected Function, got Array  
  at <ATextarea value="" onUpdate:value=fn rows=4  ... > 
  at <Anonymous value= {hashed: true, components: Object, theme: undefined, token: Object} > 
  at <ALocaleProvider locale=undefined ANT_MARK__="internalMark" > 
  at <LocaleReceiver children=fn<children> > 
  at <AConfigProvider theme= {token: Object} > 
  at <App> @ http://127.0.0.1:5175/@vite/client:528
[    3737ms] [WARNING] [Vue warn]: Invalid prop: type check failed for prop "onKeydown". Expected Function, got Array  
  at <ATextarea value="" onUpdate:value=fn rows=4  ... > 
  at <Anonymous value= {hashed: true, components: Object, theme: undefined, token: Object} > 
  at <ALocaleProvider locale=undefined ANT_MARK__="internalMark" > 
  at <LocaleReceiver children=fn<children> > 
  at <AConfigProvider theme= {token: Object} > 
  at <App> @ http://127.0.0.1:5175/@vite/client:528
[    3741ms] [WARNING] [Vue warn]: Invalid prop: type check failed for prop "onKeydown". Expected Function, got Array  
  at <ATextarea value="" onUpdate:value=fn rows=4  ... > 
  at <Anonymous value= {hashed: true, components: Object, theme: undefined, token: Object} > 
  at <ALocaleProvider locale=undefined ANT_MARK__="internalMark" > 
  at <LocaleReceiver children=fn<children> > 
  at <AConfigProvider theme= {token: Object} > 
  at <App> @ http://127.0.0.1:5175/@vite/client:528
[    3744ms] [WARNING] [Vue warn]: Invalid prop: type check failed for prop "onKeydown". Expected Function, got Array  
  at <ATextarea value="" onUpdate:value=fn rows=4  ... > 
  at <Anonymous value= {hashed: true, components: Object, theme: undefined, token: Object} > 
  at <ALocaleProvider locale=undefined ANT_MARK__="internalMark" > 
  at <LocaleReceiver children=fn<children> > 
  at <AConfigProvider theme= {token: Object} > 
  at <App> @ http://127.0.0.1:5175/@vite/client:528
[    3748ms] [WARNING] [Vue warn]: Invalid prop: type check failed for prop "onKeydown". Expected Function, got Array  
  at <ATextarea value="" onUpdate:value=fn rows=4  ... > 
  at <Anonymous value= {hashed: true, components: Object, theme: undefined, token: Object} > 
  at <ALocaleProvider locale=undefined ANT_MARK__="internalMark" > 
  at <LocaleReceiver children=fn<children> > 
  at <AConfigProvider theme= {token: Object} > 
  at <App> @ http://127.0.0.1:5175/@vite/client:528
[    3751ms] [WARNING] [Vue warn]: Invalid prop: type check failed for prop "onKeydown". Expected Function, got Array  
  at <ATextarea value="" onUpdate:value=fn rows=4  ... > 
  at <Anonymous value= {hashed: true, components: Object, theme: undefined, token: Object} > 
  at <ALocaleProvider locale=undefined ANT_MARK__="internalMark" > 
  at <LocaleReceiver children=fn<children> > 
  at <AConfigProvider theme= {token: Object} > 
  at <App> @ http://127.0.0.1:5175/@vite/client:528
[    3754ms] [WARNING] [Vue warn]: Invalid prop: type check failed for prop "onKeydown". Expected Function, got Array  
  at <ATextarea value="" onUpdate:value=fn rows=4  ... > 
  at <Anonymous value= {hashed: true, components: Object, theme: undefined, token: Object} > 
  at <ALocaleProvider locale=undefined ANT_MARK__="internalMark" > 
  at <LocaleReceiver children=fn<children> > 
  at <AConfigProvider theme= {token: Object} > 
  at <App> @ http://127.0.0.1:5175/@vite/client:528
[    3758ms] [WARNING] [Vue warn]: Invalid prop: type check failed for prop "onKeydown". Expected Function, got Array  
  at <ATextarea value="" onUpdate:value=fn rows=4  ... > 
  at <Anonymous value= {hashed: true, components: Object, theme: undefined, token: Object} > 
  at <ALocaleProvider locale=undefined ANT_MARK__="internalMark" > 
  at <LocaleReceiver children=fn<children> > 
  at <AConfigProvider theme= {token: Object} > 
  at <App> @ http://127.0.0.1:5175/@vite/client:528
[    3761ms] [WARNING] [Vue warn]: Invalid prop: type check failed for prop "onKeydown". Expected Function, got Array  
  at <ATextarea value="" onUpdate:value=fn rows=4  ... > 
  at <Anonymous value= {hashed: true, components: Object, theme: undefined, token: Object} > 
  at <ALocaleProvider locale=undefined ANT_MARK__="internalMark" > 
  at <LocaleReceiver children=fn<children> > 
  at <AConfigProvider theme= {token: Object} > 
  at <App> @ http://127.0.0.1:5175/@vite/client:528
[    3764ms] [WARNING] [Vue warn]: Invalid prop: type check failed for prop "onKeydown". Expected Function, got Array  
  at <ATextarea value="" onUpdate:value=fn rows=4  ... > 
  at <Anonymous value= {hashed: true, components: Object, theme: undefined, token: Object} > 
  at <ALocaleProvider locale=undefined ANT_MARK__="internalMark" > 
  at <LocaleReceiver children=fn<children> > 
  at <AConfigProvider theme= {token: Object} > 
  at <App> @ http://127.0.0.1:5175/@vite/client:528
[    3767ms] [WARNING] [Vue warn]: Invalid prop: type check failed for prop "onKeydown". Expected Function, got Array  
  at <ATextarea value="" onUpdate:value=fn rows=4  ... > 
  at <Anonymous value= {hashed: true, components: Object, theme: undefined, token: Object} > 
  at <ALocaleProvider locale=undefined ANT_MARK__="internalMark" > 
  at <LocaleReceiver children=fn<children> > 
  at <AConfigProvider theme= {token: Object} > 
  at <App> @ http://127.0.0.1:5175/@vite/client:528
[    3770ms] [WARNING] [Vue warn]: Invalid prop: type check failed for prop "onKeydown". Expected Function, got Array  
  at <ATextarea value="" onUpdate:value=fn rows=4  ... > 
  at <Anonymous value= {hashed: true, components: Object, theme: undefined, token: Object} > 
  at <ALocaleProvider locale=undefined ANT_MARK__="internalMark" > 
  at <LocaleReceiver children=fn<children> > 
  at <AConfigProvider theme= {token: Object} > 
  at <App> @ http://127.0.0.1:5175/@vite/client:528
[    3773ms] [WARNING] [Vue warn]: Invalid prop: type check failed for prop "onKeydown". Expected Function, got Array  
  at <ATextarea value="" onUpdate:value=fn rows=4  ... > 
  at <Anonymous value= {hashed: true, components: Object, theme: undefined, token: Object} > 
  at <ALocaleProvider locale=undefined ANT_MARK__="internalMark" > 
  at <LocaleReceiver children=fn<children> > 
  at <AConfigProvider theme= {token: Object} > 
  at <App> @ http://127.0.0.1:5175/@vite/client:528
[    3776ms] [WARNING] [Vue warn]: Invalid prop: type check failed for prop "onKeydown". Expected Function, got Array  
  at <ATextarea value="" onUpdate:value=fn rows=4  ... > 
  at <Anonymous value= {hashed: true, components: Object, theme: undefined, token: Object} > 
  at <ALocaleProvider locale=undefined ANT_MARK__="internalMark" > 
  at <LocaleReceiver children=fn<children> > 
  at <AConfigProvider theme= {token: Object} > 
  at <App> @ http://127.0.0.1:5175/@vite/client:528
[    3779ms] [WARNING] [Vue warn]: Invalid prop: type check failed for prop "onKeydown". Expected Function, got Array  
  at <ATextarea value="" onUpdate:value=fn rows=4  ... > 
  at <Anonymous value= {hashed: true, components: Object, theme: undefined, token: Object} > 
  at <ALocaleProvider locale=undefined ANT_MARK__="internalMark" > 
  at <LocaleReceiver children=fn<children> > 
  at <AConfigProvider theme= {token: Object} > 
  at <App> @ http://127.0.0.1:5175/@vite/client:528
[    3782ms] [WARNING] [Vue warn]: Invalid prop: type check failed for prop "onKeydown". Expected Function, got Array  
  at <ATextarea value="" onUpdate:value=fn rows=4  ... > 
  at <Anonymous value= {hashed: true, components: Object, theme: undefined, token: Object} > 
  at <ALocaleProvider locale=undefined ANT_MARK__="internalMark" > 
  at <LocaleReceiver children=fn<children> > 
  at <AConfigProvider theme= {token: Object} > 
  at <App> @ http://127.0.0.1:5175/@vite/client:528
[    3785ms] [WARNING] [Vue warn]: Invalid prop: type check failed for prop "onKeydown". Expected Function, got Array  
  at <ATextarea value="" onUpdate:value=fn rows=4  ... > 
  at <Anonymous value= {hashed: true, components: Object, theme: undefined, token: Object} > 
  at <ALocaleProvider locale=undefined ANT_MARK__="internalMark" > 
  at <LocaleReceiver children=fn<children> > 
  at <AConfigProvider theme= {token: Object} > 
  at <App> @ http://127.0.0.1:5175/@vite/client:528
[    3788ms] [WARNING] [Vue warn]: Invalid prop: type check failed for prop "onKeydown". Expected Function, got Array  
  at <ATextarea value="" onUpdate:value=fn rows=4  ... > 
  at <Anonymous value= {hashed: true, components: Object, theme: undefined, token: Object} > 
  at <ALocaleProvider locale=undefined ANT_MARK__="internalMark" > 
  at <LocaleReceiver children=fn<children> > 
  at <AConfigProvider theme= {token: Object} > 
  at <App> @ http://127.0.0.1:5175/@vite/client:528
[    3791ms] [WARNING] [Vue warn]: Invalid prop: type check failed for prop "onKeydown". Expected Function, got Array  
  at <ATextarea value="" onUpdate:value=fn rows=4  ... > 
  at <Anonymous value= {hashed: true, components: Object, theme: undefined, token: Object} > 
  at <ALocaleProvider locale=undefined ANT_MARK__="internalMark" > 
  at <LocaleReceiver children=fn<children> > 
  at <AConfigProvider theme= {token: Object} > 
  at <App> @ http://127.0.0.1:5175/@vite/client:528
[    3794ms] [WARNING] [Vue warn]: Invalid prop: type check failed for prop "onKeydown". Expected Function, got Array  
  at <ATextarea value="" onUpdate:value=fn rows=4  ... > 
  at <Anonymous value= {hashed: true, components: Object, theme: undefined, token: Object} > 
  at <ALocaleProvider locale=undefined ANT_MARK__="internalMark" > 
  at <LocaleReceiver children=fn<children> > 
  at <AConfigProvider theme= {token: Object} > 
  at <App> @ http://127.0.0.1:5175/@vite/client:528
[    3797ms] [WARNING] [Vue warn]: Invalid prop: type check failed for prop "onKeydown". Expected Function, got Array  
  at <ATextarea value="" onUpdate:value=fn rows=4  ... > 
  at <Anonymous value= {hashed: true, components: Object, theme: undefined, token: Object} > 
  at <ALocaleProvider locale=undefined ANT_MARK__="internalMark" > 
  at <LocaleReceiver children=fn<children> > 
  at <AConfigProvider theme= {token: Object} > 
  at <App> @ http://127.0.0.1:5175/@vite/client:528
[    3801ms] [WARNING] [Vue warn]: Invalid prop: type check failed for prop "onKeydown". Expected Function, got Array  
  at <ATextarea value="" onUpdate:value=fn rows=4  ... > 
  at <Anonymous value= {hashed: true, components: Object, theme: undefined, token: Object} > 
  at <ALocaleProvider locale=undefined ANT_MARK__="internalMark" > 
  at <LocaleReceiver children=fn<children> > 
  at <AConfigProvider theme= {token: Object} > 
  at <App> @ http://127.0.0.1:5175/@vite/client:528
[    3803ms] [WARNING] [Vue warn]: Invalid prop: type check failed for prop "onKeydown". Expected Function, got Array  
  at <ATextarea value="" onUpdate:value=fn rows=4  ... > 
  at <Anonymous value= {hashed: true, components: Object, theme: undefined, token: Object} > 
  at <ALocaleProvider locale=undefined ANT_MARK__="internalMark" > 
  at <LocaleReceiver children=fn<children> > 
  at <AConfigProvider theme= {token: Object} > 
  at <App> @ http://127.0.0.1:5175/@vite/client:528
[    3806ms] [WARNING] [Vue warn]: Invalid prop: type check failed for prop "onKeydown". Expected Function, got Array  
  at <ATextarea value="" onUpdate:value=fn rows=4  ... > 
  at <Anonymous value= {hashed: true, components: Object, theme: undefined, token: Object} > 
  at <ALocaleProvider locale=undefined ANT_MARK__="internalMark" > 
  at <LocaleReceiver children=fn<children> > 
  at <AConfigProvider theme= {token: Object} > 
  at <App> @ http://127.0.0.1:5175/@vite/client:528
[    3810ms] [WARNING] [Vue warn]: Invalid prop: type check failed for prop "onKeydown". Expected Function, got Array  
  at <ATextarea value="" onUpdate:value=fn rows=4  ... > 
  at <Anonymous value= {hashed: true, components: Object, theme: undefined, token: Object} > 
  at <ALocaleProvider locale=undefined ANT_MARK__="internalMark" > 
  at <LocaleReceiver children=fn<children> > 
  at <AConfigProvider theme= {token: Object} > 
  at <App> @ http://127.0.0.1:5175/@vite/client:528
[    3813ms] [WARNING] [Vue warn]: Invalid prop: type check failed for prop "onKeydown". Expected Function, got Array  
  at <ATextarea value="" onUpdate:value=fn rows=4  ... > 
  at <Anonymous value= {hashed: true, components: Object, theme: undefined, token: Object} > 
  at <ALocaleProvider locale=undefined ANT_MARK__="internalMark" > 
  at <LocaleReceiver children=fn<children> > 
  at <AConfigProvider theme= {token: Object} > 
  at <App> @ http://127.0.0.1:5175/@vite/client:528
[    3816ms] [WARNING] [Vue warn]: Invalid prop: type check failed for prop "onKeydown". Expected Function, got Array  
  at <ATextarea value="" onUpdate:value=fn rows=4  ... > 
  at <Anonymous value= {hashed: true, components: Object, theme: undefined, token: Object} > 
  at <ALocaleProvider locale=undefined ANT_MARK__="internalMark" > 
  at <LocaleReceiver children=fn<children> > 
  at <AConfigProvider theme= {token: Object} > 
  at <App> @ http://127.0.0.1:5175/@vite/client:528
[    3819ms] [WARNING] [Vue warn]: Invalid prop: type check failed for prop "onKeydown". Expected Function, got Array  
  at <ATextarea value="" onUpdate:value=fn rows=4  ... > 
  at <Anonymous value= {hashed: true, components: Object, theme: undefined, token: Object} > 
  at <ALocaleProvider locale=undefined ANT_MARK__="internalMark" > 
  at <LocaleReceiver children=fn<children> > 
  at <AConfigProvider theme= {token: Object} > 
  at <App> @ http://127.0.0.1:5175/@vite/client:528
[    3822ms] [WARNING] [Vue warn]: Invalid prop: type check failed for prop "onKeydown". Expected Function, got Array  
  at <ATextarea value="" onUpdate:value=fn rows=4  ... > 
  at <Anonymous value= {hashed: true, components: Object, theme: undefined, token: Object} > 
  at <ALocaleProvider locale=undefined ANT_MARK__="internalMark" > 
  at <LocaleReceiver children=fn<children> > 
  at <AConfigProvider theme= {token: Object} > 
  at <App> @ http://127.0.0.1:5175/@vite/client:528
[    3826ms] [WARNING] [Vue warn]: Invalid prop: type check failed for prop "onKeydown". Expected Function, got Array  
  at <ATextarea value="" onUpdate:value=fn rows=4  ... > 
  at <Anonymous value= {hashed: true, components: Object, theme: undefined, token: Object} > 
  at <ALocaleProvider locale=undefined ANT_MARK__="internalMark" > 
  at <LocaleReceiver children=fn<children> > 
  at <AConfigProvider theme= {token: Object} > 
  at <App> @ http://127.0.0.1:5175/@vite/client:528
[    3829ms] [WARNING] [Vue warn]: Invalid prop: type check failed for prop "onKeydown". Expected Function, got Array  
  at <ATextarea value="" onUpdate:value=fn rows=4  ... > 
  at <Anonymous value= {hashed: true, components: Object, theme: undefined, token: Object} > 
  at <ALocaleProvider locale=undefined ANT_MARK__="internalMark" > 
  at <LocaleReceiver children=fn<children> > 
  at <AConfigProvider theme= {token: Object} > 
  at <App> @ http://127.0.0.1:5175/@vite/client:528
[    3832ms] [WARNING] [Vue warn]: Invalid prop: type check failed for prop "onKeydown". Expected Function, got Array  
  at <ATextarea value="" onUpdate:value=fn rows=4  ... > 
  at <Anonymous value= {hashed: true, components: Object, theme: undefined, token: Object} > 
  at <ALocaleProvider locale=undefined ANT_MARK__="internalMark" > 
  at <LocaleReceiver children=fn<children> > 
  at <AConfigProvider theme= {token: Object} > 
  at <App> @ http://127.0.0.1:5175/@vite/client:528
[    3836ms] [WARNING] [Vue warn]: Invalid prop: type check failed for prop "onKeydown". Expected Function, got Array  
  at <ATextarea value="" onUpdate:value=fn rows=4  ... > 
  at <Anonymous value= {hashed: true, components: Object, theme: undefined, token: Object} > 
  at <ALocaleProvider locale=undefined ANT_MARK__="internalMark" > 
  at <LocaleReceiver children=fn<children> > 
  at <AConfigProvider theme= {token: Object} > 
  at <App> @ http://127.0.0.1:5175/@vite/client:528
[    3839ms] [WARNING] [Vue warn]: Invalid prop: type check failed for prop "onKeydown". Expected Function, got Array  
  at <ATextarea value="" onUpdate:value=fn rows=4  ... > 
  at <Anonymous value= {hashed: true, components: Object, theme: undefined, token: Object} > 
  at <ALocaleProvider locale=undefined ANT_MARK__="internalMark" > 
  at <LocaleReceiver children=fn<children> > 
  at <AConfigProvider theme= {token: Object} > 
  at <App> @ http://127.0.0.1:5175/@vite/client:528
[    3843ms] [WARNING] [Vue warn]: Invalid prop: type check failed for prop "onKeydown". Expected Function, got Array  
  at <ATextarea value="" onUpdate:value=fn rows=4  ... > 
  at <Anonymous value= {hashed: true, components: Object, theme: undefined, token: Object} > 
  at <ALocaleProvider locale=undefined ANT_MARK__="internalMark" > 
  at <LocaleReceiver children=fn<children> > 
  at <AConfigProvider theme= {token: Object} > 
  at <App> @ http://127.0.0.1:5175/@vite/client:528
[    3846ms] [WARNING] [Vue warn]: Invalid prop: type check failed for prop "onKeydown". Expected Function, got Array  
  at <ATextarea value="" onUpdate:value=fn rows=4  ... > 
  at <Anonymous value= {hashed: true, components: Object, theme: undefined, token: Object} > 
  at <ALocaleProvider locale=undefined ANT_MARK__="internalMark" > 
  at <LocaleReceiver children=fn<children> > 
  at <AConfigProvider theme= {token: Object} > 
  at <App> @ http://127.0.0.1:5175/@vite/client:528
[    3849ms] [WARNING] [Vue warn]: Invalid prop: type check failed for prop "onKeydown". Expected Function, got Array  
  at <ATextarea value="" onUpdate:value=fn rows=4  ... > 
  at <Anonymous value= {hashed: true, components: Object, theme: undefined, token: Object} > 
  at <ALocaleProvider locale=undefined ANT_MARK__="internalMark" > 
  at <LocaleReceiver children=fn<children> > 
  at <AConfigProvider theme= {token: Object} > 
  at <App> @ http://127.0.0.1:5175/@vite/client:528
[    3853ms] [WARNING] [Vue warn]: Invalid prop: type check failed for prop "onKeydown". Expected Function, got Array  
  at <ATextarea value="" onUpdate:value=fn rows=4  ... > 
  at <Anonymous value= {hashed: true, components: Object, theme: undefined, token: Object} > 
  at <ALocaleProvider locale=undefined ANT_MARK__="internalMark" > 
  at <LocaleReceiver children=fn<children> > 
  at <AConfigProvider theme= {token: Object} > 
  at <App> @ http://127.0.0.1:5175/@vite/client:528
[    3856ms] [WARNING] [Vue warn]: Invalid prop: type check failed for prop "onKeydown". Expected Function, got Array  
  at <ATextarea value="" onUpdate:value=fn rows=4  ... > 
  at <Anonymous value= {hashed: true, components: Object, theme: undefined, token: Object} > 
  at <ALocaleProvider locale=undefined ANT_MARK__="internalMark" > 
  at <LocaleReceiver children=fn<children> > 
  at <AConfigProvider theme= {token: Object} > 
  at <App> @ http://127.0.0.1:5175/@vite/client:528
[    3859ms] [WARNING] [Vue warn]: Invalid prop: type check failed for prop "onKeydown". Expected Function, got Array  
  at <ATextarea value="" onUpdate:value=fn rows=4  ... > 
  at <Anonymous value= {hashed: true, components: Object, theme: undefined, token: Object} > 
  at <ALocaleProvider locale=undefined ANT_MARK__="internalMark" > 
  at <LocaleReceiver children=fn<children> > 
  at <AConfigProvider theme= {token: Object} > 
  at <App> @ http://127.0.0.1:5175/@vite/client:528
[    3862ms] [WARNING] [Vue warn]: Invalid prop: type check failed for prop "onKeydown". Expected Function, got Array  
  at <ATextarea value="" onUpdate:value=fn rows=4  ... > 
  at <Anonymous value= {hashed: true, components: Object, theme: undefined, token: Object} > 
  at <ALocaleProvider locale=undefined ANT_MARK__="internalMark" > 
  at <LocaleReceiver children=fn<children> > 
  at <AConfigProvider theme= {token: Object} > 
  at <App> @ http://127.0.0.1:5175/@vite/client:528
[    3865ms] [WARNING] [Vue warn]: Invalid prop: type check failed for prop "onKeydown". Expected Function, got Array  
  at <ATextarea value="" onUpdate:value=fn rows=4  ... > 
  at <Anonymous value= {hashed: true, components: Object, theme: undefined, token: Object} > 
  at <ALocaleProvider locale=undefined ANT_MARK__="internalMark" > 
  at <LocaleReceiver children=fn<children> > 
  at <AConfigProvider theme= {token: Object} > 
  at <App> @ http://127.0.0.1:5175/@vite/client:528
[    3868ms] [WARNING] [Vue warn]: Invalid prop: type check failed for prop "onKeydown". Expected Function, got Array  
  at <ATextarea value="" onUpdate:value=fn rows=4  ... > 
  at <Anonymous value= {hashed: true, components: Object, theme: undefined, token: Object} > 
  at <ALocaleProvider locale=undefined ANT_MARK__="internalMark" > 
  at <LocaleReceiver children=fn<children> > 
  at <AConfigProvider theme= {token: Object} > 
  at <App> @ http://127.0.0.1:5175/@vite/client:528
[    3871ms] [WARNING] [Vue warn]: Invalid prop: type check failed for prop "onKeydown". Expected Function, got Array  
  at <ATextarea value="" onUpdate:value=fn rows=4  ... > 
  at <Anonymous value= {hashed: true, components: Object, theme: undefined, token: Object} > 
  at <ALocaleProvider locale=undefined ANT_MARK__="internalMark" > 
  at <LocaleReceiver children=fn<children> > 
  at <AConfigProvider theme= {token: Object} > 
  at <App> @ http://127.0.0.1:5175/@vite/client:528
[    3875ms] [WARNING] [Vue warn]: Invalid prop: type check failed for prop "onKeydown". Expected Function, got Array  
  at <ATextarea value="" onUpdate:value=fn rows=4  ... > 
  at <Anonymous value= {hashed: true, components: Object, theme: undefined, token: Object} > 
  at <ALocaleProvider locale=undefined ANT_MARK__="internalMark" > 
  at <LocaleReceiver children=fn<children> > 
  at <AConfigProvider theme= {token: Object} > 
  at <App> @ http://127.0.0.1:5175/@vite/client:528
[    3879ms] [WARNING] [Vue warn]: Invalid prop: type check failed for prop "onKeydown". Expected Function, got Array  
  at <ATextarea value="" onUpdate:value=fn rows=4  ... > 
  at <Anonymous value= {hashed: true, components: Object, theme: undefined, token: Object} > 
  at <ALocaleProvider locale=undefined ANT_MARK__="internalMark" > 
  at <LocaleReceiver children=fn<children> > 
  at <AConfigProvider theme= {token: Object} > 
  at <App> @ http://127.0.0.1:5175/@vite/client:528
[    3882ms] [WARNING] [Vue warn]: Invalid prop: type check failed for prop "onKeydown". Expected Function, got Array  
  at <ATextarea value="" onUpdate:value=fn rows=4  ... > 
  at <Anonymous value= {hashed: true, components: Object, theme: undefined, token: Object} > 
  at <ALocaleProvider locale=undefined ANT_MARK__="internalMark" > 
  at <LocaleReceiver children=fn<children> > 
  at <AConfigProvider theme= {token: Object} > 
  at <App> @ http://127.0.0.1:5175/@vite/client:528
[    3885ms] [WARNING] [Vue warn]: Invalid prop: type check failed for prop "onKeydown". Expected Function, got Array  
  at <ATextarea value="" onUpdate:value=fn rows=4  ... > 
  at <Anonymous value= {hashed: true, components: Object, theme: undefined, token: Object} > 
  at <ALocaleProvider locale=undefined ANT_MARK__="internalMark" > 
  at <LocaleReceiver children=fn<children> > 
  at <AConfigProvider theme= {token: Object} > 
  at <App> @ http://127.0.0.1:5175/@vite/client:528
[    3889ms] [WARNING] [Vue warn]: Invalid prop: type check failed for prop "onKeydown". Expected Function, got Array  
  at <ATextarea value="" onUpdate:value=fn rows=4  ... > 
  at <Anonymous value= {hashed: true, components: Object, theme: undefined, token: Object} > 
  at <ALocaleProvider locale=undefined ANT_MARK__="internalMark" > 
  at <LocaleReceiver children=fn<children> > 
  at <AConfigProvider theme= {token: Object} > 
  at <App> @ http://127.0.0.1:5175/@vite/client:528
[    3892ms] [WARNING] [Vue warn]: Invalid prop: type check failed for prop "onKeydown". Expected Function, got Array  
  at <ATextarea value="" onUpdate:value=fn rows=4  ... > 
  at <Anonymous value= {hashed: true, components: Object, theme: undefined, token: Object} > 
  at <ALocaleProvider locale=undefined ANT_MARK__="internalMark" > 
  at <LocaleReceiver children=fn<children> > 
  at <AConfigProvider theme= {token: Object} > 
  at <App> @ http://127.0.0.1:5175/@vite/client:528
[    3895ms] [WARNING] [Vue warn]: Invalid prop: type check failed for prop "onKeydown". Expected Function, got Array  
  at <ATextarea value="" onUpdate:value=fn rows=4  ... > 
  at <Anonymous value= {hashed: true, components: Object, theme: undefined, token: Object} > 
  at <ALocaleProvider locale=undefined ANT_MARK__="internalMark" > 
  at <LocaleReceiver children=fn<children> > 
  at <AConfigProvider theme= {token: Object} > 
  at <App> @ http://127.0.0.1:5175/@vite/client:528
[    3898ms] [WARNING] [Vue warn]: Invalid prop: type check failed for prop "onKeydown". Expected Function, got Array  
  at <ATextarea value="" onUpdate:value=fn rows=4  ... > 
  at <Anonymous value= {hashed: true, components: Object, theme: undefined, token: Object} > 
  at <ALocaleProvider locale=undefined ANT_MARK__="internalMark" > 
  at <LocaleReceiver children=fn<children> > 
  at <AConfigProvider theme= {token: Object} > 
  at <App> @ http://127.0.0.1:5175/@vite/client:528
[    3901ms] [WARNING] [Vue warn]: Invalid prop: type check failed for prop "onKeydown". Expected Function, got Array  
  at <ATextarea value="" onUpdate:value=fn rows=4  ... > 
  at <Anonymous value= {hashed: true, components: Object, theme: undefined, token: Object} > 
  at <ALocaleProvider locale=undefined ANT_MARK__="internalMark" > 
  at <LocaleReceiver children=fn<children> > 
  at <AConfigProvider theme= {token: Object} > 
  at <App> @ http://127.0.0.1:5175/@vite/client:528
[    3904ms] [WARNING] [Vue warn]: Invalid prop: type check failed for prop "onKeydown". Expected Function, got Array  
  at <ATextarea value="" onUpdate:value=fn rows=4  ... > 
  at <Anonymous value= {hashed: true, components: Object, theme: undefined, token: Object} > 
  at <ALocaleProvider locale=undefined ANT_MARK__="internalMark" > 
  at <LocaleReceiver children=fn<children> > 
  at <AConfigProvider theme= {token: Object} > 
  at <App> @ http://127.0.0.1:5175/@vite/client:528
[    3907ms] [WARNING] [Vue warn]: Invalid prop: type check failed for prop "onKeydown". Expected Function, got Array  
  at <ATextarea value="" onUpdate:value=fn rows=4  ... > 
  at <Anonymous value= {hashed: true, components: Object, theme: undefined, token: Object} > 
  at <ALocaleProvider locale=undefined ANT_MARK__="internalMark" > 
  at <LocaleReceiver children=fn<children> > 
  at <AConfigProvider theme= {token: Object} > 
  at <App> @ http://127.0.0.1:5175/@vite/client:528
[    3910ms] [WARNING] [Vue warn]: Invalid prop: type check failed for prop "onKeydown". Expected Function, got Array  
  at <ATextarea value="" onUpdate:value=fn rows=4  ... > 
  at <Anonymous value= {hashed: true, components: Object, theme: undefined, token: Object} > 
  at <ALocaleProvider locale=undefined ANT_MARK__="internalMark" > 
  at <LocaleReceiver children=fn<children> > 
  at <AConfigProvider theme= {token: Object} > 
  at <App> @ http://127.0.0.1:5175/@vite/client:528
[    3914ms] [WARNING] [Vue warn]: Invalid prop: type check failed for prop "onKeydown". Expected Function, got Array  
  at <ATextarea value="" onUpdate:value=fn rows=4  ... > 
  at <Anonymous value= {hashed: true, components: Object, theme: undefined, token: Object} > 
  at <ALocaleProvider locale=undefined ANT_MARK__="internalMark" > 
  at <LocaleReceiver children=fn<children> > 
  at <AConfigProvider theme= {token: Object} > 
  at <App> @ http://127.0.0.1:5175/@vite/client:528
[    3918ms] [WARNING] [Vue warn]: Invalid prop: type check failed for prop "onKeydown". Expected Function, got Array  
  at <ATextarea value="" onUpdate:value=fn rows=4  ... > 
  at <Anonymous value= {hashed: true, components: Object, theme: undefined, token: Object} > 
  at <ALocaleProvider locale=undefined ANT_MARK__="internalMark" > 
  at <LocaleReceiver children=fn<children> > 
  at <AConfigProvider theme= {token: Object} > 
  at <App> @ http://127.0.0.1:5175/@vite/client:528
[    3921ms] [WARNING] [Vue warn]: Invalid prop: type check failed for prop "onKeydown". Expected Function, got Array  
  at <ATextarea value="" onUpdate:value=fn rows=4  ... > 
  at <Anonymous value= {hashed: true, components: Object, theme: undefined, token: Object} > 
  at <ALocaleProvider locale=undefined ANT_MARK__="internalMark" > 
  at <LocaleReceiver children=fn<children> > 
  at <AConfigProvider theme= {token: Object} > 
  at <App> @ http://127.0.0.1:5175/@vite/client:528
[    3924ms] [WARNING] [Vue warn]: Invalid prop: type check failed for prop "onKeydown". Expected Function, got Array  
  at <ATextarea value="" onUpdate:value=fn rows=4  ... > 
  at <Anonymous value= {hashed: true, components: Object, theme: undefined, token: Object} > 
  at <ALocaleProvider locale=undefined ANT_MARK__="internalMark" > 
  at <LocaleReceiver children=fn<children> > 
  at <AConfigProvider theme= {token: Object} > 
  at <App> @ http://127.0.0.1:5175/@vite/client:528
[    3928ms] [WARNING] [Vue warn]: Invalid prop: type check failed for prop "onKeydown". Expected Function, got Array  
  at <ATextarea value="" onUpdate:value=fn rows=4  ... > 
  at <Anonymous value= {hashed: true, components: Object, theme: undefined, token: Object} > 
  at <ALocaleProvider locale=undefined ANT_MARK__="internalMark" > 
  at <LocaleReceiver children=fn<children> > 
  at <AConfigProvider theme= {token: Object} > 
  at <App> @ http://127.0.0.1:5175/@vite/client:528
[    3932ms] [WARNING] [Vue warn]: Invalid prop: type check failed for prop "onKeydown". Expected Function, got Array  
  at <ATextarea value="" onUpdate:value=fn rows=4  ... > 
  at <Anonymous value= {hashed: true, components: Object, theme: undefined, token: Object} > 
  at <ALocaleProvider locale=undefined ANT_MARK__="internalMark" > 
  at <LocaleReceiver children=fn<children> > 
  at <AConfigProvider theme= {token: Object} > 
  at <App> @ http://127.0.0.1:5175/@vite/client:528
[    3936ms] [WARNING] [Vue warn]: Invalid prop: type check failed for prop "onKeydown". Expected Function, got Array  
  at <ATextarea value="" onUpdate:value=fn rows=4  ... > 
  at <Anonymous value= {hashed: true, components: Object, theme: undefined, token: Object} > 
  at <ALocaleProvider locale=undefined ANT_MARK__="internalMark" > 
  at <LocaleReceiver children=fn<children> > 
  at <AConfigProvider theme= {token: Object} > 
  at <App> @ http://127.0.0.1:5175/@vite/client:528
[    3939ms] [WARNING] [Vue warn]: Invalid prop: type check failed for prop "onKeydown". Expected Function, got Array  
  at <ATextarea value="" onUpdate:value=fn rows=4  ... > 
  at <Anonymous value= {hashed: true, components: Object, theme: undefined, token: Object} > 
  at <ALocaleProvider locale=undefined ANT_MARK__="internalMark" > 
  at <LocaleReceiver children=fn<children> > 
  at <AConfigProvider theme= {token: Object} > 
  at <App> @ http://127.0.0.1:5175/@vite/client:528
[    3942ms] [WARNING] [Vue warn]: Invalid prop: type check failed for prop "onKeydown". Expected Function, got Array  
  at <ATextarea value="" onUpdate:value=fn rows=4  ... > 
  at <Anonymous value= {hashed: true, components: Object, theme: undefined, token: Object} > 
  at <ALocaleProvider locale=undefined ANT_MARK__="internalMark" > 
  at <LocaleReceiver children=fn<children> > 
  at <AConfigProvider theme= {token: Object} > 
  at <App> @ http://127.0.0.1:5175/@vite/client:528
[    3945ms] [WARNING] [Vue warn]: Invalid prop: type check failed for prop "onKeydown". Expected Function, got Array  
  at <ATextarea value="" onUpdate:value=fn rows=4  ... > 
  at <Anonymous value= {hashed: true, components: Object, theme: undefined, token: Object} > 
  at <ALocaleProvider locale=undefined ANT_MARK__="internalMark" > 
  at <LocaleReceiver children=fn<children> > 
  at <AConfigProvider theme= {token: Object} > 
  at <App> @ http://127.0.0.1:5175/@vite/client:528
[    3948ms] [WARNING] [Vue warn]: Invalid prop: type check failed for prop "onKeydown". Expected Function, got Array  
  at <ATextarea value="" onUpdate:value=fn rows=4  ... > 
  at <Anonymous value= {hashed: true, components: Object, theme: undefined, token: Object} > 
  at <ALocaleProvider locale=undefined ANT_MARK__="internalMark" > 
  at <LocaleReceiver children=fn<children> > 
  at <AConfigProvider theme= {token: Object} > 
  at <App> @ http://127.0.0.1:5175/@vite/client:528
[    3951ms] [WARNING] [Vue warn]: Invalid prop: type check failed for prop "onKeydown". Expected Function, got Array  
  at <ATextarea value="" onUpdate:value=fn rows=4  ... > 
  at <Anonymous value= {hashed: true, components: Object, theme: undefined, token: Object} > 
  at <ALocaleProvider locale=undefined ANT_MARK__="internalMark" > 
  at <LocaleReceiver children=fn<children> > 
  at <AConfigProvider theme= {token: Object} > 
  at <App> @ http://127.0.0.1:5175/@vite/client:528
[    3954ms] [WARNING] [Vue warn]: Invalid prop: type check failed for prop "onKeydown". Expected Function, got Array  
  at <ATextarea value="" onUpdate:value=fn rows=4  ... > 
  at <Anonymous value= {hashed: true, components: Object, theme: undefined, token: Object} > 
  at <ALocaleProvider locale=undefined ANT_MARK__="internalMark" > 
  at <LocaleReceiver children=fn<children> > 
  at <AConfigProvider theme= {token: Object} > 
  at <App> @ http://127.0.0.1:5175/@vite/client:528
[    3957ms] [WARNING] [Vue warn]: Invalid prop: type check failed for prop "onKeydown". Expected Function, got Array  
  at <ATextarea value="" onUpdate:value=fn rows=4  ... > 
  at <Anonymous value= {hashed: true, components: Object, theme: undefined, token: Object} > 
  at <ALocaleProvider locale=undefined ANT_MARK__="internalMark" > 
  at <LocaleReceiver children=fn<children> > 
  at <AConfigProvider theme= {token: Object} > 
  at <App> @ http://127.0.0.1:5175/@vite/client:528
[    3960ms] [WARNING] [Vue warn]: Invalid prop: type check failed for prop "onKeydown". Expected Function, got Array  
  at <ATextarea value="" onUpdate:value=fn rows=4  ... > 
  at <Anonymous value= {hashed: true, components: Object, theme: undefined, token: Object} > 
  at <ALocaleProvider locale=undefined ANT_MARK__="internalMark" > 
  at <LocaleReceiver children=fn<children> > 
  at <AConfigProvider theme= {token: Object} > 
  at <App> @ http://127.0.0.1:5175/@vite/client:528
[    3963ms] [WARNING] [Vue warn]: Invalid prop: type check failed for prop "onKeydown". Expected Function, got Array  
  at <ATextarea value="" onUpdate:value=fn rows=4  ... > 
  at <Anonymous value= {hashed: true, components: Object, theme: undefined, token: Object} > 
  at <ALocaleProvider locale=undefined ANT_MARK__="internalMark" > 
  at <LocaleReceiver children=fn<children> > 
  at <AConfigProvider theme= {token: Object} > 
  at <App> @ http://127.0.0.1:5175/@vite/client:528
[    3967ms] [WARNING] [Vue warn]: Invalid prop: type check failed for prop "onKeydown". Expected Function, got Array  
  at <ATextarea value="" onUpdate:value=fn rows=4  ... > 
  at <Anonymous value= {hashed: true, components: Object, theme: undefined, token: Object} > 
  at <ALocaleProvider locale=undefined ANT_MARK__="internalMark" > 
  at <LocaleReceiver children=fn<children> > 
  at <AConfigProvider theme= {token: Object} > 
  at <App> @ http://127.0.0.1:5175/@vite/client:528
[    3970ms] [WARNING] [Vue warn]: Invalid prop: type check failed for prop "onKeydown". Expected Function, got Array  
  at <ATextarea value="" onUpdate:value=fn rows=4  ... > 
  at <Anonymous value= {hashed: true, components: Object, theme: undefined, token: Object} > 
  at <ALocaleProvider locale=undefined ANT_MARK__="internalMark" > 
  at <LocaleReceiver children=fn<children> > 
  at <AConfigProvider theme= {token: Object} > 
  at <App> @ http://127.0.0.1:5175/@vite/client:528
[    3973ms] [WARNING] [Vue warn]: Invalid prop: type check failed for prop "onKeydown". Expected Function, got Array  
  at <ATextarea value="" onUpdate:value=fn rows=4  ... > 
  at <Anonymous value= {hashed: true, components: Object, theme: undefined, token: Object} > 
  at <ALocaleProvider locale=undefined ANT_MARK__="internalMark" > 
  at <LocaleReceiver children=fn<children> > 
  at <AConfigProvider theme= {token: Object} > 
  at <App> @ http://127.0.0.1:5175/@vite/client:528
[    3976ms] [WARNING] [Vue warn]: Invalid prop: type check failed for prop "onKeydown". Expected Function, got Array  
  at <ATextarea value="" onUpdate:value=fn rows=4  ... > 
  at <Anonymous value= {hashed: true, components: Object, theme: undefined, token: Object} > 
  at <ALocaleProvider locale=undefined ANT_MARK__="internalMark" > 
  at <LocaleReceiver children=fn<children> > 
  at <AConfigProvider theme= {token: Object} > 
  at <App> @ http://127.0.0.1:5175/@vite/client:528
[    3979ms] [WARNING] [Vue warn]: Invalid prop: type check failed for prop "onKeydown". Expected Function, got Array  
  at <ATextarea value="" onUpdate:value=fn rows=4  ... > 
  at <Anonymous value= {hashed: true, components: Object, theme: undefined, token: Object} > 
  at <ALocaleProvider locale=undefined ANT_MARK__="internalMark" > 
  at <LocaleReceiver children=fn<children> > 
  at <AConfigProvider theme= {token: Object} > 
  at <App> @ http://127.0.0.1:5175/@vite/client:528
[    3982ms] [WARNING] [Vue warn]: Invalid prop: type check failed for prop "onKeydown". Expected Function, got Array  
  at <ATextarea value="" onUpdate:value=fn rows=4  ... > 
  at <Anonymous value= {hashed: true, components: Object, theme: undefined, token: Object} > 
  at <ALocaleProvider locale=undefined ANT_MARK__="internalMark" > 
  at <LocaleReceiver children=fn<children> > 
  at <AConfigProvider theme= {token: Object} > 
  at <App> @ http://127.0.0.1:5175/@vite/client:528
[    3985ms] [WARNING] [Vue warn]: Invalid prop: type check failed for prop "onKeydown". Expected Function, got Array  
  at <ATextarea value="" onUpdate:value=fn rows=4  ... > 
  at <Anonymous value= {hashed: true, components: Object, theme: undefined, token: Object} > 
  at <ALocaleProvider locale=undefined ANT_MARK__="internalMark" > 
  at <LocaleReceiver children=fn<children> > 
  at <AConfigProvider theme= {token: Object} > 
  at <App> @ http://127.0.0.1:5175/@vite/client:528
[    3989ms] [WARNING] [Vue warn]: Invalid prop: type check failed for prop "onKeydown". Expected Function, got Array  
  at <ATextarea value="" onUpdate:value=fn rows=4  ... > 
  at <Anonymous value= {hashed: true, components: Object, theme: undefined, token: Object} > 
  at <ALocaleProvider locale=undefined ANT_MARK__="internalMark" > 
  at <LocaleReceiver children=fn<children> > 
  at <AConfigProvider theme= {token: Object} > 
  at <App> @ http://127.0.0.1:5175/@vite/client:528
[    3992ms] [WARNING] [Vue warn]: Invalid prop: type check failed for prop "onKeydown". Expected Function, got Array  
  at <ATextarea value="" onUpdate:value=fn rows=4  ... > 
  at <Anonymous value= {hashed: true, components: Object, theme: undefined, token: Object} > 
  at <ALocaleProvider locale=undefined ANT_MARK__="internalMark" > 
  at <LocaleReceiver children=fn<children> > 
  at <AConfigProvider theme= {token: Object} > 
  at <App> @ http://127.0.0.1:5175/@vite/client:528
[    3995ms] [WARNING] [Vue warn]: Invalid prop: type check failed for prop "onKeydown". Expected Function, got Array  
  at <ATextarea value="" onUpdate:value=fn rows=4  ... > 
  at <Anonymous value= {hashed: true, components: Object, theme: undefined, token: Object} > 
  at <ALocaleProvider locale=undefined ANT_MARK__="internalMark" > 
  at <LocaleReceiver children=fn<children> > 
  at <AConfigProvider theme= {token: Object} > 
  at <App> @ http://127.0.0.1:5175/@vite/client:528
[    3998ms] [WARNING] [Vue warn]: Invalid prop: type check failed for prop "onKeydown". Expected Function, got Array  
  at <ATextarea value="" onUpdate:value=fn rows=4  ... > 
  at <Anonymous value= {hashed: true, components: Object, theme: undefined, token: Object} > 
  at <ALocaleProvider locale=undefined ANT_MARK__="internalMark" > 
  at <LocaleReceiver children=fn<children> > 
  at <AConfigProvider theme= {token: Object} > 
  at <App> @ http://127.0.0.1:5175/@vite/client:528
[    4001ms] [WARNING] [Vue warn]: Invalid prop: type check failed for prop "onKeydown". Expected Function, got Array  
  at <ATextarea value="" onUpdate:value=fn rows=4  ... > 
  at <Anonymous value= {hashed: true, components: Object, theme: undefined, token: Object} > 
  at <ALocaleProvider locale=undefined ANT_MARK__="internalMark" > 
  at <LocaleReceiver children=fn<children> > 
  at <AConfigProvider theme= {token: Object} > 
  at <App> @ http://127.0.0.1:5175/@vite/client:528
[    4004ms] [WARNING] [Vue warn]: Invalid prop: type check failed for prop "onKeydown". Expected Function, got Array  
  at <ATextarea value="" onUpdate:value=fn rows=4  ... > 
  at <Anonymous value= {hashed: true, components: Object, theme: undefined, token: Object} > 
  at <ALocaleProvider locale=undefined ANT_MARK__="internalMark" > 
  at <LocaleReceiver children=fn<children> > 
  at <AConfigProvider theme= {token: Object} > 
  at <App> @ http://127.0.0.1:5175/@vite/client:528
[    4007ms] [WARNING] [Vue warn]: Invalid prop: type check failed for prop "onKeydown". Expected Function, got Array  
  at <ATextarea value="" onUpdate:value=fn rows=4  ... > 
  at <Anonymous value= {hashed: true, components: Object, theme: undefined, token: Object} > 
  at <ALocaleProvider locale=undefined ANT_MARK__="internalMark" > 
  at <LocaleReceiver children=fn<children> > 
  at <AConfigProvider theme= {token: Object} > 
  at <App> @ http://127.0.0.1:5175/@vite/client:528
[    4011ms] [WARNING] [Vue warn]: Invalid prop: type check failed for prop "onKeydown". Expected Function, got Array  
  at <ATextarea value="" onUpdate:value=fn rows=4  ... > 
  at <Anonymous value= {hashed: true, components: Object, theme: undefined, token: Object} > 
  at <ALocaleProvider locale=undefined ANT_MARK__="internalMark" > 
  at <LocaleReceiver children=fn<children> > 
  at <AConfigProvider theme= {token: Object} > 
  at <App> @ http://127.0.0.1:5175/@vite/client:528
[    4014ms] [WARNING] [Vue warn]: Invalid prop: type check failed for prop "onKeydown". Expected Function, got Array  
  at <ATextarea value="" onUpdate:value=fn rows=4  ... > 
  at <Anonymous value= {hashed: true, components: Object, theme: undefined, token: Object} > 
  at <ALocaleProvider locale=undefined ANT_MARK__="internalMark" > 
  at <LocaleReceiver children=fn<children> > 
  at <AConfigProvider theme= {token: Object} > 
  at <App> @ http://127.0.0.1:5175/@vite/client:528
[    4017ms] [WARNING] [Vue warn]: Invalid prop: type check failed for prop "onKeydown". Expected Function, got Array  
  at <ATextarea value="" onUpdate:value=fn rows=4  ... > 
  at <Anonymous value= {hashed: true, components: Object, theme: undefined, token: Object} > 
  at <ALocaleProvider locale=undefined ANT_MARK__="internalMark" > 
  at <LocaleReceiver children=fn<children> > 
  at <AConfigProvider theme= {token: Object} > 
  at <App> @ http://127.0.0.1:5175/@vite/client:528
[    4020ms] [WARNING] [Vue warn]: Invalid prop: type check failed for prop "onKeydown". Expected Function, got Array  
  at <ATextarea value="" onUpdate:value=fn rows=4  ... > 
  at <Anonymous value= {hashed: true, components: Object, theme: undefined, token: Object} > 
  at <ALocaleProvider locale=undefined ANT_MARK__="internalMark" > 
  at <LocaleReceiver children=fn<children> > 
  at <AConfigProvider theme= {token: Object} > 
  at <App> @ http://127.0.0.1:5175/@vite/client:528
[    4023ms] [WARNING] [Vue warn]: Invalid prop: type check failed for prop "onKeydown". Expected Function, got Array  
  at <ATextarea value="" onUpdate:value=fn rows=4  ... > 
  at <Anonymous value= {hashed: true, components: Object, theme: undefined, token: Object} > 
  at <ALocaleProvider locale=undefined ANT_MARK__="internalMark" > 
  at <LocaleReceiver children=fn<children> > 
  at <AConfigProvider theme= {token: Object} > 
  at <App> @ http://127.0.0.1:5175/@vite/client:528
[    4026ms] [WARNING] [Vue warn]: Invalid prop: type check failed for prop "onKeydown". Expected Function, got Array  
  at <ATextarea value="" onUpdate:value=fn rows=4  ... > 
  at <Anonymous value= {hashed: true, components: Object, theme: undefined, token: Object} > 
  at <ALocaleProvider locale=undefined ANT_MARK__="internalMark" > 
  at <LocaleReceiver children=fn<children> > 
  at <AConfigProvider theme= {token: Object} > 
  at <App> @ http://127.0.0.1:5175/@vite/client:528
[    4029ms] [WARNING] [Vue warn]: Invalid prop: type check failed for prop "onKeydown". Expected Function, got Array  
  at <ATextarea value="" onUpdate:value=fn rows=4  ... > 
  at <Anonymous value= {hashed: true, components: Object, theme: undefined, token: Object} > 
  at <ALocaleProvider locale=undefined ANT_MARK__="internalMark" > 
  at <LocaleReceiver children=fn<children> > 
  at <AConfigProvider theme= {token: Object} > 
  at <App> @ http://127.0.0.1:5175/@vite/client:528
[    4033ms] [WARNING] [Vue warn]: Invalid prop: type check failed for prop "onKeydown". Expected Function, got Array  
  at <ATextarea value="" onUpdate:value=fn rows=4  ... > 
  at <Anonymous value= {hashed: true, components: Object, theme: undefined, token: Object} > 
  at <ALocaleProvider locale=undefined ANT_MARK__="internalMark" > 
  at <LocaleReceiver children=fn<children> > 
  at <AConfigProvider theme= {token: Object} > 
  at <App> @ http://127.0.0.1:5175/@vite/client:528
[    4036ms] [WARNING] [Vue warn]: Invalid prop: type check failed for prop "onKeydown". Expected Function, got Array  
  at <ATextarea value="" onUpdate:value=fn rows=4  ... > 
  at <Anonymous value= {hashed: true, components: Object, theme: undefined, token: Object} > 
  at <ALocaleProvider locale=undefined ANT_MARK__="internalMark" > 
  at <LocaleReceiver children=fn<children> > 
  at <AConfigProvider theme= {token: Object} > 
  at <App> @ http://127.0.0.1:5175/@vite/client:528
[    4039ms] [WARNING] [Vue warn]: Invalid prop: type check failed for prop "onKeydown". Expected Function, got Array  
  at <ATextarea value="" onUpdate:value=fn rows=4  ... > 
  at <Anonymous value= {hashed: true, components: Object, theme: undefined, token: Object} > 
  at <ALocaleProvider locale=undefined ANT_MARK__="internalMark" > 
  at <LocaleReceiver children=fn<children> > 
  at <AConfigProvider theme= {token: Object} > 
  at <App> @ http://127.0.0.1:5175/@vite/client:528
[    4043ms] [WARNING] [Vue warn]: Invalid prop: type check failed for prop "onKeydown". Expected Function, got Array  
  at <ATextarea value="" onUpdate:value=fn rows=4  ... > 
  at <Anonymous value= {hashed: true, components: Object, theme: undefined, token: Object} > 
  at <ALocaleProvider locale=undefined ANT_MARK__="internalMark" > 
  at <LocaleReceiver children=fn<children> > 
  at <AConfigProvider theme= {token: Object} > 
  at <App> @ http://127.0.0.1:5175/@vite/client:528
[    4046ms] [WARNING] [Vue warn]: Invalid prop: type check failed for prop "onKeydown". Expected Function, got Array  
  at <ATextarea value="" onUpdate:value=fn rows=4  ... > 
  at <Anonymous value= {hashed: true, components: Object, theme: undefined, token: Object} > 
  at <ALocaleProvider locale=undefined ANT_MARK__="internalMark" > 
  at <LocaleReceiver children=fn<children> > 
  at <AConfigProvider theme= {token: Object} > 
  at <App> @ http://127.0.0.1:5175/@vite/client:528
[    4050ms] [WARNING] [Vue warn]: Invalid prop: type check failed for prop "onKeydown". Expected Function, got Array  
  at <ATextarea value="" onUpdate:value=fn rows=4  ... > 
  at <Anonymous value= {hashed: true, components: Object, theme: undefined, token: Object} > 
  at <ALocaleProvider locale=undefined ANT_MARK__="internalMark" > 
  at <LocaleReceiver children=fn<children> > 
  at <AConfigProvider theme= {token: Object} > 
  at <App> @ http://127.0.0.1:5175/@vite/client:528
[    4053ms] [WARNING] [Vue warn]: Invalid prop: type check failed for prop "onKeydown". Expected Function, got Array  
  at <ATextarea value="" onUpdate:value=fn rows=4  ... > 
  at <Anonymous value= {hashed: true, components: Object, theme: undefined, token: Object} > 
  at <ALocaleProvider locale=undefined ANT_MARK__="internalMark" > 
  at <LocaleReceiver children=fn<children> > 
  at <AConfigProvider theme= {token: Object} > 
  at <App> @ http://127.0.0.1:5175/@vite/client:528
[    4056ms] [WARNING] [Vue warn]: Invalid prop: type check failed for prop "onKeydown". Expected Function, got Array  
  at <ATextarea value="" onUpdate:value=fn rows=4  ... > 
  at <Anonymous value= {hashed: true, components: Object, theme: undefined, token: Object} > 
  at <ALocaleProvider locale=undefined ANT_MARK__="internalMark" > 
  at <LocaleReceiver children=fn<children> > 
  at <AConfigProvider theme= {token: Object} > 
  at <App> @ http://127.0.0.1:5175/@vite/client:528
[    4059ms] [WARNING] [Vue warn]: Invalid prop: type check failed for prop "onKeydown". Expected Function, got Array  
  at <ATextarea value="" onUpdate:value=fn rows=4  ... > 
  at <Anonymous value= {hashed: true, components: Object, theme: undefined, token: Object} > 
  at <ALocaleProvider locale=undefined ANT_MARK__="internalMark" > 
  at <LocaleReceiver children=fn<children> > 
  at <AConfigProvider theme= {token: Object} > 
  at <App> @ http://127.0.0.1:5175/@vite/client:528
[    4063ms] [WARNING] [Vue warn]: Invalid prop: type check failed for prop "onKeydown". Expected Function, got Array  
  at <ATextarea value="" onUpdate:value=fn rows=4  ... > 
  at <Anonymous value= {hashed: true, components: Object, theme: undefined, token: Object} > 
  at <ALocaleProvider locale=undefined ANT_MARK__="internalMark" > 
  at <LocaleReceiver children=fn<children> > 
  at <AConfigProvider theme= {token: Object} > 
  at <App> @ http://127.0.0.1:5175/@vite/client:528
[    4066ms] [WARNING] [Vue warn]: Invalid prop: type check failed for prop "onKeydown". Expected Function, got Array  
  at <ATextarea value="" onUpdate:value=fn rows=4  ... > 
  at <Anonymous value= {hashed: true, components: Object, theme: undefined, token: Object} > 
  at <ALocaleProvider locale=undefined ANT_MARK__="internalMark" > 
  at <LocaleReceiver children=fn<children> > 
  at <AConfigProvider theme= {token: Object} > 
  at <App> @ http://127.0.0.1:5175/@vite/client:528
[    4070ms] [WARNING] [Vue warn]: Invalid prop: type check failed for prop "onKeydown". Expected Function, got Array  
  at <ATextarea value="" onUpdate:value=fn rows=4  ... > 
  at <Anonymous value= {hashed: true, components: Object, theme: undefined, token: Object} > 
  at <ALocaleProvider locale=undefined ANT_MARK__="internalMark" > 
  at <LocaleReceiver children=fn<children> > 
  at <AConfigProvider theme= {token: Object} > 
  at <App> @ http://127.0.0.1:5175/@vite/client:528
[    4073ms] [WARNING] [Vue warn]: Invalid prop: type check failed for prop "onKeydown". Expected Function, got Array  
  at <ATextarea value="" onUpdate:value=fn rows=4  ... > 
  at <Anonymous value= {hashed: true, components: Object, theme: undefined, token: Object} > 
  at <ALocaleProvider locale=undefined ANT_MARK__="internalMark" > 
  at <LocaleReceiver children=fn<children> > 
  at <AConfigProvider theme= {token: Object} > 
  at <App> @ http://127.0.0.1:5175/@vite/client:528
[    4077ms] [WARNING] [Vue warn]: Invalid prop: type check failed for prop "onKeydown". Expected Function, got Array  
  at <ATextarea value="" onUpdate:value=fn rows=4  ... > 
  at <Anonymous value= {hashed: true, components: Object, theme: undefined, token: Object} > 
  at <ALocaleProvider locale=undefined ANT_MARK__="internalMark" > 
  at <LocaleReceiver children=fn<children> > 
  at <AConfigProvider theme= {token: Object} > 
  at <App> @ http://127.0.0.1:5175/@vite/client:528
[    4080ms] [WARNING] [Vue warn]: Invalid prop: type check failed for prop "onKeydown". Expected Function, got Array  
  at <ATextarea value="" onUpdate:value=fn rows=4  ... > 
  at <Anonymous value= {hashed: true, components: Object, theme: undefined, token: Object} > 
  at <ALocaleProvider locale=undefined ANT_MARK__="internalMark" > 
  at <LocaleReceiver children=fn<children> > 
  at <AConfigProvider theme= {token: Object} > 
  at <App> @ http://127.0.0.1:5175/@vite/client:528
[    4083ms] [WARNING] [Vue warn]: Invalid prop: type check failed for prop "onKeydown". Expected Function, got Array  
  at <ATextarea value="" onUpdate:value=fn rows=4  ... > 
  at <Anonymous value= {hashed: true, components: Object, theme: undefined, token: Object} > 
  at <ALocaleProvider locale=undefined ANT_MARK__="internalMark" > 
  at <LocaleReceiver children=fn<children> > 
  at <AConfigProvider theme= {token: Object} > 
  at <App> @ http://127.0.0.1:5175/@vite/client:528
[    4086ms] [WARNING] [Vue warn]: Invalid prop: type check failed for prop "onKeydown". Expected Function, got Array  
  at <ATextarea value="" onUpdate:value=fn rows=4  ... > 
  at <Anonymous value= {hashed: true, components: Object, theme: undefined, token: Object} > 
  at <ALocaleProvider locale=undefined ANT_MARK__="internalMark" > 
  at <LocaleReceiver children=fn<children> > 
  at <AConfigProvider theme= {token: Object} > 
  at <App> @ http://127.0.0.1:5175/@vite/client:528
[    4090ms] [WARNING] [Vue warn]: Invalid prop: type check failed for prop "onKeydown". Expected Function, got Array  
  at <ATextarea value="" onUpdate:value=fn rows=4  ... > 
  at <Anonymous value= {hashed: true, components: Object, theme: undefined, token: Object} > 
  at <ALocaleProvider locale=undefined ANT_MARK__="internalMark" > 
  at <LocaleReceiver children=fn<children> > 
  at <AConfigProvider theme= {token: Object} > 
  at <App> @ http://127.0.0.1:5175/@vite/client:528
[    4093ms] [WARNING] [Vue warn]: Invalid prop: type check failed for prop "onKeydown". Expected Function, got Array  
  at <ATextarea value="" onUpdate:value=fn rows=4  ... > 
  at <Anonymous value= {hashed: true, components: Object, theme: undefined, token: Object} > 
  at <ALocaleProvider locale=undefined ANT_MARK__="internalMark" > 
  at <LocaleReceiver children=fn<children> > 
  at <AConfigProvider theme= {token: Object} > 
  at <App> @ http://127.0.0.1:5175/@vite/client:528
[    4097ms] [WARNING] [Vue warn]: Invalid prop: type check failed for prop "onKeydown". Expected Function, got Array  
  at <ATextarea value="" onUpdate:value=fn rows=4  ... > 
  at <Anonymous value= {hashed: true, components: Object, theme: undefined, token: Object} > 
  at <ALocaleProvider locale=undefined ANT_MARK__="internalMark" > 
  at <LocaleReceiver children=fn<children> > 
  at <AConfigProvider theme= {token: Object} > 
  at <App> @ http://127.0.0.1:5175/@vite/client:528
[    4100ms] [WARNING] [Vue warn]: Invalid prop: type check failed for prop "onKeydown". Expected Function, got Array  
  at <ATextarea value="" onUpdate:value=fn rows=4  ... > 
  at <Anonymous value= {hashed: true, components: Object, theme: undefined, token: Object} > 
  at <ALocaleProvider locale=undefined ANT_MARK__="internalMark" > 
  at <LocaleReceiver children=fn<children> > 
  at <AConfigProvider theme= {token: Object} > 
  at <App> @ http://127.0.0.1:5175/@vite/client:528
[    4103ms] [WARNING] [Vue warn]: Invalid prop: type check failed for prop "onKeydown". Expected Function, got Array  
  at <ATextarea value="" onUpdate:value=fn rows=4  ... > 
  at <Anonymous value= {hashed: true, components: Object, theme: undefined, token: Object} > 
  at <ALocaleProvider locale=undefined ANT_MARK__="internalMark" > 
  at <LocaleReceiver children=fn<children> > 
  at <AConfigProvider theme= {token: Object} > 
  at <App> @ http://127.0.0.1:5175/@vite/client:528
[    4106ms] [WARNING] [Vue warn]: Invalid prop: type check failed for prop "onKeydown". Expected Function, got Array  
  at <ATextarea value="" onUpdate:value=fn rows=4  ... > 
  at <Anonymous value= {hashed: true, components: Object, theme: undefined, token: Object} > 
  at <ALocaleProvider locale=undefined ANT_MARK__="internalMark" > 
  at <LocaleReceiver children=fn<children> > 
  at <AConfigProvider theme= {token: Object} > 
  at <App> @ http://127.0.0.1:5175/@vite/client:528
[    4109ms] [WARNING] [Vue warn]: Invalid prop: type check failed for prop "onKeydown". Expected Function, got Array  
  at <ATextarea value="" onUpdate:value=fn rows=4  ... > 
  at <Anonymous value= {hashed: true, components: Object, theme: undefined, token: Object} > 
  at <ALocaleProvider locale=undefined ANT_MARK__="internalMark" > 
  at <LocaleReceiver children=fn<children> > 
  at <AConfigProvider theme= {token: Object} > 
  at <App> @ http://127.0.0.1:5175/@vite/client:528
[    4113ms] [WARNING] [Vue warn]: Invalid prop: type check failed for prop "onKeydown". Expected Function, got Array  
  at <ATextarea value="" onUpdate:value=fn rows=4  ... > 
  at <Anonymous value= {hashed: true, components: Object, theme: undefined, token: Object} > 
  at <ALocaleProvider locale=undefined ANT_MARK__="internalMark" > 
  at <LocaleReceiver children=fn<children> > 
  at <AConfigProvider theme= {token: Object} > 
  at <App> @ http://127.0.0.1:5175/@vite/client:528
[    4116ms] [WARNING] [Vue warn]: Invalid prop: type check failed for prop "onKeydown". Expected Function, got Array  
  at <ATextarea value="" onUpdate:value=fn rows=4  ... > 
  at <Anonymous value= {hashed: true, components: Object, theme: undefined, token: Object} > 
  at <ALocaleProvider locale=undefined ANT_MARK__="internalMark" > 
  at <LocaleReceiver children=fn<children> > 
  at <AConfigProvider theme= {token: Object} > 
  at <App> @ http://127.0.0.1:5175/@vite/client:528
[    4119ms] [WARNING] [Vue warn]: Invalid prop: type check failed for prop "onKeydown". Expected Function, got Array  
  at <ATextarea value="" onUpdate:value=fn rows=4  ... > 
  at <Anonymous value= {hashed: true, components: Object, theme: undefined, token: Object} > 
  at <ALocaleProvider locale=undefined ANT_MARK__="internalMark" > 
  at <LocaleReceiver children=fn<children> > 
  at <AConfigProvider theme= {token: Object} > 
  at <App> @ http://127.0.0.1:5175/@vite/client:528
[    4122ms] [WARNING] [Vue warn]: Invalid prop: type check failed for prop "onKeydown". Expected Function, got Array  
  at <ATextarea value="" onUpdate:value=fn rows=4  ... > 
  at <Anonymous value= {hashed: true, components: Object, theme: undefined, token: Object} > 
  at <ALocaleProvider locale=undefined ANT_MARK__="internalMark" > 
  at <LocaleReceiver children=fn<children> > 
  at <AConfigProvider theme= {token: Object} > 
  at <App> @ http://127.0.0.1:5175/@vite/client:528
[    4125ms] [WARNING] [Vue warn]: Invalid prop: type check failed for prop "onKeydown". Expected Function, got Array  
  at <ATextarea value="" onUpdate:value=fn rows=4  ... > 
  at <Anonymous value= {hashed: true, components: Object, theme: undefined, token: Object} > 
  at <ALocaleProvider locale=undefined ANT_MARK__="internalMark" > 
  at <LocaleReceiver children=fn<children> > 
  at <AConfigProvider theme= {token: Object} > 
  at <App> @ http://127.0.0.1:5175/@vite/client:528
[    4128ms] [WARNING] [Vue warn]: Invalid prop: type check failed for prop "onKeydown". Expected Function, got Array  
  at <ATextarea value="" onUpdate:value=fn rows=4  ... > 
  at <Anonymous value= {hashed: true, components: Object, theme: undefined, token: Object} > 
  at <ALocaleProvider locale=undefined ANT_MARK__="internalMark" > 
  at <LocaleReceiver children=fn<children> > 
  at <AConfigProvider theme= {token: Object} > 
  at <App> @ http://127.0.0.1:5175/@vite/client:528
[    4131ms] [WARNING] [Vue warn]: Invalid prop: type check failed for prop "onKeydown". Expected Function, got Array  
  at <ATextarea value="" onUpdate:value=fn rows=4  ... > 
  at <Anonymous value= {hashed: true, components: Object, theme: undefined, token: Object} > 
  at <ALocaleProvider locale=undefined ANT_MARK__="internalMark" > 
  at <LocaleReceiver children=fn<children> > 
  at <AConfigProvider theme= {token: Object} > 
  at <App> @ http://127.0.0.1:5175/@vite/client:528
[    4134ms] [WARNING] [Vue warn]: Invalid prop: type check failed for prop "onKeydown". Expected Function, got Array  
  at <ATextarea value="" onUpdate:value=fn rows=4  ... > 
  at <Anonymous value= {hashed: true, components: Object, theme: undefined, token: Object} > 
  at <ALocaleProvider locale=undefined ANT_MARK__="internalMark" > 
  at <LocaleReceiver children=fn<children> > 
  at <AConfigProvider theme= {token: Object} > 
  at <App> @ http://127.0.0.1:5175/@vite/client:528
[    4138ms] [WARNING] [Vue warn]: Invalid prop: type check failed for prop "onKeydown". Expected Function, got Array  
  at <ATextarea value="" onUpdate:value=fn rows=4  ... > 
  at <Anonymous value= {hashed: true, components: Object, theme: undefined, token: Object} > 
  at <ALocaleProvider locale=undefined ANT_MARK__="internalMark" > 
  at <LocaleReceiver children=fn<children> > 
  at <AConfigProvider theme= {token: Object} > 
  at <App> @ http://127.0.0.1:5175/@vite/client:528
[    4141ms] [WARNING] [Vue warn]: Invalid prop: type check failed for prop "onKeydown". Expected Function, got Array  
  at <ATextarea value="" onUpdate:value=fn rows=4  ... > 
  at <Anonymous value= {hashed: true, components: Object, theme: undefined, token: Object} > 
  at <ALocaleProvider locale=undefined ANT_MARK__="internalMark" > 
  at <LocaleReceiver children=fn<children> > 
  at <AConfigProvider theme= {token: Object} > 
  at <App> @ http://127.0.0.1:5175/@vite/client:528
[    4144ms] [WARNING] [Vue warn]: Invalid prop: type check failed for prop "onKeydown". Expected Function, got Array  
  at <ATextarea value="" onUpdate:value=fn rows=4  ... > 
  at <Anonymous value= {hashed: true, components: Object, theme: undefined, token: Object} > 
  at <ALocaleProvider locale=undefined ANT_MARK__="internalMark" > 
  at <LocaleReceiver children=fn<children> > 
  at <AConfigProvider theme= {token: Object} > 
  at <App> @ http://127.0.0.1:5175/@vite/client:528
[    4147ms] [WARNING] [Vue warn]: Invalid prop: type check failed for prop "onKeydown". Expected Function, got Array  
  at <ATextarea value="" onUpdate:value=fn rows=4  ... > 
  at <Anonymous value= {hashed: true, components: Object, theme: undefined, token: Object} > 
  at <ALocaleProvider locale=undefined ANT_MARK__="internalMark" > 
  at <LocaleReceiver children=fn<children> > 
  at <AConfigProvider theme= {token: Object} > 
  at <App> @ http://127.0.0.1:5175/@vite/client:528
[    4150ms] [WARNING] [Vue warn]: Invalid prop: type check failed for prop "onKeydown". Expected Function, got Array  
  at <ATextarea value="" onUpdate:value=fn rows=4  ... > 
  at <Anonymous value= {hashed: true, components: Object, theme: undefined, token: Object} > 
  at <ALocaleProvider locale=undefined ANT_MARK__="internalMark" > 
  at <LocaleReceiver children=fn<children> > 
  at <AConfigProvider theme= {token: Object} > 
  at <App> @ http://127.0.0.1:5175/@vite/client:528
[    4153ms] [WARNING] [Vue warn]: Invalid prop: type check failed for prop "onKeydown". Expected Function, got Array  
  at <ATextarea value="" onUpdate:value=fn rows=4  ... > 
  at <Anonymous value= {hashed: true, components: Object, theme: undefined, token: Object} > 
  at <ALocaleProvider locale=undefined ANT_MARK__="internalMark" > 
  at <LocaleReceiver children=fn<children> > 
  at <AConfigProvider theme= {token: Object} > 
  at <App> @ http://127.0.0.1:5175/@vite/client:528
[    4156ms] [WARNING] [Vue warn]: Invalid prop: type check failed for prop "onKeydown". Expected Function, got Array  
  at <ATextarea value="" onUpdate:value=fn rows=4  ... > 
  at <Anonymous value= {hashed: true, components: Object, theme: undefined, token: Object} > 
  at <ALocaleProvider locale=undefined ANT_MARK__="internalMark" > 
  at <LocaleReceiver children=fn<children> > 
  at <AConfigProvider theme= {token: Object} > 
  at <App> @ http://127.0.0.1:5175/@vite/client:528
[    4159ms] [WARNING] [Vue warn]: Invalid prop: type check failed for prop "onKeydown". Expected Function, got Array  
  at <ATextarea value="" onUpdate:value=fn rows=4  ... > 
  at <Anonymous value= {hashed: true, components: Object, theme: undefined, token: Object} > 
  at <ALocaleProvider locale=undefined ANT_MARK__="internalMark" > 
  at <LocaleReceiver children=fn<children> > 
  at <AConfigProvider theme= {token: Object} > 
  at <App> @ http://127.0.0.1:5175/@vite/client:528
[    4162ms] [WARNING] [Vue warn]: Invalid prop: type check failed for prop "onKeydown". Expected Function, got Array  
  at <ATextarea value="" onUpdate:value=fn rows=4  ... > 
  at <Anonymous value= {hashed: true, components: Object, theme: undefined, token: Object} > 
  at <ALocaleProvider locale=undefined ANT_MARK__="internalMark" > 
  at <LocaleReceiver children=fn<children> > 
  at <AConfigProvider theme= {token: Object} > 
  at <App> @ http://127.0.0.1:5175/@vite/client:528
[    4165ms] [WARNING] [Vue warn]: Invalid prop: type check failed for prop "onKeydown". Expected Function, got Array  
  at <ATextarea value="" onUpdate:value=fn rows=4  ... > 
  at <Anonymous value= {hashed: true, components: Object, theme: undefined, token: Object} > 
  at <ALocaleProvider locale=undefined ANT_MARK__="internalMark" > 
  at <LocaleReceiver children=fn<children> > 
  at <AConfigProvider theme= {token: Object} > 
  at <App> @ http://127.0.0.1:5175/@vite/client:528
[    4168ms] [WARNING] [Vue warn]: Invalid prop: type check failed for prop "onKeydown". Expected Function, got Array  
  at <ATextarea value="" onUpdate:value=fn rows=4  ... > 
  at <Anonymous value= {hashed: true, components: Object, theme: undefined, token: Object} > 
  at <ALocaleProvider locale=undefined ANT_MARK__="internalMark" > 
  at <LocaleReceiver children=fn<children> > 
  at <AConfigProvider theme= {token: Object} > 
  at <App> @ http://127.0.0.1:5175/@vite/client:528
[    4171ms] [WARNING] [Vue warn]: Invalid prop: type check failed for prop "onKeydown". Expected Function, got Array  
  at <ATextarea value="" onUpdate:value=fn rows=4  ... > 
  at <Anonymous value= {hashed: true, components: Object, theme: undefined, token: Object} > 
  at <ALocaleProvider locale=undefined ANT_MARK__="internalMark" > 
  at <LocaleReceiver children=fn<children> > 
  at <AConfigProvider theme= {token: Object} > 
  at <App> @ http://127.0.0.1:5175/@vite/client:528
[    4174ms] [WARNING] [Vue warn]: Invalid prop: type check failed for prop "onKeydown". Expected Function, got Array  
  at <ATextarea value="" onUpdate:value=fn rows=4  ... > 
  at <Anonymous value= {hashed: true, components: Object, theme: undefined, token: Object} > 
  at <ALocaleProvider locale=undefined ANT_MARK__="internalMark" > 
  at <LocaleReceiver children=fn<children> > 
  at <AConfigProvider theme= {token: Object} > 
  at <App> @ http://127.0.0.1:5175/@vite/client:528
[    4177ms] [WARNING] [Vue warn]: Invalid prop: type check failed for prop "onKeydown". Expected Function, got Array  
  at <ATextarea value="" onUpdate:value=fn rows=4  ... > 
  at <Anonymous value= {hashed: true, components: Object, theme: undefined, token: Object} > 
  at <ALocaleProvider locale=undefined ANT_MARK__="internalMark" > 
  at <LocaleReceiver children=fn<children> > 
  at <AConfigProvider theme= {token: Object} > 
  at <App> @ http://127.0.0.1:5175/@vite/client:528
[    4180ms] [WARNING] [Vue warn]: Invalid prop: type check failed for prop "onKeydown". Expected Function, got Array  
  at <ATextarea value="" onUpdate:value=fn rows=4  ... > 
  at <Anonymous value= {hashed: true, components: Object, theme: undefined, token: Object} > 
  at <ALocaleProvider locale=undefined ANT_MARK__="internalMark" > 
  at <LocaleReceiver children=fn<children> > 
  at <AConfigProvider theme= {token: Object} > 
  at <App> @ http://127.0.0.1:5175/@vite/client:528
[    4183ms] [WARNING] [Vue warn]: Invalid prop: type check failed for prop "onKeydown". Expected Function, got Array  
  at <ATextarea value="" onUpdate:value=fn rows=4  ... > 
  at <Anonymous value= {hashed: true, components: Object, theme: undefined, token: Object} > 
  at <ALocaleProvider locale=undefined ANT_MARK__="internalMark" > 
  at <LocaleReceiver children=fn<children> > 
  at <AConfigProvider theme= {token: Object} > 
  at <App> @ http://127.0.0.1:5175/@vite/client:528
[    4186ms] [WARNING] [Vue warn]: Invalid prop: type check failed for prop "onKeydown". Expected Function, got Array  
  at <ATextarea value="" onUpdate:value=fn rows=4  ... > 
  at <Anonymous value= {hashed: true, components: Object, theme: undefined, token: Object} > 
  at <ALocaleProvider locale=undefined ANT_MARK__="internalMark" > 
  at <LocaleReceiver children=fn<children> > 
  at <AConfigProvider theme= {token: Object} > 
  at <App> @ http://127.0.0.1:5175/@vite/client:528
[    4189ms] [WARNING] [Vue warn]: Invalid prop: type check failed for prop "onKeydown". Expected Function, got Array  
  at <ATextarea value="" onUpdate:value=fn rows=4  ... > 
  at <Anonymous value= {hashed: true, components: Object, theme: undefined, token: Object} > 
  at <ALocaleProvider locale=undefined ANT_MARK__="internalMark" > 
  at <LocaleReceiver children=fn<children> > 
  at <AConfigProvider theme= {token: Object} > 
  at <App> @ http://127.0.0.1:5175/@vite/client:528
[    4192ms] [WARNING] [Vue warn]: Invalid prop: type check failed for prop "onKeydown". Expected Function, got Array  
  at <ATextarea value="" onUpdate:value=fn rows=4  ... > 
  at <Anonymous value= {hashed: true, components: Object, theme: undefined, token: Object} > 
  at <ALocaleProvider locale=undefined ANT_MARK__="internalMark" > 
  at <LocaleReceiver children=fn<children> > 
  at <AConfigProvider theme= {token: Object} > 
  at <App> @ http://127.0.0.1:5175/@vite/client:528
[    4195ms] [WARNING] [Vue warn]: Invalid prop: type check failed for prop "onKeydown". Expected Function, got Array  
  at <ATextarea value="" onUpdate:value=fn rows=4  ... > 
  at <Anonymous value= {hashed: true, components: Object, theme: undefined, token: Object} > 
  at <ALocaleProvider locale=undefined ANT_MARK__="internalMark" > 
  at <LocaleReceiver children=fn<children> > 
  at <AConfigProvider theme= {token: Object} > 
  at <App> @ http://127.0.0.1:5175/@vite/client:528
[    4198ms] [WARNING] [Vue warn]: Invalid prop: type check failed for prop "onKeydown". Expected Function, got Array  
  at <ATextarea value="" onUpdate:value=fn rows=4  ... > 
  at <Anonymous value= {hashed: true, components: Object, theme: undefined, token: Object} > 
  at <ALocaleProvider locale=undefined ANT_MARK__="internalMark" > 
  at <LocaleReceiver children=fn<children> > 
  at <AConfigProvider theme= {token: Object} > 
  at <App> @ http://127.0.0.1:5175/@vite/client:528
[    4202ms] [WARNING] [Vue warn]: Invalid prop: type check failed for prop "onKeydown". Expected Function, got Array  
  at <ATextarea value="" onUpdate:value=fn rows=4  ... > 
  at <Anonymous value= {hashed: true, components: Object, theme: undefined, token: Object} > 
  at <ALocaleProvider locale=undefined ANT_MARK__="internalMark" > 
  at <LocaleReceiver children=fn<children> > 
  at <AConfigProvider theme= {token: Object} > 
  at <App> @ http://127.0.0.1:5175/@vite/client:528
[    4205ms] [WARNING] [Vue warn]: Invalid prop: type check failed for prop "onKeydown". Expected Function, got Array  
  at <ATextarea value="" onUpdate:value=fn rows=4  ... > 
  at <Anonymous value= {hashed: true, components: Object, theme: undefined, token: Object} > 
  at <ALocaleProvider locale=undefined ANT_MARK__="internalMark" > 
  at <LocaleReceiver children=fn<children> > 
  at <AConfigProvider theme= {token: Object} > 
  at <App> @ http://127.0.0.1:5175/@vite/client:528
[    4208ms] [WARNING] [Vue warn]: Invalid prop: type check failed for prop "onKeydown". Expected Function, got Array  
  at <ATextarea value="" onUpdate:value=fn rows=4  ... > 
  at <Anonymous value= {hashed: true, components: Object, theme: undefined, token: Object} > 
  at <ALocaleProvider locale=undefined ANT_MARK__="internalMark" > 
  at <LocaleReceiver children=fn<children> > 
  at <AConfigProvider theme= {token: Object} > 
  at <App> @ http://127.0.0.1:5175/@vite/client:528
[    4211ms] [WARNING] [Vue warn]: Invalid prop: type check failed for prop "onKeydown". Expected Function, got Array  
  at <ATextarea value="" onUpdate:value=fn rows=4  ... > 
  at <Anonymous value= {hashed: true, components: Object, theme: undefined, token: Object} > 
  at <ALocaleProvider locale=undefined ANT_MARK__="internalMark" > 
  at <LocaleReceiver children=fn<children> > 
  at <AConfigProvider theme= {token: Object} > 
  at <App> @ http://127.0.0.1:5175/@vite/client:528
[    4214ms] [WARNING] [Vue warn]: Invalid prop: type check failed for prop "onKeydown". Expected Function, got Array  
  at <ATextarea value="" onUpdate:value=fn rows=4  ... > 
  at <Anonymous value= {hashed: true, components: Object, theme: undefined, token: Object} > 
  at <ALocaleProvider locale=undefined ANT_MARK__="internalMark" > 
  at <LocaleReceiver children=fn<children> > 
  at <AConfigProvider theme= {token: Object} > 
  at <App> @ http://127.0.0.1:5175/@vite/client:528
[    4217ms] [WARNING] [Vue warn]: Invalid prop: type check failed for prop "onKeydown". Expected Function, got Array  
  at <ATextarea value="" onUpdate:value=fn rows=4  ... > 
  at <Anonymous value= {hashed: true, components: Object, theme: undefined, token: Object} > 
  at <ALocaleProvider locale=undefined ANT_MARK__="internalMark" > 
  at <LocaleReceiver children=fn<children> > 
  at <AConfigProvider theme= {token: Object} > 
  at <App> @ http://127.0.0.1:5175/@vite/client:528
[    4220ms] [WARNING] [Vue warn]: Invalid prop: type check failed for prop "onKeydown". Expected Function, got Array  
  at <ATextarea value="" onUpdate:value=fn rows=4  ... > 
  at <Anonymous value= {hashed: true, components: Object, theme: undefined, token: Object} > 
  at <ALocaleProvider locale=undefined ANT_MARK__="internalMark" > 
  at <LocaleReceiver children=fn<children> > 
  at <AConfigProvider theme= {token: Object} > 
  at <App> @ http://127.0.0.1:5175/@vite/client:528
[    4223ms] [WARNING] [Vue warn]: Invalid prop: type check failed for prop "onKeydown". Expected Function, got Array  
  at <ATextarea value="" onUpdate:value=fn rows=4  ... > 
  at <Anonymous value= {hashed: true, components: Object, theme: undefined, token: Object} > 
  at <ALocaleProvider locale=undefined ANT_MARK__="internalMark" > 
  at <LocaleReceiver children=fn<children> > 
  at <AConfigProvider theme= {token: Object} > 
  at <App> @ http://127.0.0.1:5175/@vite/client:528
[    4226ms] [WARNING] [Vue warn]: Invalid prop: type check failed for prop "onKeydown". Expected Function, got Array  
  at <ATextarea value="" onUpdate:value=fn rows=4  ... > 
  at <Anonymous value= {hashed: true, components: Object, theme: undefined, token: Object} > 
  at <ALocaleProvider locale=undefined ANT_MARK__="internalMark" > 
  at <LocaleReceiver children=fn<children> > 
  at <AConfigProvider theme= {token: Object} > 
  at <App> @ http://127.0.0.1:5175/@vite/client:528
[    4229ms] [WARNING] [Vue warn]: Invalid prop: type check failed for prop "onKeydown". Expected Function, got Array  
  at <ATextarea value="" onUpdate:value=fn rows=4  ... > 
  at <Anonymous value= {hashed: true, components: Object, theme: undefined, token: Object} > 
  at <ALocaleProvider locale=undefined ANT_MARK__="internalMark" > 
  at <LocaleReceiver children=fn<children> > 
  at <AConfigProvider theme= {token: Object} > 
  at <App> @ http://127.0.0.1:5175/@vite/client:528
[    4232ms] [WARNING] [Vue warn]: Invalid prop: type check failed for prop "onKeydown". Expected Function, got Array  
  at <ATextarea value="" onUpdate:value=fn rows=4  ... > 
  at <Anonymous value= {hashed: true, components: Object, theme: undefined, token: Object} > 
  at <ALocaleProvider locale=undefined ANT_MARK__="internalMark" > 
  at <LocaleReceiver children=fn<children> > 
  at <AConfigProvider theme= {token: Object} > 
  at <App> @ http://127.0.0.1:5175/@vite/client:528
[    4236ms] [WARNING] [Vue warn]: Invalid prop: type check failed for prop "onKeydown". Expected Function, got Array  
  at <ATextarea value="" onUpdate:value=fn rows=4  ... > 
  at <Anonymous value= {hashed: true, components: Object, theme: undefined, token: Object} > 
  at <ALocaleProvider locale=undefined ANT_MARK__="internalMark" > 
  at <LocaleReceiver children=fn<children> > 
  at <AConfigProvider theme= {token: Object} > 
  at <App> @ http://127.0.0.1:5175/@vite/client:528
