[     183ms] [WARNING] [Vue warn]: Invalid prop: type check failed for prop "onKeydown". Expected Function, got Array  
  at <ATextarea value="" onUpdate:value=fn rows=4  ... > 
  at <Anonymous value= {hashed: true, components: Object, theme: undefined, token: Object} > 
  at <ALocaleProvider locale=undefined ANT_MARK__="internalMark" > 
  at <LocaleReceiver children=fn<children> > 
  at <AConfigProvider theme= {token: Object} > 
  at <App> @ http://127.0.0.1:5173/@vite/client:528
[     239ms] [WARNING] [Vue warn]: Invalid prop: type check failed for prop "onKeydown". Expected Function, got Array  
  at <ATextarea value="" onUpdate:value=fn rows=4  ... > 
  at <Anonymous value= {hashed: true, components: Object, theme: undefined, token: Object} > 
  at <ALocaleProvider locale=undefined ANT_MARK__="internalMark" > 
  at <LocaleReceiver children=fn<children> > 
  at <AConfigProvider theme= {token: Object} > 
  at <App> @ http://127.0.0.1:5173/@vite/client:528
[     281ms] [WARNING] [Vue warn]: Invalid prop: type check failed for prop "onKeydown". Expected Function, got Array  
  at <ATextarea value="" onUpdate:value=fn rows=4  ... > 
  at <Anonymous value= {hashed: true, components: Object, theme: undefined, token: Object} > 
  at <ALocaleProvider locale=undefined ANT_MARK__="internalMark" > 
  at <LocaleReceiver children=fn<children> > 
  at <AConfigProvider theme= {token: Object} > 
  at <App> @ http://127.0.0.1:5173/@vite/client:528
[     287ms] [WARNING] [Vue warn]: Invalid prop: type check failed for prop "onKeydown". Expected Function, got Array  
  at <ATextarea value="" onUpdate:value=fn rows=4  ... > 
  at <Anonymous value= {hashed: true, components: Object, theme: undefined, token: Object} > 
  at <ALocaleProvider locale=undefined ANT_MARK__="internalMark" > 
  at <LocaleReceiver children=fn<children> > 
  at <AConfigProvider theme= {token: Object} > 
  at <App> @ http://127.0.0.1:5173/@vite/client:528
[     297ms] [WARNING] [Vue warn]: Invalid prop: type check failed for prop "onKeydown". Expected Function, got Array  
  at <ATextarea value="" onUpdate:value=fn rows=4  ... > 
  at <Anonymous value= {hashed: true, components: Object, theme: undefined, token: Object} > 
  at <ALocaleProvider locale=undefined ANT_MARK__="internalMark" > 
  at <LocaleReceiver children=fn<children> > 
  at <AConfigProvider theme= {token: Object} > 
  at <App> @ http://127.0.0.1:5173/@vite/client:528
[     302ms] [WARNING] WebSocket connection to 'ws://localhost:8080/ws/tasks/task_6470fb22cc18ddd4e0140bcae6adc42b' failed: WebSocket is closed before the connection is established. @ http://127.0.0.1:5173/src/App.vue?t=1785918585167:249
[     304ms] [WARNING] [Vue warn]: Invalid prop: type check failed for prop "onKeydown". Expected Function, got Array  
  at <ATextarea value="" onUpdate:value=fn rows=4  ... > 
  at <Anonymous value= {hashed: true, components: Object, theme: undefined, token: Object} > 
  at <ALocaleProvider locale=undefined ANT_MARK__="internalMark" > 
  at <LocaleReceiver children=fn<children> > 
  at <AConfigProvider theme= {token: Object} > 
  at <App> @ http://127.0.0.1:5173/@vite/client:528
[     305ms] [WARNING] WebSocket connection to 'ws://localhost:8080/ws/tasks/task_6470fb22cc18ddd4e0140bcae6adc42b' failed: WebSocket is closed before the connection is established. @ http://127.0.0.1:5173/src/App.vue?t=1785918585167:249
[     307ms] [WARNING] [Vue warn]: Invalid prop: type check failed for prop "onKeydown". Expected Function, got Array  
  at <ATextarea value="" onUpdate:value=fn rows=4  ... > 
  at <Anonymous value= {hashed: true, components: Object, theme: undefined, token: Object} > 
  at <ALocaleProvider locale=undefined ANT_MARK__="internalMark" > 
  at <LocaleReceiver children=fn<children> > 
  at <AConfigProvider theme= {token: Object} > 
  at <App> @ http://127.0.0.1:5173/@vite/client:528
[     323ms] [WARNING] [Vue warn]: Invalid prop: type check failed for prop "onKeydown". Expected Function, got Array  
  at <ATextarea value="" onUpdate:value=fn rows=4  ... > 
  at <Anonymous value= {hashed: true, components: Object, theme: undefined, token: Object} > 
  at <ALocaleProvider locale=undefined ANT_MARK__="internalMark" > 
  at <LocaleReceiver children=fn<children> > 
  at <AConfigProvider theme= {token: Object} > 
  at <App> @ http://127.0.0.1:5173/@vite/client:528
[     325ms] [WARNING] [Vue warn]: Invalid prop: type check failed for prop "onKeydown". Expected Function, got Array  
  at <ATextarea value="" onUpdate:value=fn rows=4  ... > 
  at <Anonymous value= {hashed: true, components: Object, theme: undefined, token: Object} > 
  at <ALocaleProvider locale=undefined ANT_MARK__="internalMark" > 
  at <LocaleReceiver children=fn<children> > 
  at <AConfigProvider theme= {token: Object} > 
  at <App> @ http://127.0.0.1:5173/@vite/client:528
[  397248ms] [WARNING] [Vue warn]: Invalid prop: type check failed for prop "onKeydown". Expected Function, got Array  
  at <ATextarea value="" onUpdate:value=fn rows=4  ... > 
  at <Anonymous value= {hashed: true, components: Object, theme: undefined, token: Object} > 
  at <ALocaleProvider locale=undefined ANT_MARK__="internalMark" > 
  at <LocaleReceiver children=fn<children> > 
  at <AConfigProvider theme= {token: Object} > 
  at <App> @ http://127.0.0.1:5173/@vite/client:528
[  401848ms] [WARNING] [Vue warn]: Invalid prop: type check failed for prop "onKeydown". Expected Function, got Array  
  at <ATextarea value="" onUpdate:value=fn rows=4  ... > 
  at <Anonymous value= {hashed: true, components: Object, theme: undefined, token: Object} > 
  at <ALocaleProvider locale=undefined ANT_MARK__="internalMark" > 
  at <LocaleReceiver children=fn<children> > 
  at <AConfigProvider theme= {token: Object} > 
  at <App> @ http://127.0.0.1:5173/@vite/client:528
[  401854ms] [WARNING] [Vue warn]: Invalid prop: type check failed for prop "onKeydown". Expected Function, got Array  
  at <ATextarea value="" onUpdate:value=fn rows=4  ... > 
  at <Anonymous value= {hashed: true, components: Object, theme: undefined, token: Object} > 
  at <ALocaleProvider locale=undefined ANT_MARK__="internalMark" > 
  at <LocaleReceiver children=fn<children> > 
  at <AConfigProvider theme= {token: Object} > 
  at <App> @ http://127.0.0.1:5173/@vite/client:528
[  401862ms] [WARNING] [Vue warn]: Invalid prop: type check failed for prop "onKeydown". Expected Function, got Array  
  at <ATextarea value="" onUpdate:value=fn rows=4  ... > 
  at <Anonymous value= {hashed: true, components: Object, theme: undefined, token: Object} > 
  at <ALocaleProvider locale=undefined ANT_MARK__="internalMark" > 
  at <LocaleReceiver children=fn<children> > 
  at <AConfigProvider theme= {token: Object} > 
  at <App> @ http://127.0.0.1:5173/@vite/client:528
[  401871ms] [WARNING] [Vue warn]: Invalid prop: type check failed for prop "onKeydown". Expected Function, got Array  
  at <ATextarea value="" onUpdate:value=fn rows=4  ... > 
  at <Anonymous value= {hashed: true, components: Object, theme: undefined, token: Object} > 
  at <ALocaleProvider locale=undefined ANT_MARK__="internalMark" > 
  at <LocaleReceiver children=fn<children> > 
  at <AConfigProvider theme= {token: Object} > 
  at <App> @ http://127.0.0.1:5173/@vite/client:528
[  401880ms] [WARNING] [Vue warn]: Invalid prop: type check failed for prop "onKeydown". Expected Function, got Array  
  at <ATextarea value="" onUpdate:value=fn rows=4  ... > 
  at <Anonymous value= {hashed: true, components: Object, theme: undefined, token: Object} > 
  at <ALocaleProvider locale=undefined ANT_MARK__="internalMark" > 
  at <LocaleReceiver children=fn<children> > 
  at <AConfigProvider theme= {token: Object} > 
  at <App> @ http://127.0.0.1:5173/@vite/client:528
[  401898ms] [WARNING] [Vue warn]: Invalid prop: type check failed for prop "onKeydown". Expected Function, got Array  
  at <ATextarea value="" onUpdate:value=fn rows=4  ... > 
  at <Anonymous value= {hashed: true, components: Object, theme: undefined, token: Object} > 
  at <ALocaleProvider locale=undefined ANT_MARK__="internalMark" > 
  at <LocaleReceiver children=fn<children> > 
  at <AConfigProvider theme= {token: Object} > 
  at <App> @ http://127.0.0.1:5173/@vite/client:528
[  401908ms] [WARNING] [Vue warn]: Invalid prop: type check failed for prop "onKeydown". Expected Function, got Array  
  at <ATextarea value="" onUpdate:value=fn rows=4  ... > 
  at <Anonymous value= {hashed: true, components: Object, theme: undefined, token: Object} > 
  at <ALocaleProvider locale=undefined ANT_MARK__="internalMark" > 
  at <LocaleReceiver children=fn<children> > 
  at <AConfigProvider theme= {token: Object} > 
  at <App> @ http://127.0.0.1:5173/@vite/client:528
[  401917ms] [WARNING] [Vue warn]: Invalid prop: type check failed for prop "onKeydown". Expected Function, got Array  
  at <ATextarea value="" onUpdate:value=fn rows=4  ... > 
  at <Anonymous value= {hashed: true, components: Object, theme: undefined, token: Object} > 
  at <ALocaleProvider locale=undefined ANT_MARK__="internalMark" > 
  at <LocaleReceiver children=fn<children> > 
  at <AConfigProvider theme= {token: Object} > 
  at <App> @ http://127.0.0.1:5173/@vite/client:528
[  401926ms] [WARNING] [Vue warn]: Invalid prop: type check failed for prop "onKeydown". Expected Function, got Array  
  at <ATextarea value="" onUpdate:value=fn rows=4  ... > 
  at <Anonymous value= {hashed: true, components: Object, theme: undefined, token: Object} > 
  at <ALocaleProvider locale=undefined ANT_MARK__="internalMark" > 
  at <LocaleReceiver children=fn<children> > 
  at <AConfigProvider theme= {token: Object} > 
  at <App> @ http://127.0.0.1:5173/@vite/client:528
[  401935ms] [WARNING] [Vue warn]: Invalid prop: type check failed for prop "onKeydown". Expected Function, got Array  
  at <ATextarea value="" onUpdate:value=fn rows=4  ... > 
  at <Anonymous value= {hashed: true, components: Object, theme: undefined, token: Object} > 
  at <ALocaleProvider locale=undefined ANT_MARK__="internalMark" > 
  at <LocaleReceiver children=fn<children> > 
  at <AConfigProvider theme= {token: Object} > 
  at <App> @ http://127.0.0.1:5173/@vite/client:528
[  401945ms] [WARNING] [Vue warn]: Invalid prop: type check failed for prop "onKeydown". Expected Function, got Array  
  at <ATextarea value="" onUpdate:value=fn rows=4  ... > 
  at <Anonymous value= {hashed: true, components: Object, theme: undefined, token: Object} > 
  at <ALocaleProvider locale=undefined ANT_MARK__="internalMark" > 
  at <LocaleReceiver children=fn<children> > 
  at <AConfigProvider theme= {token: Object} > 
  at <App> @ http://127.0.0.1:5173/@vite/client:528
[  401954ms] [WARNING] [Vue warn]: Invalid prop: type check failed for prop "onKeydown". Expected Function, got Array  
  at <ATextarea value="" onUpdate:value=fn rows=4  ... > 
  at <Anonymous value= {hashed: true, components: Object, theme: undefined, token: Object} > 
  at <ALocaleProvider locale=undefined ANT_MARK__="internalMark" > 
  at <LocaleReceiver children=fn<children> > 
  at <AConfigProvider theme= {token: Object} > 
  at <App> @ http://127.0.0.1:5173/@vite/client:528
[  401963ms] [WARNING] [Vue warn]: Invalid prop: type check failed for prop "onKeydown". Expected Function, got Array  
  at <ATextarea value="" onUpdate:value=fn rows=4  ... > 
  at <Anonymous value= {hashed: true, components: Object, theme: undefined, token: Object} > 
  at <ALocaleProvider locale=undefined ANT_MARK__="internalMark" > 
  at <LocaleReceiver children=fn<children> > 
  at <AConfigProvider theme= {token: Object} > 
  at <App> @ http://127.0.0.1:5173/@vite/client:528
[  401972ms] [WARNING] [Vue warn]: Invalid prop: type check failed for prop "onKeydown". Expected Function, got Array  
  at <ATextarea value="" onUpdate:value=fn rows=4  ... > 
  at <Anonymous value= {hashed: true, components: Object, theme: undefined, token: Object} > 
  at <ALocaleProvider locale=undefined ANT_MARK__="internalMark" > 
  at <LocaleReceiver children=fn<children> > 
  at <AConfigProvider theme= {token: Object} > 
  at <App> @ http://127.0.0.1:5173/@vite/client:528
[  401990ms] [WARNING] [Vue warn]: Invalid prop: type check failed for prop "onKeydown". Expected Function, got Array  
  at <ATextarea value="" onUpdate:value=fn rows=4  ... > 
  at <Anonymous value= {hashed: true, components: Object, theme: undefined, token: Object} > 
  at <ALocaleProvider locale=undefined ANT_MARK__="internalMark" > 
  at <LocaleReceiver children=fn<children> > 
  at <AConfigProvider theme= {token: Object} > 
  at <App> @ http://127.0.0.1:5173/@vite/client:528
[  401999ms] [WARNING] [Vue warn]: Invalid prop: type check failed for prop "onKeydown". Expected Function, got Array  
  at <ATextarea value="" onUpdate:value=fn rows=4  ... > 
  at <Anonymous value= {hashed: true, components: Object, theme: undefined, token: Object} > 
  at <ALocaleProvider locale=undefined ANT_MARK__="internalMark" > 
  at <LocaleReceiver children=fn<children> > 
  at <AConfigProvider theme= {token: Object} > 
  at <App> @ http://127.0.0.1:5173/@vite/client:528
[  402008ms] [WARNING] [Vue warn]: Invalid prop: type check failed for prop "onKeydown". Expected Function, got Array  
  at <ATextarea value="" onUpdate:value=fn rows=4  ... > 
  at <Anonymous value= {hashed: true, components: Object, theme: undefined, token: Object} > 
  at <ALocaleProvider locale=undefined ANT_MARK__="internalMark" > 
  at <LocaleReceiver children=fn<children> > 
  at <AConfigProvider theme= {token: Object} > 
  at <App> @ http://127.0.0.1:5173/@vite/client:528
[  402018ms] [WARNING] [Vue warn]: Invalid prop: type check failed for prop "onKeydown". Expected Function, got Array  
  at <ATextarea value="" onUpdate:value=fn rows=4  ... > 
  at <Anonymous value= {hashed: true, components: Object, theme: undefined, token: Object} > 
  at <ALocaleProvider locale=undefined ANT_MARK__="internalMark" > 
  at <LocaleReceiver children=fn<children> > 
  at <AConfigProvider theme= {token: Object} > 
  at <App> @ http://127.0.0.1:5173/@vite/client:528
[  402027ms] [WARNING] [Vue warn]: Invalid prop: type check failed for prop "onKeydown". Expected Function, got Array  
  at <ATextarea value="" onUpdate:value=fn rows=4  ... > 
  at <Anonymous value= {hashed: true, components: Object, theme: undefined, token: Object} > 
  at <ALocaleProvider locale=undefined ANT_MARK__="internalMark" > 
  at <LocaleReceiver children=fn<children> > 
  at <AConfigProvider theme= {token: Object} > 
  at <App> @ http://127.0.0.1:5173/@vite/client:528
[  402036ms] [WARNING] [Vue warn]: Invalid prop: type check failed for prop "onKeydown". Expected Function, got Array  
  at <ATextarea value="" onUpdate:value=fn rows=4  ... > 
  at <Anonymous value= {hashed: true, components: Object, theme: undefined, token: Object} > 
  at <ALocaleProvider locale=undefined ANT_MARK__="internalMark" > 
  at <LocaleReceiver children=fn<children> > 
  at <AConfigProvider theme= {token: Object} > 
  at <App> @ http://127.0.0.1:5173/@vite/client:528
[  402045ms] [WARNING] [Vue warn]: Invalid prop: type check failed for prop "onKeydown". Expected Function, got Array  
  at <ATextarea value="" onUpdate:value=fn rows=4  ... > 
  at <Anonymous value= {hashed: true, components: Object, theme: undefined, token: Object} > 
  at <ALocaleProvider locale=undefined ANT_MARK__="internalMark" > 
  at <LocaleReceiver children=fn<children> > 
  at <AConfigProvider theme= {token: Object} > 
  at <App> @ http://127.0.0.1:5173/@vite/client:528
[  402054ms] [WARNING] [Vue warn]: Invalid prop: type check failed for prop "onKeydown". Expected Function, got Array  
  at <ATextarea value="" onUpdate:value=fn rows=4  ... > 
  at <Anonymous value= {hashed: true, components: Object, theme: undefined, token: Object} > 
  at <ALocaleProvider locale=undefined ANT_MARK__="internalMark" > 
  at <LocaleReceiver children=fn<children> > 
  at <AConfigProvider theme= {token: Object} > 
  at <App> @ http://127.0.0.1:5173/@vite/client:528
[  402072ms] [WARNING] [Vue warn]: Invalid prop: type check failed for prop "onKeydown". Expected Function, got Array  
  at <ATextarea value="" onUpdate:value=fn rows=4  ... > 
  at <Anonymous value= {hashed: true, components: Object, theme: undefined, token: Object} > 
  at <ALocaleProvider locale=undefined ANT_MARK__="internalMark" > 
  at <LocaleReceiver children=fn<children> > 
  at <AConfigProvider theme= {token: Object} > 
  at <App> @ http://127.0.0.1:5173/@vite/client:528
[  402081ms] [WARNING] [Vue warn]: Invalid prop: type check failed for prop "onKeydown". Expected Function, got Array  
  at <ATextarea value="" onUpdate:value=fn rows=4  ... > 
  at <Anonymous value= {hashed: true, components: Object, theme: undefined, token: Object} > 
  at <ALocaleProvider locale=undefined ANT_MARK__="internalMark" > 
  at <LocaleReceiver children=fn<children> > 
  at <AConfigProvider theme= {token: Object} > 
  at <App> @ http://127.0.0.1:5173/@vite/client:528
[  402090ms] [WARNING] [Vue warn]: Invalid prop: type check failed for prop "onKeydown". Expected Function, got Array  
  at <ATextarea value="" onUpdate:value=fn rows=4  ... > 
  at <Anonymous value= {hashed: true, components: Object, theme: undefined, token: Object} > 
  at <ALocaleProvider locale=undefined ANT_MARK__="internalMark" > 
  at <LocaleReceiver children=fn<children> > 
  at <AConfigProvider theme= {token: Object} > 
  at <App> @ http://127.0.0.1:5173/@vite/client:528
[  402100ms] [WARNING] [Vue warn]: Invalid prop: type check failed for prop "onKeydown". Expected Function, got Array  
  at <ATextarea value="" onUpdate:value=fn rows=4  ... > 
  at <Anonymous value= {hashed: true, components: Object, theme: undefined, token: Object} > 
  at <ALocaleProvider locale=undefined ANT_MARK__="internalMark" > 
  at <LocaleReceiver children=fn<children> > 
  at <AConfigProvider theme= {token: Object} > 
  at <App> @ http://127.0.0.1:5173/@vite/client:528
[  402109ms] [WARNING] [Vue warn]: Invalid prop: type check failed for prop "onKeydown". Expected Function, got Array  
  at <ATextarea value="" onUpdate:value=fn rows=4  ... > 
  at <Anonymous value= {hashed: true, components: Object, theme: undefined, token: Object} > 
  at <ALocaleProvider locale=undefined ANT_MARK__="internalMark" > 
  at <LocaleReceiver children=fn<children> > 
  at <AConfigProvider theme= {token: Object} > 
  at <App> @ http://127.0.0.1:5173/@vite/client:528
[  402118ms] [WARNING] [Vue warn]: Invalid prop: type check failed for prop "onKeydown". Expected Function, got Array  
  at <ATextarea value="" onUpdate:value=fn rows=4  ... > 
  at <Anonymous value= {hashed: true, components: Object, theme: undefined, token: Object} > 
  at <ALocaleProvider locale=undefined ANT_MARK__="internalMark" > 
  at <LocaleReceiver children=fn<children> > 
  at <AConfigProvider theme= {token: Object} > 
  at <App> @ http://127.0.0.1:5173/@vite/client:528
[  402127ms] [WARNING] [Vue warn]: Invalid prop: type check failed for prop "onKeydown". Expected Function, got Array  
  at <ATextarea value="" onUpdate:value=fn rows=4  ... > 
  at <Anonymous value= {hashed: true, components: Object, theme: undefined, token: Object} > 
  at <ALocaleProvider locale=undefined ANT_MARK__="internalMark" > 
  at <LocaleReceiver children=fn<children> > 
  at <AConfigProvider theme= {token: Object} > 
  at <App> @ http://127.0.0.1:5173/@vite/client:528
[  402136ms] [WARNING] [Vue warn]: Invalid prop: type check failed for prop "onKeydown". Expected Function, got Array  
  at <ATextarea value="" onUpdate:value=fn rows=4  ... > 
  at <Anonymous value= {hashed: true, components: Object, theme: undefined, token: Object} > 
  at <ALocaleProvider locale=undefined ANT_MARK__="internalMark" > 
  at <LocaleReceiver children=fn<children> > 
  at <AConfigProvider theme= {token: Object} > 
  at <App> @ http://127.0.0.1:5173/@vite/client:528
[  402145ms] [WARNING] [Vue warn]: Invalid prop: type check failed for prop "onKeydown". Expected Function, got Array  
  at <ATextarea value="" onUpdate:value=fn rows=4  ... > 
  at <Anonymous value= {hashed: true, components: Object, theme: undefined, token: Object} > 
  at <ALocaleProvider locale=undefined ANT_MARK__="internalMark" > 
  at <LocaleReceiver children=fn<children> > 
  at <AConfigProvider theme= {token: Object} > 
  at <App> @ http://127.0.0.1:5173/@vite/client:528
[  402154ms] [WARNING] [Vue warn]: Invalid prop: type check failed for prop "onKeydown". Expected Function, got Array  
  at <ATextarea value="" onUpdate:value=fn rows=4  ... > 
  at <Anonymous value= {hashed: true, components: Object, theme: undefined, token: Object} > 
  at <ALocaleProvider locale=undefined ANT_MARK__="internalMark" > 
  at <LocaleReceiver children=fn<children> > 
  at <AConfigProvider theme= {token: Object} > 
  at <App> @ http://127.0.0.1:5173/@vite/client:528
[  402164ms] [WARNING] [Vue warn]: Invalid prop: type check failed for prop "onKeydown". Expected Function, got Array  
  at <ATextarea value="" onUpdate:value=fn rows=4  ... > 
  at <Anonymous value= {hashed: true, components: Object, theme: undefined, token: Object} > 
  at <ALocaleProvider locale=undefined ANT_MARK__="internalMark" > 
  at <LocaleReceiver children=fn<children> > 
  at <AConfigProvider theme= {token: Object} > 
  at <App> @ http://127.0.0.1:5173/@vite/client:528
[  402172ms] [WARNING] [Vue warn]: Invalid prop: type check failed for prop "onKeydown". Expected Function, got Array  
  at <ATextarea value="" onUpdate:value=fn rows=4  ... > 
  at <Anonymous value= {hashed: true, components: Object, theme: undefined, token: Object} > 
  at <ALocaleProvider locale=undefined ANT_MARK__="internalMark" > 
  at <LocaleReceiver children=fn<children> > 
  at <AConfigProvider theme= {token: Object} > 
  at <App> @ http://127.0.0.1:5173/@vite/client:528
[  402181ms] [WARNING] [Vue warn]: Invalid prop: type check failed for prop "onKeydown". Expected Function, got Array  
  at <ATextarea value="" onUpdate:value=fn rows=4  ... > 
  at <Anonymous value= {hashed: true, components: Object, theme: undefined, token: Object} > 
  at <ALocaleProvider locale=undefined ANT_MARK__="internalMark" > 
  at <LocaleReceiver children=fn<children> > 
  at <AConfigProvider theme= {token: Object} > 
  at <App> @ http://127.0.0.1:5173/@vite/client:528
[  402191ms] [WARNING] [Vue warn]: Invalid prop: type check failed for prop "onKeydown". Expected Function, got Array  
  at <ATextarea value="" onUpdate:value=fn rows=4  ... > 
  at <Anonymous value= {hashed: true, components: Object, theme: undefined, token: Object} > 
  at <ALocaleProvider locale=undefined ANT_MARK__="internalMark" > 
  at <LocaleReceiver children=fn<children> > 
  at <AConfigProvider theme= {token: Object} > 
  at <App> @ http://127.0.0.1:5173/@vite/client:528
[  402200ms] [WARNING] [Vue warn]: Invalid prop: type check failed for prop "onKeydown". Expected Function, got Array  
  at <ATextarea value="" onUpdate:value=fn rows=4  ... > 
  at <Anonymous value= {hashed: true, components: Object, theme: undefined, token: Object} > 
  at <ALocaleProvider locale=undefined ANT_MARK__="internalMark" > 
  at <LocaleReceiver children=fn<children> > 
  at <AConfigProvider theme= {token: Object} > 
  at <App> @ http://127.0.0.1:5173/@vite/client:528
[  402209ms] [WARNING] [Vue warn]: Invalid prop: type check failed for prop "onKeydown". Expected Function, got Array  
  at <ATextarea value="" onUpdate:value=fn rows=4  ... > 
  at <Anonymous value= {hashed: true, components: Object, theme: undefined, token: Object} > 
  at <ALocaleProvider locale=undefined ANT_MARK__="internalMark" > 
  at <LocaleReceiver children=fn<children> > 
  at <AConfigProvider theme= {token: Object} > 
  at <App> @ http://127.0.0.1:5173/@vite/client:528
[  402218ms] [WARNING] [Vue warn]: Invalid prop: type check failed for prop "onKeydown". Expected Function, got Array  
  at <ATextarea value="" onUpdate:value=fn rows=4  ... > 
  at <Anonymous value= {hashed: true, components: Object, theme: undefined, token: Object} > 
  at <ALocaleProvider locale=undefined ANT_MARK__="internalMark" > 
  at <LocaleReceiver children=fn<children> > 
  at <AConfigProvider theme= {token: Object} > 
  at <App> @ http://127.0.0.1:5173/@vite/client:528
[  402227ms] [WARNING] [Vue warn]: Invalid prop: type check failed for prop "onKeydown". Expected Function, got Array  
  at <ATextarea value="" onUpdate:value=fn rows=4  ... > 
  at <Anonymous value= {hashed: true, components: Object, theme: undefined, token: Object} > 
  at <ALocaleProvider locale=undefined ANT_MARK__="internalMark" > 
  at <LocaleReceiver children=fn<children> > 
  at <AConfigProvider theme= {token: Object} > 
  at <App> @ http://127.0.0.1:5173/@vite/client:528
[  402236ms] [WARNING] [Vue warn]: Invalid prop: type check failed for prop "onKeydown". Expected Function, got Array  
  at <ATextarea value="" onUpdate:value=fn rows=4  ... > 
  at <Anonymous value= {hashed: true, components: Object, theme: undefined, token: Object} > 
  at <ALocaleProvider locale=undefined ANT_MARK__="internalMark" > 
  at <LocaleReceiver children=fn<children> > 
  at <AConfigProvider theme= {token: Object} > 
  at <App> @ http://127.0.0.1:5173/@vite/client:528
[  402246ms] [WARNING] [Vue warn]: Invalid prop: type check failed for prop "onKeydown". Expected Function, got Array  
  at <ATextarea value="" onUpdate:value=fn rows=4  ... > 
  at <Anonymous value= {hashed: true, components: Object, theme: undefined, token: Object} > 
  at <ALocaleProvider locale=undefined ANT_MARK__="internalMark" > 
  at <LocaleReceiver children=fn<children> > 
  at <AConfigProvider theme= {token: Object} > 
  at <App> @ http://127.0.0.1:5173/@vite/client:528
[  402255ms] [WARNING] [Vue warn]: Invalid prop: type check failed for prop "onKeydown". Expected Function, got Array  
  at <ATextarea value="" onUpdate:value=fn rows=4  ... > 
  at <Anonymous value= {hashed: true, components: Object, theme: undefined, token: Object} > 
  at <ALocaleProvider locale=undefined ANT_MARK__="internalMark" > 
  at <LocaleReceiver children=fn<children> > 
  at <AConfigProvider theme= {token: Object} > 
  at <App> @ http://127.0.0.1:5173/@vite/client:528
[  402264ms] [WARNING] [Vue warn]: Invalid prop: type check failed for prop "onKeydown". Expected Function, got Array  
  at <ATextarea value="" onUpdate:value=fn rows=4  ... > 
  at <Anonymous value= {hashed: true, components: Object, theme: undefined, token: Object} > 
  at <ALocaleProvider locale=undefined ANT_MARK__="internalMark" > 
  at <LocaleReceiver children=fn<children> > 
  at <AConfigProvider theme= {token: Object} > 
  at <App> @ http://127.0.0.1:5173/@vite/client:528
[  402273ms] [WARNING] [Vue warn]: Invalid prop: type check failed for prop "onKeydown". Expected Function, got Array  
  at <ATextarea value="" onUpdate:value=fn rows=4  ... > 
  at <Anonymous value= {hashed: true, components: Object, theme: undefined, token: Object} > 
  at <ALocaleProvider locale=undefined ANT_MARK__="internalMark" > 
  at <LocaleReceiver children=fn<children> > 
  at <AConfigProvider theme= {token: Object} > 
  at <App> @ http://127.0.0.1:5173/@vite/client:528
[  402282ms] [WARNING] [Vue warn]: Invalid prop: type check failed for prop "onKeydown". Expected Function, got Array  
  at <ATextarea value="" onUpdate:value=fn rows=4  ... > 
  at <Anonymous value= {hashed: true, components: Object, theme: undefined, token: Object} > 
  at <ALocaleProvider locale=undefined ANT_MARK__="internalMark" > 
  at <LocaleReceiver children=fn<children> > 
  at <AConfigProvider theme= {token: Object} > 
  at <App> @ http://127.0.0.1:5173/@vite/client:528
[  402292ms] [WARNING] [Vue warn]: Invalid prop: type check failed for prop "onKeydown". Expected Function, got Array  
  at <ATextarea value="" onUpdate:value=fn rows=4  ... > 
  at <Anonymous value= {hashed: true, components: Object, theme: undefined, token: Object} > 
  at <ALocaleProvider locale=undefined ANT_MARK__="internalMark" > 
  at <LocaleReceiver children=fn<children> > 
  at <AConfigProvider theme= {token: Object} > 
  at <App> @ http://127.0.0.1:5173/@vite/client:528
[  402301ms] [WARNING] [Vue warn]: Invalid prop: type check failed for prop "onKeydown". Expected Function, got Array  
  at <ATextarea value="" onUpdate:value=fn rows=4  ... > 
  at <Anonymous value= {hashed: true, components: Object, theme: undefined, token: Object} > 
  at <ALocaleProvider locale=undefined ANT_MARK__="internalMark" > 
  at <LocaleReceiver children=fn<children> > 
  at <AConfigProvider theme= {token: Object} > 
  at <App> @ http://127.0.0.1:5173/@vite/client:528
[  402310ms] [WARNING] [Vue warn]: Invalid prop: type check failed for prop "onKeydown". Expected Function, got Array  
  at <ATextarea value="" onUpdate:value=fn rows=4  ... > 
  at <Anonymous value= {hashed: true, components: Object, theme: undefined, token: Object} > 
  at <ALocaleProvider locale=undefined ANT_MARK__="internalMark" > 
  at <LocaleReceiver children=fn<children> > 
  at <AConfigProvider theme= {token: Object} > 
  at <App> @ http://127.0.0.1:5173/@vite/client:528
[  402319ms] [WARNING] [Vue warn]: Invalid prop: type check failed for prop "onKeydown". Expected Function, got Array  
  at <ATextarea value="" onUpdate:value=fn rows=4  ... > 
  at <Anonymous value= {hashed: true, components: Object, theme: undefined, token: Object} > 
  at <ALocaleProvider locale=undefined ANT_MARK__="internalMark" > 
  at <LocaleReceiver children=fn<children> > 
  at <AConfigProvider theme= {token: Object} > 
  at <App> @ http://127.0.0.1:5173/@vite/client:528
[  402328ms] [WARNING] [Vue warn]: Invalid prop: type check failed for prop "onKeydown". Expected Function, got Array  
  at <ATextarea value="" onUpdate:value=fn rows=4  ... > 
  at <Anonymous value= {hashed: true, components: Object, theme: undefined, token: Object} > 
  at <ALocaleProvider locale=undefined ANT_MARK__="internalMark" > 
  at <LocaleReceiver children=fn<children> > 
  at <AConfigProvider theme= {token: Object} > 
  at <App> @ http://127.0.0.1:5173/@vite/client:528
[  402330ms] [WARNING] [Vue warn]: Invalid prop: type check failed for prop "onKeydown". Expected Function, got Array  
  at <ATextarea value="" onUpdate:value=fn rows=4  ... > 
  at <Anonymous value= {hashed: true, components: Object, theme: undefined, token: Object} > 
  at <ALocaleProvider locale=undefined ANT_MARK__="internalMark" > 
  at <LocaleReceiver children=fn<children> > 
  at <AConfigProvider theme= {token: Object} > 
  at <App> @ http://127.0.0.1:5173/@vite/client:528
[  424779ms] [WARNING] [Vue warn]: Invalid prop: type check failed for prop "onKeydown". Expected Function, got Array  
  at <ATextarea value="" onUpdate:value=fn rows=4  ... > 
  at <Anonymous value= {hashed: true, components: Object, theme: undefined, token: Object} > 
  at <ALocaleProvider locale=undefined ANT_MARK__="internalMark" > 
  at <LocaleReceiver children=fn<children> > 
  at <AConfigProvider theme= {token: Object} > 
  at <App> @ http://127.0.0.1:5173/@vite/client:528
[  442440ms] [WARNING] [Vue warn]: Invalid prop: type check failed for prop "onKeydown". Expected Function, got Array  
  at <ATextarea value="" onUpdate:value=fn rows=4  ... > 
  at <Anonymous value= {hashed: true, components: Object, theme: undefined, token: Object} > 
  at <ALocaleProvider locale=undefined ANT_MARK__="internalMark" > 
  at <LocaleReceiver children=fn<children> > 
  at <AConfigProvider theme= {token: Object} > 
  at <App> @ http://127.0.0.1:5173/@vite/client:528
[  442446ms] [WARNING] [Vue warn]: Invalid prop: type check failed for prop "onKeydown". Expected Function, got Array  
  at <ATextarea value="" onUpdate:value=fn rows=4  ... > 
  at <Anonymous value= {hashed: true, components: Object, theme: undefined, token: Object} > 
  at <ALocaleProvider locale=undefined ANT_MARK__="internalMark" > 
  at <LocaleReceiver children=fn<children> > 
  at <AConfigProvider theme= {token: Object} > 
  at <App> @ http://127.0.0.1:5173/@vite/client:528
[  442456ms] [WARNING] [Vue warn]: Invalid prop: type check failed for prop "onKeydown". Expected Function, got Array  
  at <ATextarea value="" onUpdate:value=fn rows=4  ... > 
  at <Anonymous value= {hashed: true, components: Object, theme: undefined, token: Object} > 
  at <ALocaleProvider locale=undefined ANT_MARK__="internalMark" > 
  at <LocaleReceiver children=fn<children> > 
  at <AConfigProvider theme= {token: Object} > 
  at <App> @ http://127.0.0.1:5173/@vite/client:528
[  442465ms] [WARNING] [Vue warn]: Invalid prop: type check failed for prop "onKeydown". Expected Function, got Array  
  at <ATextarea value="" onUpdate:value=fn rows=4  ... > 
  at <Anonymous value= {hashed: true, components: Object, theme: undefined, token: Object} > 
  at <ALocaleProvider locale=undefined ANT_MARK__="internalMark" > 
  at <LocaleReceiver children=fn<children> > 
  at <AConfigProvider theme= {token: Object} > 
  at <App> @ http://127.0.0.1:5173/@vite/client:528
[  442474ms] [WARNING] [Vue warn]: Invalid prop: type check failed for prop "onKeydown". Expected Function, got Array  
  at <ATextarea value="" onUpdate:value=fn rows=4  ... > 
  at <Anonymous value= {hashed: true, components: Object, theme: undefined, token: Object} > 
  at <ALocaleProvider locale=undefined ANT_MARK__="internalMark" > 
  at <LocaleReceiver children=fn<children> > 
  at <AConfigProvider theme= {token: Object} > 
  at <App> @ http://127.0.0.1:5173/@vite/client:528
[  442484ms] [WARNING] [Vue warn]: Invalid prop: type check failed for prop "onKeydown". Expected Function, got Array  
  at <ATextarea value="" onUpdate:value=fn rows=4  ... > 
  at <Anonymous value= {hashed: true, components: Object, theme: undefined, token: Object} > 
  at <ALocaleProvider locale=undefined ANT_MARK__="internalMark" > 
  at <LocaleReceiver children=fn<children> > 
  at <AConfigProvider theme= {token: Object} > 
  at <App> @ http://127.0.0.1:5173/@vite/client:528
[  442493ms] [WARNING] [Vue warn]: Invalid prop: type check failed for prop "onKeydown". Expected Function, got Array  
  at <ATextarea value="" onUpdate:value=fn rows=4  ... > 
  at <Anonymous value= {hashed: true, components: Object, theme: undefined, token: Object} > 
  at <ALocaleProvider locale=undefined ANT_MARK__="internalMark" > 
  at <LocaleReceiver children=fn<children> > 
  at <AConfigProvider theme= {token: Object} > 
  at <App> @ http://127.0.0.1:5173/@vite/client:528
[  442503ms] [WARNING] [Vue warn]: Invalid prop: type check failed for prop "onKeydown". Expected Function, got Array  
  at <ATextarea value="" onUpdate:value=fn rows=4  ... > 
  at <Anonymous value= {hashed: true, components: Object, theme: undefined, token: Object} > 
  at <ALocaleProvider locale=undefined ANT_MARK__="internalMark" > 
  at <LocaleReceiver children=fn<children> > 
  at <AConfigProvider theme= {token: Object} > 
  at <App> @ http://127.0.0.1:5173/@vite/client:528
[  442512ms] [WARNING] [Vue warn]: Invalid prop: type check failed for prop "onKeydown". Expected Function, got Array  
  at <ATextarea value="" onUpdate:value=fn rows=4  ... > 
  at <Anonymous value= {hashed: true, components: Object, theme: undefined, token: Object} > 
  at <ALocaleProvider locale=undefined ANT_MARK__="internalMark" > 
  at <LocaleReceiver children=fn<children> > 
  at <AConfigProvider theme= {token: Object} > 
  at <App> @ http://127.0.0.1:5173/@vite/client:528
[  442521ms] [WARNING] [Vue warn]: Invalid prop: type check failed for prop "onKeydown". Expected Function, got Array  
  at <ATextarea value="" onUpdate:value=fn rows=4  ... > 
  at <Anonymous value= {hashed: true, components: Object, theme: undefined, token: Object} > 
  at <ALocaleProvider locale=undefined ANT_MARK__="internalMark" > 
  at <LocaleReceiver children=fn<children> > 
  at <AConfigProvider theme= {token: Object} > 
  at <App> @ http://127.0.0.1:5173/@vite/client:528
[  442530ms] [WARNING] [Vue warn]: Invalid prop: type check failed for prop "onKeydown". Expected Function, got Array  
  at <ATextarea value="" onUpdate:value=fn rows=4  ... > 
  at <Anonymous value= {hashed: true, components: Object, theme: undefined, token: Object} > 
  at <ALocaleProvider locale=undefined ANT_MARK__="internalMark" > 
  at <LocaleReceiver children=fn<children> > 
  at <AConfigProvider theme= {token: Object} > 
  at <App> @ http://127.0.0.1:5173/@vite/client:528
[  442540ms] [WARNING] [Vue warn]: Invalid prop: type check failed for prop "onKeydown". Expected Function, got Array  
  at <ATextarea value="" onUpdate:value=fn rows=4  ... > 
  at <Anonymous value= {hashed: true, components: Object, theme: undefined, token: Object} > 
  at <ALocaleProvider locale=undefined ANT_MARK__="internalMark" > 
  at <LocaleReceiver children=fn<children> > 
  at <AConfigProvider theme= {token: Object} > 
  at <App> @ http://127.0.0.1:5173/@vite/client:528
[  442549ms] [WARNING] [Vue warn]: Invalid prop: type check failed for prop "onKeydown". Expected Function, got Array  
  at <ATextarea value="" onUpdate:value=fn rows=4  ... > 
  at <Anonymous value= {hashed: true, components: Object, theme: undefined, token: Object} > 
  at <ALocaleProvider locale=undefined ANT_MARK__="internalMark" > 
  at <LocaleReceiver children=fn<children> > 
  at <AConfigProvider theme= {token: Object} > 
  at <App> @ http://127.0.0.1:5173/@vite/client:528
[  442558ms] [WARNING] [Vue warn]: Invalid prop: type check failed for prop "onKeydown". Expected Function, got Array  
  at <ATextarea value="" onUpdate:value=fn rows=4  ... > 
  at <Anonymous value= {hashed: true, components: Object, theme: undefined, token: Object} > 
  at <ALocaleProvider locale=undefined ANT_MARK__="internalMark" > 
  at <LocaleReceiver children=fn<children> > 
  at <AConfigProvider theme= {token: Object} > 
  at <App> @ http://127.0.0.1:5173/@vite/client:528
[  442568ms] [WARNING] [Vue warn]: Invalid prop: type check failed for prop "onKeydown". Expected Function, got Array  
  at <ATextarea value="" onUpdate:value=fn rows=4  ... > 
  at <Anonymous value= {hashed: true, components: Object, theme: undefined, token: Object} > 
  at <ALocaleProvider locale=undefined ANT_MARK__="internalMark" > 
  at <LocaleReceiver children=fn<children> > 
  at <AConfigProvider theme= {token: Object} > 
  at <App> @ http://127.0.0.1:5173/@vite/client:528
[  442577ms] [WARNING] [Vue warn]: Invalid prop: type check failed for prop "onKeydown". Expected Function, got Array  
  at <ATextarea value="" onUpdate:value=fn rows=4  ... > 
  at <Anonymous value= {hashed: true, components: Object, theme: undefined, token: Object} > 
  at <ALocaleProvider locale=undefined ANT_MARK__="internalMark" > 
  at <LocaleReceiver children=fn<children> > 
  at <AConfigProvider theme= {token: Object} > 
  at <App> @ http://127.0.0.1:5173/@vite/client:528
[  442586ms] [WARNING] [Vue warn]: Invalid prop: type check failed for prop "onKeydown". Expected Function, got Array  
  at <ATextarea value="" onUpdate:value=fn rows=4  ... > 
  at <Anonymous value= {hashed: true, components: Object, theme: undefined, token: Object} > 
  at <ALocaleProvider locale=undefined ANT_MARK__="internalMark" > 
  at <LocaleReceiver children=fn<children> > 
  at <AConfigProvider theme= {token: Object} > 
  at <App> @ http://127.0.0.1:5173/@vite/client:528
[  442596ms] [WARNING] [Vue warn]: Invalid prop: type check failed for prop "onKeydown". Expected Function, got Array  
  at <ATextarea value="" onUpdate:value=fn rows=4  ... > 
  at <Anonymous value= {hashed: true, components: Object, theme: undefined, token: Object} > 
  at <ALocaleProvider locale=undefined ANT_MARK__="internalMark" > 
  at <LocaleReceiver children=fn<children> > 
  at <AConfigProvider theme= {token: Object} > 
  at <App> @ http://127.0.0.1:5173/@vite/client:528
[  442605ms] [WARNING] [Vue warn]: Invalid prop: type check failed for prop "onKeydown". Expected Function, got Array  
  at <ATextarea value="" onUpdate:value=fn rows=4  ... > 
  at <Anonymous value= {hashed: true, components: Object, theme: undefined, token: Object} > 
  at <ALocaleProvider locale=undefined ANT_MARK__="internalMark" > 
  at <LocaleReceiver children=fn<children> > 
  at <AConfigProvider theme= {token: Object} > 
  at <App> @ http://127.0.0.1:5173/@vite/client:528
[  442615ms] [WARNING] [Vue warn]: Invalid prop: type check failed for prop "onKeydown". Expected Function, got Array  
  at <ATextarea value="" onUpdate:value=fn rows=4  ... > 
  at <Anonymous value= {hashed: true, components: Object, theme: undefined, token: Object} > 
  at <ALocaleProvider locale=undefined ANT_MARK__="internalMark" > 
  at <LocaleReceiver children=fn<children> > 
  at <AConfigProvider theme= {token: Object} > 
  at <App> @ http://127.0.0.1:5173/@vite/client:528
[  442634ms] [WARNING] [Vue warn]: Invalid prop: type check failed for prop "onKeydown". Expected Function, got Array  
  at <ATextarea value="" onUpdate:value=fn rows=4  ... > 
  at <Anonymous value= {hashed: true, components: Object, theme: undefined, token: Object} > 
  at <ALocaleProvider locale=undefined ANT_MARK__="internalMark" > 
  at <LocaleReceiver children=fn<children> > 
  at <AConfigProvider theme= {token: Object} > 
  at <App> @ http://127.0.0.1:5173/@vite/client:528
[  442652ms] [WARNING] [Vue warn]: Invalid prop: type check failed for prop "onKeydown". Expected Function, got Array  
  at <ATextarea value="" onUpdate:value=fn rows=4  ... > 
  at <Anonymous value= {hashed: true, components: Object, theme: undefined, token: Object} > 
  at <ALocaleProvider locale=undefined ANT_MARK__="internalMark" > 
  at <LocaleReceiver children=fn<children> > 
  at <AConfigProvider theme= {token: Object} > 
  at <App> @ http://127.0.0.1:5173/@vite/client:528
[  442661ms] [WARNING] [Vue warn]: Invalid prop: type check failed for prop "onKeydown". Expected Function, got Array  
  at <ATextarea value="" onUpdate:value=fn rows=4  ... > 
  at <Anonymous value= {hashed: true, components: Object, theme: undefined, token: Object} > 
  at <ALocaleProvider locale=undefined ANT_MARK__="internalMark" > 
  at <LocaleReceiver children=fn<children> > 
  at <AConfigProvider theme= {token: Object} > 
  at <App> @ http://127.0.0.1:5173/@vite/client:528
[  442671ms] [WARNING] [Vue warn]: Invalid prop: type check failed for prop "onKeydown". Expected Function, got Array  
  at <ATextarea value="" onUpdate:value=fn rows=4  ... > 
  at <Anonymous value= {hashed: true, components: Object, theme: undefined, token: Object} > 
  at <ALocaleProvider locale=undefined ANT_MARK__="internalMark" > 
  at <LocaleReceiver children=fn<children> > 
  at <AConfigProvider theme= {token: Object} > 
  at <App> @ http://127.0.0.1:5173/@vite/client:528
[  442680ms] [WARNING] [Vue warn]: Invalid prop: type check failed for prop "onKeydown". Expected Function, got Array  
  at <ATextarea value="" onUpdate:value=fn rows=4  ... > 
  at <Anonymous value= {hashed: true, components: Object, theme: undefined, token: Object} > 
  at <ALocaleProvider locale=undefined ANT_MARK__="internalMark" > 
  at <LocaleReceiver children=fn<children> > 
  at <AConfigProvider theme= {token: Object} > 
  at <App> @ http://127.0.0.1:5173/@vite/client:528
[  442690ms] [WARNING] [Vue warn]: Invalid prop: type check failed for prop "onKeydown". Expected Function, got Array  
  at <ATextarea value="" onUpdate:value=fn rows=4  ... > 
  at <Anonymous value= {hashed: true, components: Object, theme: undefined, token: Object} > 
  at <ALocaleProvider locale=undefined ANT_MARK__="internalMark" > 
  at <LocaleReceiver children=fn<children> > 
  at <AConfigProvider theme= {token: Object} > 
  at <App> @ http://127.0.0.1:5173/@vite/client:528
[  442699ms] [WARNING] [Vue warn]: Invalid prop: type check failed for prop "onKeydown". Expected Function, got Array  
  at <ATextarea value="" onUpdate:value=fn rows=4  ... > 
  at <Anonymous value= {hashed: true, components: Object, theme: undefined, token: Object} > 
  at <ALocaleProvider locale=undefined ANT_MARK__="internalMark" > 
  at <LocaleReceiver children=fn<children> > 
  at <AConfigProvider theme= {token: Object} > 
  at <App> @ http://127.0.0.1:5173/@vite/client:528
[  442708ms] [WARNING] [Vue warn]: Invalid prop: type check failed for prop "onKeydown". Expected Function, got Array  
  at <ATextarea value="" onUpdate:value=fn rows=4  ... > 
  at <Anonymous value= {hashed: true, components: Object, theme: undefined, token: Object} > 
  at <ALocaleProvider locale=undefined ANT_MARK__="internalMark" > 
  at <LocaleReceiver children=fn<children> > 
  at <AConfigProvider theme= {token: Object} > 
  at <App> @ http://127.0.0.1:5173/@vite/client:528
[  442718ms] [WARNING] [Vue warn]: Invalid prop: type check failed for prop "onKeydown". Expected Function, got Array  
  at <ATextarea value="" onUpdate:value=fn rows=4  ... > 
  at <Anonymous value= {hashed: true, components: Object, theme: undefined, token: Object} > 
  at <ALocaleProvider locale=undefined ANT_MARK__="internalMark" > 
  at <LocaleReceiver children=fn<children> > 
  at <AConfigProvider theme= {token: Object} > 
  at <App> @ http://127.0.0.1:5173/@vite/client:528
[  442727ms] [WARNING] [Vue warn]: Invalid prop: type check failed for prop "onKeydown". Expected Function, got Array  
  at <ATextarea value="" onUpdate:value=fn rows=4  ... > 
  at <Anonymous value= {hashed: true, components: Object, theme: undefined, token: Object} > 
  at <ALocaleProvider locale=undefined ANT_MARK__="internalMark" > 
  at <LocaleReceiver children=fn<children> > 
  at <AConfigProvider theme= {token: Object} > 
  at <App> @ http://127.0.0.1:5173/@vite/client:528
[  442746ms] [WARNING] [Vue warn]: Invalid prop: type check failed for prop "onKeydown". Expected Function, got Array  
  at <ATextarea value="" onUpdate:value=fn rows=4  ... > 
  at <Anonymous value= {hashed: true, components: Object, theme: undefined, token: Object} > 
  at <ALocaleProvider locale=undefined ANT_MARK__="internalMark" > 
  at <LocaleReceiver children=fn<children> > 
  at <AConfigProvider theme= {token: Object} > 
  at <App> @ http://127.0.0.1:5173/@vite/client:528
[  442755ms] [WARNING] [Vue warn]: Invalid prop: type check failed for prop "onKeydown". Expected Function, got Array  
  at <ATextarea value="" onUpdate:value=fn rows=4  ... > 
  at <Anonymous value= {hashed: true, components: Object, theme: undefined, token: Object} > 
  at <ALocaleProvider locale=undefined ANT_MARK__="internalMark" > 
  at <LocaleReceiver children=fn<children> > 
  at <AConfigProvider theme= {token: Object} > 
  at <App> @ http://127.0.0.1:5173/@vite/client:528
[  442764ms] [WARNING] [Vue warn]: Invalid prop: type check failed for prop "onKeydown". Expected Function, got Array  
  at <ATextarea value="" onUpdate:value=fn rows=4  ... > 
  at <Anonymous value= {hashed: true, components: Object, theme: undefined, token: Object} > 
  at <ALocaleProvider locale=undefined ANT_MARK__="internalMark" > 
  at <LocaleReceiver children=fn<children> > 
  at <AConfigProvider theme= {token: Object} > 
  at <App> @ http://127.0.0.1:5173/@vite/client:528
[  442783ms] [WARNING] [Vue warn]: Invalid prop: type check failed for prop "onKeydown". Expected Function, got Array  
  at <ATextarea value="" onUpdate:value=fn rows=4  ... > 
  at <Anonymous value= {hashed: true, components: Object, theme: undefined, token: Object} > 
  at <ALocaleProvider locale=undefined ANT_MARK__="internalMark" > 
  at <LocaleReceiver children=fn<children> > 
  at <AConfigProvider theme= {token: Object} > 
  at <App> @ http://127.0.0.1:5173/@vite/client:528
[  442792ms] [WARNING] [Vue warn]: Invalid prop: type check failed for prop "onKeydown". Expected Function, got Array  
  at <ATextarea value="" onUpdate:value=fn rows=4  ... > 
  at <Anonymous value= {hashed: true, components: Object, theme: undefined, token: Object} > 
  at <ALocaleProvider locale=undefined ANT_MARK__="internalMark" > 
  at <LocaleReceiver children=fn<children> > 
  at <AConfigProvider theme= {token: Object} > 
  at <App> @ http://127.0.0.1:5173/@vite/client:528
[  442802ms] [WARNING] [Vue warn]: Invalid prop: type check failed for prop "onKeydown". Expected Function, got Array  
  at <ATextarea value="" onUpdate:value=fn rows=4  ... > 
  at <Anonymous value= {hashed: true, components: Object, theme: undefined, token: Object} > 
  at <ALocaleProvider locale=undefined ANT_MARK__="internalMark" > 
  at <LocaleReceiver children=fn<children> > 
  at <AConfigProvider theme= {token: Object} > 
  at <App> @ http://127.0.0.1:5173/@vite/client:528
[  442811ms] [WARNING] [Vue warn]: Invalid prop: type check failed for prop "onKeydown". Expected Function, got Array  
  at <ATextarea value="" onUpdate:value=fn rows=4  ... > 
  at <Anonymous value= {hashed: true, components: Object, theme: undefined, token: Object} > 
  at <ALocaleProvider locale=undefined ANT_MARK__="internalMark" > 
  at <LocaleReceiver children=fn<children> > 
  at <AConfigProvider theme= {token: Object} > 
  at <App> @ http://127.0.0.1:5173/@vite/client:528
[  442821ms] [WARNING] [Vue warn]: Invalid prop: type check failed for prop "onKeydown". Expected Function, got Array  
  at <ATextarea value="" onUpdate:value=fn rows=4  ... > 
  at <Anonymous value= {hashed: true, components: Object, theme: undefined, token: Object} > 
  at <ALocaleProvider locale=undefined ANT_MARK__="internalMark" > 
  at <LocaleReceiver children=fn<children> > 
  at <AConfigProvider theme= {token: Object} > 
  at <App> @ http://127.0.0.1:5173/@vite/client:528
[  442830ms] [WARNING] [Vue warn]: Invalid prop: type check failed for prop "onKeydown". Expected Function, got Array  
  at <ATextarea value="" onUpdate:value=fn rows=4  ... > 
  at <Anonymous value= {hashed: true, components: Object, theme: undefined, token: Object} > 
  at <ALocaleProvider locale=undefined ANT_MARK__="internalMark" > 
  at <LocaleReceiver children=fn<children> > 
  at <AConfigProvider theme= {token: Object} > 
  at <App> @ http://127.0.0.1:5173/@vite/client:528
[  442839ms] [WARNING] [Vue warn]: Invalid prop: type check failed for prop "onKeydown". Expected Function, got Array  
  at <ATextarea value="" onUpdate:value=fn rows=4  ... > 
  at <Anonymous value= {hashed: true, components: Object, theme: undefined, token: Object} > 
  at <ALocaleProvider locale=undefined ANT_MARK__="internalMark" > 
  at <LocaleReceiver children=fn<children> > 
  at <AConfigProvider theme= {token: Object} > 
  at <App> @ http://127.0.0.1:5173/@vite/client:528
[  442849ms] [WARNING] [Vue warn]: Invalid prop: type check failed for prop "onKeydown". Expected Function, got Array  
  at <ATextarea value="" onUpdate:value=fn rows=4  ... > 
  at <Anonymous value= {hashed: true, components: Object, theme: undefined, token: Object} > 
  at <ALocaleProvider locale=undefined ANT_MARK__="internalMark" > 
  at <LocaleReceiver children=fn<children> > 
  at <AConfigProvider theme= {token: Object} > 
  at <App> @ http://127.0.0.1:5173/@vite/client:528
[  442858ms] [WARNING] [Vue warn]: Invalid prop: type check failed for prop "onKeydown". Expected Function, got Array  
  at <ATextarea value="" onUpdate:value=fn rows=4  ... > 
  at <Anonymous value= {hashed: true, components: Object, theme: undefined, token: Object} > 
  at <ALocaleProvider locale=undefined ANT_MARK__="internalMark" > 
  at <LocaleReceiver children=fn<children> > 
  at <AConfigProvider theme= {token: Object} > 
  at <App> @ http://127.0.0.1:5173/@vite/client:528
[  442867ms] [WARNING] [Vue warn]: Invalid prop: type check failed for prop "onKeydown". Expected Function, got Array  
  at <ATextarea value="" onUpdate:value=fn rows=4  ... > 
  at <Anonymous value= {hashed: true, components: Object, theme: undefined, token: Object} > 
  at <ALocaleProvider locale=undefined ANT_MARK__="internalMark" > 
  at <LocaleReceiver children=fn<children> > 
  at <AConfigProvider theme= {token: Object} > 
  at <App> @ http://127.0.0.1:5173/@vite/client:528
[  442876ms] [WARNING] [Vue warn]: Invalid prop: type check failed for prop "onKeydown". Expected Function, got Array  
  at <ATextarea value="" onUpdate:value=fn rows=4  ... > 
  at <Anonymous value= {hashed: true, components: Object, theme: undefined, token: Object} > 
  at <ALocaleProvider locale=undefined ANT_MARK__="internalMark" > 
  at <LocaleReceiver children=fn<children> > 
  at <AConfigProvider theme= {token: Object} > 
  at <App> @ http://127.0.0.1:5173/@vite/client:528
[  442895ms] [WARNING] [Vue warn]: Invalid prop: type check failed for prop "onKeydown". Expected Function, got Array  
  at <ATextarea value="" onUpdate:value=fn rows=4  ... > 
  at <Anonymous value= {hashed: true, components: Object, theme: undefined, token: Object} > 
  at <ALocaleProvider locale=undefined ANT_MARK__="internalMark" > 
  at <LocaleReceiver children=fn<children> > 
  at <AConfigProvider theme= {token: Object} > 
  at <App> @ http://127.0.0.1:5173/@vite/client:528
[  442914ms] [WARNING] [Vue warn]: Invalid prop: type check failed for prop "onKeydown". Expected Function, got Array  
  at <ATextarea value="" onUpdate:value=fn rows=4  ... > 
  at <Anonymous value= {hashed: true, components: Object, theme: undefined, token: Object} > 
  at <ALocaleProvider locale=undefined ANT_MARK__="internalMark" > 
  at <LocaleReceiver children=fn<children> > 
  at <AConfigProvider theme= {token: Object} > 
  at <App> @ http://127.0.0.1:5173/@vite/client:528
[  442923ms] [WARNING] [Vue warn]: Invalid prop: type check failed for prop "onKeydown". Expected Function, got Array  
  at <ATextarea value="" onUpdate:value=fn rows=4  ... > 
  at <Anonymous value= {hashed: true, components: Object, theme: undefined, token: Object} > 
  at <ALocaleProvider locale=undefined ANT_MARK__="internalMark" > 
  at <LocaleReceiver children=fn<children> > 
  at <AConfigProvider theme= {token: Object} > 
  at <App> @ http://127.0.0.1:5173/@vite/client:528
[  442942ms] [WARNING] [Vue warn]: Invalid prop: type check failed for prop "onKeydown". Expected Function, got Array  
  at <ATextarea value="" onUpdate:value=fn rows=4  ... > 
  at <Anonymous value= {hashed: true, components: Object, theme: undefined, token: Object} > 
  at <ALocaleProvider locale=undefined ANT_MARK__="internalMark" > 
  at <LocaleReceiver children=fn<children> > 
  at <AConfigProvider theme= {token: Object} > 
  at <App> @ http://127.0.0.1:5173/@vite/client:528
[  442951ms] [WARNING] [Vue warn]: Invalid prop: type check failed for prop "onKeydown". Expected Function, got Array  
  at <ATextarea value="" onUpdate:value=fn rows=4  ... > 
  at <Anonymous value= {hashed: true, components: Object, theme: undefined, token: Object} > 
  at <ALocaleProvider locale=undefined ANT_MARK__="internalMark" > 
  at <LocaleReceiver children=fn<children> > 
  at <AConfigProvider theme= {token: Object} > 
  at <App> @ http://127.0.0.1:5173/@vite/client:528
[  442960ms] [WARNING] [Vue warn]: Invalid prop: type check failed for prop "onKeydown". Expected Function, got Array  
  at <ATextarea value="" onUpdate:value=fn rows=4  ... > 
  at <Anonymous value= {hashed: true, components: Object, theme: undefined, token: Object} > 
  at <ALocaleProvider locale=undefined ANT_MARK__="internalMark" > 
  at <LocaleReceiver children=fn<children> > 
  at <AConfigProvider theme= {token: Object} > 
  at <App> @ http://127.0.0.1:5173/@vite/client:528
[  442979ms] [WARNING] [Vue warn]: Invalid prop: type check failed for prop "onKeydown". Expected Function, got Array  
  at <ATextarea value="" onUpdate:value=fn rows=4  ... > 
  at <Anonymous value= {hashed: true, components: Object, theme: undefined, token: Object} > 
  at <ALocaleProvider locale=undefined ANT_MARK__="internalMark" > 
  at <LocaleReceiver children=fn<children> > 
  at <AConfigProvider theme= {token: Object} > 
  at <App> @ http://127.0.0.1:5173/@vite/client:528
[  442988ms] [WARNING] [Vue warn]: Invalid prop: type check failed for prop "onKeydown". Expected Function, got Array  
  at <ATextarea value="" onUpdate:value=fn rows=4  ... > 
  at <Anonymous value= {hashed: true, components: Object, theme: undefined, token: Object} > 
  at <ALocaleProvider locale=undefined ANT_MARK__="internalMark" > 
  at <LocaleReceiver children=fn<children> > 
  at <AConfigProvider theme= {token: Object} > 
  at <App> @ http://127.0.0.1:5173/@vite/client:528
[  442998ms] [WARNING] [Vue warn]: Invalid prop: type check failed for prop "onKeydown". Expected Function, got Array  
  at <ATextarea value="" onUpdate:value=fn rows=4  ... > 
  at <Anonymous value= {hashed: true, components: Object, theme: undefined, token: Object} > 
  at <ALocaleProvider locale=undefined ANT_MARK__="internalMark" > 
  at <LocaleReceiver children=fn<children> > 
  at <AConfigProvider theme= {token: Object} > 
  at <App> @ http://127.0.0.1:5173/@vite/client:528
[  443007ms] [WARNING] [Vue warn]: Invalid prop: type check failed for prop "onKeydown". Expected Function, got Array  
  at <ATextarea value="" onUpdate:value=fn rows=4  ... > 
  at <Anonymous value= {hashed: true, components: Object, theme: undefined, token: Object} > 
  at <ALocaleProvider locale=undefined ANT_MARK__="internalMark" > 
  at <LocaleReceiver children=fn<children> > 
  at <AConfigProvider theme= {token: Object} > 
  at <App> @ http://127.0.0.1:5173/@vite/client:528
[  443016ms] [WARNING] [Vue warn]: Invalid prop: type check failed for prop "onKeydown". Expected Function, got Array  
  at <ATextarea value="" onUpdate:value=fn rows=4  ... > 
  at <Anonymous value= {hashed: true, components: Object, theme: undefined, token: Object} > 
  at <ALocaleProvider locale=undefined ANT_MARK__="internalMark" > 
  at <LocaleReceiver children=fn<children> > 
  at <AConfigProvider theme= {token: Object} > 
  at <App> @ http://127.0.0.1:5173/@vite/client:528
[  443026ms] [WARNING] [Vue warn]: Invalid prop: type check failed for prop "onKeydown". Expected Function, got Array  
  at <ATextarea value="" onUpdate:value=fn rows=4  ... > 
  at <Anonymous value= {hashed: true, components: Object, theme: undefined, token: Object} > 
  at <ALocaleProvider locale=undefined ANT_MARK__="internalMark" > 
  at <LocaleReceiver children=fn<children> > 
  at <AConfigProvider theme= {token: Object} > 
  at <App> @ http://127.0.0.1:5173/@vite/client:528
[  443035ms] [WARNING] [Vue warn]: Invalid prop: type check failed for prop "onKeydown". Expected Function, got Array  
  at <ATextarea value="" onUpdate:value=fn rows=4  ... > 
  at <Anonymous value= {hashed: true, components: Object, theme: undefined, token: Object} > 
  at <ALocaleProvider locale=undefined ANT_MARK__="internalMark" > 
  at <LocaleReceiver children=fn<children> > 
  at <AConfigProvider theme= {token: Object} > 
  at <App> @ http://127.0.0.1:5173/@vite/client:528
[  443045ms] [WARNING] [Vue warn]: Invalid prop: type check failed for prop "onKeydown". Expected Function, got Array  
  at <ATextarea value="" onUpdate:value=fn rows=4  ... > 
  at <Anonymous value= {hashed: true, components: Object, theme: undefined, token: Object} > 
  at <ALocaleProvider locale=undefined ANT_MARK__="internalMark" > 
  at <LocaleReceiver children=fn<children> > 
  at <AConfigProvider theme= {token: Object} > 
  at <App> @ http://127.0.0.1:5173/@vite/client:528
[  443054ms] [WARNING] [Vue warn]: Invalid prop: type check failed for prop "onKeydown". Expected Function, got Array  
  at <ATextarea value="" onUpdate:value=fn rows=4  ... > 
  at <Anonymous value= {hashed: true, components: Object, theme: undefined, token: Object} > 
  at <ALocaleProvider locale=undefined ANT_MARK__="internalMark" > 
  at <LocaleReceiver children=fn<children> > 
  at <AConfigProvider theme= {token: Object} > 
  at <App> @ http://127.0.0.1:5173/@vite/client:528
[  443063ms] [WARNING] [Vue warn]: Invalid prop: type check failed for prop "onKeydown". Expected Function, got Array  
  at <ATextarea value="" onUpdate:value=fn rows=4  ... > 
  at <Anonymous value= {hashed: true, components: Object, theme: undefined, token: Object} > 
  at <ALocaleProvider locale=undefined ANT_MARK__="internalMark" > 
  at <LocaleReceiver children=fn<children> > 
  at <AConfigProvider theme= {token: Object} > 
  at <App> @ http://127.0.0.1:5173/@vite/client:528
[  443073ms] [WARNING] [Vue warn]: Invalid prop: type check failed for prop "onKeydown". Expected Function, got Array  
  at <ATextarea value="" onUpdate:value=fn rows=4  ... > 
  at <Anonymous value= {hashed: true, components: Object, theme: undefined, token: Object} > 
  at <ALocaleProvider locale=undefined ANT_MARK__="internalMark" > 
  at <LocaleReceiver children=fn<children> > 
  at <AConfigProvider theme= {token: Object} > 
  at <App> @ http://127.0.0.1:5173/@vite/client:528
[  443082ms] [WARNING] [Vue warn]: Invalid prop: type check failed for prop "onKeydown". Expected Function, got Array  
  at <ATextarea value="" onUpdate:value=fn rows=4  ... > 
  at <Anonymous value= {hashed: true, components: Object, theme: undefined, token: Object} > 
  at <ALocaleProvider locale=undefined ANT_MARK__="internalMark" > 
  at <LocaleReceiver children=fn<children> > 
  at <AConfigProvider theme= {token: Object} > 
  at <App> @ http://127.0.0.1:5173/@vite/client:528
[  443091ms] [WARNING] [Vue warn]: Invalid prop: type check failed for prop "onKeydown". Expected Function, got Array  
  at <ATextarea value="" onUpdate:value=fn rows=4  ... > 
  at <Anonymous value= {hashed: true, components: Object, theme: undefined, token: Object} > 
  at <ALocaleProvider locale=undefined ANT_MARK__="internalMark" > 
  at <LocaleReceiver children=fn<children> > 
  at <AConfigProvider theme= {token: Object} > 
  at <App> @ http://127.0.0.1:5173/@vite/client:528
[  443101ms] [WARNING] [Vue warn]: Invalid prop: type check failed for prop "onKeydown". Expected Function, got Array  
  at <ATextarea value="" onUpdate:value=fn rows=4  ... > 
  at <Anonymous value= {hashed: true, components: Object, theme: undefined, token: Object} > 
  at <ALocaleProvider locale=undefined ANT_MARK__="internalMark" > 
  at <LocaleReceiver children=fn<children> > 
  at <AConfigProvider theme= {token: Object} > 
  at <App> @ http://127.0.0.1:5173/@vite/client:528
[  443110ms] [WARNING] [Vue warn]: Invalid prop: type check failed for prop "onKeydown". Expected Function, got Array  
  at <ATextarea value="" onUpdate:value=fn rows=4  ... > 
  at <Anonymous value= {hashed: true, components: Object, theme: undefined, token: Object} > 
  at <ALocaleProvider locale=undefined ANT_MARK__="internalMark" > 
  at <LocaleReceiver children=fn<children> > 
  at <AConfigProvider theme= {token: Object} > 
  at <App> @ http://127.0.0.1:5173/@vite/client:528
[  443129ms] [WARNING] [Vue warn]: Invalid prop: type check failed for prop "onKeydown". Expected Function, got Array  
  at <ATextarea value="" onUpdate:value=fn rows=4  ... > 
  at <Anonymous value= {hashed: true, components: Object, theme: undefined, token: Object} > 
  at <ALocaleProvider locale=undefined ANT_MARK__="internalMark" > 
  at <LocaleReceiver children=fn<children> > 
  at <AConfigProvider theme= {token: Object} > 
  at <App> @ http://127.0.0.1:5173/@vite/client:528
[  443147ms] [WARNING] [Vue warn]: Invalid prop: type check failed for prop "onKeydown". Expected Function, got Array  
  at <ATextarea value="" onUpdate:value=fn rows=4  ... > 
  at <Anonymous value= {hashed: true, components: Object, theme: undefined, token: Object} > 
  at <ALocaleProvider locale=undefined ANT_MARK__="internalMark" > 
  at <LocaleReceiver children=fn<children> > 
  at <AConfigProvider theme= {token: Object} > 
  at <App> @ http://127.0.0.1:5173/@vite/client:528
[  443166ms] [WARNING] [Vue warn]: Invalid prop: type check failed for prop "onKeydown". Expected Function, got Array  
  at <ATextarea value="" onUpdate:value=fn rows=4  ... > 
  at <Anonymous value= {hashed: true, components: Object, theme: undefined, token: Object} > 
  at <ALocaleProvider locale=undefined ANT_MARK__="internalMark" > 
  at <LocaleReceiver children=fn<children> > 
  at <AConfigProvider theme= {token: Object} > 
  at <App> @ http://127.0.0.1:5173/@vite/client:528
[  443175ms] [WARNING] [Vue warn]: Invalid prop: type check failed for prop "onKeydown". Expected Function, got Array  
  at <ATextarea value="" onUpdate:value=fn rows=4  ... > 
  at <Anonymous value= {hashed: true, components: Object, theme: undefined, token: Object} > 
  at <ALocaleProvider locale=undefined ANT_MARK__="internalMark" > 
  at <LocaleReceiver children=fn<children> > 
  at <AConfigProvider theme= {token: Object} > 
  at <App> @ http://127.0.0.1:5173/@vite/client:528
[  443185ms] [WARNING] [Vue warn]: Invalid prop: type check failed for prop "onKeydown". Expected Function, got Array  
  at <ATextarea value="" onUpdate:value=fn rows=4  ... > 
  at <Anonymous value= {hashed: true, components: Object, theme: undefined, token: Object} > 
  at <ALocaleProvider locale=undefined ANT_MARK__="internalMark" > 
  at <LocaleReceiver children=fn<children> > 
  at <AConfigProvider theme= {token: Object} > 
  at <App> @ http://127.0.0.1:5173/@vite/client:528
[  443194ms] [WARNING] [Vue warn]: Invalid prop: type check failed for prop "onKeydown". Expected Function, got Array  
  at <ATextarea value="" onUpdate:value=fn rows=4  ... > 
  at <Anonymous value= {hashed: true, components: Object, theme: undefined, token: Object} > 
  at <ALocaleProvider locale=undefined ANT_MARK__="internalMark" > 
  at <LocaleReceiver children=fn<children> > 
  at <AConfigProvider theme= {token: Object} > 
  at <App> @ http://127.0.0.1:5173/@vite/client:528
[  443203ms] [WARNING] [Vue warn]: Invalid prop: type check failed for prop "onKeydown". Expected Function, got Array  
  at <ATextarea value="" onUpdate:value=fn rows=4  ... > 
  at <Anonymous value= {hashed: true, components: Object, theme: undefined, token: Object} > 
  at <ALocaleProvider locale=undefined ANT_MARK__="internalMark" > 
  at <LocaleReceiver children=fn<children> > 
  at <AConfigProvider theme= {token: Object} > 
  at <App> @ http://127.0.0.1:5173/@vite/client:528
[  443213ms] [WARNING] [Vue warn]: Invalid prop: type check failed for prop "onKeydown". Expected Function, got Array  
  at <ATextarea value="" onUpdate:value=fn rows=4  ... > 
  at <Anonymous value= {hashed: true, components: Object, theme: undefined, token: Object} > 
  at <ALocaleProvider locale=undefined ANT_MARK__="internalMark" > 
  at <LocaleReceiver children=fn<children> > 
  at <AConfigProvider theme= {token: Object} > 
  at <App> @ http://127.0.0.1:5173/@vite/client:528
[  443231ms] [WARNING] [Vue warn]: Invalid prop: type check failed for prop "onKeydown". Expected Function, got Array  
  at <ATextarea value="" onUpdate:value=fn rows=4  ... > 
  at <Anonymous value= {hashed: true, components: Object, theme: undefined, token: Object} > 
  at <ALocaleProvider locale=undefined ANT_MARK__="internalMark" > 
  at <LocaleReceiver children=fn<children> > 
  at <AConfigProvider theme= {token: Object} > 
  at <App> @ http://127.0.0.1:5173/@vite/client:528
[  443240ms] [WARNING] [Vue warn]: Invalid prop: type check failed for prop "onKeydown". Expected Function, got Array  
  at <ATextarea value="" onUpdate:value=fn rows=4  ... > 
  at <Anonymous value= {hashed: true, components: Object, theme: undefined, token: Object} > 
  at <ALocaleProvider locale=undefined ANT_MARK__="internalMark" > 
  at <LocaleReceiver children=fn<children> > 
  at <AConfigProvider theme= {token: Object} > 
  at <App> @ http://127.0.0.1:5173/@vite/client:528
[  443250ms] [WARNING] [Vue warn]: Invalid prop: type check failed for prop "onKeydown". Expected Function, got Array  
  at <ATextarea value="" onUpdate:value=fn rows=4  ... > 
  at <Anonymous value= {hashed: true, components: Object, theme: undefined, token: Object} > 
  at <ALocaleProvider locale=undefined ANT_MARK__="internalMark" > 
  at <LocaleReceiver children=fn<children> > 
  at <AConfigProvider theme= {token: Object} > 
  at <App> @ http://127.0.0.1:5173/@vite/client:528
[  443259ms] [WARNING] [Vue warn]: Invalid prop: type check failed for prop "onKeydown". Expected Function, got Array  
  at <ATextarea value="" onUpdate:value=fn rows=4  ... > 
  at <Anonymous value= {hashed: true, components: Object, theme: undefined, token: Object} > 
  at <ALocaleProvider locale=undefined ANT_MARK__="internalMark" > 
  at <LocaleReceiver children=fn<children> > 
  at <AConfigProvider theme= {token: Object} > 
  at <App> @ http://127.0.0.1:5173/@vite/client:528
[  443268ms] [WARNING] [Vue warn]: Invalid prop: type check failed for prop "onKeydown". Expected Function, got Array  
  at <ATextarea value="" onUpdate:value=fn rows=4  ... > 
  at <Anonymous value= {hashed: true, components: Object, theme: undefined, token: Object} > 
  at <ALocaleProvider locale=undefined ANT_MARK__="internalMark" > 
  at <LocaleReceiver children=fn<children> > 
  at <AConfigProvider theme= {token: Object} > 
  at <App> @ http://127.0.0.1:5173/@vite/client:528
[  443277ms] [WARNING] [Vue warn]: Invalid prop: type check failed for prop "onKeydown". Expected Function, got Array  
  at <ATextarea value="" onUpdate:value=fn rows=4  ... > 
  at <Anonymous value= {hashed: true, components: Object, theme: undefined, token: Object} > 
  at <ALocaleProvider locale=undefined ANT_MARK__="internalMark" > 
  at <LocaleReceiver children=fn<children> > 
  at <AConfigProvider theme= {token: Object} > 
  at <App> @ http://127.0.0.1:5173/@vite/client:528
[  443287ms] [WARNING] [Vue warn]: Invalid prop: type check failed for prop "onKeydown". Expected Function, got Array  
  at <ATextarea value="" onUpdate:value=fn rows=4  ... > 
  at <Anonymous value= {hashed: true, components: Object, theme: undefined, token: Object} > 
  at <ALocaleProvider locale=undefined ANT_MARK__="internalMark" > 
  at <LocaleReceiver children=fn<children> > 
  at <AConfigProvider theme= {token: Object} > 
  at <App> @ http://127.0.0.1:5173/@vite/client:528
[  443296ms] [WARNING] [Vue warn]: Invalid prop: type check failed for prop "onKeydown". Expected Function, got Array  
  at <ATextarea value="" onUpdate:value=fn rows=4  ... > 
  at <Anonymous value= {hashed: true, components: Object, theme: undefined, token: Object} > 
  at <ALocaleProvider locale=undefined ANT_MARK__="internalMark" > 
  at <LocaleReceiver children=fn<children> > 
  at <AConfigProvider theme= {token: Object} > 
  at <App> @ http://127.0.0.1:5173/@vite/client:528
[  443306ms] [WARNING] [Vue warn]: Invalid prop: type check failed for prop "onKeydown". Expected Function, got Array  
  at <ATextarea value="" onUpdate:value=fn rows=4  ... > 
  at <Anonymous value= {hashed: true, components: Object, theme: undefined, token: Object} > 
  at <ALocaleProvider locale=undefined ANT_MARK__="internalMark" > 
  at <LocaleReceiver children=fn<children> > 
  at <AConfigProvider theme= {token: Object} > 
  at <App> @ http://127.0.0.1:5173/@vite/client:528
[  443315ms] [WARNING] [Vue warn]: Invalid prop: type check failed for prop "onKeydown". Expected Function, got Array  
  at <ATextarea value="" onUpdate:value=fn rows=4  ... > 
  at <Anonymous value= {hashed: true, components: Object, theme: undefined, token: Object} > 
  at <ALocaleProvider locale=undefined ANT_MARK__="internalMark" > 
  at <LocaleReceiver children=fn<children> > 
  at <AConfigProvider theme= {token: Object} > 
  at <App> @ http://127.0.0.1:5173/@vite/client:528
[  443324ms] [WARNING] [Vue warn]: Invalid prop: type check failed for prop "onKeydown". Expected Function, got Array  
  at <ATextarea value="" onUpdate:value=fn rows=4  ... > 
  at <Anonymous value= {hashed: true, components: Object, theme: undefined, token: Object} > 
  at <ALocaleProvider locale=undefined ANT_MARK__="internalMark" > 
  at <LocaleReceiver children=fn<children> > 
  at <AConfigProvider theme= {token: Object} > 
  at <App> @ http://127.0.0.1:5173/@vite/client:528
[  443334ms] [WARNING] [Vue warn]: Invalid prop: type check failed for prop "onKeydown". Expected Function, got Array  
  at <ATextarea value="" onUpdate:value=fn rows=4  ... > 
  at <Anonymous value= {hashed: true, components: Object, theme: undefined, token: Object} > 
  at <ALocaleProvider locale=undefined ANT_MARK__="internalMark" > 
  at <LocaleReceiver children=fn<children> > 
  at <AConfigProvider theme= {token: Object} > 
  at <App> @ http://127.0.0.1:5173/@vite/client:528
[  443352ms] [WARNING] [Vue warn]: Invalid prop: type check failed for prop "onKeydown". Expected Function, got Array  
  at <ATextarea value="" onUpdate:value=fn rows=4  ... > 
  at <Anonymous value= {hashed: true, components: Object, theme: undefined, token: Object} > 
  at <ALocaleProvider locale=undefined ANT_MARK__="internalMark" > 
  at <LocaleReceiver children=fn<children> > 
  at <AConfigProvider theme= {token: Object} > 
  at <App> @ http://127.0.0.1:5173/@vite/client:528
[  443371ms] [WARNING] [Vue warn]: Invalid prop: type check failed for prop "onKeydown". Expected Function, got Array  
  at <ATextarea value="" onUpdate:value=fn rows=4  ... > 
  at <Anonymous value= {hashed: true, components: Object, theme: undefined, token: Object} > 
  at <ALocaleProvider locale=undefined ANT_MARK__="internalMark" > 
  at <LocaleReceiver children=fn<children> > 
  at <AConfigProvider theme= {token: Object} > 
  at <App> @ http://127.0.0.1:5173/@vite/client:528
[  443381ms] [WARNING] [Vue warn]: Invalid prop: type check failed for prop "onKeydown". Expected Function, got Array  
  at <ATextarea value="" onUpdate:value=fn rows=4  ... > 
  at <Anonymous value= {hashed: true, components: Object, theme: undefined, token: Object} > 
  at <ALocaleProvider locale=undefined ANT_MARK__="internalMark" > 
  at <LocaleReceiver children=fn<children> > 
  at <AConfigProvider theme= {token: Object} > 
  at <App> @ http://127.0.0.1:5173/@vite/client:528
[  443390ms] [WARNING] [Vue warn]: Invalid prop: type check failed for prop "onKeydown". Expected Function, got Array  
  at <ATextarea value="" onUpdate:value=fn rows=4  ... > 
  at <Anonymous value= {hashed: true, components: Object, theme: undefined, token: Object} > 
  at <ALocaleProvider locale=undefined ANT_MARK__="internalMark" > 
  at <LocaleReceiver children=fn<children> > 
  at <AConfigProvider theme= {token: Object} > 
  at <App> @ http://127.0.0.1:5173/@vite/client:528
[  443399ms] [WARNING] [Vue warn]: Invalid prop: type check failed for prop "onKeydown". Expected Function, got Array  
  at <ATextarea value="" onUpdate:value=fn rows=4  ... > 
  at <Anonymous value= {hashed: true, components: Object, theme: undefined, token: Object} > 
  at <ALocaleProvider locale=undefined ANT_MARK__="internalMark" > 
  at <LocaleReceiver children=fn<children> > 
  at <AConfigProvider theme= {token: Object} > 
  at <App> @ http://127.0.0.1:5173/@vite/client:528
[  443409ms] [WARNING] [Vue warn]: Invalid prop: type check failed for prop "onKeydown". Expected Function, got Array  
  at <ATextarea value="" onUpdate:value=fn rows=4  ... > 
  at <Anonymous value= {hashed: true, components: Object, theme: undefined, token: Object} > 
  at <ALocaleProvider locale=undefined ANT_MARK__="internalMark" > 
  at <LocaleReceiver children=fn<children> > 
  at <AConfigProvider theme= {token: Object} > 
  at <App> @ http://127.0.0.1:5173/@vite/client:528
[  443418ms] [WARNING] [Vue warn]: Invalid prop: type check failed for prop "onKeydown". Expected Function, got Array  
  at <ATextarea value="" onUpdate:value=fn rows=4  ... > 
  at <Anonymous value= {hashed: true, components: Object, theme: undefined, token: Object} > 
  at <ALocaleProvider locale=undefined ANT_MARK__="internalMark" > 
  at <LocaleReceiver children=fn<children> > 
  at <AConfigProvider theme= {token: Object} > 
  at <App> @ http://127.0.0.1:5173/@vite/client:528
[  443427ms] [WARNING] [Vue warn]: Invalid prop: type check failed for prop "onKeydown". Expected Function, got Array  
  at <ATextarea value="" onUpdate:value=fn rows=4  ... > 
  at <Anonymous value= {hashed: true, components: Object, theme: undefined, token: Object} > 
  at <ALocaleProvider locale=undefined ANT_MARK__="internalMark" > 
  at <LocaleReceiver children=fn<children> > 
  at <AConfigProvider theme= {token: Object} > 
  at <App> @ http://127.0.0.1:5173/@vite/client:528
[  443437ms] [WARNING] [Vue warn]: Invalid prop: type check failed for prop "onKeydown". Expected Function, got Array  
  at <ATextarea value="" onUpdate:value=fn rows=4  ... > 
  at <Anonymous value= {hashed: true, components: Object, theme: undefined, token: Object} > 
  at <ALocaleProvider locale=undefined ANT_MARK__="internalMark" > 
  at <LocaleReceiver children=fn<children> > 
  at <AConfigProvider theme= {token: Object} > 
  at <App> @ http://127.0.0.1:5173/@vite/client:528
[  443455ms] [WARNING] [Vue warn]: Invalid prop: type check failed for prop "onKeydown". Expected Function, got Array  
  at <ATextarea value="" onUpdate:value=fn rows=4  ... > 
  at <Anonymous value= {hashed: true, components: Object, theme: undefined, token: Object} > 
  at <ALocaleProvider locale=undefined ANT_MARK__="internalMark" > 
  at <LocaleReceiver children=fn<children> > 
  at <AConfigProvider theme= {token: Object} > 
  at <App> @ http://127.0.0.1:5173/@vite/client:528
[  443465ms] [WARNING] [Vue warn]: Invalid prop: type check failed for prop "onKeydown". Expected Function, got Array  
  at <ATextarea value="" onUpdate:value=fn rows=4  ... > 
  at <Anonymous value= {hashed: true, components: Object, theme: undefined, token: Object} > 
  at <ALocaleProvider locale=undefined ANT_MARK__="internalMark" > 
  at <LocaleReceiver children=fn<children> > 
  at <AConfigProvider theme= {token: Object} > 
  at <App> @ http://127.0.0.1:5173/@vite/client:528
[  443474ms] [WARNING] [Vue warn]: Invalid prop: type check failed for prop "onKeydown". Expected Function, got Array  
  at <ATextarea value="" onUpdate:value=fn rows=4  ... > 
  at <Anonymous value= {hashed: true, components: Object, theme: undefined, token: Object} > 
  at <ALocaleProvider locale=undefined ANT_MARK__="internalMark" > 
  at <LocaleReceiver children=fn<children> > 
  at <AConfigProvider theme= {token: Object} > 
  at <App> @ http://127.0.0.1:5173/@vite/client:528
[  443483ms] [WARNING] [Vue warn]: Invalid prop: type check failed for prop "onKeydown". Expected Function, got Array  
  at <ATextarea value="" onUpdate:value=fn rows=4  ... > 
  at <Anonymous value= {hashed: true, components: Object, theme: undefined, token: Object} > 
  at <ALocaleProvider locale=undefined ANT_MARK__="internalMark" > 
  at <LocaleReceiver children=fn<children> > 
  at <AConfigProvider theme= {token: Object} > 
  at <App> @ http://127.0.0.1:5173/@vite/client:528
[  443493ms] [WARNING] [Vue warn]: Invalid prop: type check failed for prop "onKeydown". Expected Function, got Array  
  at <ATextarea value="" onUpdate:value=fn rows=4  ... > 
  at <Anonymous value= {hashed: true, components: Object, theme: undefined, token: Object} > 
  at <ALocaleProvider locale=undefined ANT_MARK__="internalMark" > 
  at <LocaleReceiver children=fn<children> > 
  at <AConfigProvider theme= {token: Object} > 
  at <App> @ http://127.0.0.1:5173/@vite/client:528
[  443502ms] [WARNING] [Vue warn]: Invalid prop: type check failed for prop "onKeydown". Expected Function, got Array  
  at <ATextarea value="" onUpdate:value=fn rows=4  ... > 
  at <Anonymous value= {hashed: true, components: Object, theme: undefined, token: Object} > 
  at <ALocaleProvider locale=undefined ANT_MARK__="internalMark" > 
  at <LocaleReceiver children=fn<children> > 
  at <AConfigProvider theme= {token: Object} > 
  at <App> @ http://127.0.0.1:5173/@vite/client:528
[  443512ms] [WARNING] [Vue warn]: Invalid prop: type check failed for prop "onKeydown". Expected Function, got Array  
  at <ATextarea value="" onUpdate:value=fn rows=4  ... > 
  at <Anonymous value= {hashed: true, components: Object, theme: undefined, token: Object} > 
  at <ALocaleProvider locale=undefined ANT_MARK__="internalMark" > 
  at <LocaleReceiver children=fn<children> > 
  at <AConfigProvider theme= {token: Object} > 
  at <App> @ http://127.0.0.1:5173/@vite/client:528
[  443521ms] [WARNING] [Vue warn]: Invalid prop: type check failed for prop "onKeydown". Expected Function, got Array  
  at <ATextarea value="" onUpdate:value=fn rows=4  ... > 
  at <Anonymous value= {hashed: true, components: Object, theme: undefined, token: Object} > 
  at <ALocaleProvider locale=undefined ANT_MARK__="internalMark" > 
  at <LocaleReceiver children=fn<children> > 
  at <AConfigProvider theme= {token: Object} > 
  at <App> @ http://127.0.0.1:5173/@vite/client:528
[  443530ms] [WARNING] [Vue warn]: Invalid prop: type check failed for prop "onKeydown". Expected Function, got Array  
  at <ATextarea value="" onUpdate:value=fn rows=4  ... > 
  at <Anonymous value= {hashed: true, components: Object, theme: undefined, token: Object} > 
  at <ALocaleProvider locale=undefined ANT_MARK__="internalMark" > 
  at <LocaleReceiver children=fn<children> > 
  at <AConfigProvider theme= {token: Object} > 
  at <App> @ http://127.0.0.1:5173/@vite/client:528
[  443540ms] [WARNING] [Vue warn]: Invalid prop: type check failed for prop "onKeydown". Expected Function, got Array  
  at <ATextarea value="" onUpdate:value=fn rows=4  ... > 
  at <Anonymous value= {hashed: true, components: Object, theme: undefined, token: Object} > 
  at <ALocaleProvider locale=undefined ANT_MARK__="internalMark" > 
  at <LocaleReceiver children=fn<children> > 
  at <AConfigProvider theme= {token: Object} > 
  at <App> @ http://127.0.0.1:5173/@vite/client:528
[  443549ms] [WARNING] [Vue warn]: Invalid prop: type check failed for prop "onKeydown". Expected Function, got Array  
  at <ATextarea value="" onUpdate:value=fn rows=4  ... > 
  at <Anonymous value= {hashed: true, components: Object, theme: undefined, token: Object} > 
  at <ALocaleProvider locale=undefined ANT_MARK__="internalMark" > 
  at <LocaleReceiver children=fn<children> > 
  at <AConfigProvider theme= {token: Object} > 
  at <App> @ http://127.0.0.1:5173/@vite/client:528
[  443559ms] [WARNING] [Vue warn]: Invalid prop: type check failed for prop "onKeydown". Expected Function, got Array  
  at <ATextarea value="" onUpdate:value=fn rows=4  ... > 
  at <Anonymous value= {hashed: true, components: Object, theme: undefined, token: Object} > 
  at <ALocaleProvider locale=undefined ANT_MARK__="internalMark" > 
  at <LocaleReceiver children=fn<children> > 
  at <AConfigProvider theme= {token: Object} > 
  at <App> @ http://127.0.0.1:5173/@vite/client:528
[  443568ms] [WARNING] [Vue warn]: Invalid prop: type check failed for prop "onKeydown". Expected Function, got Array  
  at <ATextarea value="" onUpdate:value=fn rows=4  ... > 
  at <Anonymous value= {hashed: true, components: Object, theme: undefined, token: Object} > 
  at <ALocaleProvider locale=undefined ANT_MARK__="internalMark" > 
  at <LocaleReceiver children=fn<children> > 
  at <AConfigProvider theme= {token: Object} > 
  at <App> @ http://127.0.0.1:5173/@vite/client:528
[  443577ms] [WARNING] [Vue warn]: Invalid prop: type check failed for prop "onKeydown". Expected Function, got Array  
  at <ATextarea value="" onUpdate:value=fn rows=4  ... > 
  at <Anonymous value= {hashed: true, components: Object, theme: undefined, token: Object} > 
  at <ALocaleProvider locale=undefined ANT_MARK__="internalMark" > 
  at <LocaleReceiver children=fn<children> > 
  at <AConfigProvider theme= {token: Object} > 
  at <App> @ http://127.0.0.1:5173/@vite/client:528
[  443586ms] [WARNING] [Vue warn]: Invalid prop: type check failed for prop "onKeydown". Expected Function, got Array  
  at <ATextarea value="" onUpdate:value=fn rows=4  ... > 
  at <Anonymous value= {hashed: true, components: Object, theme: undefined, token: Object} > 
  at <ALocaleProvider locale=undefined ANT_MARK__="internalMark" > 
  at <LocaleReceiver children=fn<children> > 
  at <AConfigProvider theme= {token: Object} > 
  at <App> @ http://127.0.0.1:5173/@vite/client:528
[  443605ms] [WARNING] [Vue warn]: Invalid prop: type check failed for prop "onKeydown". Expected Function, got Array  
  at <ATextarea value="" onUpdate:value=fn rows=4  ... > 
  at <Anonymous value= {hashed: true, components: Object, theme: undefined, token: Object} > 
  at <ALocaleProvider locale=undefined ANT_MARK__="internalMark" > 
  at <LocaleReceiver children=fn<children> > 
  at <AConfigProvider theme= {token: Object} > 
  at <App> @ http://127.0.0.1:5173/@vite/client:528
[  443615ms] [WARNING] [Vue warn]: Invalid prop: type check failed for prop "onKeydown". Expected Function, got Array  
  at <ATextarea value="" onUpdate:value=fn rows=4  ... > 
  at <Anonymous value= {hashed: true, components: Object, theme: undefined, token: Object} > 
  at <ALocaleProvider locale=undefined ANT_MARK__="internalMark" > 
  at <LocaleReceiver children=fn<children> > 
  at <AConfigProvider theme= {token: Object} > 
  at <App> @ http://127.0.0.1:5173/@vite/client:528
[  443624ms] [WARNING] [Vue warn]: Invalid prop: type check failed for prop "onKeydown". Expected Function, got Array  
  at <ATextarea value="" onUpdate:value=fn rows=4  ... > 
  at <Anonymous value= {hashed: true, components: Object, theme: undefined, token: Object} > 
  at <ALocaleProvider locale=undefined ANT_MARK__="internalMark" > 
  at <LocaleReceiver children=fn<children> > 
  at <AConfigProvider theme= {token: Object} > 
  at <App> @ http://127.0.0.1:5173/@vite/client:528
[  443643ms] [WARNING] [Vue warn]: Invalid prop: type check failed for prop "onKeydown". Expected Function, got Array  
  at <ATextarea value="" onUpdate:value=fn rows=4  ... > 
  at <Anonymous value= {hashed: true, components: Object, theme: undefined, token: Object} > 
  at <ALocaleProvider locale=undefined ANT_MARK__="internalMark" > 
  at <LocaleReceiver children=fn<children> > 
  at <AConfigProvider theme= {token: Object} > 
  at <App> @ http://127.0.0.1:5173/@vite/client:528
[  443662ms] [WARNING] [Vue warn]: Invalid prop: type check failed for prop "onKeydown". Expected Function, got Array  
  at <ATextarea value="" onUpdate:value=fn rows=4  ... > 
  at <Anonymous value= {hashed: true, components: Object, theme: undefined, token: Object} > 
  at <ALocaleProvider locale=undefined ANT_MARK__="internalMark" > 
  at <LocaleReceiver children=fn<children> > 
  at <AConfigProvider theme= {token: Object} > 
  at <App> @ http://127.0.0.1:5173/@vite/client:528
[  443671ms] [WARNING] [Vue warn]: Invalid prop: type check failed for prop "onKeydown". Expected Function, got Array  
  at <ATextarea value="" onUpdate:value=fn rows=4  ... > 
  at <Anonymous value= {hashed: true, components: Object, theme: undefined, token: Object} > 
  at <ALocaleProvider locale=undefined ANT_MARK__="internalMark" > 
  at <LocaleReceiver children=fn<children> > 
  at <AConfigProvider theme= {token: Object} > 
  at <App> @ http://127.0.0.1:5173/@vite/client:528
[  443681ms] [WARNING] [Vue warn]: Invalid prop: type check failed for prop "onKeydown". Expected Function, got Array  
  at <ATextarea value="" onUpdate:value=fn rows=4  ... > 
  at <Anonymous value= {hashed: true, components: Object, theme: undefined, token: Object} > 
  at <ALocaleProvider locale=undefined ANT_MARK__="internalMark" > 
  at <LocaleReceiver children=fn<children> > 
  at <AConfigProvider theme= {token: Object} > 
  at <App> @ http://127.0.0.1:5173/@vite/client:528
[  443690ms] [WARNING] [Vue warn]: Invalid prop: type check failed for prop "onKeydown". Expected Function, got Array  
  at <ATextarea value="" onUpdate:value=fn rows=4  ... > 
  at <Anonymous value= {hashed: true, components: Object, theme: undefined, token: Object} > 
  at <ALocaleProvider locale=undefined ANT_MARK__="internalMark" > 
  at <LocaleReceiver children=fn<children> > 
  at <AConfigProvider theme= {token: Object} > 
  at <App> @ http://127.0.0.1:5173/@vite/client:528
[  443700ms] [WARNING] [Vue warn]: Invalid prop: type check failed for prop "onKeydown". Expected Function, got Array  
  at <ATextarea value="" onUpdate:value=fn rows=4  ... > 
  at <Anonymous value= {hashed: true, components: Object, theme: undefined, token: Object} > 
  at <ALocaleProvider locale=undefined ANT_MARK__="internalMark" > 
  at <LocaleReceiver children=fn<children> > 
  at <AConfigProvider theme= {token: Object} > 
  at <App> @ http://127.0.0.1:5173/@vite/client:528
[  443719ms] [WARNING] [Vue warn]: Invalid prop: type check failed for prop "onKeydown". Expected Function, got Array  
  at <ATextarea value="" onUpdate:value=fn rows=4  ... > 
  at <Anonymous value= {hashed: true, components: Object, theme: undefined, token: Object} > 
  at <ALocaleProvider locale=undefined ANT_MARK__="internalMark" > 
  at <LocaleReceiver children=fn<children> > 
  at <AConfigProvider theme= {token: Object} > 
  at <App> @ http://127.0.0.1:5173/@vite/client:528
[  443728ms] [WARNING] [Vue warn]: Invalid prop: type check failed for prop "onKeydown". Expected Function, got Array  
  at <ATextarea value="" onUpdate:value=fn rows=4  ... > 
  at <Anonymous value= {hashed: true, components: Object, theme: undefined, token: Object} > 
  at <ALocaleProvider locale=undefined ANT_MARK__="internalMark" > 
  at <LocaleReceiver children=fn<children> > 
  at <AConfigProvider theme= {token: Object} > 
  at <App> @ http://127.0.0.1:5173/@vite/client:528
[  443747ms] [WARNING] [Vue warn]: Invalid prop: type check failed for prop "onKeydown". Expected Function, got Array  
  at <ATextarea value="" onUpdate:value=fn rows=4  ... > 
  at <Anonymous value= {hashed: true, components: Object, theme: undefined, token: Object} > 
  at <ALocaleProvider locale=undefined ANT_MARK__="internalMark" > 
  at <LocaleReceiver children=fn<children> > 
  at <AConfigProvider theme= {token: Object} > 
  at <App> @ http://127.0.0.1:5173/@vite/client:528
[  443757ms] [WARNING] [Vue warn]: Invalid prop: type check failed for prop "onKeydown". Expected Function, got Array  
  at <ATextarea value="" onUpdate:value=fn rows=4  ... > 
  at <Anonymous value= {hashed: true, components: Object, theme: undefined, token: Object} > 
  at <ALocaleProvider locale=undefined ANT_MARK__="internalMark" > 
  at <LocaleReceiver children=fn<children> > 
  at <AConfigProvider theme= {token: Object} > 
  at <App> @ http://127.0.0.1:5173/@vite/client:528
[  443766ms] [WARNING] [Vue warn]: Invalid prop: type check failed for prop "onKeydown". Expected Function, got Array  
  at <ATextarea value="" onUpdate:value=fn rows=4  ... > 
  at <Anonymous value= {hashed: true, components: Object, theme: undefined, token: Object} > 
  at <ALocaleProvider locale=undefined ANT_MARK__="internalMark" > 
  at <LocaleReceiver children=fn<children> > 
  at <AConfigProvider theme= {token: Object} > 
  at <App> @ http://127.0.0.1:5173/@vite/client:528
[  443775ms] [WARNING] [Vue warn]: Invalid prop: type check failed for prop "onKeydown". Expected Function, got Array  
  at <ATextarea value="" onUpdate:value=fn rows=4  ... > 
  at <Anonymous value= {hashed: true, components: Object, theme: undefined, token: Object} > 
  at <ALocaleProvider locale=undefined ANT_MARK__="internalMark" > 
  at <LocaleReceiver children=fn<children> > 
  at <AConfigProvider theme= {token: Object} > 
  at <App> @ http://127.0.0.1:5173/@vite/client:528
[  443794ms] [WARNING] [Vue warn]: Invalid prop: type check failed for prop "onKeydown". Expected Function, got Array  
  at <ATextarea value="" onUpdate:value=fn rows=4  ... > 
  at <Anonymous value= {hashed: true, components: Object, theme: undefined, token: Object} > 
  at <ALocaleProvider locale=undefined ANT_MARK__="internalMark" > 
  at <LocaleReceiver children=fn<children> > 
  at <AConfigProvider theme= {token: Object} > 
  at <App> @ http://127.0.0.1:5173/@vite/client:528
[  443813ms] [WARNING] [Vue warn]: Invalid prop: type check failed for prop "onKeydown". Expected Function, got Array  
  at <ATextarea value="" onUpdate:value=fn rows=4  ... > 
  at <Anonymous value= {hashed: true, components: Object, theme: undefined, token: Object} > 
  at <ALocaleProvider locale=undefined ANT_MARK__="internalMark" > 
  at <LocaleReceiver children=fn<children> > 
  at <AConfigProvider theme= {token: Object} > 
  at <App> @ http://127.0.0.1:5173/@vite/client:528
[  443832ms] [WARNING] [Vue warn]: Invalid prop: type check failed for prop "onKeydown". Expected Function, got Array  
  at <ATextarea value="" onUpdate:value=fn rows=4  ... > 
  at <Anonymous value= {hashed: true, components: Object, theme: undefined, token: Object} > 
  at <ALocaleProvider locale=undefined ANT_MARK__="internalMark" > 
  at <LocaleReceiver children=fn<children> > 
  at <AConfigProvider theme= {token: Object} > 
  at <App> @ http://127.0.0.1:5173/@vite/client:528
[  443841ms] [WARNING] [Vue warn]: Invalid prop: type check failed for prop "onKeydown". Expected Function, got Array  
  at <ATextarea value="" onUpdate:value=fn rows=4  ... > 
  at <Anonymous value= {hashed: true, components: Object, theme: undefined, token: Object} > 
  at <ALocaleProvider locale=undefined ANT_MARK__="internalMark" > 
  at <LocaleReceiver children=fn<children> > 
  at <AConfigProvider theme= {token: Object} > 
  at <App> @ http://127.0.0.1:5173/@vite/client:528
[  443850ms] [WARNING] [Vue warn]: Invalid prop: type check failed for prop "onKeydown". Expected Function, got Array  
  at <ATextarea value="" onUpdate:value=fn rows=4  ... > 
  at <Anonymous value= {hashed: true, components: Object, theme: undefined, token: Object} > 
  at <ALocaleProvider locale=undefined ANT_MARK__="internalMark" > 
  at <LocaleReceiver children=fn<children> > 
  at <AConfigProvider theme= {token: Object} > 
  at <App> @ http://127.0.0.1:5173/@vite/client:528
[  443860ms] [WARNING] [Vue warn]: Invalid prop: type check failed for prop "onKeydown". Expected Function, got Array  
  at <ATextarea value="" onUpdate:value=fn rows=4  ... > 
  at <Anonymous value= {hashed: true, components: Object, theme: undefined, token: Object} > 
  at <ALocaleProvider locale=undefined ANT_MARK__="internalMark" > 
  at <LocaleReceiver children=fn<children> > 
  at <AConfigProvider theme= {token: Object} > 
  at <App> @ http://127.0.0.1:5173/@vite/client:528
[  443869ms] [WARNING] [Vue warn]: Invalid prop: type check failed for prop "onKeydown". Expected Function, got Array  
  at <ATextarea value="" onUpdate:value=fn rows=4  ... > 
  at <Anonymous value= {hashed: true, components: Object, theme: undefined, token: Object} > 
  at <ALocaleProvider locale=undefined ANT_MARK__="internalMark" > 
  at <LocaleReceiver children=fn<children> > 
  at <AConfigProvider theme= {token: Object} > 
  at <App> @ http://127.0.0.1:5173/@vite/client:528
[  443879ms] [WARNING] [Vue warn]: Invalid prop: type check failed for prop "onKeydown". Expected Function, got Array  
  at <ATextarea value="" onUpdate:value=fn rows=4  ... > 
  at <Anonymous value= {hashed: true, components: Object, theme: undefined, token: Object} > 
  at <ALocaleProvider locale=undefined ANT_MARK__="internalMark" > 
  at <LocaleReceiver children=fn<children> > 
  at <AConfigProvider theme= {token: Object} > 
  at <App> @ http://127.0.0.1:5173/@vite/client:528
[  443888ms] [WARNING] [Vue warn]: Invalid prop: type check failed for prop "onKeydown". Expected Function, got Array  
  at <ATextarea value="" onUpdate:value=fn rows=4  ... > 
  at <Anonymous value= {hashed: true, components: Object, theme: undefined, token: Object} > 
  at <ALocaleProvider locale=undefined ANT_MARK__="internalMark" > 
  at <LocaleReceiver children=fn<children> > 
  at <AConfigProvider theme= {token: Object} > 
  at <App> @ http://127.0.0.1:5173/@vite/client:528
[  443897ms] [WARNING] [Vue warn]: Invalid prop: type check failed for prop "onKeydown". Expected Function, got Array  
  at <ATextarea value="" onUpdate:value=fn rows=4  ... > 
  at <Anonymous value= {hashed: true, components: Object, theme: undefined, token: Object} > 
  at <ALocaleProvider locale=undefined ANT_MARK__="internalMark" > 
  at <LocaleReceiver children=fn<children> > 
  at <AConfigProvider theme= {token: Object} > 
  at <App> @ http://127.0.0.1:5173/@vite/client:528
[  443907ms] [WARNING] [Vue warn]: Invalid prop: type check failed for prop "onKeydown". Expected Function, got Array  
  at <ATextarea value="" onUpdate:value=fn rows=4  ... > 
  at <Anonymous value= {hashed: true, components: Object, theme: undefined, token: Object} > 
  at <ALocaleProvider locale=undefined ANT_MARK__="internalMark" > 
  at <LocaleReceiver children=fn<children> > 
  at <AConfigProvider theme= {token: Object} > 
  at <App> @ http://127.0.0.1:5173/@vite/client:528
[  443916ms] [WARNING] [Vue warn]: Invalid prop: type check failed for prop "onKeydown". Expected Function, got Array  
  at <ATextarea value="" onUpdate:value=fn rows=4  ... > 
  at <Anonymous value= {hashed: true, components: Object, theme: undefined, token: Object} > 
  at <ALocaleProvider locale=undefined ANT_MARK__="internalMark" > 
  at <LocaleReceiver children=fn<children> > 
  at <AConfigProvider theme= {token: Object} > 
  at <App> @ http://127.0.0.1:5173/@vite/client:528
[  443926ms] [WARNING] [Vue warn]: Invalid prop: type check failed for prop "onKeydown". Expected Function, got Array  
  at <ATextarea value="" onUpdate:value=fn rows=4  ... > 
  at <Anonymous value= {hashed: true, components: Object, theme: undefined, token: Object} > 
  at <ALocaleProvider locale=undefined ANT_MARK__="internalMark" > 
  at <LocaleReceiver children=fn<children> > 
  at <AConfigProvider theme= {token: Object} > 
  at <App> @ http://127.0.0.1:5173/@vite/client:528
[  443935ms] [WARNING] [Vue warn]: Invalid prop: type check failed for prop "onKeydown". Expected Function, got Array  
  at <ATextarea value="" onUpdate:value=fn rows=4  ... > 
  at <Anonymous value= {hashed: true, components: Object, theme: undefined, token: Object} > 
  at <ALocaleProvider locale=undefined ANT_MARK__="internalMark" > 
  at <LocaleReceiver children=fn<children> > 
  at <AConfigProvider theme= {token: Object} > 
  at <App> @ http://127.0.0.1:5173/@vite/client:528
[  443954ms] [WARNING] [Vue warn]: Invalid prop: type check failed for prop "onKeydown". Expected Function, got Array  
  at <ATextarea value="" onUpdate:value=fn rows=4  ... > 
  at <Anonymous value= {hashed: true, components: Object, theme: undefined, token: Object} > 
  at <ALocaleProvider locale=undefined ANT_MARK__="internalMark" > 
  at <LocaleReceiver children=fn<children> > 
  at <AConfigProvider theme= {token: Object} > 
  at <App> @ http://127.0.0.1:5173/@vite/client:528
[  443973ms] [WARNING] [Vue warn]: Invalid prop: type check failed for prop "onKeydown". Expected Function, got Array  
  at <ATextarea value="" onUpdate:value=fn rows=4  ... > 
  at <Anonymous value= {hashed: true, components: Object, theme: undefined, token: Object} > 
  at <ALocaleProvider locale=undefined ANT_MARK__="internalMark" > 
  at <LocaleReceiver children=fn<children> > 
  at <AConfigProvider theme= {token: Object} > 
  at <App> @ http://127.0.0.1:5173/@vite/client:528
[  443982ms] [WARNING] [Vue warn]: Invalid prop: type check failed for prop "onKeydown". Expected Function, got Array  
  at <ATextarea value="" onUpdate:value=fn rows=4  ... > 
  at <Anonymous value= {hashed: true, components: Object, theme: undefined, token: Object} > 
  at <ALocaleProvider locale=undefined ANT_MARK__="internalMark" > 
  at <LocaleReceiver children=fn<children> > 
  at <AConfigProvider theme= {token: Object} > 
  at <App> @ http://127.0.0.1:5173/@vite/client:528
[  443991ms] [WARNING] [Vue warn]: Invalid prop: type check failed for prop "onKeydown". Expected Function, got Array  
  at <ATextarea value="" onUpdate:value=fn rows=4  ... > 
  at <Anonymous value= {hashed: true, components: Object, theme: undefined, token: Object} > 
  at <ALocaleProvider locale=undefined ANT_MARK__="internalMark" > 
  at <LocaleReceiver children=fn<children> > 
  at <AConfigProvider theme= {token: Object} > 
  at <App> @ http://127.0.0.1:5173/@vite/client:528
[  444001ms] [WARNING] [Vue warn]: Invalid prop: type check failed for prop "onKeydown". Expected Function, got Array  
  at <ATextarea value="" onUpdate:value=fn rows=4  ... > 
  at <Anonymous value= {hashed: true, components: Object, theme: undefined, token: Object} > 
  at <ALocaleProvider locale=undefined ANT_MARK__="internalMark" > 
  at <LocaleReceiver children=fn<children> > 
  at <AConfigProvider theme= {token: Object} > 
  at <App> @ http://127.0.0.1:5173/@vite/client:528
[  444010ms] [WARNING] [Vue warn]: Invalid prop: type check failed for prop "onKeydown". Expected Function, got Array  
  at <ATextarea value="" onUpdate:value=fn rows=4  ... > 
  at <Anonymous value= {hashed: true, components: Object, theme: undefined, token: Object} > 
  at <ALocaleProvider locale=undefined ANT_MARK__="internalMark" > 
  at <LocaleReceiver children=fn<children> > 
  at <AConfigProvider theme= {token: Object} > 
  at <App> @ http://127.0.0.1:5173/@vite/client:528
[  444020ms] [WARNING] [Vue warn]: Invalid prop: type check failed for prop "onKeydown". Expected Function, got Array  
  at <ATextarea value="" onUpdate:value=fn rows=4  ... > 
  at <Anonymous value= {hashed: true, components: Object, theme: undefined, token: Object} > 
  at <ALocaleProvider locale=undefined ANT_MARK__="internalMark" > 
  at <LocaleReceiver children=fn<children> > 
  at <AConfigProvider theme= {token: Object} > 
  at <App> @ http://127.0.0.1:5173/@vite/client:528
[  444029ms] [WARNING] [Vue warn]: Invalid prop: type check failed for prop "onKeydown". Expected Function, got Array  
  at <ATextarea value="" onUpdate:value=fn rows=4  ... > 
  at <Anonymous value= {hashed: true, components: Object, theme: undefined, token: Object} > 
  at <ALocaleProvider locale=undefined ANT_MARK__="internalMark" > 
  at <LocaleReceiver children=fn<children> > 
  at <AConfigProvider theme= {token: Object} > 
  at <App> @ http://127.0.0.1:5173/@vite/client:528
[  444048ms] [WARNING] [Vue warn]: Invalid prop: type check failed for prop "onKeydown". Expected Function, got Array  
  at <ATextarea value="" onUpdate:value=fn rows=4  ... > 
  at <Anonymous value= {hashed: true, components: Object, theme: undefined, token: Object} > 
  at <ALocaleProvider locale=undefined ANT_MARK__="internalMark" > 
  at <LocaleReceiver children=fn<children> > 
  at <AConfigProvider theme= {token: Object} > 
  at <App> @ http://127.0.0.1:5173/@vite/client:528
[  444057ms] [WARNING] [Vue warn]: Invalid prop: type check failed for prop "onKeydown". Expected Function, got Array  
  at <ATextarea value="" onUpdate:value=fn rows=4  ... > 
  at <Anonymous value= {hashed: true, components: Object, theme: undefined, token: Object} > 
  at <ALocaleProvider locale=undefined ANT_MARK__="internalMark" > 
  at <LocaleReceiver children=fn<children> > 
  at <AConfigProvider theme= {token: Object} > 
  at <App> @ http://127.0.0.1:5173/@vite/client:528
[  444067ms] [WARNING] [Vue warn]: Invalid prop: type check failed for prop "onKeydown". Expected Function, got Array  
  at <ATextarea value="" onUpdate:value=fn rows=4  ... > 
  at <Anonymous value= {hashed: true, components: Object, theme: undefined, token: Object} > 
  at <ALocaleProvider locale=undefined ANT_MARK__="internalMark" > 
  at <LocaleReceiver children=fn<children> > 
  at <AConfigProvider theme= {token: Object} > 
  at <App> @ http://127.0.0.1:5173/@vite/client:528
[  444076ms] [WARNING] [Vue warn]: Invalid prop: type check failed for prop "onKeydown". Expected Function, got Array  
  at <ATextarea value="" onUpdate:value=fn rows=4  ... > 
  at <Anonymous value= {hashed: true, components: Object, theme: undefined, token: Object} > 
  at <ALocaleProvider locale=undefined ANT_MARK__="internalMark" > 
  at <LocaleReceiver children=fn<children> > 
  at <AConfigProvider theme= {token: Object} > 
  at <App> @ http://127.0.0.1:5173/@vite/client:528
[  444085ms] [WARNING] [Vue warn]: Invalid prop: type check failed for prop "onKeydown". Expected Function, got Array  
  at <ATextarea value="" onUpdate:value=fn rows=4  ... > 
  at <Anonymous value= {hashed: true, components: Object, theme: undefined, token: Object} > 
  at <ALocaleProvider locale=undefined ANT_MARK__="internalMark" > 
  at <LocaleReceiver children=fn<children> > 
  at <AConfigProvider theme= {token: Object} > 
  at <App> @ http://127.0.0.1:5173/@vite/client:528
[  444095ms] [WARNING] [Vue warn]: Invalid prop: type check failed for prop "onKeydown". Expected Function, got Array  
  at <ATextarea value="" onUpdate:value=fn rows=4  ... > 
  at <Anonymous value= {hashed: true, components: Object, theme: undefined, token: Object} > 
  at <ALocaleProvider locale=undefined ANT_MARK__="internalMark" > 
  at <LocaleReceiver children=fn<children> > 
  at <AConfigProvider theme= {token: Object} > 
  at <App> @ http://127.0.0.1:5173/@vite/client:528
[  444104ms] [WARNING] [Vue warn]: Invalid prop: type check failed for prop "onKeydown". Expected Function, got Array  
  at <ATextarea value="" onUpdate:value=fn rows=4  ... > 
  at <Anonymous value= {hashed: true, components: Object, theme: undefined, token: Object} > 
  at <ALocaleProvider locale=undefined ANT_MARK__="internalMark" > 
  at <LocaleReceiver children=fn<children> > 
  at <AConfigProvider theme= {token: Object} > 
  at <App> @ http://127.0.0.1:5173/@vite/client:528
[  444114ms] [WARNING] [Vue warn]: Invalid prop: type check failed for prop "onKeydown". Expected Function, got Array  
  at <ATextarea value="" onUpdate:value=fn rows=4  ... > 
  at <Anonymous value= {hashed: true, components: Object, theme: undefined, token: Object} > 
  at <ALocaleProvider locale=undefined ANT_MARK__="internalMark" > 
  at <LocaleReceiver children=fn<children> > 
  at <AConfigProvider theme= {token: Object} > 
  at <App> @ http://127.0.0.1:5173/@vite/client:528
[  444123ms] [WARNING] [Vue warn]: Invalid prop: type check failed for prop "onKeydown". Expected Function, got Array  
  at <ATextarea value="" onUpdate:value=fn rows=4  ... > 
  at <Anonymous value= {hashed: true, components: Object, theme: undefined, token: Object} > 
  at <ALocaleProvider locale=undefined ANT_MARK__="internalMark" > 
  at <LocaleReceiver children=fn<children> > 
  at <AConfigProvider theme= {token: Object} > 
  at <App> @ http://127.0.0.1:5173/@vite/client:528
[  444142ms] [WARNING] [Vue warn]: Invalid prop: type check failed for prop "onKeydown". Expected Function, got Array  
  at <ATextarea value="" onUpdate:value=fn rows=4  ... > 
  at <Anonymous value= {hashed: true, components: Object, theme: undefined, token: Object} > 
  at <ALocaleProvider locale=undefined ANT_MARK__="internalMark" > 
  at <LocaleReceiver children=fn<children> > 
  at <AConfigProvider theme= {token: Object} > 
  at <App> @ http://127.0.0.1:5173/@vite/client:528
[  444151ms] [WARNING] [Vue warn]: Invalid prop: type check failed for prop "onKeydown". Expected Function, got Array  
  at <ATextarea value="" onUpdate:value=fn rows=4  ... > 
  at <Anonymous value= {hashed: true, components: Object, theme: undefined, token: Object} > 
  at <ALocaleProvider locale=undefined ANT_MARK__="internalMark" > 
  at <LocaleReceiver children=fn<children> > 
  at <AConfigProvider theme= {token: Object} > 
  at <App> @ http://127.0.0.1:5173/@vite/client:528
[  444160ms] [WARNING] [Vue warn]: Invalid prop: type check failed for prop "onKeydown". Expected Function, got Array  
  at <ATextarea value="" onUpdate:value=fn rows=4  ... > 
  at <Anonymous value= {hashed: true, components: Object, theme: undefined, token: Object} > 
  at <ALocaleProvider locale=undefined ANT_MARK__="internalMark" > 
  at <LocaleReceiver children=fn<children> > 
  at <AConfigProvider theme= {token: Object} > 
  at <App> @ http://127.0.0.1:5173/@vite/client:528
[  444170ms] [WARNING] [Vue warn]: Invalid prop: type check failed for prop "onKeydown". Expected Function, got Array  
  at <ATextarea value="" onUpdate:value=fn rows=4  ... > 
  at <Anonymous value= {hashed: true, components: Object, theme: undefined, token: Object} > 
  at <ALocaleProvider locale=undefined ANT_MARK__="internalMark" > 
  at <LocaleReceiver children=fn<children> > 
  at <AConfigProvider theme= {token: Object} > 
  at <App> @ http://127.0.0.1:5173/@vite/client:528
[  444180ms] [WARNING] [Vue warn]: Invalid prop: type check failed for prop "onKeydown". Expected Function, got Array  
  at <ATextarea value="" onUpdate:value=fn rows=4  ... > 
  at <Anonymous value= {hashed: true, components: Object, theme: undefined, token: Object} > 
  at <ALocaleProvider locale=undefined ANT_MARK__="internalMark" > 
  at <LocaleReceiver children=fn<children> > 
  at <AConfigProvider theme= {token: Object} > 
  at <App> @ http://127.0.0.1:5173/@vite/client:528
[  444188ms] [WARNING] [Vue warn]: Invalid prop: type check failed for prop "onKeydown". Expected Function, got Array  
  at <ATextarea value="" onUpdate:value=fn rows=4  ... > 
  at <Anonymous value= {hashed: true, components: Object, theme: undefined, token: Object} > 
  at <ALocaleProvider locale=undefined ANT_MARK__="internalMark" > 
  at <LocaleReceiver children=fn<children> > 
  at <AConfigProvider theme= {token: Object} > 
  at <App> @ http://127.0.0.1:5173/@vite/client:528
[  444198ms] [WARNING] [Vue warn]: Invalid prop: type check failed for prop "onKeydown". Expected Function, got Array  
  at <ATextarea value="" onUpdate:value=fn rows=4  ... > 
  at <Anonymous value= {hashed: true, components: Object, theme: undefined, token: Object} > 
  at <ALocaleProvider locale=undefined ANT_MARK__="internalMark" > 
  at <LocaleReceiver children=fn<children> > 
  at <AConfigProvider theme= {token: Object} > 
  at <App> @ http://127.0.0.1:5173/@vite/client:528
[  444207ms] [WARNING] [Vue warn]: Invalid prop: type check failed for prop "onKeydown". Expected Function, got Array  
  at <ATextarea value="" onUpdate:value=fn rows=4  ... > 
  at <Anonymous value= {hashed: true, components: Object, theme: undefined, token: Object} > 
  at <ALocaleProvider locale=undefined ANT_MARK__="internalMark" > 
  at <LocaleReceiver children=fn<children> > 
  at <AConfigProvider theme= {token: Object} > 
  at <App> @ http://127.0.0.1:5173/@vite/client:528
[  444217ms] [WARNING] [Vue warn]: Invalid prop: type check failed for prop "onKeydown". Expected Function, got Array  
  at <ATextarea value="" onUpdate:value=fn rows=4  ... > 
  at <Anonymous value= {hashed: true, components: Object, theme: undefined, token: Object} > 
  at <ALocaleProvider locale=undefined ANT_MARK__="internalMark" > 
  at <LocaleReceiver children=fn<children> > 
  at <AConfigProvider theme= {token: Object} > 
  at <App> @ http://127.0.0.1:5173/@vite/client:528
[  444226ms] [WARNING] [Vue warn]: Invalid prop: type check failed for prop "onKeydown". Expected Function, got Array  
  at <ATextarea value="" onUpdate:value=fn rows=4  ... > 
  at <Anonymous value= {hashed: true, components: Object, theme: undefined, token: Object} > 
  at <ALocaleProvider locale=undefined ANT_MARK__="internalMark" > 
  at <LocaleReceiver children=fn<children> > 
  at <AConfigProvider theme= {token: Object} > 
  at <App> @ http://127.0.0.1:5173/@vite/client:528
[  444235ms] [WARNING] [Vue warn]: Invalid prop: type check failed for prop "onKeydown". Expected Function, got Array  
  at <ATextarea value="" onUpdate:value=fn rows=4  ... > 
  at <Anonymous value= {hashed: true, components: Object, theme: undefined, token: Object} > 
  at <ALocaleProvider locale=undefined ANT_MARK__="internalMark" > 
  at <LocaleReceiver children=fn<children> > 
  at <AConfigProvider theme= {token: Object} > 
  at <App> @ http://127.0.0.1:5173/@vite/client:528
[  444254ms] [WARNING] [Vue warn]: Invalid prop: type check failed for prop "onKeydown". Expected Function, got Array  
  at <ATextarea value="" onUpdate:value=fn rows=4  ... > 
  at <Anonymous value= {hashed: true, components: Object, theme: undefined, token: Object} > 
  at <ALocaleProvider locale=undefined ANT_MARK__="internalMark" > 
  at <LocaleReceiver children=fn<children> > 
  at <AConfigProvider theme= {token: Object} > 
  at <App> @ http://127.0.0.1:5173/@vite/client:528
[  444263ms] [WARNING] [Vue warn]: Invalid prop: type check failed for prop "onKeydown". Expected Function, got Array  
  at <ATextarea value="" onUpdate:value=fn rows=4  ... > 
  at <Anonymous value= {hashed: true, components: Object, theme: undefined, token: Object} > 
  at <ALocaleProvider locale=undefined ANT_MARK__="internalMark" > 
  at <LocaleReceiver children=fn<children> > 
  at <AConfigProvider theme= {token: Object} > 
  at <App> @ http://127.0.0.1:5173/@vite/client:528
[  444282ms] [WARNING] [Vue warn]: Invalid prop: type check failed for prop "onKeydown". Expected Function, got Array  
  at <ATextarea value="" onUpdate:value=fn rows=4  ... > 
  at <Anonymous value= {hashed: true, components: Object, theme: undefined, token: Object} > 
  at <ALocaleProvider locale=undefined ANT_MARK__="internalMark" > 
  at <LocaleReceiver children=fn<children> > 
  at <AConfigProvider theme= {token: Object} > 
  at <App> @ http://127.0.0.1:5173/@vite/client:528
[  444292ms] [WARNING] [Vue warn]: Invalid prop: type check failed for prop "onKeydown". Expected Function, got Array  
  at <ATextarea value="" onUpdate:value=fn rows=4  ... > 
  at <Anonymous value= {hashed: true, components: Object, theme: undefined, token: Object} > 
  at <ALocaleProvider locale=undefined ANT_MARK__="internalMark" > 
  at <LocaleReceiver children=fn<children> > 
  at <AConfigProvider theme= {token: Object} > 
  at <App> @ http://127.0.0.1:5173/@vite/client:528
[  444301ms] [WARNING] [Vue warn]: Invalid prop: type check failed for prop "onKeydown". Expected Function, got Array  
  at <ATextarea value="" onUpdate:value=fn rows=4  ... > 
  at <Anonymous value= {hashed: true, components: Object, theme: undefined, token: Object} > 
  at <ALocaleProvider locale=undefined ANT_MARK__="internalMark" > 
  at <LocaleReceiver children=fn<children> > 
  at <AConfigProvider theme= {token: Object} > 
  at <App> @ http://127.0.0.1:5173/@vite/client:528
[  444311ms] [WARNING] [Vue warn]: Invalid prop: type check failed for prop "onKeydown". Expected Function, got Array  
  at <ATextarea value="" onUpdate:value=fn rows=4  ... > 
  at <Anonymous value= {hashed: true, components: Object, theme: undefined, token: Object} > 
  at <ALocaleProvider locale=undefined ANT_MARK__="internalMark" > 
  at <LocaleReceiver children=fn<children> > 
  at <AConfigProvider theme= {token: Object} > 
  at <App> @ http://127.0.0.1:5173/@vite/client:528
[  444320ms] [WARNING] [Vue warn]: Invalid prop: type check failed for prop "onKeydown". Expected Function, got Array  
  at <ATextarea value="" onUpdate:value=fn rows=4  ... > 
  at <Anonymous value= {hashed: true, components: Object, theme: undefined, token: Object} > 
  at <ALocaleProvider locale=undefined ANT_MARK__="internalMark" > 
  at <LocaleReceiver children=fn<children> > 
  at <AConfigProvider theme= {token: Object} > 
  at <App> @ http://127.0.0.1:5173/@vite/client:528
[  444329ms] [WARNING] [Vue warn]: Invalid prop: type check failed for prop "onKeydown". Expected Function, got Array  
  at <ATextarea value="" onUpdate:value=fn rows=4  ... > 
  at <Anonymous value= {hashed: true, components: Object, theme: undefined, token: Object} > 
  at <ALocaleProvider locale=undefined ANT_MARK__="internalMark" > 
  at <LocaleReceiver children=fn<children> > 
  at <AConfigProvider theme= {token: Object} > 
  at <App> @ http://127.0.0.1:5173/@vite/client:528
[  444340ms] [WARNING] [Vue warn]: Invalid prop: type check failed for prop "onKeydown". Expected Function, got Array  
  at <ATextarea value="" onUpdate:value=fn rows=4  ... > 
  at <Anonymous value= {hashed: true, components: Object, theme: undefined, token: Object} > 
  at <ALocaleProvider locale=undefined ANT_MARK__="internalMark" > 
  at <LocaleReceiver children=fn<children> > 
  at <AConfigProvider theme= {token: Object} > 
  at <App> @ http://127.0.0.1:5173/@vite/client:528
[  444349ms] [WARNING] [Vue warn]: Invalid prop: type check failed for prop "onKeydown". Expected Function, got Array  
  at <ATextarea value="" onUpdate:value=fn rows=4  ... > 
  at <Anonymous value= {hashed: true, components: Object, theme: undefined, token: Object} > 
  at <ALocaleProvider locale=undefined ANT_MARK__="internalMark" > 
  at <LocaleReceiver children=fn<children> > 
  at <AConfigProvider theme= {token: Object} > 
  at <App> @ http://127.0.0.1:5173/@vite/client:528
[  444358ms] [WARNING] [Vue warn]: Invalid prop: type check failed for prop "onKeydown". Expected Function, got Array  
  at <ATextarea value="" onUpdate:value=fn rows=4  ... > 
  at <Anonymous value= {hashed: true, components: Object, theme: undefined, token: Object} > 
  at <ALocaleProvider locale=undefined ANT_MARK__="internalMark" > 
  at <LocaleReceiver children=fn<children> > 
  at <AConfigProvider theme= {token: Object} > 
  at <App> @ http://127.0.0.1:5173/@vite/client:528
[  444368ms] [WARNING] [Vue warn]: Invalid prop: type check failed for prop "onKeydown". Expected Function, got Array  
  at <ATextarea value="" onUpdate:value=fn rows=4  ... > 
  at <Anonymous value= {hashed: true, components: Object, theme: undefined, token: Object} > 
  at <ALocaleProvider locale=undefined ANT_MARK__="internalMark" > 
  at <LocaleReceiver children=fn<children> > 
  at <AConfigProvider theme= {token: Object} > 
  at <App> @ http://127.0.0.1:5173/@vite/client:528
[  444377ms] [WARNING] [Vue warn]: Invalid prop: type check failed for prop "onKeydown". Expected Function, got Array  
  at <ATextarea value="" onUpdate:value=fn rows=4  ... > 
  at <Anonymous value= {hashed: true, components: Object, theme: undefined, token: Object} > 
  at <ALocaleProvider locale=undefined ANT_MARK__="internalMark" > 
  at <LocaleReceiver children=fn<children> > 
  at <AConfigProvider theme= {token: Object} > 
  at <App> @ http://127.0.0.1:5173/@vite/client:528
[  444387ms] [WARNING] [Vue warn]: Invalid prop: type check failed for prop "onKeydown". Expected Function, got Array  
  at <ATextarea value="" onUpdate:value=fn rows=4  ... > 
  at <Anonymous value= {hashed: true, components: Object, theme: undefined, token: Object} > 
  at <ALocaleProvider locale=undefined ANT_MARK__="internalMark" > 
  at <LocaleReceiver children=fn<children> > 
  at <AConfigProvider theme= {token: Object} > 
  at <App> @ http://127.0.0.1:5173/@vite/client:528
[  444396ms] [WARNING] [Vue warn]: Invalid prop: type check failed for prop "onKeydown". Expected Function, got Array  
  at <ATextarea value="" onUpdate:value=fn rows=4  ... > 
  at <Anonymous value= {hashed: true, components: Object, theme: undefined, token: Object} > 
  at <ALocaleProvider locale=undefined ANT_MARK__="internalMark" > 
  at <LocaleReceiver children=fn<children> > 
  at <AConfigProvider theme= {token: Object} > 
  at <App> @ http://127.0.0.1:5173/@vite/client:528
[  444405ms] [WARNING] [Vue warn]: Invalid prop: type check failed for prop "onKeydown". Expected Function, got Array  
  at <ATextarea value="" onUpdate:value=fn rows=4  ... > 
  at <Anonymous value= {hashed: true, components: Object, theme: undefined, token: Object} > 
  at <ALocaleProvider locale=undefined ANT_MARK__="internalMark" > 
  at <LocaleReceiver children=fn<children> > 
  at <AConfigProvider theme= {token: Object} > 
  at <App> @ http://127.0.0.1:5173/@vite/client:528
[  444415ms] [WARNING] [Vue warn]: Invalid prop: type check failed for prop "onKeydown". Expected Function, got Array  
  at <ATextarea value="" onUpdate:value=fn rows=4  ... > 
  at <Anonymous value= {hashed: true, components: Object, theme: undefined, token: Object} > 
  at <ALocaleProvider locale=undefined ANT_MARK__="internalMark" > 
  at <LocaleReceiver children=fn<children> > 
  at <AConfigProvider theme= {token: Object} > 
  at <App> @ http://127.0.0.1:5173/@vite/client:528
[  444424ms] [WARNING] [Vue warn]: Invalid prop: type check failed for prop "onKeydown". Expected Function, got Array  
  at <ATextarea value="" onUpdate:value=fn rows=4  ... > 
  at <Anonymous value= {hashed: true, components: Object, theme: undefined, token: Object} > 
  at <ALocaleProvider locale=undefined ANT_MARK__="internalMark" > 
  at <LocaleReceiver children=fn<children> > 
  at <AConfigProvider theme= {token: Object} > 
  at <App> @ http://127.0.0.1:5173/@vite/client:528
[  444433ms] [WARNING] [Vue warn]: Invalid prop: type check failed for prop "onKeydown". Expected Function, got Array  
  at <ATextarea value="" onUpdate:value=fn rows=4  ... > 
  at <Anonymous value= {hashed: true, components: Object, theme: undefined, token: Object} > 
  at <ALocaleProvider locale=undefined ANT_MARK__="internalMark" > 
  at <LocaleReceiver children=fn<children> > 
  at <AConfigProvider theme= {token: Object} > 
  at <App> @ http://127.0.0.1:5173/@vite/client:528
[  444443ms] [WARNING] [Vue warn]: Invalid prop: type check failed for prop "onKeydown". Expected Function, got Array  
  at <ATextarea value="" onUpdate:value=fn rows=4  ... > 
  at <Anonymous value= {hashed: true, components: Object, theme: undefined, token: Object} > 
  at <ALocaleProvider locale=undefined ANT_MARK__="internalMark" > 
  at <LocaleReceiver children=fn<children> > 
  at <AConfigProvider theme= {token: Object} > 
  at <App> @ http://127.0.0.1:5173/@vite/client:528
[  444452ms] [WARNING] [Vue warn]: Invalid prop: type check failed for prop "onKeydown". Expected Function, got Array  
  at <ATextarea value="" onUpdate:value=fn rows=4  ... > 
  at <Anonymous value= {hashed: true, components: Object, theme: undefined, token: Object} > 
  at <ALocaleProvider locale=undefined ANT_MARK__="internalMark" > 
  at <LocaleReceiver children=fn<children> > 
  at <AConfigProvider theme= {token: Object} > 
  at <App> @ http://127.0.0.1:5173/@vite/client:528
[  444462ms] [WARNING] [Vue warn]: Invalid prop: type check failed for prop "onKeydown". Expected Function, got Array  
  at <ATextarea value="" onUpdate:value=fn rows=4  ... > 
  at <Anonymous value= {hashed: true, components: Object, theme: undefined, token: Object} > 
  at <ALocaleProvider locale=undefined ANT_MARK__="internalMark" > 
  at <LocaleReceiver children=fn<children> > 
  at <AConfigProvider theme= {token: Object} > 
  at <App> @ http://127.0.0.1:5173/@vite/client:528
[  444471ms] [WARNING] [Vue warn]: Invalid prop: type check failed for prop "onKeydown". Expected Function, got Array  
  at <ATextarea value="" onUpdate:value=fn rows=4  ... > 
  at <Anonymous value= {hashed: true, components: Object, theme: undefined, token: Object} > 
  at <ALocaleProvider locale=undefined ANT_MARK__="internalMark" > 
  at <LocaleReceiver children=fn<children> > 
  at <AConfigProvider theme= {token: Object} > 
  at <App> @ http://127.0.0.1:5173/@vite/client:528
[  444481ms] [WARNING] [Vue warn]: Invalid prop: type check failed for prop "onKeydown". Expected Function, got Array  
  at <ATextarea value="" onUpdate:value=fn rows=4  ... > 
  at <Anonymous value= {hashed: true, components: Object, theme: undefined, token: Object} > 
  at <ALocaleProvider locale=undefined ANT_MARK__="internalMark" > 
  at <LocaleReceiver children=fn<children> > 
  at <AConfigProvider theme= {token: Object} > 
  at <App> @ http://127.0.0.1:5173/@vite/client:528
[  444490ms] [WARNING] [Vue warn]: Invalid prop: type check failed for prop "onKeydown". Expected Function, got Array  
  at <ATextarea value="" onUpdate:value=fn rows=4  ... > 
  at <Anonymous value= {hashed: true, components: Object, theme: undefined, token: Object} > 
  at <ALocaleProvider locale=undefined ANT_MARK__="internalMark" > 
  at <LocaleReceiver children=fn<children> > 
  at <AConfigProvider theme= {token: Object} > 
  at <App> @ http://127.0.0.1:5173/@vite/client:528
[  444499ms] [WARNING] [Vue warn]: Invalid prop: type check failed for prop "onKeydown". Expected Function, got Array  
  at <ATextarea value="" onUpdate:value=fn rows=4  ... > 
  at <Anonymous value= {hashed: true, components: Object, theme: undefined, token: Object} > 
  at <ALocaleProvider locale=undefined ANT_MARK__="internalMark" > 
  at <LocaleReceiver children=fn<children> > 
  at <AConfigProvider theme= {token: Object} > 
  at <App> @ http://127.0.0.1:5173/@vite/client:528
[  444509ms] [WARNING] [Vue warn]: Invalid prop: type check failed for prop "onKeydown". Expected Function, got Array  
  at <ATextarea value="" onUpdate:value=fn rows=4  ... > 
  at <Anonymous value= {hashed: true, components: Object, theme: undefined, token: Object} > 
  at <ALocaleProvider locale=undefined ANT_MARK__="internalMark" > 
  at <LocaleReceiver children=fn<children> > 
  at <AConfigProvider theme= {token: Object} > 
  at <App> @ http://127.0.0.1:5173/@vite/client:528
[  444518ms] [WARNING] [Vue warn]: Invalid prop: type check failed for prop "onKeydown". Expected Function, got Array  
  at <ATextarea value="" onUpdate:value=fn rows=4  ... > 
  at <Anonymous value= {hashed: true, components: Object, theme: undefined, token: Object} > 
  at <ALocaleProvider locale=undefined ANT_MARK__="internalMark" > 
  at <LocaleReceiver children=fn<children> > 
  at <AConfigProvider theme= {token: Object} > 
  at <App> @ http://127.0.0.1:5173/@vite/client:528
[  444528ms] [WARNING] [Vue warn]: Invalid prop: type check failed for prop "onKeydown". Expected Function, got Array  
  at <ATextarea value="" onUpdate:value=fn rows=4  ... > 
  at <Anonymous value= {hashed: true, components: Object, theme: undefined, token: Object} > 
  at <ALocaleProvider locale=undefined ANT_MARK__="internalMark" > 
  at <LocaleReceiver children=fn<children> > 
  at <AConfigProvider theme= {token: Object} > 
  at <App> @ http://127.0.0.1:5173/@vite/client:528
[  444537ms] [WARNING] [Vue warn]: Invalid prop: type check failed for prop "onKeydown". Expected Function, got Array  
  at <ATextarea value="" onUpdate:value=fn rows=4  ... > 
  at <Anonymous value= {hashed: true, components: Object, theme: undefined, token: Object} > 
  at <ALocaleProvider locale=undefined ANT_MARK__="internalMark" > 
  at <LocaleReceiver children=fn<children> > 
  at <AConfigProvider theme= {token: Object} > 
  at <App> @ http://127.0.0.1:5173/@vite/client:528
[  444540ms] [WARNING] [Vue warn]: Invalid prop: type check failed for prop "onKeydown". Expected Function, got Array  
  at <ATextarea value="" onUpdate:value=fn rows=4  ... > 
  at <Anonymous value= {hashed: true, components: Object, theme: undefined, token: Object} > 
  at <ALocaleProvider locale=undefined ANT_MARK__="internalMark" > 
  at <LocaleReceiver children=fn<children> > 
  at <AConfigProvider theme= {token: Object} > 
  at <App> @ http://127.0.0.1:5173/@vite/client:528
[ 1791702ms] [WARNING] [Vue warn]: Invalid prop: type check failed for prop "onKeydown". Expected Function, got Array  
  at <ATextarea value="" onUpdate:value=fn rows=4  ... > 
  at <Anonymous value= {hashed: true, components: Object, theme: undefined, token: Object} > 
  at <ALocaleProvider locale=undefined ANT_MARK__="internalMark" > 
  at <LocaleReceiver children=fn<children> > 
  at <AConfigProvider theme= {token: Object} > 
  at <App> @ http://127.0.0.1:5173/@vite/client:528
[ 1791715ms] [WARNING] [Vue warn]: Invalid prop: type check failed for prop "onKeydown". Expected Function, got Array  
  at <ATextarea value="" onUpdate:value=fn rows=4  ... > 
  at <Anonymous value= {hashed: true, components: Object, theme: undefined, token: Object} > 
  at <ALocaleProvider locale=undefined ANT_MARK__="internalMark" > 
  at <LocaleReceiver children=fn<children> > 
  at <AConfigProvider theme= {token: Object} > 
  at <App> @ http://127.0.0.1:5173/@vite/client:528
[ 1791719ms] [WARNING] [Vue warn]: Invalid prop: type check failed for prop "onKeydown". Expected Function, got Array  
  at <ATextarea value="" onUpdate:value=fn rows=4  ... > 
  at <Anonymous value= {hashed: true, components: Object, theme: undefined, token: Object} > 
  at <ALocaleProvider locale=undefined ANT_MARK__="internalMark" > 
  at <LocaleReceiver children=fn<children> > 
  at <AConfigProvider theme= {token: Object} > 
  at <App> @ http://127.0.0.1:5173/@vite/client:528
[ 1791724ms] [WARNING] [Vue warn]: Invalid prop: type check failed for prop "onKeydown". Expected Function, got Array  
  at <ATextarea value="" onUpdate:value=fn rows=4  ... > 
  at <Anonymous value= {hashed: true, components: Object, theme: undefined, token: Object} > 
  at <ALocaleProvider locale=undefined ANT_MARK__="internalMark" > 
  at <LocaleReceiver children=fn<children> > 
  at <AConfigProvider theme= {token: Object} > 
  at <App> @ http://127.0.0.1:5173/@vite/client:528
[ 1791726ms] [WARNING] WebSocket connection to 'ws://localhost:8080/ws/tasks/task_6470fb22cc18ddd4e0140bcae6adc42b' failed: WebSocket is closed before the connection is established. @ http://127.0.0.1:5173/src/App.vue?t=1785921840858:285
[ 1791727ms] [WARNING] [Vue warn]: Invalid prop: type check failed for prop "onKeydown". Expected Function, got Array  
  at <ATextarea value="" onUpdate:value=fn rows=4  ... > 
  at <Anonymous value= {hashed: true, components: Object, theme: undefined, token: Object} > 
  at <ALocaleProvider locale=undefined ANT_MARK__="internalMark" > 
  at <LocaleReceiver children=fn<children> > 
  at <AConfigProvider theme= {token: Object} > 
  at <App> @ http://127.0.0.1:5173/@vite/client:528
[ 1791737ms] [WARNING] [Vue warn]: Invalid prop: type check failed for prop "onKeydown". Expected Function, got Array  
  at <ATextarea value="" onUpdate:value=fn rows=4  ... > 
  at <Anonymous value= {hashed: true, components: Object, theme: undefined, token: Object} > 
  at <ALocaleProvider locale=undefined ANT_MARK__="internalMark" > 
  at <LocaleReceiver children=fn<children> > 
  at <AConfigProvider theme= {token: Object} > 
  at <App> @ http://127.0.0.1:5173/@vite/client:528
[ 1791739ms] [WARNING] [Vue warn]: Invalid prop: type check failed for prop "onKeydown". Expected Function, got Array  
  at <ATextarea value="" onUpdate:value=fn rows=4  ... > 
  at <Anonymous value= {hashed: true, components: Object, theme: undefined, token: Object} > 
  at <ALocaleProvider locale=undefined ANT_MARK__="internalMark" > 
  at <LocaleReceiver children=fn<children> > 
  at <AConfigProvider theme= {token: Object} > 
  at <App> @ http://127.0.0.1:5173/@vite/client:528
[ 1791741ms] [WARNING] [Vue warn]: Invalid prop: type check failed for prop "onKeydown". Expected Function, got Array  
  at <ATextarea value="" onUpdate:value=fn rows=4  ... > 
  at <Anonymous value= {hashed: true, components: Object, theme: undefined, token: Object} > 
  at <ALocaleProvider locale=undefined ANT_MARK__="internalMark" > 
  at <LocaleReceiver children=fn<children> > 
  at <AConfigProvider theme= {token: Object} > 
  at <App> @ http://127.0.0.1:5173/@vite/client:528
[ 1791743ms] [WARNING] [Vue warn]: Invalid prop: type check failed for prop "onKeydown". Expected Function, got Array  
  at <ATextarea value="" onUpdate:value=fn rows=4  ... > 
  at <Anonymous value= {hashed: true, components: Object, theme: undefined, token: Object} > 
  at <ALocaleProvider locale=undefined ANT_MARK__="internalMark" > 
  at <LocaleReceiver children=fn<children> > 
  at <AConfigProvider theme= {token: Object} > 
  at <App> @ http://127.0.0.1:5173/@vite/client:528
[ 1791745ms] [WARNING] [Vue warn]: Invalid prop: type check failed for prop "onKeydown". Expected Function, got Array  
  at <ATextarea value="" onUpdate:value=fn rows=4  ... > 
  at <Anonymous value= {hashed: true, components: Object, theme: undefined, token: Object} > 
  at <ALocaleProvider locale=undefined ANT_MARK__="internalMark" > 
  at <LocaleReceiver children=fn<children> > 
  at <AConfigProvider theme= {token: Object} > 
  at <App> @ http://127.0.0.1:5173/@vite/client:528
[ 1791746ms] [WARNING] [Vue warn]: Invalid prop: type check failed for prop "onKeydown". Expected Function, got Array  
  at <ATextarea value="" onUpdate:value=fn rows=4  ... > 
  at <Anonymous value= {hashed: true, components: Object, theme: undefined, token: Object} > 
  at <ALocaleProvider locale=undefined ANT_MARK__="internalMark" > 
  at <LocaleReceiver children=fn<children> > 
  at <AConfigProvider theme= {token: Object} > 
  at <App> @ http://127.0.0.1:5173/@vite/client:528
[ 1791748ms] [WARNING] [Vue warn]: Invalid prop: type check failed for prop "onKeydown". Expected Function, got Array  
  at <ATextarea value="" onUpdate:value=fn rows=4  ... > 
  at <Anonymous value= {hashed: true, components: Object, theme: undefined, token: Object} > 
  at <ALocaleProvider locale=undefined ANT_MARK__="internalMark" > 
  at <LocaleReceiver children=fn<children> > 
  at <AConfigProvider theme= {token: Object} > 
  at <App> @ http://127.0.0.1:5173/@vite/client:528
[ 1791750ms] [WARNING] [Vue warn]: Invalid prop: type check failed for prop "onKeydown". Expected Function, got Array  
  at <ATextarea value="" onUpdate:value=fn rows=4  ... > 
  at <Anonymous value= {hashed: true, components: Object, theme: undefined, token: Object} > 
  at <ALocaleProvider locale=undefined ANT_MARK__="internalMark" > 
  at <LocaleReceiver children=fn<children> > 
  at <AConfigProvider theme= {token: Object} > 
  at <App> @ http://127.0.0.1:5173/@vite/client:528
[ 1791751ms] [WARNING] [Vue warn]: Invalid prop: type check failed for prop "onKeydown". Expected Function, got Array  
  at <ATextarea value="" onUpdate:value=fn rows=4  ... > 
  at <Anonymous value= {hashed: true, components: Object, theme: undefined, token: Object} > 
  at <ALocaleProvider locale=undefined ANT_MARK__="internalMark" > 
  at <LocaleReceiver children=fn<children> > 
  at <AConfigProvider theme= {token: Object} > 
  at <App> @ http://127.0.0.1:5173/@vite/client:528
[ 1791753ms] [WARNING] [Vue warn]: Invalid prop: type check failed for prop "onKeydown". Expected Function, got Array  
  at <ATextarea value="" onUpdate:value=fn rows=4  ... > 
  at <Anonymous value= {hashed: true, components: Object, theme: undefined, token: Object} > 
  at <ALocaleProvider locale=undefined ANT_MARK__="internalMark" > 
  at <LocaleReceiver children=fn<children> > 
  at <AConfigProvider theme= {token: Object} > 
  at <App> @ http://127.0.0.1:5173/@vite/client:528
[ 1791755ms] [WARNING] [Vue warn]: Invalid prop: type check failed for prop "onKeydown". Expected Function, got Array  
  at <ATextarea value="" onUpdate:value=fn rows=4  ... > 
  at <Anonymous value= {hashed: true, components: Object, theme: undefined, token: Object} > 
  at <ALocaleProvider locale=undefined ANT_MARK__="internalMark" > 
  at <LocaleReceiver children=fn<children> > 
  at <AConfigProvider theme= {token: Object} > 
  at <App> @ http://127.0.0.1:5173/@vite/client:528
[ 1791756ms] [WARNING] [Vue warn]: Invalid prop: type check failed for prop "onKeydown". Expected Function, got Array  
  at <ATextarea value="" onUpdate:value=fn rows=4  ... > 
  at <Anonymous value= {hashed: true, components: Object, theme: undefined, token: Object} > 
  at <ALocaleProvider locale=undefined ANT_MARK__="internalMark" > 
  at <LocaleReceiver children=fn<children> > 
  at <AConfigProvider theme= {token: Object} > 
  at <App> @ http://127.0.0.1:5173/@vite/client:528
[ 1791758ms] [WARNING] [Vue warn]: Invalid prop: type check failed for prop "onKeydown". Expected Function, got Array  
  at <ATextarea value="" onUpdate:value=fn rows=4  ... > 
  at <Anonymous value= {hashed: true, components: Object, theme: undefined, token: Object} > 
  at <ALocaleProvider locale=undefined ANT_MARK__="internalMark" > 
  at <LocaleReceiver children=fn<children> > 
  at <AConfigProvider theme= {token: Object} > 
  at <App> @ http://127.0.0.1:5173/@vite/client:528
[ 1791760ms] [WARNING] [Vue warn]: Invalid prop: type check failed for prop "onKeydown". Expected Function, got Array  
  at <ATextarea value="" onUpdate:value=fn rows=4  ... > 
  at <Anonymous value= {hashed: true, components: Object, theme: undefined, token: Object} > 
  at <ALocaleProvider locale=undefined ANT_MARK__="internalMark" > 
  at <LocaleReceiver children=fn<children> > 
  at <AConfigProvider theme= {token: Object} > 
  at <App> @ http://127.0.0.1:5173/@vite/client:528
[ 1791761ms] [WARNING] [Vue warn]: Invalid prop: type check failed for prop "onKeydown". Expected Function, got Array  
  at <ATextarea value="" onUpdate:value=fn rows=4  ... > 
  at <Anonymous value= {hashed: true, components: Object, theme: undefined, token: Object} > 
  at <ALocaleProvider locale=undefined ANT_MARK__="internalMark" > 
  at <LocaleReceiver children=fn<children> > 
  at <AConfigProvider theme= {token: Object} > 
  at <App> @ http://127.0.0.1:5173/@vite/client:528
[ 1791763ms] [WARNING] [Vue warn]: Invalid prop: type check failed for prop "onKeydown". Expected Function, got Array  
  at <ATextarea value="" onUpdate:value=fn rows=4  ... > 
  at <Anonymous value= {hashed: true, components: Object, theme: undefined, token: Object} > 
  at <ALocaleProvider locale=undefined ANT_MARK__="internalMark" > 
  at <LocaleReceiver children=fn<children> > 
  at <AConfigProvider theme= {token: Object} > 
  at <App> @ http://127.0.0.1:5173/@vite/client:528
[ 1791764ms] [WARNING] [Vue warn]: Invalid prop: type check failed for prop "onKeydown". Expected Function, got Array  
  at <ATextarea value="" onUpdate:value=fn rows=4  ... > 
  at <Anonymous value= {hashed: true, components: Object, theme: undefined, token: Object} > 
  at <ALocaleProvider locale=undefined ANT_MARK__="internalMark" > 
  at <LocaleReceiver children=fn<children> > 
  at <AConfigProvider theme= {token: Object} > 
  at <App> @ http://127.0.0.1:5173/@vite/client:528
[ 1791766ms] [WARNING] [Vue warn]: Invalid prop: type check failed for prop "onKeydown". Expected Function, got Array  
  at <ATextarea value="" onUpdate:value=fn rows=4  ... > 
  at <Anonymous value= {hashed: true, components: Object, theme: undefined, token: Object} > 
  at <ALocaleProvider locale=undefined ANT_MARK__="internalMark" > 
  at <LocaleReceiver children=fn<children> > 
  at <AConfigProvider theme= {token: Object} > 
  at <App> @ http://127.0.0.1:5173/@vite/client:528
[ 1791767ms] [WARNING] [Vue warn]: Invalid prop: type check failed for prop "onKeydown". Expected Function, got Array  
  at <ATextarea value="" onUpdate:value=fn rows=4  ... > 
  at <Anonymous value= {hashed: true, components: Object, theme: undefined, token: Object} > 
  at <ALocaleProvider locale=undefined ANT_MARK__="internalMark" > 
  at <LocaleReceiver children=fn<children> > 
  at <AConfigProvider theme= {token: Object} > 
  at <App> @ http://127.0.0.1:5173/@vite/client:528
[ 1791769ms] [WARNING] [Vue warn]: Invalid prop: type check failed for prop "onKeydown". Expected Function, got Array  
  at <ATextarea value="" onUpdate:value=fn rows=4  ... > 
  at <Anonymous value= {hashed: true, components: Object, theme: undefined, token: Object} > 
  at <ALocaleProvider locale=undefined ANT_MARK__="internalMark" > 
  at <LocaleReceiver children=fn<children> > 
  at <AConfigProvider theme= {token: Object} > 
  at <App> @ http://127.0.0.1:5173/@vite/client:528
[ 1791770ms] [WARNING] [Vue warn]: Invalid prop: type check failed for prop "onKeydown". Expected Function, got Array  
  at <ATextarea value="" onUpdate:value=fn rows=4  ... > 
  at <Anonymous value= {hashed: true, components: Object, theme: undefined, token: Object} > 
  at <ALocaleProvider locale=undefined ANT_MARK__="internalMark" > 
  at <LocaleReceiver children=fn<children> > 
  at <AConfigProvider theme= {token: Object} > 
  at <App> @ http://127.0.0.1:5173/@vite/client:528
[ 1791772ms] [WARNING] [Vue warn]: Invalid prop: type check failed for prop "onKeydown". Expected Function, got Array  
  at <ATextarea value="" onUpdate:value=fn rows=4  ... > 
  at <Anonymous value= {hashed: true, components: Object, theme: undefined, token: Object} > 
  at <ALocaleProvider locale=undefined ANT_MARK__="internalMark" > 
  at <LocaleReceiver children=fn<children> > 
  at <AConfigProvider theme= {token: Object} > 
  at <App> @ http://127.0.0.1:5173/@vite/client:528
[ 1791773ms] [WARNING] [Vue warn]: Invalid prop: type check failed for prop "onKeydown". Expected Function, got Array  
  at <ATextarea value="" onUpdate:value=fn rows=4  ... > 
  at <Anonymous value= {hashed: true, components: Object, theme: undefined, token: Object} > 
  at <ALocaleProvider locale=undefined ANT_MARK__="internalMark" > 
  at <LocaleReceiver children=fn<children> > 
  at <AConfigProvider theme= {token: Object} > 
  at <App> @ http://127.0.0.1:5173/@vite/client:528
[ 1791775ms] [WARNING] [Vue warn]: Invalid prop: type check failed for prop "onKeydown". Expected Function, got Array  
  at <ATextarea value="" onUpdate:value=fn rows=4  ... > 
  at <Anonymous value= {hashed: true, components: Object, theme: undefined, token: Object} > 
  at <ALocaleProvider locale=undefined ANT_MARK__="internalMark" > 
  at <LocaleReceiver children=fn<children> > 
  at <AConfigProvider theme= {token: Object} > 
  at <App> @ http://127.0.0.1:5173/@vite/client:528
[ 1791776ms] [WARNING] [Vue warn]: Invalid prop: type check failed for prop "onKeydown". Expected Function, got Array  
  at <ATextarea value="" onUpdate:value=fn rows=4  ... > 
  at <Anonymous value= {hashed: true, components: Object, theme: undefined, token: Object} > 
  at <ALocaleProvider locale=undefined ANT_MARK__="internalMark" > 
  at <LocaleReceiver children=fn<children> > 
  at <AConfigProvider theme= {token: Object} > 
  at <App> @ http://127.0.0.1:5173/@vite/client:528
[ 1791778ms] [WARNING] [Vue warn]: Invalid prop: type check failed for prop "onKeydown". Expected Function, got Array  
  at <ATextarea value="" onUpdate:value=fn rows=4  ... > 
  at <Anonymous value= {hashed: true, components: Object, theme: undefined, token: Object} > 
  at <ALocaleProvider locale=undefined ANT_MARK__="internalMark" > 
  at <LocaleReceiver children=fn<children> > 
  at <AConfigProvider theme= {token: Object} > 
  at <App> @ http://127.0.0.1:5173/@vite/client:528
[ 1791780ms] [WARNING] [Vue warn]: Invalid prop: type check failed for prop "onKeydown". Expected Function, got Array  
  at <ATextarea value="" onUpdate:value=fn rows=4  ... > 
  at <Anonymous value= {hashed: true, components: Object, theme: undefined, token: Object} > 
  at <ALocaleProvider locale=undefined ANT_MARK__="internalMark" > 
  at <LocaleReceiver children=fn<children> > 
  at <AConfigProvider theme= {token: Object} > 
  at <App> @ http://127.0.0.1:5173/@vite/client:528
[ 1791782ms] [WARNING] [Vue warn]: Invalid prop: type check failed for prop "onKeydown". Expected Function, got Array  
  at <ATextarea value="" onUpdate:value=fn rows=4  ... > 
  at <Anonymous value= {hashed: true, components: Object, theme: undefined, token: Object} > 
  at <ALocaleProvider locale=undefined ANT_MARK__="internalMark" > 
  at <LocaleReceiver children=fn<children> > 
  at <AConfigProvider theme= {token: Object} > 
  at <App> @ http://127.0.0.1:5173/@vite/client:528
[ 1791783ms] [WARNING] [Vue warn]: Invalid prop: type check failed for prop "onKeydown". Expected Function, got Array  
  at <ATextarea value="" onUpdate:value=fn rows=4  ... > 
  at <Anonymous value= {hashed: true, components: Object, theme: undefined, token: Object} > 
  at <ALocaleProvider locale=undefined ANT_MARK__="internalMark" > 
  at <LocaleReceiver children=fn<children> > 
  at <AConfigProvider theme= {token: Object} > 
  at <App> @ http://127.0.0.1:5173/@vite/client:528
[ 1791785ms] [WARNING] [Vue warn]: Invalid prop: type check failed for prop "onKeydown". Expected Function, got Array  
  at <ATextarea value="" onUpdate:value=fn rows=4  ... > 
  at <Anonymous value= {hashed: true, components: Object, theme: undefined, token: Object} > 
  at <ALocaleProvider locale=undefined ANT_MARK__="internalMark" > 
  at <LocaleReceiver children=fn<children> > 
  at <AConfigProvider theme= {token: Object} > 
  at <App> @ http://127.0.0.1:5173/@vite/client:528
[ 1791787ms] [WARNING] [Vue warn]: Invalid prop: type check failed for prop "onKeydown". Expected Function, got Array  
  at <ATextarea value="" onUpdate:value=fn rows=4  ... > 
  at <Anonymous value= {hashed: true, components: Object, theme: undefined, token: Object} > 
  at <ALocaleProvider locale=undefined ANT_MARK__="internalMark" > 
  at <LocaleReceiver children=fn<children> > 
  at <AConfigProvider theme= {token: Object} > 
  at <App> @ http://127.0.0.1:5173/@vite/client:528
[ 1791788ms] [WARNING] [Vue warn]: Invalid prop: type check failed for prop "onKeydown". Expected Function, got Array  
  at <ATextarea value="" onUpdate:value=fn rows=4  ... > 
  at <Anonymous value= {hashed: true, components: Object, theme: undefined, token: Object} > 
  at <ALocaleProvider locale=undefined ANT_MARK__="internalMark" > 
  at <LocaleReceiver children=fn<children> > 
  at <AConfigProvider theme= {token: Object} > 
  at <App> @ http://127.0.0.1:5173/@vite/client:528
[ 1791790ms] [WARNING] [Vue warn]: Invalid prop: type check failed for prop "onKeydown". Expected Function, got Array  
  at <ATextarea value="" onUpdate:value=fn rows=4  ... > 
  at <Anonymous value= {hashed: true, components: Object, theme: undefined, token: Object} > 
  at <ALocaleProvider locale=undefined ANT_MARK__="internalMark" > 
  at <LocaleReceiver children=fn<children> > 
  at <AConfigProvider theme= {token: Object} > 
  at <App> @ http://127.0.0.1:5173/@vite/client:528
[ 1791792ms] [WARNING] [Vue warn]: Invalid prop: type check failed for prop "onKeydown". Expected Function, got Array  
  at <ATextarea value="" onUpdate:value=fn rows=4  ... > 
  at <Anonymous value= {hashed: true, components: Object, theme: undefined, token: Object} > 
  at <ALocaleProvider locale=undefined ANT_MARK__="internalMark" > 
  at <LocaleReceiver children=fn<children> > 
  at <AConfigProvider theme= {token: Object} > 
  at <App> @ http://127.0.0.1:5173/@vite/client:528
[ 1791793ms] [WARNING] [Vue warn]: Invalid prop: type check failed for prop "onKeydown". Expected Function, got Array  
  at <ATextarea value="" onUpdate:value=fn rows=4  ... > 
  at <Anonymous value= {hashed: true, components: Object, theme: undefined, token: Object} > 
  at <ALocaleProvider locale=undefined ANT_MARK__="internalMark" > 
  at <LocaleReceiver children=fn<children> > 
  at <AConfigProvider theme= {token: Object} > 
  at <App> @ http://127.0.0.1:5173/@vite/client:528
[ 1791795ms] [WARNING] [Vue warn]: Invalid prop: type check failed for prop "onKeydown". Expected Function, got Array  
  at <ATextarea value="" onUpdate:value=fn rows=4  ... > 
  at <Anonymous value= {hashed: true, components: Object, theme: undefined, token: Object} > 
  at <ALocaleProvider locale=undefined ANT_MARK__="internalMark" > 
  at <LocaleReceiver children=fn<children> > 
  at <AConfigProvider theme= {token: Object} > 
  at <App> @ http://127.0.0.1:5173/@vite/client:528
[ 1791796ms] [WARNING] [Vue warn]: Invalid prop: type check failed for prop "onKeydown". Expected Function, got Array  
  at <ATextarea value="" onUpdate:value=fn rows=4  ... > 
  at <Anonymous value= {hashed: true, components: Object, theme: undefined, token: Object} > 
  at <ALocaleProvider locale=undefined ANT_MARK__="internalMark" > 
  at <LocaleReceiver children=fn<children> > 
  at <AConfigProvider theme= {token: Object} > 
  at <App> @ http://127.0.0.1:5173/@vite/client:528
[ 1791798ms] [WARNING] [Vue warn]: Invalid prop: type check failed for prop "onKeydown". Expected Function, got Array  
  at <ATextarea value="" onUpdate:value=fn rows=4  ... > 
  at <Anonymous value= {hashed: true, components: Object, theme: undefined, token: Object} > 
  at <ALocaleProvider locale=undefined ANT_MARK__="internalMark" > 
  at <LocaleReceiver children=fn<children> > 
  at <AConfigProvider theme= {token: Object} > 
  at <App> @ http://127.0.0.1:5173/@vite/client:528
[ 1791799ms] [WARNING] [Vue warn]: Invalid prop: type check failed for prop "onKeydown". Expected Function, got Array  
  at <ATextarea value="" onUpdate:value=fn rows=4  ... > 
  at <Anonymous value= {hashed: true, components: Object, theme: undefined, token: Object} > 
  at <ALocaleProvider locale=undefined ANT_MARK__="internalMark" > 
  at <LocaleReceiver children=fn<children> > 
  at <AConfigProvider theme= {token: Object} > 
  at <App> @ http://127.0.0.1:5173/@vite/client:528
[ 1791801ms] [WARNING] [Vue warn]: Invalid prop: type check failed for prop "onKeydown". Expected Function, got Array  
  at <ATextarea value="" onUpdate:value=fn rows=4  ... > 
  at <Anonymous value= {hashed: true, components: Object, theme: undefined, token: Object} > 
  at <ALocaleProvider locale=undefined ANT_MARK__="internalMark" > 
  at <LocaleReceiver children=fn<children> > 
  at <AConfigProvider theme= {token: Object} > 
  at <App> @ http://127.0.0.1:5173/@vite/client:528
[ 1791803ms] [WARNING] [Vue warn]: Invalid prop: type check failed for prop "onKeydown". Expected Function, got Array  
  at <ATextarea value="" onUpdate:value=fn rows=4  ... > 
  at <Anonymous value= {hashed: true, components: Object, theme: undefined, token: Object} > 
  at <ALocaleProvider locale=undefined ANT_MARK__="internalMark" > 
  at <LocaleReceiver children=fn<children> > 
  at <AConfigProvider theme= {token: Object} > 
  at <App> @ http://127.0.0.1:5173/@vite/client:528
[ 1791804ms] [WARNING] [Vue warn]: Invalid prop: type check failed for prop "onKeydown". Expected Function, got Array  
  at <ATextarea value="" onUpdate:value=fn rows=4  ... > 
  at <Anonymous value= {hashed: true, components: Object, theme: undefined, token: Object} > 
  at <ALocaleProvider locale=undefined ANT_MARK__="internalMark" > 
  at <LocaleReceiver children=fn<children> > 
  at <AConfigProvider theme= {token: Object} > 
  at <App> @ http://127.0.0.1:5173/@vite/client:528
[ 1791805ms] [WARNING] [Vue warn]: Invalid prop: type check failed for prop "onKeydown". Expected Function, got Array  
  at <ATextarea value="" onUpdate:value=fn rows=4  ... > 
  at <Anonymous value= {hashed: true, components: Object, theme: undefined, token: Object} > 
  at <ALocaleProvider locale=undefined ANT_MARK__="internalMark" > 
  at <LocaleReceiver children=fn<children> > 
  at <AConfigProvider theme= {token: Object} > 
  at <App> @ http://127.0.0.1:5173/@vite/client:528
[ 1791807ms] [WARNING] [Vue warn]: Invalid prop: type check failed for prop "onKeydown". Expected Function, got Array  
  at <ATextarea value="" onUpdate:value=fn rows=4  ... > 
  at <Anonymous value= {hashed: true, components: Object, theme: undefined, token: Object} > 
  at <ALocaleProvider locale=undefined ANT_MARK__="internalMark" > 
  at <LocaleReceiver children=fn<children> > 
  at <AConfigProvider theme= {token: Object} > 
  at <App> @ http://127.0.0.1:5173/@vite/client:528
[ 1791808ms] [WARNING] [Vue warn]: Invalid prop: type check failed for prop "onKeydown". Expected Function, got Array  
  at <ATextarea value="" onUpdate:value=fn rows=4  ... > 
  at <Anonymous value= {hashed: true, components: Object, theme: undefined, token: Object} > 
  at <ALocaleProvider locale=undefined ANT_MARK__="internalMark" > 
  at <LocaleReceiver children=fn<children> > 
  at <AConfigProvider theme= {token: Object} > 
  at <App> @ http://127.0.0.1:5173/@vite/client:528
[ 1791810ms] [WARNING] [Vue warn]: Invalid prop: type check failed for prop "onKeydown". Expected Function, got Array  
  at <ATextarea value="" onUpdate:value=fn rows=4  ... > 
  at <Anonymous value= {hashed: true, components: Object, theme: undefined, token: Object} > 
  at <ALocaleProvider locale=undefined ANT_MARK__="internalMark" > 
  at <LocaleReceiver children=fn<children> > 
  at <AConfigProvider theme= {token: Object} > 
  at <App> @ http://127.0.0.1:5173/@vite/client:528
[ 1791811ms] [WARNING] [Vue warn]: Invalid prop: type check failed for prop "onKeydown". Expected Function, got Array  
  at <ATextarea value="" onUpdate:value=fn rows=4  ... > 
  at <Anonymous value= {hashed: true, components: Object, theme: undefined, token: Object} > 
  at <ALocaleProvider locale=undefined ANT_MARK__="internalMark" > 
  at <LocaleReceiver children=fn<children> > 
  at <AConfigProvider theme= {token: Object} > 
  at <App> @ http://127.0.0.1:5173/@vite/client:528
[ 1791812ms] [WARNING] [Vue warn]: Invalid prop: type check failed for prop "onKeydown". Expected Function, got Array  
  at <ATextarea value="" onUpdate:value=fn rows=4  ... > 
  at <Anonymous value= {hashed: true, components: Object, theme: undefined, token: Object} > 
  at <ALocaleProvider locale=undefined ANT_MARK__="internalMark" > 
  at <LocaleReceiver children=fn<children> > 
  at <AConfigProvider theme= {token: Object} > 
  at <App> @ http://127.0.0.1:5173/@vite/client:528
[ 1791814ms] [WARNING] [Vue warn]: Invalid prop: type check failed for prop "onKeydown". Expected Function, got Array  
  at <ATextarea value="" onUpdate:value=fn rows=4  ... > 
  at <Anonymous value= {hashed: true, components: Object, theme: undefined, token: Object} > 
  at <ALocaleProvider locale=undefined ANT_MARK__="internalMark" > 
  at <LocaleReceiver children=fn<children> > 
  at <AConfigProvider theme= {token: Object} > 
  at <App> @ http://127.0.0.1:5173/@vite/client:528
[ 1791815ms] [WARNING] [Vue warn]: Invalid prop: type check failed for prop "onKeydown". Expected Function, got Array  
  at <ATextarea value="" onUpdate:value=fn rows=4  ... > 
  at <Anonymous value= {hashed: true, components: Object, theme: undefined, token: Object} > 
  at <ALocaleProvider locale=undefined ANT_MARK__="internalMark" > 
  at <LocaleReceiver children=fn<children> > 
  at <AConfigProvider theme= {token: Object} > 
  at <App> @ http://127.0.0.1:5173/@vite/client:528
[ 1791817ms] [WARNING] [Vue warn]: Invalid prop: type check failed for prop "onKeydown". Expected Function, got Array  
  at <ATextarea value="" onUpdate:value=fn rows=4  ... > 
  at <Anonymous value= {hashed: true, components: Object, theme: undefined, token: Object} > 
  at <ALocaleProvider locale=undefined ANT_MARK__="internalMark" > 
  at <LocaleReceiver children=fn<children> > 
  at <AConfigProvider theme= {token: Object} > 
  at <App> @ http://127.0.0.1:5173/@vite/client:528
[ 1791818ms] [WARNING] [Vue warn]: Invalid prop: type check failed for prop "onKeydown". Expected Function, got Array  
  at <ATextarea value="" onUpdate:value=fn rows=4  ... > 
  at <Anonymous value= {hashed: true, components: Object, theme: undefined, token: Object} > 
  at <ALocaleProvider locale=undefined ANT_MARK__="internalMark" > 
  at <LocaleReceiver children=fn<children> > 
  at <AConfigProvider theme= {token: Object} > 
  at <App> @ http://127.0.0.1:5173/@vite/client:528
[ 1791820ms] [WARNING] [Vue warn]: Invalid prop: type check failed for prop "onKeydown". Expected Function, got Array  
  at <ATextarea value="" onUpdate:value=fn rows=4  ... > 
  at <Anonymous value= {hashed: true, components: Object, theme: undefined, token: Object} > 
  at <ALocaleProvider locale=undefined ANT_MARK__="internalMark" > 
  at <LocaleReceiver children=fn<children> > 
  at <AConfigProvider theme= {token: Object} > 
  at <App> @ http://127.0.0.1:5173/@vite/client:528
[ 1791822ms] [WARNING] [Vue warn]: Invalid prop: type check failed for prop "onKeydown". Expected Function, got Array  
  at <ATextarea value="" onUpdate:value=fn rows=4  ... > 
  at <Anonymous value= {hashed: true, components: Object, theme: undefined, token: Object} > 
  at <ALocaleProvider locale=undefined ANT_MARK__="internalMark" > 
  at <LocaleReceiver children=fn<children> > 
  at <AConfigProvider theme= {token: Object} > 
  at <App> @ http://127.0.0.1:5173/@vite/client:528
[ 1791824ms] [WARNING] [Vue warn]: Invalid prop: type check failed for prop "onKeydown". Expected Function, got Array  
  at <ATextarea value="" onUpdate:value=fn rows=4  ... > 
  at <Anonymous value= {hashed: true, components: Object, theme: undefined, token: Object} > 
  at <ALocaleProvider locale=undefined ANT_MARK__="internalMark" > 
  at <LocaleReceiver children=fn<children> > 
  at <AConfigProvider theme= {token: Object} > 
  at <App> @ http://127.0.0.1:5173/@vite/client:528
[ 1791825ms] [WARNING] [Vue warn]: Invalid prop: type check failed for prop "onKeydown". Expected Function, got Array  
  at <ATextarea value="" onUpdate:value=fn rows=4  ... > 
  at <Anonymous value= {hashed: true, components: Object, theme: undefined, token: Object} > 
  at <ALocaleProvider locale=undefined ANT_MARK__="internalMark" > 
  at <LocaleReceiver children=fn<children> > 
  at <AConfigProvider theme= {token: Object} > 
  at <App> @ http://127.0.0.1:5173/@vite/client:528
[ 1791827ms] [WARNING] [Vue warn]: Invalid prop: type check failed for prop "onKeydown". Expected Function, got Array  
  at <ATextarea value="" onUpdate:value=fn rows=4  ... > 
  at <Anonymous value= {hashed: true, components: Object, theme: undefined, token: Object} > 
  at <ALocaleProvider locale=undefined ANT_MARK__="internalMark" > 
  at <LocaleReceiver children=fn<children> > 
  at <AConfigProvider theme= {token: Object} > 
  at <App> @ http://127.0.0.1:5173/@vite/client:528
[ 1791828ms] [WARNING] [Vue warn]: Invalid prop: type check failed for prop "onKeydown". Expected Function, got Array  
  at <ATextarea value="" onUpdate:value=fn rows=4  ... > 
  at <Anonymous value= {hashed: true, components: Object, theme: undefined, token: Object} > 
  at <ALocaleProvider locale=undefined ANT_MARK__="internalMark" > 
  at <LocaleReceiver children=fn<children> > 
  at <AConfigProvider theme= {token: Object} > 
  at <App> @ http://127.0.0.1:5173/@vite/client:528
[ 1791830ms] [WARNING] [Vue warn]: Invalid prop: type check failed for prop "onKeydown". Expected Function, got Array  
  at <ATextarea value="" onUpdate:value=fn rows=4  ... > 
  at <Anonymous value= {hashed: true, components: Object, theme: undefined, token: Object} > 
  at <ALocaleProvider locale=undefined ANT_MARK__="internalMark" > 
  at <LocaleReceiver children=fn<children> > 
  at <AConfigProvider theme= {token: Object} > 
  at <App> @ http://127.0.0.1:5173/@vite/client:528
[ 1791831ms] [WARNING] [Vue warn]: Invalid prop: type check failed for prop "onKeydown". Expected Function, got Array  
  at <ATextarea value="" onUpdate:value=fn rows=4  ... > 
  at <Anonymous value= {hashed: true, components: Object, theme: undefined, token: Object} > 
  at <ALocaleProvider locale=undefined ANT_MARK__="internalMark" > 
  at <LocaleReceiver children=fn<children> > 
  at <AConfigProvider theme= {token: Object} > 
  at <App> @ http://127.0.0.1:5173/@vite/client:528
[ 1791833ms] [WARNING] [Vue warn]: Invalid prop: type check failed for prop "onKeydown". Expected Function, got Array  
  at <ATextarea value="" onUpdate:value=fn rows=4  ... > 
  at <Anonymous value= {hashed: true, components: Object, theme: undefined, token: Object} > 
  at <ALocaleProvider locale=undefined ANT_MARK__="internalMark" > 
  at <LocaleReceiver children=fn<children> > 
  at <AConfigProvider theme= {token: Object} > 
  at <App> @ http://127.0.0.1:5173/@vite/client:528
[ 1791834ms] [WARNING] [Vue warn]: Invalid prop: type check failed for prop "onKeydown". Expected Function, got Array  
  at <ATextarea value="" onUpdate:value=fn rows=4  ... > 
  at <Anonymous value= {hashed: true, components: Object, theme: undefined, token: Object} > 
  at <ALocaleProvider locale=undefined ANT_MARK__="internalMark" > 
  at <LocaleReceiver children=fn<children> > 
  at <AConfigProvider theme= {token: Object} > 
  at <App> @ http://127.0.0.1:5173/@vite/client:528
[ 1791837ms] [WARNING] [Vue warn]: Invalid prop: type check failed for prop "onKeydown". Expected Function, got Array  
  at <ATextarea value="" onUpdate:value=fn rows=4  ... > 
  at <Anonymous value= {hashed: true, components: Object, theme: undefined, token: Object} > 
  at <ALocaleProvider locale=undefined ANT_MARK__="internalMark" > 
  at <LocaleReceiver children=fn<children> > 
  at <AConfigProvider theme= {token: Object} > 
  at <App> @ http://127.0.0.1:5173/@vite/client:528
[ 1791839ms] [WARNING] [Vue warn]: Invalid prop: type check failed for prop "onKeydown". Expected Function, got Array  
  at <ATextarea value="" onUpdate:value=fn rows=4  ... > 
  at <Anonymous value= {hashed: true, components: Object, theme: undefined, token: Object} > 
  at <ALocaleProvider locale=undefined ANT_MARK__="internalMark" > 
  at <LocaleReceiver children=fn<children> > 
  at <AConfigProvider theme= {token: Object} > 
  at <App> @ http://127.0.0.1:5173/@vite/client:528
[ 1791840ms] [WARNING] [Vue warn]: Invalid prop: type check failed for prop "onKeydown". Expected Function, got Array  
  at <ATextarea value="" onUpdate:value=fn rows=4  ... > 
  at <Anonymous value= {hashed: true, components: Object, theme: undefined, token: Object} > 
  at <ALocaleProvider locale=undefined ANT_MARK__="internalMark" > 
  at <LocaleReceiver children=fn<children> > 
  at <AConfigProvider theme= {token: Object} > 
  at <App> @ http://127.0.0.1:5173/@vite/client:528
[ 1791842ms] [WARNING] [Vue warn]: Invalid prop: type check failed for prop "onKeydown". Expected Function, got Array  
  at <ATextarea value="" onUpdate:value=fn rows=4  ... > 
  at <Anonymous value= {hashed: true, components: Object, theme: undefined, token: Object} > 
  at <ALocaleProvider locale=undefined ANT_MARK__="internalMark" > 
  at <LocaleReceiver children=fn<children> > 
  at <AConfigProvider theme= {token: Object} > 
  at <App> @ http://127.0.0.1:5173/@vite/client:528
[ 1791844ms] [WARNING] [Vue warn]: Invalid prop: type check failed for prop "onKeydown". Expected Function, got Array  
  at <ATextarea value="" onUpdate:value=fn rows=4  ... > 
  at <Anonymous value= {hashed: true, components: Object, theme: undefined, token: Object} > 
  at <ALocaleProvider locale=undefined ANT_MARK__="internalMark" > 
  at <LocaleReceiver children=fn<children> > 
  at <AConfigProvider theme= {token: Object} > 
  at <App> @ http://127.0.0.1:5173/@vite/client:528
[ 1791845ms] [WARNING] [Vue warn]: Invalid prop: type check failed for prop "onKeydown". Expected Function, got Array  
  at <ATextarea value="" onUpdate:value=fn rows=4  ... > 
  at <Anonymous value= {hashed: true, components: Object, theme: undefined, token: Object} > 
  at <ALocaleProvider locale=undefined ANT_MARK__="internalMark" > 
  at <LocaleReceiver children=fn<children> > 
  at <AConfigProvider theme= {token: Object} > 
  at <App> @ http://127.0.0.1:5173/@vite/client:528
[ 1791846ms] [WARNING] [Vue warn]: Invalid prop: type check failed for prop "onKeydown". Expected Function, got Array  
  at <ATextarea value="" onUpdate:value=fn rows=4  ... > 
  at <Anonymous value= {hashed: true, components: Object, theme: undefined, token: Object} > 
  at <ALocaleProvider locale=undefined ANT_MARK__="internalMark" > 
  at <LocaleReceiver children=fn<children> > 
  at <AConfigProvider theme= {token: Object} > 
  at <App> @ http://127.0.0.1:5173/@vite/client:528
[ 1791848ms] [WARNING] [Vue warn]: Invalid prop: type check failed for prop "onKeydown". Expected Function, got Array  
  at <ATextarea value="" onUpdate:value=fn rows=4  ... > 
  at <Anonymous value= {hashed: true, components: Object, theme: undefined, token: Object} > 
  at <ALocaleProvider locale=undefined ANT_MARK__="internalMark" > 
  at <LocaleReceiver children=fn<children> > 
  at <AConfigProvider theme= {token: Object} > 
  at <App> @ http://127.0.0.1:5173/@vite/client:528
[ 1791849ms] [WARNING] [Vue warn]: Invalid prop: type check failed for prop "onKeydown". Expected Function, got Array  
  at <ATextarea value="" onUpdate:value=fn rows=4  ... > 
  at <Anonymous value= {hashed: true, components: Object, theme: undefined, token: Object} > 
  at <ALocaleProvider locale=undefined ANT_MARK__="internalMark" > 
  at <LocaleReceiver children=fn<children> > 
  at <AConfigProvider theme= {token: Object} > 
  at <App> @ http://127.0.0.1:5173/@vite/client:528
[ 1791851ms] [WARNING] [Vue warn]: Invalid prop: type check failed for prop "onKeydown". Expected Function, got Array  
  at <ATextarea value="" onUpdate:value=fn rows=4  ... > 
  at <Anonymous value= {hashed: true, components: Object, theme: undefined, token: Object} > 
  at <ALocaleProvider locale=undefined ANT_MARK__="internalMark" > 
  at <LocaleReceiver children=fn<children> > 
  at <AConfigProvider theme= {token: Object} > 
  at <App> @ http://127.0.0.1:5173/@vite/client:528
[ 1791852ms] [WARNING] [Vue warn]: Invalid prop: type check failed for prop "onKeydown". Expected Function, got Array  
  at <ATextarea value="" onUpdate:value=fn rows=4  ... > 
  at <Anonymous value= {hashed: true, components: Object, theme: undefined, token: Object} > 
  at <ALocaleProvider locale=undefined ANT_MARK__="internalMark" > 
  at <LocaleReceiver children=fn<children> > 
  at <AConfigProvider theme= {token: Object} > 
  at <App> @ http://127.0.0.1:5173/@vite/client:528
[ 1791853ms] [WARNING] [Vue warn]: Invalid prop: type check failed for prop "onKeydown". Expected Function, got Array  
  at <ATextarea value="" onUpdate:value=fn rows=4  ... > 
  at <Anonymous value= {hashed: true, components: Object, theme: undefined, token: Object} > 
  at <ALocaleProvider locale=undefined ANT_MARK__="internalMark" > 
  at <LocaleReceiver children=fn<children> > 
  at <AConfigProvider theme= {token: Object} > 
  at <App> @ http://127.0.0.1:5173/@vite/client:528
[ 1791855ms] [WARNING] [Vue warn]: Invalid prop: type check failed for prop "onKeydown". Expected Function, got Array  
  at <ATextarea value="" onUpdate:value=fn rows=4  ... > 
  at <Anonymous value= {hashed: true, components: Object, theme: undefined, token: Object} > 
  at <ALocaleProvider locale=undefined ANT_MARK__="internalMark" > 
  at <LocaleReceiver children=fn<children> > 
  at <AConfigProvider theme= {token: Object} > 
  at <App> @ http://127.0.0.1:5173/@vite/client:528
[ 1791856ms] [WARNING] [Vue warn]: Invalid prop: type check failed for prop "onKeydown". Expected Function, got Array  
  at <ATextarea value="" onUpdate:value=fn rows=4  ... > 
  at <Anonymous value= {hashed: true, components: Object, theme: undefined, token: Object} > 
  at <ALocaleProvider locale=undefined ANT_MARK__="internalMark" > 
  at <LocaleReceiver children=fn<children> > 
  at <AConfigProvider theme= {token: Object} > 
  at <App> @ http://127.0.0.1:5173/@vite/client:528
[ 1791858ms] [WARNING] [Vue warn]: Invalid prop: type check failed for prop "onKeydown". Expected Function, got Array  
  at <ATextarea value="" onUpdate:value=fn rows=4  ... > 
  at <Anonymous value= {hashed: true, components: Object, theme: undefined, token: Object} > 
  at <ALocaleProvider locale=undefined ANT_MARK__="internalMark" > 
  at <LocaleReceiver children=fn<children> > 
  at <AConfigProvider theme= {token: Object} > 
  at <App> @ http://127.0.0.1:5173/@vite/client:528
[ 1791859ms] [WARNING] [Vue warn]: Invalid prop: type check failed for prop "onKeydown". Expected Function, got Array  
  at <ATextarea value="" onUpdate:value=fn rows=4  ... > 
  at <Anonymous value= {hashed: true, components: Object, theme: undefined, token: Object} > 
  at <ALocaleProvider locale=undefined ANT_MARK__="internalMark" > 
  at <LocaleReceiver children=fn<children> > 
  at <AConfigProvider theme= {token: Object} > 
  at <App> @ http://127.0.0.1:5173/@vite/client:528
[ 1791861ms] [WARNING] [Vue warn]: Invalid prop: type check failed for prop "onKeydown". Expected Function, got Array  
  at <ATextarea value="" onUpdate:value=fn rows=4  ... > 
  at <Anonymous value= {hashed: true, components: Object, theme: undefined, token: Object} > 
  at <ALocaleProvider locale=undefined ANT_MARK__="internalMark" > 
  at <LocaleReceiver children=fn<children> > 
  at <AConfigProvider theme= {token: Object} > 
  at <App> @ http://127.0.0.1:5173/@vite/client:528
[ 1791862ms] [WARNING] [Vue warn]: Invalid prop: type check failed for prop "onKeydown". Expected Function, got Array  
  at <ATextarea value="" onUpdate:value=fn rows=4  ... > 
  at <Anonymous value= {hashed: true, components: Object, theme: undefined, token: Object} > 
  at <ALocaleProvider locale=undefined ANT_MARK__="internalMark" > 
  at <LocaleReceiver children=fn<children> > 
  at <AConfigProvider theme= {token: Object} > 
  at <App> @ http://127.0.0.1:5173/@vite/client:528
[ 1791864ms] [WARNING] [Vue warn]: Invalid prop: type check failed for prop "onKeydown". Expected Function, got Array  
  at <ATextarea value="" onUpdate:value=fn rows=4  ... > 
  at <Anonymous value= {hashed: true, components: Object, theme: undefined, token: Object} > 
  at <ALocaleProvider locale=undefined ANT_MARK__="internalMark" > 
  at <LocaleReceiver children=fn<children> > 
  at <AConfigProvider theme= {token: Object} > 
  at <App> @ http://127.0.0.1:5173/@vite/client:528
[ 1791865ms] [WARNING] [Vue warn]: Invalid prop: type check failed for prop "onKeydown". Expected Function, got Array  
  at <ATextarea value="" onUpdate:value=fn rows=4  ... > 
  at <Anonymous value= {hashed: true, components: Object, theme: undefined, token: Object} > 
  at <ALocaleProvider locale=undefined ANT_MARK__="internalMark" > 
  at <LocaleReceiver children=fn<children> > 
  at <AConfigProvider theme= {token: Object} > 
  at <App> @ http://127.0.0.1:5173/@vite/client:528
[ 1791867ms] [WARNING] [Vue warn]: Invalid prop: type check failed for prop "onKeydown". Expected Function, got Array  
  at <ATextarea value="" onUpdate:value=fn rows=4  ... > 
  at <Anonymous value= {hashed: true, components: Object, theme: undefined, token: Object} > 
  at <ALocaleProvider locale=undefined ANT_MARK__="internalMark" > 
  at <LocaleReceiver children=fn<children> > 
  at <AConfigProvider theme= {token: Object} > 
  at <App> @ http://127.0.0.1:5173/@vite/client:528
[ 1791868ms] [WARNING] [Vue warn]: Invalid prop: type check failed for prop "onKeydown". Expected Function, got Array  
  at <ATextarea value="" onUpdate:value=fn rows=4  ... > 
  at <Anonymous value= {hashed: true, components: Object, theme: undefined, token: Object} > 
  at <ALocaleProvider locale=undefined ANT_MARK__="internalMark" > 
  at <LocaleReceiver children=fn<children> > 
  at <AConfigProvider theme= {token: Object} > 
  at <App> @ http://127.0.0.1:5173/@vite/client:528
[ 1791869ms] [WARNING] [Vue warn]: Invalid prop: type check failed for prop "onKeydown". Expected Function, got Array  
  at <ATextarea value="" onUpdate:value=fn rows=4  ... > 
  at <Anonymous value= {hashed: true, components: Object, theme: undefined, token: Object} > 
  at <ALocaleProvider locale=undefined ANT_MARK__="internalMark" > 
  at <LocaleReceiver children=fn<children> > 
  at <AConfigProvider theme= {token: Object} > 
  at <App> @ http://127.0.0.1:5173/@vite/client:528
[ 1791871ms] [WARNING] [Vue warn]: Invalid prop: type check failed for prop "onKeydown". Expected Function, got Array  
  at <ATextarea value="" onUpdate:value=fn rows=4  ... > 
  at <Anonymous value= {hashed: true, components: Object, theme: undefined, token: Object} > 
  at <ALocaleProvider locale=undefined ANT_MARK__="internalMark" > 
  at <LocaleReceiver children=fn<children> > 
  at <AConfigProvider theme= {token: Object} > 
  at <App> @ http://127.0.0.1:5173/@vite/client:528
[ 1791872ms] [WARNING] [Vue warn]: Invalid prop: type check failed for prop "onKeydown". Expected Function, got Array  
  at <ATextarea value="" onUpdate:value=fn rows=4  ... > 
  at <Anonymous value= {hashed: true, components: Object, theme: undefined, token: Object} > 
  at <ALocaleProvider locale=undefined ANT_MARK__="internalMark" > 
  at <LocaleReceiver children=fn<children> > 
  at <AConfigProvider theme= {token: Object} > 
  at <App> @ http://127.0.0.1:5173/@vite/client:528
[ 1791874ms] [WARNING] [Vue warn]: Invalid prop: type check failed for prop "onKeydown". Expected Function, got Array  
  at <ATextarea value="" onUpdate:value=fn rows=4  ... > 
  at <Anonymous value= {hashed: true, components: Object, theme: undefined, token: Object} > 
  at <ALocaleProvider locale=undefined ANT_MARK__="internalMark" > 
  at <LocaleReceiver children=fn<children> > 
  at <AConfigProvider theme= {token: Object} > 
  at <App> @ http://127.0.0.1:5173/@vite/client:528
[ 1791875ms] [WARNING] [Vue warn]: Invalid prop: type check failed for prop "onKeydown". Expected Function, got Array  
  at <ATextarea value="" onUpdate:value=fn rows=4  ... > 
  at <Anonymous value= {hashed: true, components: Object, theme: undefined, token: Object} > 
  at <ALocaleProvider locale=undefined ANT_MARK__="internalMark" > 
  at <LocaleReceiver children=fn<children> > 
  at <AConfigProvider theme= {token: Object} > 
  at <App> @ http://127.0.0.1:5173/@vite/client:528
[ 1791877ms] [WARNING] [Vue warn]: Invalid prop: type check failed for prop "onKeydown". Expected Function, got Array  
  at <ATextarea value="" onUpdate:value=fn rows=4  ... > 
  at <Anonymous value= {hashed: true, components: Object, theme: undefined, token: Object} > 
  at <ALocaleProvider locale=undefined ANT_MARK__="internalMark" > 
  at <LocaleReceiver children=fn<children> > 
  at <AConfigProvider theme= {token: Object} > 
  at <App> @ http://127.0.0.1:5173/@vite/client:528
[ 1791878ms] [WARNING] [Vue warn]: Invalid prop: type check failed for prop "onKeydown". Expected Function, got Array  
  at <ATextarea value="" onUpdate:value=fn rows=4  ... > 
  at <Anonymous value= {hashed: true, components: Object, theme: undefined, token: Object} > 
  at <ALocaleProvider locale=undefined ANT_MARK__="internalMark" > 
  at <LocaleReceiver children=fn<children> > 
  at <AConfigProvider theme= {token: Object} > 
  at <App> @ http://127.0.0.1:5173/@vite/client:528
[ 1791880ms] [WARNING] [Vue warn]: Invalid prop: type check failed for prop "onKeydown". Expected Function, got Array  
  at <ATextarea value="" onUpdate:value=fn rows=4  ... > 
  at <Anonymous value= {hashed: true, components: Object, theme: undefined, token: Object} > 
  at <ALocaleProvider locale=undefined ANT_MARK__="internalMark" > 
  at <LocaleReceiver children=fn<children> > 
  at <AConfigProvider theme= {token: Object} > 
  at <App> @ http://127.0.0.1:5173/@vite/client:528
[ 1791881ms] [WARNING] [Vue warn]: Invalid prop: type check failed for prop "onKeydown". Expected Function, got Array  
  at <ATextarea value="" onUpdate:value=fn rows=4  ... > 
  at <Anonymous value= {hashed: true, components: Object, theme: undefined, token: Object} > 
  at <ALocaleProvider locale=undefined ANT_MARK__="internalMark" > 
  at <LocaleReceiver children=fn<children> > 
  at <AConfigProvider theme= {token: Object} > 
  at <App> @ http://127.0.0.1:5173/@vite/client:528
[ 1791883ms] [WARNING] [Vue warn]: Invalid prop: type check failed for prop "onKeydown". Expected Function, got Array  
  at <ATextarea value="" onUpdate:value=fn rows=4  ... > 
  at <Anonymous value= {hashed: true, components: Object, theme: undefined, token: Object} > 
  at <ALocaleProvider locale=undefined ANT_MARK__="internalMark" > 
  at <LocaleReceiver children=fn<children> > 
  at <AConfigProvider theme= {token: Object} > 
  at <App> @ http://127.0.0.1:5173/@vite/client:528
[ 1791884ms] [WARNING] [Vue warn]: Invalid prop: type check failed for prop "onKeydown". Expected Function, got Array  
  at <ATextarea value="" onUpdate:value=fn rows=4  ... > 
  at <Anonymous value= {hashed: true, components: Object, theme: undefined, token: Object} > 
  at <ALocaleProvider locale=undefined ANT_MARK__="internalMark" > 
  at <LocaleReceiver children=fn<children> > 
  at <AConfigProvider theme= {token: Object} > 
  at <App> @ http://127.0.0.1:5173/@vite/client:528
[ 1791886ms] [WARNING] [Vue warn]: Invalid prop: type check failed for prop "onKeydown". Expected Function, got Array  
  at <ATextarea value="" onUpdate:value=fn rows=4  ... > 
  at <Anonymous value= {hashed: true, components: Object, theme: undefined, token: Object} > 
  at <ALocaleProvider locale=undefined ANT_MARK__="internalMark" > 
  at <LocaleReceiver children=fn<children> > 
  at <AConfigProvider theme= {token: Object} > 
  at <App> @ http://127.0.0.1:5173/@vite/client:528
[ 1791887ms] [WARNING] [Vue warn]: Invalid prop: type check failed for prop "onKeydown". Expected Function, got Array  
  at <ATextarea value="" onUpdate:value=fn rows=4  ... > 
  at <Anonymous value= {hashed: true, components: Object, theme: undefined, token: Object} > 
  at <ALocaleProvider locale=undefined ANT_MARK__="internalMark" > 
  at <LocaleReceiver children=fn<children> > 
  at <AConfigProvider theme= {token: Object} > 
  at <App> @ http://127.0.0.1:5173/@vite/client:528
[ 1791889ms] [WARNING] [Vue warn]: Invalid prop: type check failed for prop "onKeydown". Expected Function, got Array  
  at <ATextarea value="" onUpdate:value=fn rows=4  ... > 
  at <Anonymous value= {hashed: true, components: Object, theme: undefined, token: Object} > 
  at <ALocaleProvider locale=undefined ANT_MARK__="internalMark" > 
  at <LocaleReceiver children=fn<children> > 
  at <AConfigProvider theme= {token: Object} > 
  at <App> @ http://127.0.0.1:5173/@vite/client:528
[ 1791890ms] [WARNING] [Vue warn]: Invalid prop: type check failed for prop "onKeydown". Expected Function, got Array  
  at <ATextarea value="" onUpdate:value=fn rows=4  ... > 
  at <Anonymous value= {hashed: true, components: Object, theme: undefined, token: Object} > 
  at <ALocaleProvider locale=undefined ANT_MARK__="internalMark" > 
  at <LocaleReceiver children=fn<children> > 
  at <AConfigProvider theme= {token: Object} > 
  at <App> @ http://127.0.0.1:5173/@vite/client:528
[ 1791892ms] [WARNING] [Vue warn]: Invalid prop: type check failed for prop "onKeydown". Expected Function, got Array  
  at <ATextarea value="" onUpdate:value=fn rows=4  ... > 
  at <Anonymous value= {hashed: true, components: Object, theme: undefined, token: Object} > 
  at <ALocaleProvider locale=undefined ANT_MARK__="internalMark" > 
  at <LocaleReceiver children=fn<children> > 
  at <AConfigProvider theme= {token: Object} > 
  at <App> @ http://127.0.0.1:5173/@vite/client:528
[ 1791893ms] [WARNING] [Vue warn]: Invalid prop: type check failed for prop "onKeydown". Expected Function, got Array  
  at <ATextarea value="" onUpdate:value=fn rows=4  ... > 
  at <Anonymous value= {hashed: true, components: Object, theme: undefined, token: Object} > 
  at <ALocaleProvider locale=undefined ANT_MARK__="internalMark" > 
  at <LocaleReceiver children=fn<children> > 
  at <AConfigProvider theme= {token: Object} > 
  at <App> @ http://127.0.0.1:5173/@vite/client:528
[ 1791895ms] [WARNING] [Vue warn]: Invalid prop: type check failed for prop "onKeydown". Expected Function, got Array  
  at <ATextarea value="" onUpdate:value=fn rows=4  ... > 
  at <Anonymous value= {hashed: true, components: Object, theme: undefined, token: Object} > 
  at <ALocaleProvider locale=undefined ANT_MARK__="internalMark" > 
  at <LocaleReceiver children=fn<children> > 
  at <AConfigProvider theme= {token: Object} > 
  at <App> @ http://127.0.0.1:5173/@vite/client:528
[ 1791896ms] [WARNING] [Vue warn]: Invalid prop: type check failed for prop "onKeydown". Expected Function, got Array  
  at <ATextarea value="" onUpdate:value=fn rows=4  ... > 
  at <Anonymous value= {hashed: true, components: Object, theme: undefined, token: Object} > 
  at <ALocaleProvider locale=undefined ANT_MARK__="internalMark" > 
  at <LocaleReceiver children=fn<children> > 
  at <AConfigProvider theme= {token: Object} > 
  at <App> @ http://127.0.0.1:5173/@vite/client:528
[ 1791898ms] [WARNING] [Vue warn]: Invalid prop: type check failed for prop "onKeydown". Expected Function, got Array  
  at <ATextarea value="" onUpdate:value=fn rows=4  ... > 
  at <Anonymous value= {hashed: true, components: Object, theme: undefined, token: Object} > 
  at <ALocaleProvider locale=undefined ANT_MARK__="internalMark" > 
  at <LocaleReceiver children=fn<children> > 
  at <AConfigProvider theme= {token: Object} > 
  at <App> @ http://127.0.0.1:5173/@vite/client:528
[ 1791900ms] [WARNING] [Vue warn]: Invalid prop: type check failed for prop "onKeydown". Expected Function, got Array  
  at <ATextarea value="" onUpdate:value=fn rows=4  ... > 
  at <Anonymous value= {hashed: true, components: Object, theme: undefined, token: Object} > 
  at <ALocaleProvider locale=undefined ANT_MARK__="internalMark" > 
  at <LocaleReceiver children=fn<children> > 
  at <AConfigProvider theme= {token: Object} > 
  at <App> @ http://127.0.0.1:5173/@vite/client:528
[ 1791902ms] [WARNING] [Vue warn]: Invalid prop: type check failed for prop "onKeydown". Expected Function, got Array  
  at <ATextarea value="" onUpdate:value=fn rows=4  ... > 
  at <Anonymous value= {hashed: true, components: Object, theme: undefined, token: Object} > 
  at <ALocaleProvider locale=undefined ANT_MARK__="internalMark" > 
  at <LocaleReceiver children=fn<children> > 
  at <AConfigProvider theme= {token: Object} > 
  at <App> @ http://127.0.0.1:5173/@vite/client:528
[ 1791903ms] [WARNING] [Vue warn]: Invalid prop: type check failed for prop "onKeydown". Expected Function, got Array  
  at <ATextarea value="" onUpdate:value=fn rows=4  ... > 
  at <Anonymous value= {hashed: true, components: Object, theme: undefined, token: Object} > 
  at <ALocaleProvider locale=undefined ANT_MARK__="internalMark" > 
  at <LocaleReceiver children=fn<children> > 
  at <AConfigProvider theme= {token: Object} > 
  at <App> @ http://127.0.0.1:5173/@vite/client:528
[ 1791905ms] [WARNING] [Vue warn]: Invalid prop: type check failed for prop "onKeydown". Expected Function, got Array  
  at <ATextarea value="" onUpdate:value=fn rows=4  ... > 
  at <Anonymous value= {hashed: true, components: Object, theme: undefined, token: Object} > 
  at <ALocaleProvider locale=undefined ANT_MARK__="internalMark" > 
  at <LocaleReceiver children=fn<children> > 
  at <AConfigProvider theme= {token: Object} > 
  at <App> @ http://127.0.0.1:5173/@vite/client:528
[ 1791907ms] [WARNING] [Vue warn]: Invalid prop: type check failed for prop "onKeydown". Expected Function, got Array  
  at <ATextarea value="" onUpdate:value=fn rows=4  ... > 
  at <Anonymous value= {hashed: true, components: Object, theme: undefined, token: Object} > 
  at <ALocaleProvider locale=undefined ANT_MARK__="internalMark" > 
  at <LocaleReceiver children=fn<children> > 
  at <AConfigProvider theme= {token: Object} > 
  at <App> @ http://127.0.0.1:5173/@vite/client:528
[ 1791908ms] [WARNING] [Vue warn]: Invalid prop: type check failed for prop "onKeydown". Expected Function, got Array  
  at <ATextarea value="" onUpdate:value=fn rows=4  ... > 
  at <Anonymous value= {hashed: true, components: Object, theme: undefined, token: Object} > 
  at <ALocaleProvider locale=undefined ANT_MARK__="internalMark" > 
  at <LocaleReceiver children=fn<children> > 
  at <AConfigProvider theme= {token: Object} > 
  at <App> @ http://127.0.0.1:5173/@vite/client:528
[ 1791910ms] [WARNING] [Vue warn]: Invalid prop: type check failed for prop "onKeydown". Expected Function, got Array  
  at <ATextarea value="" onUpdate:value=fn rows=4  ... > 
  at <Anonymous value= {hashed: true, components: Object, theme: undefined, token: Object} > 
  at <ALocaleProvider locale=undefined ANT_MARK__="internalMark" > 
  at <LocaleReceiver children=fn<children> > 
  at <AConfigProvider theme= {token: Object} > 
  at <App> @ http://127.0.0.1:5173/@vite/client:528
[ 1791912ms] [WARNING] [Vue warn]: Invalid prop: type check failed for prop "onKeydown". Expected Function, got Array  
  at <ATextarea value="" onUpdate:value=fn rows=4  ... > 
  at <Anonymous value= {hashed: true, components: Object, theme: undefined, token: Object} > 
  at <ALocaleProvider locale=undefined ANT_MARK__="internalMark" > 
  at <LocaleReceiver children=fn<children> > 
  at <AConfigProvider theme= {token: Object} > 
  at <App> @ http://127.0.0.1:5173/@vite/client:528
[ 1791913ms] [WARNING] [Vue warn]: Invalid prop: type check failed for prop "onKeydown". Expected Function, got Array  
  at <ATextarea value="" onUpdate:value=fn rows=4  ... > 
  at <Anonymous value= {hashed: true, components: Object, theme: undefined, token: Object} > 
  at <ALocaleProvider locale=undefined ANT_MARK__="internalMark" > 
  at <LocaleReceiver children=fn<children> > 
  at <AConfigProvider theme= {token: Object} > 
  at <App> @ http://127.0.0.1:5173/@vite/client:528
[ 1791915ms] [WARNING] [Vue warn]: Invalid prop: type check failed for prop "onKeydown". Expected Function, got Array  
  at <ATextarea value="" onUpdate:value=fn rows=4  ... > 
  at <Anonymous value= {hashed: true, components: Object, theme: undefined, token: Object} > 
  at <ALocaleProvider locale=undefined ANT_MARK__="internalMark" > 
  at <LocaleReceiver children=fn<children> > 
  at <AConfigProvider theme= {token: Object} > 
  at <App> @ http://127.0.0.1:5173/@vite/client:528
[ 1791916ms] [WARNING] [Vue warn]: Invalid prop: type check failed for prop "onKeydown". Expected Function, got Array  
  at <ATextarea value="" onUpdate:value=fn rows=4  ... > 
  at <Anonymous value= {hashed: true, components: Object, theme: undefined, token: Object} > 
  at <ALocaleProvider locale=undefined ANT_MARK__="internalMark" > 
  at <LocaleReceiver children=fn<children> > 
  at <AConfigProvider theme= {token: Object} > 
  at <App> @ http://127.0.0.1:5173/@vite/client:528
[ 1791918ms] [WARNING] [Vue warn]: Invalid prop: type check failed for prop "onKeydown". Expected Function, got Array  
  at <ATextarea value="" onUpdate:value=fn rows=4  ... > 
  at <Anonymous value= {hashed: true, components: Object, theme: undefined, token: Object} > 
  at <ALocaleProvider locale=undefined ANT_MARK__="internalMark" > 
  at <LocaleReceiver children=fn<children> > 
  at <AConfigProvider theme= {token: Object} > 
  at <App> @ http://127.0.0.1:5173/@vite/client:528
[ 1791920ms] [WARNING] [Vue warn]: Invalid prop: type check failed for prop "onKeydown". Expected Function, got Array  
  at <ATextarea value="" onUpdate:value=fn rows=4  ... > 
  at <Anonymous value= {hashed: true, components: Object, theme: undefined, token: Object} > 
  at <ALocaleProvider locale=undefined ANT_MARK__="internalMark" > 
  at <LocaleReceiver children=fn<children> > 
  at <AConfigProvider theme= {token: Object} > 
  at <App> @ http://127.0.0.1:5173/@vite/client:528
[ 1791922ms] [WARNING] [Vue warn]: Invalid prop: type check failed for prop "onKeydown". Expected Function, got Array  
  at <ATextarea value="" onUpdate:value=fn rows=4  ... > 
  at <Anonymous value= {hashed: true, components: Object, theme: undefined, token: Object} > 
  at <ALocaleProvider locale=undefined ANT_MARK__="internalMark" > 
  at <LocaleReceiver children=fn<children> > 
  at <AConfigProvider theme= {token: Object} > 
  at <App> @ http://127.0.0.1:5173/@vite/client:528
[ 1791923ms] [WARNING] [Vue warn]: Invalid prop: type check failed for prop "onKeydown". Expected Function, got Array  
  at <ATextarea value="" onUpdate:value=fn rows=4  ... > 
  at <Anonymous value= {hashed: true, components: Object, theme: undefined, token: Object} > 
  at <ALocaleProvider locale=undefined ANT_MARK__="internalMark" > 
  at <LocaleReceiver children=fn<children> > 
  at <AConfigProvider theme= {token: Object} > 
  at <App> @ http://127.0.0.1:5173/@vite/client:528
[ 1791925ms] [WARNING] [Vue warn]: Invalid prop: type check failed for prop "onKeydown". Expected Function, got Array  
  at <ATextarea value="" onUpdate:value=fn rows=4  ... > 
  at <Anonymous value= {hashed: true, components: Object, theme: undefined, token: Object} > 
  at <ALocaleProvider locale=undefined ANT_MARK__="internalMark" > 
  at <LocaleReceiver children=fn<children> > 
  at <AConfigProvider theme= {token: Object} > 
  at <App> @ http://127.0.0.1:5173/@vite/client:528
[ 1791926ms] [WARNING] [Vue warn]: Invalid prop: type check failed for prop "onKeydown". Expected Function, got Array  
  at <ATextarea value="" onUpdate:value=fn rows=4  ... > 
  at <Anonymous value= {hashed: true, components: Object, theme: undefined, token: Object} > 
  at <ALocaleProvider locale=undefined ANT_MARK__="internalMark" > 
  at <LocaleReceiver children=fn<children> > 
  at <AConfigProvider theme= {token: Object} > 
  at <App> @ http://127.0.0.1:5173/@vite/client:528
[ 1791928ms] [WARNING] [Vue warn]: Invalid prop: type check failed for prop "onKeydown". Expected Function, got Array  
  at <ATextarea value="" onUpdate:value=fn rows=4  ... > 
  at <Anonymous value= {hashed: true, components: Object, theme: undefined, token: Object} > 
  at <ALocaleProvider locale=undefined ANT_MARK__="internalMark" > 
  at <LocaleReceiver children=fn<children> > 
  at <AConfigProvider theme= {token: Object} > 
  at <App> @ http://127.0.0.1:5173/@vite/client:528
[ 1791930ms] [WARNING] [Vue warn]: Invalid prop: type check failed for prop "onKeydown". Expected Function, got Array  
  at <ATextarea value="" onUpdate:value=fn rows=4  ... > 
  at <Anonymous value= {hashed: true, components: Object, theme: undefined, token: Object} > 
  at <ALocaleProvider locale=undefined ANT_MARK__="internalMark" > 
  at <LocaleReceiver children=fn<children> > 
  at <AConfigProvider theme= {token: Object} > 
  at <App> @ http://127.0.0.1:5173/@vite/client:528
[ 1791931ms] [WARNING] [Vue warn]: Invalid prop: type check failed for prop "onKeydown". Expected Function, got Array  
  at <ATextarea value="" onUpdate:value=fn rows=4  ... > 
  at <Anonymous value= {hashed: true, components: Object, theme: undefined, token: Object} > 
  at <ALocaleProvider locale=undefined ANT_MARK__="internalMark" > 
  at <LocaleReceiver children=fn<children> > 
  at <AConfigProvider theme= {token: Object} > 
  at <App> @ http://127.0.0.1:5173/@vite/client:528
[ 1791933ms] [WARNING] [Vue warn]: Invalid prop: type check failed for prop "onKeydown". Expected Function, got Array  
  at <ATextarea value="" onUpdate:value=fn rows=4  ... > 
  at <Anonymous value= {hashed: true, components: Object, theme: undefined, token: Object} > 
  at <ALocaleProvider locale=undefined ANT_MARK__="internalMark" > 
  at <LocaleReceiver children=fn<children> > 
  at <AConfigProvider theme= {token: Object} > 
  at <App> @ http://127.0.0.1:5173/@vite/client:528
[ 1791934ms] [WARNING] [Vue warn]: Invalid prop: type check failed for prop "onKeydown". Expected Function, got Array  
  at <ATextarea value="" onUpdate:value=fn rows=4  ... > 
  at <Anonymous value= {hashed: true, components: Object, theme: undefined, token: Object} > 
  at <ALocaleProvider locale=undefined ANT_MARK__="internalMark" > 
  at <LocaleReceiver children=fn<children> > 
  at <AConfigProvider theme= {token: Object} > 
  at <App> @ http://127.0.0.1:5173/@vite/client:528
[ 1791936ms] [WARNING] [Vue warn]: Invalid prop: type check failed for prop "onKeydown". Expected Function, got Array  
  at <ATextarea value="" onUpdate:value=fn rows=4  ... > 
  at <Anonymous value= {hashed: true, components: Object, theme: undefined, token: Object} > 
  at <ALocaleProvider locale=undefined ANT_MARK__="internalMark" > 
  at <LocaleReceiver children=fn<children> > 
  at <AConfigProvider theme= {token: Object} > 
  at <App> @ http://127.0.0.1:5173/@vite/client:528
[ 1791938ms] [WARNING] [Vue warn]: Invalid prop: type check failed for prop "onKeydown". Expected Function, got Array  
  at <ATextarea value="" onUpdate:value=fn rows=4  ... > 
  at <Anonymous value= {hashed: true, components: Object, theme: undefined, token: Object} > 
  at <ALocaleProvider locale=undefined ANT_MARK__="internalMark" > 
  at <LocaleReceiver children=fn<children> > 
  at <AConfigProvider theme= {token: Object} > 
  at <App> @ http://127.0.0.1:5173/@vite/client:528
[ 1791940ms] [WARNING] [Vue warn]: Invalid prop: type check failed for prop "onKeydown". Expected Function, got Array  
  at <ATextarea value="" onUpdate:value=fn rows=4  ... > 
  at <Anonymous value= {hashed: true, components: Object, theme: undefined, token: Object} > 
  at <ALocaleProvider locale=undefined ANT_MARK__="internalMark" > 
  at <LocaleReceiver children=fn<children> > 
  at <AConfigProvider theme= {token: Object} > 
  at <App> @ http://127.0.0.1:5173/@vite/client:528
[ 1791942ms] [WARNING] [Vue warn]: Invalid prop: type check failed for prop "onKeydown". Expected Function, got Array  
  at <ATextarea value="" onUpdate:value=fn rows=4  ... > 
  at <Anonymous value= {hashed: true, components: Object, theme: undefined, token: Object} > 
  at <ALocaleProvider locale=undefined ANT_MARK__="internalMark" > 
  at <LocaleReceiver children=fn<children> > 
  at <AConfigProvider theme= {token: Object} > 
  at <App> @ http://127.0.0.1:5173/@vite/client:528
[ 1791944ms] [WARNING] [Vue warn]: Invalid prop: type check failed for prop "onKeydown". Expected Function, got Array  
  at <ATextarea value="" onUpdate:value=fn rows=4  ... > 
  at <Anonymous value= {hashed: true, components: Object, theme: undefined, token: Object} > 
  at <ALocaleProvider locale=undefined ANT_MARK__="internalMark" > 
  at <LocaleReceiver children=fn<children> > 
  at <AConfigProvider theme= {token: Object} > 
  at <App> @ http://127.0.0.1:5173/@vite/client:528
[ 1791945ms] [WARNING] [Vue warn]: Invalid prop: type check failed for prop "onKeydown". Expected Function, got Array  
  at <ATextarea value="" onUpdate:value=fn rows=4  ... > 
  at <Anonymous value= {hashed: true, components: Object, theme: undefined, token: Object} > 
  at <ALocaleProvider locale=undefined ANT_MARK__="internalMark" > 
  at <LocaleReceiver children=fn<children> > 
  at <AConfigProvider theme= {token: Object} > 
  at <App> @ http://127.0.0.1:5173/@vite/client:528
[ 1791947ms] [WARNING] [Vue warn]: Invalid prop: type check failed for prop "onKeydown". Expected Function, got Array  
  at <ATextarea value="" onUpdate:value=fn rows=4  ... > 
  at <Anonymous value= {hashed: true, components: Object, theme: undefined, token: Object} > 
  at <ALocaleProvider locale=undefined ANT_MARK__="internalMark" > 
  at <LocaleReceiver children=fn<children> > 
  at <AConfigProvider theme= {token: Object} > 
  at <App> @ http://127.0.0.1:5173/@vite/client:528
[ 1791948ms] [WARNING] [Vue warn]: Invalid prop: type check failed for prop "onKeydown". Expected Function, got Array  
  at <ATextarea value="" onUpdate:value=fn rows=4  ... > 
  at <Anonymous value= {hashed: true, components: Object, theme: undefined, token: Object} > 
  at <ALocaleProvider locale=undefined ANT_MARK__="internalMark" > 
  at <LocaleReceiver children=fn<children> > 
  at <AConfigProvider theme= {token: Object} > 
  at <App> @ http://127.0.0.1:5173/@vite/client:528
[ 1791950ms] [WARNING] [Vue warn]: Invalid prop: type check failed for prop "onKeydown". Expected Function, got Array  
  at <ATextarea value="" onUpdate:value=fn rows=4  ... > 
  at <Anonymous value= {hashed: true, components: Object, theme: undefined, token: Object} > 
  at <ALocaleProvider locale=undefined ANT_MARK__="internalMark" > 
  at <LocaleReceiver children=fn<children> > 
  at <AConfigProvider theme= {token: Object} > 
  at <App> @ http://127.0.0.1:5173/@vite/client:528
[ 1791951ms] [WARNING] [Vue warn]: Invalid prop: type check failed for prop "onKeydown". Expected Function, got Array  
  at <ATextarea value="" onUpdate:value=fn rows=4  ... > 
  at <Anonymous value= {hashed: true, components: Object, theme: undefined, token: Object} > 
  at <ALocaleProvider locale=undefined ANT_MARK__="internalMark" > 
  at <LocaleReceiver children=fn<children> > 
  at <AConfigProvider theme= {token: Object} > 
  at <App> @ http://127.0.0.1:5173/@vite/client:528
[ 1791953ms] [WARNING] [Vue warn]: Invalid prop: type check failed for prop "onKeydown". Expected Function, got Array  
  at <ATextarea value="" onUpdate:value=fn rows=4  ... > 
  at <Anonymous value= {hashed: true, components: Object, theme: undefined, token: Object} > 
  at <ALocaleProvider locale=undefined ANT_MARK__="internalMark" > 
  at <LocaleReceiver children=fn<children> > 
  at <AConfigProvider theme= {token: Object} > 
  at <App> @ http://127.0.0.1:5173/@vite/client:528
[ 1791954ms] [WARNING] [Vue warn]: Invalid prop: type check failed for prop "onKeydown". Expected Function, got Array  
  at <ATextarea value="" onUpdate:value=fn rows=4  ... > 
  at <Anonymous value= {hashed: true, components: Object, theme: undefined, token: Object} > 
  at <ALocaleProvider locale=undefined ANT_MARK__="internalMark" > 
  at <LocaleReceiver children=fn<children> > 
  at <AConfigProvider theme= {token: Object} > 
  at <App> @ http://127.0.0.1:5173/@vite/client:528
[ 1791956ms] [WARNING] [Vue warn]: Invalid prop: type check failed for prop "onKeydown". Expected Function, got Array  
  at <ATextarea value="" onUpdate:value=fn rows=4  ... > 
  at <Anonymous value= {hashed: true, components: Object, theme: undefined, token: Object} > 
  at <ALocaleProvider locale=undefined ANT_MARK__="internalMark" > 
  at <LocaleReceiver children=fn<children> > 
  at <AConfigProvider theme= {token: Object} > 
  at <App> @ http://127.0.0.1:5173/@vite/client:528
[ 1791957ms] [WARNING] [Vue warn]: Invalid prop: type check failed for prop "onKeydown". Expected Function, got Array  
  at <ATextarea value="" onUpdate:value=fn rows=4  ... > 
  at <Anonymous value= {hashed: true, components: Object, theme: undefined, token: Object} > 
  at <ALocaleProvider locale=undefined ANT_MARK__="internalMark" > 
  at <LocaleReceiver children=fn<children> > 
  at <AConfigProvider theme= {token: Object} > 
  at <App> @ http://127.0.0.1:5173/@vite/client:528
[ 1791959ms] [WARNING] [Vue warn]: Invalid prop: type check failed for prop "onKeydown". Expected Function, got Array  
  at <ATextarea value="" onUpdate:value=fn rows=4  ... > 
  at <Anonymous value= {hashed: true, components: Object, theme: undefined, token: Object} > 
  at <ALocaleProvider locale=undefined ANT_MARK__="internalMark" > 
  at <LocaleReceiver children=fn<children> > 
  at <AConfigProvider theme= {token: Object} > 
  at <App> @ http://127.0.0.1:5173/@vite/client:528
[ 1791960ms] [WARNING] [Vue warn]: Invalid prop: type check failed for prop "onKeydown". Expected Function, got Array  
  at <ATextarea value="" onUpdate:value=fn rows=4  ... > 
  at <Anonymous value= {hashed: true, components: Object, theme: undefined, token: Object} > 
  at <ALocaleProvider locale=undefined ANT_MARK__="internalMark" > 
  at <LocaleReceiver children=fn<children> > 
  at <AConfigProvider theme= {token: Object} > 
  at <App> @ http://127.0.0.1:5173/@vite/client:528
[ 1791962ms] [WARNING] [Vue warn]: Invalid prop: type check failed for prop "onKeydown". Expected Function, got Array  
  at <ATextarea value="" onUpdate:value=fn rows=4  ... > 
  at <Anonymous value= {hashed: true, components: Object, theme: undefined, token: Object} > 
  at <ALocaleProvider locale=undefined ANT_MARK__="internalMark" > 
  at <LocaleReceiver children=fn<children> > 
  at <AConfigProvider theme= {token: Object} > 
  at <App> @ http://127.0.0.1:5173/@vite/client:528
[ 1791964ms] [WARNING] [Vue warn]: Invalid prop: type check failed for prop "onKeydown". Expected Function, got Array  
  at <ATextarea value="" onUpdate:value=fn rows=4  ... > 
  at <Anonymous value= {hashed: true, components: Object, theme: undefined, token: Object} > 
  at <ALocaleProvider locale=undefined ANT_MARK__="internalMark" > 
  at <LocaleReceiver children=fn<children> > 
  at <AConfigProvider theme= {token: Object} > 
  at <App> @ http://127.0.0.1:5173/@vite/client:528
[ 1791966ms] [WARNING] [Vue warn]: Invalid prop: type check failed for prop "onKeydown". Expected Function, got Array  
  at <ATextarea value="" onUpdate:value=fn rows=4  ... > 
  at <Anonymous value= {hashed: true, components: Object, theme: undefined, token: Object} > 
  at <ALocaleProvider locale=undefined ANT_MARK__="internalMark" > 
  at <LocaleReceiver children=fn<children> > 
  at <AConfigProvider theme= {token: Object} > 
  at <App> @ http://127.0.0.1:5173/@vite/client:528
[ 1791967ms] [WARNING] [Vue warn]: Invalid prop: type check failed for prop "onKeydown". Expected Function, got Array  
  at <ATextarea value="" onUpdate:value=fn rows=4  ... > 
  at <Anonymous value= {hashed: true, components: Object, theme: undefined, token: Object} > 
  at <ALocaleProvider locale=undefined ANT_MARK__="internalMark" > 
  at <LocaleReceiver children=fn<children> > 
  at <AConfigProvider theme= {token: Object} > 
  at <App> @ http://127.0.0.1:5173/@vite/client:528
[ 1791969ms] [WARNING] [Vue warn]: Invalid prop: type check failed for prop "onKeydown". Expected Function, got Array  
  at <ATextarea value="" onUpdate:value=fn rows=4  ... > 
  at <Anonymous value= {hashed: true, components: Object, theme: undefined, token: Object} > 
  at <ALocaleProvider locale=undefined ANT_MARK__="internalMark" > 
  at <LocaleReceiver children=fn<children> > 
  at <AConfigProvider theme= {token: Object} > 
  at <App> @ http://127.0.0.1:5173/@vite/client:528
[ 1791970ms] [WARNING] [Vue warn]: Invalid prop: type check failed for prop "onKeydown". Expected Function, got Array  
  at <ATextarea value="" onUpdate:value=fn rows=4  ... > 
  at <Anonymous value= {hashed: true, components: Object, theme: undefined, token: Object} > 
  at <ALocaleProvider locale=undefined ANT_MARK__="internalMark" > 
  at <LocaleReceiver children=fn<children> > 
  at <AConfigProvider theme= {token: Object} > 
  at <App> @ http://127.0.0.1:5173/@vite/client:528
[ 1791972ms] [WARNING] [Vue warn]: Invalid prop: type check failed for prop "onKeydown". Expected Function, got Array  
  at <ATextarea value="" onUpdate:value=fn rows=4  ... > 
  at <Anonymous value= {hashed: true, components: Object, theme: undefined, token: Object} > 
  at <ALocaleProvider locale=undefined ANT_MARK__="internalMark" > 
  at <LocaleReceiver children=fn<children> > 
  at <AConfigProvider theme= {token: Object} > 
  at <App> @ http://127.0.0.1:5173/@vite/client:528
[ 1791973ms] [WARNING] [Vue warn]: Invalid prop: type check failed for prop "onKeydown". Expected Function, got Array  
  at <ATextarea value="" onUpdate:value=fn rows=4  ... > 
  at <Anonymous value= {hashed: true, components: Object, theme: undefined, token: Object} > 
  at <ALocaleProvider locale=undefined ANT_MARK__="internalMark" > 
  at <LocaleReceiver children=fn<children> > 
  at <AConfigProvider theme= {token: Object} > 
  at <App> @ http://127.0.0.1:5173/@vite/client:528
[ 1791975ms] [WARNING] [Vue warn]: Invalid prop: type check failed for prop "onKeydown". Expected Function, got Array  
  at <ATextarea value="" onUpdate:value=fn rows=4  ... > 
  at <Anonymous value= {hashed: true, components: Object, theme: undefined, token: Object} > 
  at <ALocaleProvider locale=undefined ANT_MARK__="internalMark" > 
  at <LocaleReceiver children=fn<children> > 
  at <AConfigProvider theme= {token: Object} > 
  at <App> @ http://127.0.0.1:5173/@vite/client:528
[ 1791976ms] [WARNING] [Vue warn]: Invalid prop: type check failed for prop "onKeydown". Expected Function, got Array  
  at <ATextarea value="" onUpdate:value=fn rows=4  ... > 
  at <Anonymous value= {hashed: true, components: Object, theme: undefined, token: Object} > 
  at <ALocaleProvider locale=undefined ANT_MARK__="internalMark" > 
  at <LocaleReceiver children=fn<children> > 
  at <AConfigProvider theme= {token: Object} > 
  at <App> @ http://127.0.0.1:5173/@vite/client:528
[ 1791977ms] [WARNING] [Vue warn]: Invalid prop: type check failed for prop "onKeydown". Expected Function, got Array  
  at <ATextarea value="" onUpdate:value=fn rows=4  ... > 
  at <Anonymous value= {hashed: true, components: Object, theme: undefined, token: Object} > 
  at <ALocaleProvider locale=undefined ANT_MARK__="internalMark" > 
  at <LocaleReceiver children=fn<children> > 
  at <AConfigProvider theme= {token: Object} > 
  at <App> @ http://127.0.0.1:5173/@vite/client:528
[ 1791979ms] [WARNING] [Vue warn]: Invalid prop: type check failed for prop "onKeydown". Expected Function, got Array  
  at <ATextarea value="" onUpdate:value=fn rows=4  ... > 
  at <Anonymous value= {hashed: true, components: Object, theme: undefined, token: Object} > 
  at <ALocaleProvider locale=undefined ANT_MARK__="internalMark" > 
  at <LocaleReceiver children=fn<children> > 
  at <AConfigProvider theme= {token: Object} > 
  at <App> @ http://127.0.0.1:5173/@vite/client:528
[ 1791980ms] [WARNING] [Vue warn]: Invalid prop: type check failed for prop "onKeydown". Expected Function, got Array  
  at <ATextarea value="" onUpdate:value=fn rows=4  ... > 
  at <Anonymous value= {hashed: true, components: Object, theme: undefined, token: Object} > 
  at <ALocaleProvider locale=undefined ANT_MARK__="internalMark" > 
  at <LocaleReceiver children=fn<children> > 
  at <AConfigProvider theme= {token: Object} > 
  at <App> @ http://127.0.0.1:5173/@vite/client:528
[ 1791982ms] [WARNING] [Vue warn]: Invalid prop: type check failed for prop "onKeydown". Expected Function, got Array  
  at <ATextarea value="" onUpdate:value=fn rows=4  ... > 
  at <Anonymous value= {hashed: true, components: Object, theme: undefined, token: Object} > 
  at <ALocaleProvider locale=undefined ANT_MARK__="internalMark" > 
  at <LocaleReceiver children=fn<children> > 
  at <AConfigProvider theme= {token: Object} > 
  at <App> @ http://127.0.0.1:5173/@vite/client:528
[ 1791984ms] [WARNING] [Vue warn]: Invalid prop: type check failed for prop "onKeydown". Expected Function, got Array  
  at <ATextarea value="" onUpdate:value=fn rows=4  ... > 
  at <Anonymous value= {hashed: true, components: Object, theme: undefined, token: Object} > 
  at <ALocaleProvider locale=undefined ANT_MARK__="internalMark" > 
  at <LocaleReceiver children=fn<children> > 
  at <AConfigProvider theme= {token: Object} > 
  at <App> @ http://127.0.0.1:5173/@vite/client:528
[ 1791986ms] [WARNING] [Vue warn]: Invalid prop: type check failed for prop "onKeydown". Expected Function, got Array  
  at <ATextarea value="" onUpdate:value=fn rows=4  ... > 
  at <Anonymous value= {hashed: true, components: Object, theme: undefined, token: Object} > 
  at <ALocaleProvider locale=undefined ANT_MARK__="internalMark" > 
  at <LocaleReceiver children=fn<children> > 
  at <AConfigProvider theme= {token: Object} > 
  at <App> @ http://127.0.0.1:5173/@vite/client:528
[ 1791987ms] [WARNING] [Vue warn]: Invalid prop: type check failed for prop "onKeydown". Expected Function, got Array  
  at <ATextarea value="" onUpdate:value=fn rows=4  ... > 
  at <Anonymous value= {hashed: true, components: Object, theme: undefined, token: Object} > 
  at <ALocaleProvider locale=undefined ANT_MARK__="internalMark" > 
  at <LocaleReceiver children=fn<children> > 
  at <AConfigProvider theme= {token: Object} > 
  at <App> @ http://127.0.0.1:5173/@vite/client:528
[ 1791989ms] [WARNING] [Vue warn]: Invalid prop: type check failed for prop "onKeydown". Expected Function, got Array  
  at <ATextarea value="" onUpdate:value=fn rows=4  ... > 
  at <Anonymous value= {hashed: true, components: Object, theme: undefined, token: Object} > 
  at <ALocaleProvider locale=undefined ANT_MARK__="internalMark" > 
  at <LocaleReceiver children=fn<children> > 
  at <AConfigProvider theme= {token: Object} > 
  at <App> @ http://127.0.0.1:5173/@vite/client:528
[ 1791990ms] [WARNING] [Vue warn]: Invalid prop: type check failed for prop "onKeydown". Expected Function, got Array  
  at <ATextarea value="" onUpdate:value=fn rows=4  ... > 
  at <Anonymous value= {hashed: true, components: Object, theme: undefined, token: Object} > 
  at <ALocaleProvider locale=undefined ANT_MARK__="internalMark" > 
  at <LocaleReceiver children=fn<children> > 
  at <AConfigProvider theme= {token: Object} > 
  at <App> @ http://127.0.0.1:5173/@vite/client:528
[ 1791992ms] [WARNING] [Vue warn]: Invalid prop: type check failed for prop "onKeydown". Expected Function, got Array  
  at <ATextarea value="" onUpdate:value=fn rows=4  ... > 
  at <Anonymous value= {hashed: true, components: Object, theme: undefined, token: Object} > 
  at <ALocaleProvider locale=undefined ANT_MARK__="internalMark" > 
  at <LocaleReceiver children=fn<children> > 
  at <AConfigProvider theme= {token: Object} > 
  at <App> @ http://127.0.0.1:5173/@vite/client:528
[ 1791993ms] [WARNING] [Vue warn]: Invalid prop: type check failed for prop "onKeydown". Expected Function, got Array  
  at <ATextarea value="" onUpdate:value=fn rows=4  ... > 
  at <Anonymous value= {hashed: true, components: Object, theme: undefined, token: Object} > 
  at <ALocaleProvider locale=undefined ANT_MARK__="internalMark" > 
  at <LocaleReceiver children=fn<children> > 
  at <AConfigProvider theme= {token: Object} > 
  at <App> @ http://127.0.0.1:5173/@vite/client:528
[ 1791995ms] [WARNING] [Vue warn]: Invalid prop: type check failed for prop "onKeydown". Expected Function, got Array  
  at <ATextarea value="" onUpdate:value=fn rows=4  ... > 
  at <Anonymous value= {hashed: true, components: Object, theme: undefined, token: Object} > 
  at <ALocaleProvider locale=undefined ANT_MARK__="internalMark" > 
  at <LocaleReceiver children=fn<children> > 
  at <AConfigProvider theme= {token: Object} > 
  at <App> @ http://127.0.0.1:5173/@vite/client:528
[ 1791996ms] [WARNING] [Vue warn]: Invalid prop: type check failed for prop "onKeydown". Expected Function, got Array  
  at <ATextarea value="" onUpdate:value=fn rows=4  ... > 
  at <Anonymous value= {hashed: true, components: Object, theme: undefined, token: Object} > 
  at <ALocaleProvider locale=undefined ANT_MARK__="internalMark" > 
  at <LocaleReceiver children=fn<children> > 
  at <AConfigProvider theme= {token: Object} > 
  at <App> @ http://127.0.0.1:5173/@vite/client:528
[ 1791997ms] [WARNING] [Vue warn]: Invalid prop: type check failed for prop "onKeydown". Expected Function, got Array  
  at <ATextarea value="" onUpdate:value=fn rows=4  ... > 
  at <Anonymous value= {hashed: true, components: Object, theme: undefined, token: Object} > 
  at <ALocaleProvider locale=undefined ANT_MARK__="internalMark" > 
  at <LocaleReceiver children=fn<children> > 
  at <AConfigProvider theme= {token: Object} > 
  at <App> @ http://127.0.0.1:5173/@vite/client:528
[ 1791999ms] [WARNING] [Vue warn]: Invalid prop: type check failed for prop "onKeydown". Expected Function, got Array  
  at <ATextarea value="" onUpdate:value=fn rows=4  ... > 
  at <Anonymous value= {hashed: true, components: Object, theme: undefined, token: Object} > 
  at <ALocaleProvider locale=undefined ANT_MARK__="internalMark" > 
  at <LocaleReceiver children=fn<children> > 
  at <AConfigProvider theme= {token: Object} > 
  at <App> @ http://127.0.0.1:5173/@vite/client:528
[ 1792001ms] [WARNING] [Vue warn]: Invalid prop: type check failed for prop "onKeydown". Expected Function, got Array  
  at <ATextarea value="" onUpdate:value=fn rows=4  ... > 
  at <Anonymous value= {hashed: true, components: Object, theme: undefined, token: Object} > 
  at <ALocaleProvider locale=undefined ANT_MARK__="internalMark" > 
  at <LocaleReceiver children=fn<children> > 
  at <AConfigProvider theme= {token: Object} > 
  at <App> @ http://127.0.0.1:5173/@vite/client:528
[ 1792003ms] [WARNING] [Vue warn]: Invalid prop: type check failed for prop "onKeydown". Expected Function, got Array  
  at <ATextarea value="" onUpdate:value=fn rows=4  ... > 
  at <Anonymous value= {hashed: true, components: Object, theme: undefined, token: Object} > 
  at <ALocaleProvider locale=undefined ANT_MARK__="internalMark" > 
  at <LocaleReceiver children=fn<children> > 
  at <AConfigProvider theme= {token: Object} > 
  at <App> @ http://127.0.0.1:5173/@vite/client:528
[ 1792005ms] [WARNING] [Vue warn]: Invalid prop: type check failed for prop "onKeydown". Expected Function, got Array  
  at <ATextarea value="" onUpdate:value=fn rows=4  ... > 
  at <Anonymous value= {hashed: true, components: Object, theme: undefined, token: Object} > 
  at <ALocaleProvider locale=undefined ANT_MARK__="internalMark" > 
  at <LocaleReceiver children=fn<children> > 
  at <AConfigProvider theme= {token: Object} > 
  at <App> @ http://127.0.0.1:5173/@vite/client:528
[ 1792006ms] [WARNING] [Vue warn]: Invalid prop: type check failed for prop "onKeydown". Expected Function, got Array  
  at <ATextarea value="" onUpdate:value=fn rows=4  ... > 
  at <Anonymous value= {hashed: true, components: Object, theme: undefined, token: Object} > 
  at <ALocaleProvider locale=undefined ANT_MARK__="internalMark" > 
  at <LocaleReceiver children=fn<children> > 
  at <AConfigProvider theme= {token: Object} > 
  at <App> @ http://127.0.0.1:5173/@vite/client:528
[ 1792008ms] [WARNING] [Vue warn]: Invalid prop: type check failed for prop "onKeydown". Expected Function, got Array  
  at <ATextarea value="" onUpdate:value=fn rows=4  ... > 
  at <Anonymous value= {hashed: true, components: Object, theme: undefined, token: Object} > 
  at <ALocaleProvider locale=undefined ANT_MARK__="internalMark" > 
  at <LocaleReceiver children=fn<children> > 
  at <AConfigProvider theme= {token: Object} > 
  at <App> @ http://127.0.0.1:5173/@vite/client:528
[ 1792010ms] [WARNING] [Vue warn]: Invalid prop: type check failed for prop "onKeydown". Expected Function, got Array  
  at <ATextarea value="" onUpdate:value=fn rows=4  ... > 
  at <Anonymous value= {hashed: true, components: Object, theme: undefined, token: Object} > 
  at <ALocaleProvider locale=undefined ANT_MARK__="internalMark" > 
  at <LocaleReceiver children=fn<children> > 
  at <AConfigProvider theme= {token: Object} > 
  at <App> @ http://127.0.0.1:5173/@vite/client:528
[ 1792011ms] [WARNING] [Vue warn]: Invalid prop: type check failed for prop "onKeydown". Expected Function, got Array  
  at <ATextarea value="" onUpdate:value=fn rows=4  ... > 
  at <Anonymous value= {hashed: true, components: Object, theme: undefined, token: Object} > 
  at <ALocaleProvider locale=undefined ANT_MARK__="internalMark" > 
  at <LocaleReceiver children=fn<children> > 
  at <AConfigProvider theme= {token: Object} > 
  at <App> @ http://127.0.0.1:5173/@vite/client:528
[ 1792013ms] [WARNING] [Vue warn]: Invalid prop: type check failed for prop "onKeydown". Expected Function, got Array  
  at <ATextarea value="" onUpdate:value=fn rows=4  ... > 
  at <Anonymous value= {hashed: true, components: Object, theme: undefined, token: Object} > 
  at <ALocaleProvider locale=undefined ANT_MARK__="internalMark" > 
  at <LocaleReceiver children=fn<children> > 
  at <AConfigProvider theme= {token: Object} > 
  at <App> @ http://127.0.0.1:5173/@vite/client:528
[ 1792014ms] [WARNING] [Vue warn]: Invalid prop: type check failed for prop "onKeydown". Expected Function, got Array  
  at <ATextarea value="" onUpdate:value=fn rows=4  ... > 
  at <Anonymous value= {hashed: true, components: Object, theme: undefined, token: Object} > 
  at <ALocaleProvider locale=undefined ANT_MARK__="internalMark" > 
  at <LocaleReceiver children=fn<children> > 
  at <AConfigProvider theme= {token: Object} > 
  at <App> @ http://127.0.0.1:5173/@vite/client:528
[ 1792016ms] [WARNING] [Vue warn]: Invalid prop: type check failed for prop "onKeydown". Expected Function, got Array  
  at <ATextarea value="" onUpdate:value=fn rows=4  ... > 
  at <Anonymous value= {hashed: true, components: Object, theme: undefined, token: Object} > 
  at <ALocaleProvider locale=undefined ANT_MARK__="internalMark" > 
  at <LocaleReceiver children=fn<children> > 
  at <AConfigProvider theme= {token: Object} > 
  at <App> @ http://127.0.0.1:5173/@vite/client:528
[ 1792017ms] [WARNING] [Vue warn]: Invalid prop: type check failed for prop "onKeydown". Expected Function, got Array  
  at <ATextarea value="" onUpdate:value=fn rows=4  ... > 
  at <Anonymous value= {hashed: true, components: Object, theme: undefined, token: Object} > 
  at <ALocaleProvider locale=undefined ANT_MARK__="internalMark" > 
  at <LocaleReceiver children=fn<children> > 
  at <AConfigProvider theme= {token: Object} > 
  at <App> @ http://127.0.0.1:5173/@vite/client:528
[ 1792019ms] [WARNING] [Vue warn]: Invalid prop: type check failed for prop "onKeydown". Expected Function, got Array  
  at <ATextarea value="" onUpdate:value=fn rows=4  ... > 
  at <Anonymous value= {hashed: true, components: Object, theme: undefined, token: Object} > 
  at <ALocaleProvider locale=undefined ANT_MARK__="internalMark" > 
  at <LocaleReceiver children=fn<children> > 
  at <AConfigProvider theme= {token: Object} > 
  at <App> @ http://127.0.0.1:5173/@vite/client:528
[ 1792020ms] [WARNING] [Vue warn]: Invalid prop: type check failed for prop "onKeydown". Expected Function, got Array  
  at <ATextarea value="" onUpdate:value=fn rows=4  ... > 
  at <Anonymous value= {hashed: true, components: Object, theme: undefined, token: Object} > 
  at <ALocaleProvider locale=undefined ANT_MARK__="internalMark" > 
  at <LocaleReceiver children=fn<children> > 
  at <AConfigProvider theme= {token: Object} > 
  at <App> @ http://127.0.0.1:5173/@vite/client:528
[ 1792022ms] [WARNING] [Vue warn]: Invalid prop: type check failed for prop "onKeydown". Expected Function, got Array  
  at <ATextarea value="" onUpdate:value=fn rows=4  ... > 
  at <Anonymous value= {hashed: true, components: Object, theme: undefined, token: Object} > 
  at <ALocaleProvider locale=undefined ANT_MARK__="internalMark" > 
  at <LocaleReceiver children=fn<children> > 
  at <AConfigProvider theme= {token: Object} > 
  at <App> @ http://127.0.0.1:5173/@vite/client:528
[ 1792024ms] [WARNING] [Vue warn]: Invalid prop: type check failed for prop "onKeydown". Expected Function, got Array  
  at <ATextarea value="" onUpdate:value=fn rows=4  ... > 
  at <Anonymous value= {hashed: true, components: Object, theme: undefined, token: Object} > 
  at <ALocaleProvider locale=undefined ANT_MARK__="internalMark" > 
  at <LocaleReceiver children=fn<children> > 
  at <AConfigProvider theme= {token: Object} > 
  at <App> @ http://127.0.0.1:5173/@vite/client:528
[ 1792025ms] [WARNING] [Vue warn]: Invalid prop: type check failed for prop "onKeydown". Expected Function, got Array  
  at <ATextarea value="" onUpdate:value=fn rows=4  ... > 
  at <Anonymous value= {hashed: true, components: Object, theme: undefined, token: Object} > 
  at <ALocaleProvider locale=undefined ANT_MARK__="internalMark" > 
  at <LocaleReceiver children=fn<children> > 
  at <AConfigProvider theme= {token: Object} > 
  at <App> @ http://127.0.0.1:5173/@vite/client:528
[ 1792027ms] [WARNING] [Vue warn]: Invalid prop: type check failed for prop "onKeydown". Expected Function, got Array  
  at <ATextarea value="" onUpdate:value=fn rows=4  ... > 
  at <Anonymous value= {hashed: true, components: Object, theme: undefined, token: Object} > 
  at <ALocaleProvider locale=undefined ANT_MARK__="internalMark" > 
  at <LocaleReceiver children=fn<children> > 
  at <AConfigProvider theme= {token: Object} > 
  at <App> @ http://127.0.0.1:5173/@vite/client:528
[ 1792029ms] [WARNING] [Vue warn]: Invalid prop: type check failed for prop "onKeydown". Expected Function, got Array  
  at <ATextarea value="" onUpdate:value=fn rows=4  ... > 
  at <Anonymous value= {hashed: true, components: Object, theme: undefined, token: Object} > 
  at <ALocaleProvider locale=undefined ANT_MARK__="internalMark" > 
  at <LocaleReceiver children=fn<children> > 
  at <AConfigProvider theme= {token: Object} > 
  at <App> @ http://127.0.0.1:5173/@vite/client:528
[ 1792030ms] [WARNING] [Vue warn]: Invalid prop: type check failed for prop "onKeydown". Expected Function, got Array  
  at <ATextarea value="" onUpdate:value=fn rows=4  ... > 
  at <Anonymous value= {hashed: true, components: Object, theme: undefined, token: Object} > 
  at <ALocaleProvider locale=undefined ANT_MARK__="internalMark" > 
  at <LocaleReceiver children=fn<children> > 
  at <AConfigProvider theme= {token: Object} > 
  at <App> @ http://127.0.0.1:5173/@vite/client:528
[ 1792032ms] [WARNING] [Vue warn]: Invalid prop: type check failed for prop "onKeydown". Expected Function, got Array  
  at <ATextarea value="" onUpdate:value=fn rows=4  ... > 
  at <Anonymous value= {hashed: true, components: Object, theme: undefined, token: Object} > 
  at <ALocaleProvider locale=undefined ANT_MARK__="internalMark" > 
  at <LocaleReceiver children=fn<children> > 
  at <AConfigProvider theme= {token: Object} > 
  at <App> @ http://127.0.0.1:5173/@vite/client:528
[ 1792034ms] [WARNING] [Vue warn]: Invalid prop: type check failed for prop "onKeydown". Expected Function, got Array  
  at <ATextarea value="" onUpdate:value=fn rows=4  ... > 
  at <Anonymous value= {hashed: true, components: Object, theme: undefined, token: Object} > 
  at <ALocaleProvider locale=undefined ANT_MARK__="internalMark" > 
  at <LocaleReceiver children=fn<children> > 
  at <AConfigProvider theme= {token: Object} > 
  at <App> @ http://127.0.0.1:5173/@vite/client:528
[ 1792035ms] [WARNING] [Vue warn]: Invalid prop: type check failed for prop "onKeydown". Expected Function, got Array  
  at <ATextarea value="" onUpdate:value=fn rows=4  ... > 
  at <Anonymous value= {hashed: true, components: Object, theme: undefined, token: Object} > 
  at <ALocaleProvider locale=undefined ANT_MARK__="internalMark" > 
  at <LocaleReceiver children=fn<children> > 
  at <AConfigProvider theme= {token: Object} > 
  at <App> @ http://127.0.0.1:5173/@vite/client:528
[ 1792037ms] [WARNING] [Vue warn]: Invalid prop: type check failed for prop "onKeydown". Expected Function, got Array  
  at <ATextarea value="" onUpdate:value=fn rows=4  ... > 
  at <Anonymous value= {hashed: true, components: Object, theme: undefined, token: Object} > 
  at <ALocaleProvider locale=undefined ANT_MARK__="internalMark" > 
  at <LocaleReceiver children=fn<children> > 
  at <AConfigProvider theme= {token: Object} > 
  at <App> @ http://127.0.0.1:5173/@vite/client:528
[ 1792038ms] [WARNING] [Vue warn]: Invalid prop: type check failed for prop "onKeydown". Expected Function, got Array  
  at <ATextarea value="" onUpdate:value=fn rows=4  ... > 
  at <Anonymous value= {hashed: true, components: Object, theme: undefined, token: Object} > 
  at <ALocaleProvider locale=undefined ANT_MARK__="internalMark" > 
  at <LocaleReceiver children=fn<children> > 
  at <AConfigProvider theme= {token: Object} > 
  at <App> @ http://127.0.0.1:5173/@vite/client:528
[ 1792041ms] [WARNING] [Vue warn]: Invalid prop: type check failed for prop "onKeydown". Expected Function, got Array  
  at <ATextarea value="" onUpdate:value=fn rows=4  ... > 
  at <Anonymous value= {hashed: true, components: Object, theme: undefined, token: Object} > 
  at <ALocaleProvider locale=undefined ANT_MARK__="internalMark" > 
  at <LocaleReceiver children=fn<children> > 
  at <AConfigProvider theme= {token: Object} > 
  at <App> @ http://127.0.0.1:5173/@vite/client:528
[ 1792042ms] [WARNING] [Vue warn]: Invalid prop: type check failed for prop "onKeydown". Expected Function, got Array  
  at <ATextarea value="" onUpdate:value=fn rows=4  ... > 
  at <Anonymous value= {hashed: true, components: Object, theme: undefined, token: Object} > 
  at <ALocaleProvider locale=undefined ANT_MARK__="internalMark" > 
  at <LocaleReceiver children=fn<children> > 
  at <AConfigProvider theme= {token: Object} > 
  at <App> @ http://127.0.0.1:5173/@vite/client:528
[ 1792044ms] [WARNING] [Vue warn]: Invalid prop: type check failed for prop "onKeydown". Expected Function, got Array  
  at <ATextarea value="" onUpdate:value=fn rows=4  ... > 
  at <Anonymous value= {hashed: true, components: Object, theme: undefined, token: Object} > 
  at <ALocaleProvider locale=undefined ANT_MARK__="internalMark" > 
  at <LocaleReceiver children=fn<children> > 
  at <AConfigProvider theme= {token: Object} > 
  at <App> @ http://127.0.0.1:5173/@vite/client:528
[ 1792045ms] [WARNING] [Vue warn]: Invalid prop: type check failed for prop "onKeydown". Expected Function, got Array  
  at <ATextarea value="" onUpdate:value=fn rows=4  ... > 
  at <Anonymous value= {hashed: true, components: Object, theme: undefined, token: Object} > 
  at <ALocaleProvider locale=undefined ANT_MARK__="internalMark" > 
  at <LocaleReceiver children=fn<children> > 
  at <AConfigProvider theme= {token: Object} > 
  at <App> @ http://127.0.0.1:5173/@vite/client:528
[ 1792047ms] [WARNING] [Vue warn]: Invalid prop: type check failed for prop "onKeydown". Expected Function, got Array  
  at <ATextarea value="" onUpdate:value=fn rows=4  ... > 
  at <Anonymous value= {hashed: true, components: Object, theme: undefined, token: Object} > 
  at <ALocaleProvider locale=undefined ANT_MARK__="internalMark" > 
  at <LocaleReceiver children=fn<children> > 
  at <AConfigProvider theme= {token: Object} > 
  at <App> @ http://127.0.0.1:5173/@vite/client:528
[ 1792048ms] [WARNING] [Vue warn]: Invalid prop: type check failed for prop "onKeydown". Expected Function, got Array  
  at <ATextarea value="" onUpdate:value=fn rows=4  ... > 
  at <Anonymous value= {hashed: true, components: Object, theme: undefined, token: Object} > 
  at <ALocaleProvider locale=undefined ANT_MARK__="internalMark" > 
  at <LocaleReceiver children=fn<children> > 
  at <AConfigProvider theme= {token: Object} > 
  at <App> @ http://127.0.0.1:5173/@vite/client:528
[ 1792050ms] [WARNING] [Vue warn]: Invalid prop: type check failed for prop "onKeydown". Expected Function, got Array  
  at <ATextarea value="" onUpdate:value=fn rows=4  ... > 
  at <Anonymous value= {hashed: true, components: Object, theme: undefined, token: Object} > 
  at <ALocaleProvider locale=undefined ANT_MARK__="internalMark" > 
  at <LocaleReceiver children=fn<children> > 
  at <AConfigProvider theme= {token: Object} > 
  at <App> @ http://127.0.0.1:5173/@vite/client:528
[ 1792051ms] [WARNING] [Vue warn]: Invalid prop: type check failed for prop "onKeydown". Expected Function, got Array  
  at <ATextarea value="" onUpdate:value=fn rows=4  ... > 
  at <Anonymous value= {hashed: true, components: Object, theme: undefined, token: Object} > 
  at <ALocaleProvider locale=undefined ANT_MARK__="internalMark" > 
  at <LocaleReceiver children=fn<children> > 
  at <AConfigProvider theme= {token: Object} > 
  at <App> @ http://127.0.0.1:5173/@vite/client:528
[ 1792053ms] [WARNING] [Vue warn]: Invalid prop: type check failed for prop "onKeydown". Expected Function, got Array  
  at <ATextarea value="" onUpdate:value=fn rows=4  ... > 
  at <Anonymous value= {hashed: true, components: Object, theme: undefined, token: Object} > 
  at <ALocaleProvider locale=undefined ANT_MARK__="internalMark" > 
  at <LocaleReceiver children=fn<children> > 
  at <AConfigProvider theme= {token: Object} > 
  at <App> @ http://127.0.0.1:5173/@vite/client:528
[ 1792054ms] [WARNING] [Vue warn]: Invalid prop: type check failed for prop "onKeydown". Expected Function, got Array  
  at <ATextarea value="" onUpdate:value=fn rows=4  ... > 
  at <Anonymous value= {hashed: true, components: Object, theme: undefined, token: Object} > 
  at <ALocaleProvider locale=undefined ANT_MARK__="internalMark" > 
  at <LocaleReceiver children=fn<children> > 
  at <AConfigProvider theme= {token: Object} > 
  at <App> @ http://127.0.0.1:5173/@vite/client:528
[ 1792056ms] [WARNING] [Vue warn]: Invalid prop: type check failed for prop "onKeydown". Expected Function, got Array  
  at <ATextarea value="" onUpdate:value=fn rows=4  ... > 
  at <Anonymous value= {hashed: true, components: Object, theme: undefined, token: Object} > 
  at <ALocaleProvider locale=undefined ANT_MARK__="internalMark" > 
  at <LocaleReceiver children=fn<children> > 
  at <AConfigProvider theme= {token: Object} > 
  at <App> @ http://127.0.0.1:5173/@vite/client:528
[ 1792057ms] [WARNING] [Vue warn]: Invalid prop: type check failed for prop "onKeydown". Expected Function, got Array  
  at <ATextarea value="" onUpdate:value=fn rows=4  ... > 
  at <Anonymous value= {hashed: true, components: Object, theme: undefined, token: Object} > 
  at <ALocaleProvider locale=undefined ANT_MARK__="internalMark" > 
  at <LocaleReceiver children=fn<children> > 
  at <AConfigProvider theme= {token: Object} > 
  at <App> @ http://127.0.0.1:5173/@vite/client:528
[ 1792058ms] [WARNING] [Vue warn]: Invalid prop: type check failed for prop "onKeydown". Expected Function, got Array  
  at <ATextarea value="" onUpdate:value=fn rows=4  ... > 
  at <Anonymous value= {hashed: true, components: Object, theme: undefined, token: Object} > 
  at <ALocaleProvider locale=undefined ANT_MARK__="internalMark" > 
  at <LocaleReceiver children=fn<children> > 
  at <AConfigProvider theme= {token: Object} > 
  at <App> @ http://127.0.0.1:5173/@vite/client:528
[ 1792060ms] [WARNING] [Vue warn]: Invalid prop: type check failed for prop "onKeydown". Expected Function, got Array  
  at <ATextarea value="" onUpdate:value=fn rows=4  ... > 
  at <Anonymous value= {hashed: true, components: Object, theme: undefined, token: Object} > 
  at <ALocaleProvider locale=undefined ANT_MARK__="internalMark" > 
  at <LocaleReceiver children=fn<children> > 
  at <AConfigProvider theme= {token: Object} > 
  at <App> @ http://127.0.0.1:5173/@vite/client:528
[ 1792061ms] [WARNING] [Vue warn]: Invalid prop: type check failed for prop "onKeydown". Expected Function, got Array  
  at <ATextarea value="" onUpdate:value=fn rows=4  ... > 
  at <Anonymous value= {hashed: true, components: Object, theme: undefined, token: Object} > 
  at <ALocaleProvider locale=undefined ANT_MARK__="internalMark" > 
  at <LocaleReceiver children=fn<children> > 
  at <AConfigProvider theme= {token: Object} > 
  at <App> @ http://127.0.0.1:5173/@vite/client:528
[ 1792063ms] [WARNING] [Vue warn]: Invalid prop: type check failed for prop "onKeydown". Expected Function, got Array  
  at <ATextarea value="" onUpdate:value=fn rows=4  ... > 
  at <Anonymous value= {hashed: true, components: Object, theme: undefined, token: Object} > 
  at <ALocaleProvider locale=undefined ANT_MARK__="internalMark" > 
  at <LocaleReceiver children=fn<children> > 
  at <AConfigProvider theme= {token: Object} > 
  at <App> @ http://127.0.0.1:5173/@vite/client:528
[ 1792065ms] [WARNING] [Vue warn]: Invalid prop: type check failed for prop "onKeydown". Expected Function, got Array  
  at <ATextarea value="" onUpdate:value=fn rows=4  ... > 
  at <Anonymous value= {hashed: true, components: Object, theme: undefined, token: Object} > 
  at <ALocaleProvider locale=undefined ANT_MARK__="internalMark" > 
  at <LocaleReceiver children=fn<children> > 
  at <AConfigProvider theme= {token: Object} > 
  at <App> @ http://127.0.0.1:5173/@vite/client:528
[ 1792067ms] [WARNING] [Vue warn]: Invalid prop: type check failed for prop "onKeydown". Expected Function, got Array  
  at <ATextarea value="" onUpdate:value=fn rows=4  ... > 
  at <Anonymous value= {hashed: true, components: Object, theme: undefined, token: Object} > 
  at <ALocaleProvider locale=undefined ANT_MARK__="internalMark" > 
  at <LocaleReceiver children=fn<children> > 
  at <AConfigProvider theme= {token: Object} > 
  at <App> @ http://127.0.0.1:5173/@vite/client:528
[ 1792068ms] [WARNING] [Vue warn]: Invalid prop: type check failed for prop "onKeydown". Expected Function, got Array  
  at <ATextarea value="" onUpdate:value=fn rows=4  ... > 
  at <Anonymous value= {hashed: true, components: Object, theme: undefined, token: Object} > 
  at <ALocaleProvider locale=undefined ANT_MARK__="internalMark" > 
  at <LocaleReceiver children=fn<children> > 
  at <AConfigProvider theme= {token: Object} > 
  at <App> @ http://127.0.0.1:5173/@vite/client:528
[ 1792070ms] [WARNING] [Vue warn]: Invalid prop: type check failed for prop "onKeydown". Expected Function, got Array  
  at <ATextarea value="" onUpdate:value=fn rows=4  ... > 
  at <Anonymous value= {hashed: true, components: Object, theme: undefined, token: Object} > 
  at <ALocaleProvider locale=undefined ANT_MARK__="internalMark" > 
  at <LocaleReceiver children=fn<children> > 
  at <AConfigProvider theme= {token: Object} > 
  at <App> @ http://127.0.0.1:5173/@vite/client:528
[ 1792071ms] [WARNING] [Vue warn]: Invalid prop: type check failed for prop "onKeydown". Expected Function, got Array  
  at <ATextarea value="" onUpdate:value=fn rows=4  ... > 
  at <Anonymous value= {hashed: true, components: Object, theme: undefined, token: Object} > 
  at <ALocaleProvider locale=undefined ANT_MARK__="internalMark" > 
  at <LocaleReceiver children=fn<children> > 
  at <AConfigProvider theme= {token: Object} > 
  at <App> @ http://127.0.0.1:5173/@vite/client:528
[ 1792073ms] [WARNING] [Vue warn]: Invalid prop: type check failed for prop "onKeydown". Expected Function, got Array  
  at <ATextarea value="" onUpdate:value=fn rows=4  ... > 
  at <Anonymous value= {hashed: true, components: Object, theme: undefined, token: Object} > 
  at <ALocaleProvider locale=undefined ANT_MARK__="internalMark" > 
  at <LocaleReceiver children=fn<children> > 
  at <AConfigProvider theme= {token: Object} > 
  at <App> @ http://127.0.0.1:5173/@vite/client:528
[ 1792074ms] [WARNING] [Vue warn]: Invalid prop: type check failed for prop "onKeydown". Expected Function, got Array  
  at <ATextarea value="" onUpdate:value=fn rows=4  ... > 
  at <Anonymous value= {hashed: true, components: Object, theme: undefined, token: Object} > 
  at <ALocaleProvider locale=undefined ANT_MARK__="internalMark" > 
  at <LocaleReceiver children=fn<children> > 
  at <AConfigProvider theme= {token: Object} > 
  at <App> @ http://127.0.0.1:5173/@vite/client:528
[ 1792076ms] [WARNING] [Vue warn]: Invalid prop: type check failed for prop "onKeydown". Expected Function, got Array  
  at <ATextarea value="" onUpdate:value=fn rows=4  ... > 
  at <Anonymous value= {hashed: true, components: Object, theme: undefined, token: Object} > 
  at <ALocaleProvider locale=undefined ANT_MARK__="internalMark" > 
  at <LocaleReceiver children=fn<children> > 
  at <AConfigProvider theme= {token: Object} > 
  at <App> @ http://127.0.0.1:5173/@vite/client:528
[ 1792077ms] [WARNING] [Vue warn]: Invalid prop: type check failed for prop "onKeydown". Expected Function, got Array  
  at <ATextarea value="" onUpdate:value=fn rows=4  ... > 
  at <Anonymous value= {hashed: true, components: Object, theme: undefined, token: Object} > 
  at <ALocaleProvider locale=undefined ANT_MARK__="internalMark" > 
  at <LocaleReceiver children=fn<children> > 
  at <AConfigProvider theme= {token: Object} > 
  at <App> @ http://127.0.0.1:5173/@vite/client:528
[ 1792079ms] [WARNING] [Vue warn]: Invalid prop: type check failed for prop "onKeydown". Expected Function, got Array  
  at <ATextarea value="" onUpdate:value=fn rows=4  ... > 
  at <Anonymous value= {hashed: true, components: Object, theme: undefined, token: Object} > 
  at <ALocaleProvider locale=undefined ANT_MARK__="internalMark" > 
  at <LocaleReceiver children=fn<children> > 
  at <AConfigProvider theme= {token: Object} > 
  at <App> @ http://127.0.0.1:5173/@vite/client:528
[ 1792080ms] [WARNING] [Vue warn]: Invalid prop: type check failed for prop "onKeydown". Expected Function, got Array  
  at <ATextarea value="" onUpdate:value=fn rows=4  ... > 
  at <Anonymous value= {hashed: true, components: Object, theme: undefined, token: Object} > 
  at <ALocaleProvider locale=undefined ANT_MARK__="internalMark" > 
  at <LocaleReceiver children=fn<children> > 
  at <AConfigProvider theme= {token: Object} > 
  at <App> @ http://127.0.0.1:5173/@vite/client:528
[ 1792082ms] [WARNING] [Vue warn]: Invalid prop: type check failed for prop "onKeydown". Expected Function, got Array  
  at <ATextarea value="" onUpdate:value=fn rows=4  ... > 
  at <Anonymous value= {hashed: true, components: Object, theme: undefined, token: Object} > 
  at <ALocaleProvider locale=undefined ANT_MARK__="internalMark" > 
  at <LocaleReceiver children=fn<children> > 
  at <AConfigProvider theme= {token: Object} > 
  at <App> @ http://127.0.0.1:5173/@vite/client:528
[ 1792083ms] [WARNING] [Vue warn]: Invalid prop: type check failed for prop "onKeydown". Expected Function, got Array  
  at <ATextarea value="" onUpdate:value=fn rows=4  ... > 
  at <Anonymous value= {hashed: true, components: Object, theme: undefined, token: Object} > 
  at <ALocaleProvider locale=undefined ANT_MARK__="internalMark" > 
  at <LocaleReceiver children=fn<children> > 
  at <AConfigProvider theme= {token: Object} > 
  at <App> @ http://127.0.0.1:5173/@vite/client:528
[ 1792085ms] [WARNING] [Vue warn]: Invalid prop: type check failed for prop "onKeydown". Expected Function, got Array  
  at <ATextarea value="" onUpdate:value=fn rows=4  ... > 
  at <Anonymous value= {hashed: true, components: Object, theme: undefined, token: Object} > 
  at <ALocaleProvider locale=undefined ANT_MARK__="internalMark" > 
  at <LocaleReceiver children=fn<children> > 
  at <AConfigProvider theme= {token: Object} > 
  at <App> @ http://127.0.0.1:5173/@vite/client:528
[ 1792086ms] [WARNING] [Vue warn]: Invalid prop: type check failed for prop "onKeydown". Expected Function, got Array  
  at <ATextarea value="" onUpdate:value=fn rows=4  ... > 
  at <Anonymous value= {hashed: true, components: Object, theme: undefined, token: Object} > 
  at <ALocaleProvider locale=undefined ANT_MARK__="internalMark" > 
  at <LocaleReceiver children=fn<children> > 
  at <AConfigProvider theme= {token: Object} > 
  at <App> @ http://127.0.0.1:5173/@vite/client:528
[ 1792088ms] [WARNING] [Vue warn]: Invalid prop: type check failed for prop "onKeydown". Expected Function, got Array  
  at <ATextarea value="" onUpdate:value=fn rows=4  ... > 
  at <Anonymous value= {hashed: true, components: Object, theme: undefined, token: Object} > 
  at <ALocaleProvider locale=undefined ANT_MARK__="internalMark" > 
  at <LocaleReceiver children=fn<children> > 
  at <AConfigProvider theme= {token: Object} > 
  at <App> @ http://127.0.0.1:5173/@vite/client:528
[ 1792089ms] [WARNING] [Vue warn]: Invalid prop: type check failed for prop "onKeydown". Expected Function, got Array  
  at <ATextarea value="" onUpdate:value=fn rows=4  ... > 
  at <Anonymous value= {hashed: true, components: Object, theme: undefined, token: Object} > 
  at <ALocaleProvider locale=undefined ANT_MARK__="internalMark" > 
  at <LocaleReceiver children=fn<children> > 
  at <AConfigProvider theme= {token: Object} > 
  at <App> @ http://127.0.0.1:5173/@vite/client:528
[ 1792090ms] [WARNING] [Vue warn]: Invalid prop: type check failed for prop "onKeydown". Expected Function, got Array  
  at <ATextarea value="" onUpdate:value=fn rows=4  ... > 
  at <Anonymous value= {hashed: true, components: Object, theme: undefined, token: Object} > 
  at <ALocaleProvider locale=undefined ANT_MARK__="internalMark" > 
  at <LocaleReceiver children=fn<children> > 
  at <AConfigProvider theme= {token: Object} > 
  at <App> @ http://127.0.0.1:5173/@vite/client:528
[ 1792092ms] [WARNING] [Vue warn]: Invalid prop: type check failed for prop "onKeydown". Expected Function, got Array  
  at <ATextarea value="" onUpdate:value=fn rows=4  ... > 
  at <Anonymous value= {hashed: true, components: Object, theme: undefined, token: Object} > 
  at <ALocaleProvider locale=undefined ANT_MARK__="internalMark" > 
  at <LocaleReceiver children=fn<children> > 
  at <AConfigProvider theme= {token: Object} > 
  at <App> @ http://127.0.0.1:5173/@vite/client:528
[ 1792093ms] [WARNING] [Vue warn]: Invalid prop: type check failed for prop "onKeydown". Expected Function, got Array  
  at <ATextarea value="" onUpdate:value=fn rows=4  ... > 
  at <Anonymous value= {hashed: true, components: Object, theme: undefined, token: Object} > 
  at <ALocaleProvider locale=undefined ANT_MARK__="internalMark" > 
  at <LocaleReceiver children=fn<children> > 
  at <AConfigProvider theme= {token: Object} > 
  at <App> @ http://127.0.0.1:5173/@vite/client:528
[ 1792095ms] [WARNING] [Vue warn]: Invalid prop: type check failed for prop "onKeydown". Expected Function, got Array  
  at <ATextarea value="" onUpdate:value=fn rows=4  ... > 
  at <Anonymous value= {hashed: true, components: Object, theme: undefined, token: Object} > 
  at <ALocaleProvider locale=undefined ANT_MARK__="internalMark" > 
  at <LocaleReceiver children=fn<children> > 
  at <AConfigProvider theme= {token: Object} > 
  at <App> @ http://127.0.0.1:5173/@vite/client:528
[ 1792096ms] [WARNING] [Vue warn]: Invalid prop: type check failed for prop "onKeydown". Expected Function, got Array  
  at <ATextarea value="" onUpdate:value=fn rows=4  ... > 
  at <Anonymous value= {hashed: true, components: Object, theme: undefined, token: Object} > 
  at <ALocaleProvider locale=undefined ANT_MARK__="internalMark" > 
  at <LocaleReceiver children=fn<children> > 
  at <AConfigProvider theme= {token: Object} > 
  at <App> @ http://127.0.0.1:5173/@vite/client:528
[ 1792097ms] [WARNING] [Vue warn]: Invalid prop: type check failed for prop "onKeydown". Expected Function, got Array  
  at <ATextarea value="" onUpdate:value=fn rows=4  ... > 
  at <Anonymous value= {hashed: true, components: Object, theme: undefined, token: Object} > 
  at <ALocaleProvider locale=undefined ANT_MARK__="internalMark" > 
  at <LocaleReceiver children=fn<children> > 
  at <AConfigProvider theme= {token: Object} > 
  at <App> @ http://127.0.0.1:5173/@vite/client:528
[ 1792099ms] [WARNING] [Vue warn]: Invalid prop: type check failed for prop "onKeydown". Expected Function, got Array  
  at <ATextarea value="" onUpdate:value=fn rows=4  ... > 
  at <Anonymous value= {hashed: true, components: Object, theme: undefined, token: Object} > 
  at <ALocaleProvider locale=undefined ANT_MARK__="internalMark" > 
  at <LocaleReceiver children=fn<children> > 
  at <AConfigProvider theme= {token: Object} > 
  at <App> @ http://127.0.0.1:5173/@vite/client:528
[ 1792100ms] [WARNING] [Vue warn]: Invalid prop: type check failed for prop "onKeydown". Expected Function, got Array  
  at <ATextarea value="" onUpdate:value=fn rows=4  ... > 
  at <Anonymous value= {hashed: true, components: Object, theme: undefined, token: Object} > 
  at <ALocaleProvider locale=undefined ANT_MARK__="internalMark" > 
  at <LocaleReceiver children=fn<children> > 
  at <AConfigProvider theme= {token: Object} > 
  at <App> @ http://127.0.0.1:5173/@vite/client:528
[ 1792102ms] [WARNING] [Vue warn]: Invalid prop: type check failed for prop "onKeydown". Expected Function, got Array  
  at <ATextarea value="" onUpdate:value=fn rows=4  ... > 
  at <Anonymous value= {hashed: true, components: Object, theme: undefined, token: Object} > 
  at <ALocaleProvider locale=undefined ANT_MARK__="internalMark" > 
  at <LocaleReceiver children=fn<children> > 
  at <AConfigProvider theme= {token: Object} > 
  at <App> @ http://127.0.0.1:5173/@vite/client:528
[ 1792104ms] [WARNING] [Vue warn]: Invalid prop: type check failed for prop "onKeydown". Expected Function, got Array  
  at <ATextarea value="" onUpdate:value=fn rows=4  ... > 
  at <Anonymous value= {hashed: true, components: Object, theme: undefined, token: Object} > 
  at <ALocaleProvider locale=undefined ANT_MARK__="internalMark" > 
  at <LocaleReceiver children=fn<children> > 
  at <AConfigProvider theme= {token: Object} > 
  at <App> @ http://127.0.0.1:5173/@vite/client:528
[ 1792106ms] [WARNING] [Vue warn]: Invalid prop: type check failed for prop "onKeydown". Expected Function, got Array  
  at <ATextarea value="" onUpdate:value=fn rows=4  ... > 
  at <Anonymous value= {hashed: true, components: Object, theme: undefined, token: Object} > 
  at <ALocaleProvider locale=undefined ANT_MARK__="internalMark" > 
  at <LocaleReceiver children=fn<children> > 
  at <AConfigProvider theme= {token: Object} > 
  at <App> @ http://127.0.0.1:5173/@vite/client:528
[ 1792107ms] [WARNING] [Vue warn]: Invalid prop: type check failed for prop "onKeydown". Expected Function, got Array  
  at <ATextarea value="" onUpdate:value=fn rows=4  ... > 
  at <Anonymous value= {hashed: true, components: Object, theme: undefined, token: Object} > 
  at <ALocaleProvider locale=undefined ANT_MARK__="internalMark" > 
  at <LocaleReceiver children=fn<children> > 
  at <AConfigProvider theme= {token: Object} > 
  at <App> @ http://127.0.0.1:5173/@vite/client:528
[ 1792109ms] [WARNING] [Vue warn]: Invalid prop: type check failed for prop "onKeydown". Expected Function, got Array  
  at <ATextarea value="" onUpdate:value=fn rows=4  ... > 
  at <Anonymous value= {hashed: true, components: Object, theme: undefined, token: Object} > 
  at <ALocaleProvider locale=undefined ANT_MARK__="internalMark" > 
  at <LocaleReceiver children=fn<children> > 
  at <AConfigProvider theme= {token: Object} > 
  at <App> @ http://127.0.0.1:5173/@vite/client:528
[ 1792110ms] [WARNING] [Vue warn]: Invalid prop: type check failed for prop "onKeydown". Expected Function, got Array  
  at <ATextarea value="" onUpdate:value=fn rows=4  ... > 
  at <Anonymous value= {hashed: true, components: Object, theme: undefined, token: Object} > 
  at <ALocaleProvider locale=undefined ANT_MARK__="internalMark" > 
  at <LocaleReceiver children=fn<children> > 
  at <AConfigProvider theme= {token: Object} > 
  at <App> @ http://127.0.0.1:5173/@vite/client:528
[ 1792112ms] [WARNING] [Vue warn]: Invalid prop: type check failed for prop "onKeydown". Expected Function, got Array  
  at <ATextarea value="" onUpdate:value=fn rows=4  ... > 
  at <Anonymous value= {hashed: true, components: Object, theme: undefined, token: Object} > 
  at <ALocaleProvider locale=undefined ANT_MARK__="internalMark" > 
  at <LocaleReceiver children=fn<children> > 
  at <AConfigProvider theme= {token: Object} > 
  at <App> @ http://127.0.0.1:5173/@vite/client:528
[ 1792113ms] [WARNING] [Vue warn]: Invalid prop: type check failed for prop "onKeydown". Expected Function, got Array  
  at <ATextarea value="" onUpdate:value=fn rows=4  ... > 
  at <Anonymous value= {hashed: true, components: Object, theme: undefined, token: Object} > 
  at <ALocaleProvider locale=undefined ANT_MARK__="internalMark" > 
  at <LocaleReceiver children=fn<children> > 
  at <AConfigProvider theme= {token: Object} > 
  at <App> @ http://127.0.0.1:5173/@vite/client:528
[ 1792115ms] [WARNING] [Vue warn]: Invalid prop: type check failed for prop "onKeydown". Expected Function, got Array  
  at <ATextarea value="" onUpdate:value=fn rows=4  ... > 
  at <Anonymous value= {hashed: true, components: Object, theme: undefined, token: Object} > 
  at <ALocaleProvider locale=undefined ANT_MARK__="internalMark" > 
  at <LocaleReceiver children=fn<children> > 
  at <AConfigProvider theme= {token: Object} > 
  at <App> @ http://127.0.0.1:5173/@vite/client:528
[ 1792117ms] [WARNING] [Vue warn]: Invalid prop: type check failed for prop "onKeydown". Expected Function, got Array  
  at <ATextarea value="" onUpdate:value=fn rows=4  ... > 
  at <Anonymous value= {hashed: true, components: Object, theme: undefined, token: Object} > 
  at <ALocaleProvider locale=undefined ANT_MARK__="internalMark" > 
  at <LocaleReceiver children=fn<children> > 
  at <AConfigProvider theme= {token: Object} > 
  at <App> @ http://127.0.0.1:5173/@vite/client:528
[ 1792119ms] [WARNING] [Vue warn]: Invalid prop: type check failed for prop "onKeydown". Expected Function, got Array  
  at <ATextarea value="" onUpdate:value=fn rows=4  ... > 
  at <Anonymous value= {hashed: true, components: Object, theme: undefined, token: Object} > 
  at <ALocaleProvider locale=undefined ANT_MARK__="internalMark" > 
  at <LocaleReceiver children=fn<children> > 
  at <AConfigProvider theme= {token: Object} > 
  at <App> @ http://127.0.0.1:5173/@vite/client:528
[ 1792120ms] [WARNING] [Vue warn]: Invalid prop: type check failed for prop "onKeydown". Expected Function, got Array  
  at <ATextarea value="" onUpdate:value=fn rows=4  ... > 
  at <Anonymous value= {hashed: true, components: Object, theme: undefined, token: Object} > 
  at <ALocaleProvider locale=undefined ANT_MARK__="internalMark" > 
  at <LocaleReceiver children=fn<children> > 
  at <AConfigProvider theme= {token: Object} > 
  at <App> @ http://127.0.0.1:5173/@vite/client:528
[ 1792122ms] [WARNING] [Vue warn]: Invalid prop: type check failed for prop "onKeydown". Expected Function, got Array  
  at <ATextarea value="" onUpdate:value=fn rows=4  ... > 
  at <Anonymous value= {hashed: true, components: Object, theme: undefined, token: Object} > 
  at <ALocaleProvider locale=undefined ANT_MARK__="internalMark" > 
  at <LocaleReceiver children=fn<children> > 
  at <AConfigProvider theme= {token: Object} > 
  at <App> @ http://127.0.0.1:5173/@vite/client:528
[ 1792124ms] [WARNING] [Vue warn]: Invalid prop: type check failed for prop "onKeydown". Expected Function, got Array  
  at <ATextarea value="" onUpdate:value=fn rows=4  ... > 
  at <Anonymous value= {hashed: true, components: Object, theme: undefined, token: Object} > 
  at <ALocaleProvider locale=undefined ANT_MARK__="internalMark" > 
  at <LocaleReceiver children=fn<children> > 
  at <AConfigProvider theme= {token: Object} > 
  at <App> @ http://127.0.0.1:5173/@vite/client:528
[ 1792126ms] [WARNING] [Vue warn]: Invalid prop: type check failed for prop "onKeydown". Expected Function, got Array  
  at <ATextarea value="" onUpdate:value=fn rows=4  ... > 
  at <Anonymous value= {hashed: true, components: Object, theme: undefined, token: Object} > 
  at <ALocaleProvider locale=undefined ANT_MARK__="internalMark" > 
  at <LocaleReceiver children=fn<children> > 
  at <AConfigProvider theme= {token: Object} > 
  at <App> @ http://127.0.0.1:5173/@vite/client:528
[ 1792127ms] [WARNING] [Vue warn]: Invalid prop: type check failed for prop "onKeydown". Expected Function, got Array  
  at <ATextarea value="" onUpdate:value=fn rows=4  ... > 
  at <Anonymous value= {hashed: true, components: Object, theme: undefined, token: Object} > 
  at <ALocaleProvider locale=undefined ANT_MARK__="internalMark" > 
  at <LocaleReceiver children=fn<children> > 
  at <AConfigProvider theme= {token: Object} > 
  at <App> @ http://127.0.0.1:5173/@vite/client:528
[ 1792129ms] [WARNING] [Vue warn]: Invalid prop: type check failed for prop "onKeydown". Expected Function, got Array  
  at <ATextarea value="" onUpdate:value=fn rows=4  ... > 
  at <Anonymous value= {hashed: true, components: Object, theme: undefined, token: Object} > 
  at <ALocaleProvider locale=undefined ANT_MARK__="internalMark" > 
  at <LocaleReceiver children=fn<children> > 
  at <AConfigProvider theme= {token: Object} > 
  at <App> @ http://127.0.0.1:5173/@vite/client:528
[ 1792130ms] [WARNING] [Vue warn]: Invalid prop: type check failed for prop "onKeydown". Expected Function, got Array  
  at <ATextarea value="" onUpdate:value=fn rows=4  ... > 
  at <Anonymous value= {hashed: true, components: Object, theme: undefined, token: Object} > 
  at <ALocaleProvider locale=undefined ANT_MARK__="internalMark" > 
  at <LocaleReceiver children=fn<children> > 
  at <AConfigProvider theme= {token: Object} > 
  at <App> @ http://127.0.0.1:5173/@vite/client:528
[ 1792132ms] [WARNING] [Vue warn]: Invalid prop: type check failed for prop "onKeydown". Expected Function, got Array  
  at <ATextarea value="" onUpdate:value=fn rows=4  ... > 
  at <Anonymous value= {hashed: true, components: Object, theme: undefined, token: Object} > 
  at <ALocaleProvider locale=undefined ANT_MARK__="internalMark" > 
  at <LocaleReceiver children=fn<children> > 
  at <AConfigProvider theme= {token: Object} > 
  at <App> @ http://127.0.0.1:5173/@vite/client:528
[ 1792133ms] [WARNING] [Vue warn]: Invalid prop: type check failed for prop "onKeydown". Expected Function, got Array  
  at <ATextarea value="" onUpdate:value=fn rows=4  ... > 
  at <Anonymous value= {hashed: true, components: Object, theme: undefined, token: Object} > 
  at <ALocaleProvider locale=undefined ANT_MARK__="internalMark" > 
  at <LocaleReceiver children=fn<children> > 
  at <AConfigProvider theme= {token: Object} > 
  at <App> @ http://127.0.0.1:5173/@vite/client:528
[ 1792135ms] [WARNING] [Vue warn]: Invalid prop: type check failed for prop "onKeydown". Expected Function, got Array  
  at <ATextarea value="" onUpdate:value=fn rows=4  ... > 
  at <Anonymous value= {hashed: true, components: Object, theme: undefined, token: Object} > 
  at <ALocaleProvider locale=undefined ANT_MARK__="internalMark" > 
  at <LocaleReceiver children=fn<children> > 
  at <AConfigProvider theme= {token: Object} > 
  at <App> @ http://127.0.0.1:5173/@vite/client:528
[ 1809504ms] [WARNING] [Vue warn]: Invalid prop: type check failed for prop "onKeydown". Expected Function, got Array  
  at <ATextarea value="" onUpdate:value=fn rows=4  ... > 
  at <Anonymous value= {hashed: true, components: Object, theme: undefined, token: Object} > 
  at <ALocaleProvider locale=undefined ANT_MARK__="internalMark" > 
  at <LocaleReceiver children=fn<children> > 
  at <AConfigProvider theme= {token: Object} > 
  at <App> @ http://127.0.0.1:5173/@vite/client:528
[ 1809517ms] [WARNING] [Vue warn]: Invalid prop: type check failed for prop "onKeydown". Expected Function, got Array  
  at <ATextarea value="" onUpdate:value=fn rows=4  ... > 
  at <Anonymous value= {hashed: true, components: Object, theme: undefined, token: Object} > 
  at <ALocaleProvider locale=undefined ANT_MARK__="internalMark" > 
  at <LocaleReceiver children=fn<children> > 
  at <AConfigProvider theme= {token: Object} > 
  at <App> @ http://127.0.0.1:5173/@vite/client:528
[ 1809522ms] [WARNING] [Vue warn]: Invalid prop: type check failed for prop "onKeydown". Expected Function, got Array  
  at <ATextarea value="" onUpdate:value=fn rows=4  ... > 
  at <Anonymous value= {hashed: true, components: Object, theme: undefined, token: Object} > 
  at <ALocaleProvider locale=undefined ANT_MARK__="internalMark" > 
  at <LocaleReceiver children=fn<children> > 
  at <AConfigProvider theme= {token: Object} > 
  at <App> @ http://127.0.0.1:5173/@vite/client:528
[ 1809527ms] [WARNING] [Vue warn]: Invalid prop: type check failed for prop "onKeydown". Expected Function, got Array  
  at <ATextarea value="" onUpdate:value=fn rows=4  ... > 
  at <Anonymous value= {hashed: true, components: Object, theme: undefined, token: Object} > 
  at <ALocaleProvider locale=undefined ANT_MARK__="internalMark" > 
  at <LocaleReceiver children=fn<children> > 
  at <AConfigProvider theme= {token: Object} > 
  at <App> @ http://127.0.0.1:5173/@vite/client:528
[ 1809530ms] [WARNING] WebSocket connection to 'ws://localhost:8080/ws/tasks/task_6470fb22cc18ddd4e0140bcae6adc42b' failed: WebSocket is closed before the connection is established. @ http://127.0.0.1:5173/src/App.vue?t=1785921858691:285
[ 1809532ms] [WARNING] [Vue warn]: Invalid prop: type check failed for prop "onKeydown". Expected Function, got Array  
  at <ATextarea value="" onUpdate:value=fn rows=4  ... > 
  at <Anonymous value= {hashed: true, components: Object, theme: undefined, token: Object} > 
  at <ALocaleProvider locale=undefined ANT_MARK__="internalMark" > 
  at <LocaleReceiver children=fn<children> > 
  at <AConfigProvider theme= {token: Object} > 
  at <App> @ http://127.0.0.1:5173/@vite/client:528
[ 1809541ms] [WARNING] [Vue warn]: Invalid prop: type check failed for prop "onKeydown". Expected Function, got Array  
  at <ATextarea value="" onUpdate:value=fn rows=4  ... > 
  at <Anonymous value= {hashed: true, components: Object, theme: undefined, token: Object} > 
  at <ALocaleProvider locale=undefined ANT_MARK__="internalMark" > 
  at <LocaleReceiver children=fn<children> > 
  at <AConfigProvider theme= {token: Object} > 
  at <App> @ http://127.0.0.1:5173/@vite/client:528
[ 1809544ms] [WARNING] [Vue warn]: Invalid prop: type check failed for prop "onKeydown". Expected Function, got Array  
  at <ATextarea value="" onUpdate:value=fn rows=4  ... > 
  at <Anonymous value= {hashed: true, components: Object, theme: undefined, token: Object} > 
  at <ALocaleProvider locale=undefined ANT_MARK__="internalMark" > 
  at <LocaleReceiver children=fn<children> > 
  at <AConfigProvider theme= {token: Object} > 
  at <App> @ http://127.0.0.1:5173/@vite/client:528
[ 1809546ms] [WARNING] [Vue warn]: Invalid prop: type check failed for prop "onKeydown". Expected Function, got Array  
  at <ATextarea value="" onUpdate:value=fn rows=4  ... > 
  at <Anonymous value= {hashed: true, components: Object, theme: undefined, token: Object} > 
  at <ALocaleProvider locale=undefined ANT_MARK__="internalMark" > 
  at <LocaleReceiver children=fn<children> > 
  at <AConfigProvider theme= {token: Object} > 
  at <App> @ http://127.0.0.1:5173/@vite/client:528
[ 1809548ms] [WARNING] [Vue warn]: Invalid prop: type check failed for prop "onKeydown". Expected Function, got Array  
  at <ATextarea value="" onUpdate:value=fn rows=4  ... > 
  at <Anonymous value= {hashed: true, components: Object, theme: undefined, token: Object} > 
  at <ALocaleProvider locale=undefined ANT_MARK__="internalMark" > 
  at <LocaleReceiver children=fn<children> > 
  at <AConfigProvider theme= {token: Object} > 
  at <App> @ http://127.0.0.1:5173/@vite/client:528
[ 1809550ms] [WARNING] [Vue warn]: Invalid prop: type check failed for prop "onKeydown". Expected Function, got Array  
  at <ATextarea value="" onUpdate:value=fn rows=4  ... > 
  at <Anonymous value= {hashed: true, components: Object, theme: undefined, token: Object} > 
  at <ALocaleProvider locale=undefined ANT_MARK__="internalMark" > 
  at <LocaleReceiver children=fn<children> > 
  at <AConfigProvider theme= {token: Object} > 
  at <App> @ http://127.0.0.1:5173/@vite/client:528
[ 1809552ms] [WARNING] [Vue warn]: Invalid prop: type check failed for prop "onKeydown". Expected Function, got Array  
  at <ATextarea value="" onUpdate:value=fn rows=4  ... > 
  at <Anonymous value= {hashed: true, components: Object, theme: undefined, token: Object} > 
  at <ALocaleProvider locale=undefined ANT_MARK__="internalMark" > 
  at <LocaleReceiver children=fn<children> > 
  at <AConfigProvider theme= {token: Object} > 
  at <App> @ http://127.0.0.1:5173/@vite/client:528
[ 1809553ms] [WARNING] [Vue warn]: Invalid prop: type check failed for prop "onKeydown". Expected Function, got Array  
  at <ATextarea value="" onUpdate:value=fn rows=4  ... > 
  at <Anonymous value= {hashed: true, components: Object, theme: undefined, token: Object} > 
  at <ALocaleProvider locale=undefined ANT_MARK__="internalMark" > 
  at <LocaleReceiver children=fn<children> > 
  at <AConfigProvider theme= {token: Object} > 
  at <App> @ http://127.0.0.1:5173/@vite/client:528
[ 1809555ms] [WARNING] [Vue warn]: Invalid prop: type check failed for prop "onKeydown". Expected Function, got Array  
  at <ATextarea value="" onUpdate:value=fn rows=4  ... > 
  at <Anonymous value= {hashed: true, components: Object, theme: undefined, token: Object} > 
  at <ALocaleProvider locale=undefined ANT_MARK__="internalMark" > 
  at <LocaleReceiver children=fn<children> > 
  at <AConfigProvider theme= {token: Object} > 
  at <App> @ http://127.0.0.1:5173/@vite/client:528
[ 1809556ms] [WARNING] [Vue warn]: Invalid prop: type check failed for prop "onKeydown". Expected Function, got Array  
  at <ATextarea value="" onUpdate:value=fn rows=4  ... > 
  at <Anonymous value= {hashed: true, components: Object, theme: undefined, token: Object} > 
  at <ALocaleProvider locale=undefined ANT_MARK__="internalMark" > 
  at <LocaleReceiver children=fn<children> > 
  at <AConfigProvider theme= {token: Object} > 
  at <App> @ http://127.0.0.1:5173/@vite/client:528
[ 1809558ms] [WARNING] [Vue warn]: Invalid prop: type check failed for prop "onKeydown". Expected Function, got Array  
  at <ATextarea value="" onUpdate:value=fn rows=4  ... > 
  at <Anonymous value= {hashed: true, components: Object, theme: undefined, token: Object} > 
  at <ALocaleProvider locale=undefined ANT_MARK__="internalMark" > 
  at <LocaleReceiver children=fn<children> > 
  at <AConfigProvider theme= {token: Object} > 
  at <App> @ http://127.0.0.1:5173/@vite/client:528
[ 1809560ms] [WARNING] [Vue warn]: Invalid prop: type check failed for prop "onKeydown". Expected Function, got Array  
  at <ATextarea value="" onUpdate:value=fn rows=4  ... > 
  at <Anonymous value= {hashed: true, components: Object, theme: undefined, token: Object} > 
  at <ALocaleProvider locale=undefined ANT_MARK__="internalMark" > 
  at <LocaleReceiver children=fn<children> > 
  at <AConfigProvider theme= {token: Object} > 
  at <App> @ http://127.0.0.1:5173/@vite/client:528
[ 1809561ms] [WARNING] [Vue warn]: Invalid prop: type check failed for prop "onKeydown". Expected Function, got Array  
  at <ATextarea value="" onUpdate:value=fn rows=4  ... > 
  at <Anonymous value= {hashed: true, components: Object, theme: undefined, token: Object} > 
  at <ALocaleProvider locale=undefined ANT_MARK__="internalMark" > 
  at <LocaleReceiver children=fn<children> > 
  at <AConfigProvider theme= {token: Object} > 
  at <App> @ http://127.0.0.1:5173/@vite/client:528
[ 1809563ms] [WARNING] [Vue warn]: Invalid prop: type check failed for prop "onKeydown". Expected Function, got Array  
  at <ATextarea value="" onUpdate:value=fn rows=4  ... > 
  at <Anonymous value= {hashed: true, components: Object, theme: undefined, token: Object} > 
  at <ALocaleProvider locale=undefined ANT_MARK__="internalMark" > 
  at <LocaleReceiver children=fn<children> > 
  at <AConfigProvider theme= {token: Object} > 
  at <App> @ http://127.0.0.1:5173/@vite/client:528
[ 1809564ms] [WARNING] [Vue warn]: Invalid prop: type check failed for prop "onKeydown". Expected Function, got Array  
  at <ATextarea value="" onUpdate:value=fn rows=4  ... > 
  at <Anonymous value= {hashed: true, components: Object, theme: undefined, token: Object} > 
  at <ALocaleProvider locale=undefined ANT_MARK__="internalMark" > 
  at <LocaleReceiver children=fn<children> > 
  at <AConfigProvider theme= {token: Object} > 
  at <App> @ http://127.0.0.1:5173/@vite/client:528
[ 1809565ms] [WARNING] [Vue warn]: Invalid prop: type check failed for prop "onKeydown". Expected Function, got Array  
  at <ATextarea value="" onUpdate:value=fn rows=4  ... > 
  at <Anonymous value= {hashed: true, components: Object, theme: undefined, token: Object} > 
  at <ALocaleProvider locale=undefined ANT_MARK__="internalMark" > 
  at <LocaleReceiver children=fn<children> > 
  at <AConfigProvider theme= {token: Object} > 
  at <App> @ http://127.0.0.1:5173/@vite/client:528
[ 1809567ms] [WARNING] [Vue warn]: Invalid prop: type check failed for prop "onKeydown". Expected Function, got Array  
  at <ATextarea value="" onUpdate:value=fn rows=4  ... > 
  at <Anonymous value= {hashed: true, components: Object, theme: undefined, token: Object} > 
  at <ALocaleProvider locale=undefined ANT_MARK__="internalMark" > 
  at <LocaleReceiver children=fn<children> > 
  at <AConfigProvider theme= {token: Object} > 
  at <App> @ http://127.0.0.1:5173/@vite/client:528
[ 1809568ms] [WARNING] [Vue warn]: Invalid prop: type check failed for prop "onKeydown". Expected Function, got Array  
  at <ATextarea value="" onUpdate:value=fn rows=4  ... > 
  at <Anonymous value= {hashed: true, components: Object, theme: undefined, token: Object} > 
  at <ALocaleProvider locale=undefined ANT_MARK__="internalMark" > 
  at <LocaleReceiver children=fn<children> > 
  at <AConfigProvider theme= {token: Object} > 
  at <App> @ http://127.0.0.1:5173/@vite/client:528
[ 1809570ms] [WARNING] [Vue warn]: Invalid prop: type check failed for prop "onKeydown". Expected Function, got Array  
  at <ATextarea value="" onUpdate:value=fn rows=4  ... > 
  at <Anonymous value= {hashed: true, components: Object, theme: undefined, token: Object} > 
  at <ALocaleProvider locale=undefined ANT_MARK__="internalMark" > 
  at <LocaleReceiver children=fn<children> > 
  at <AConfigProvider theme= {token: Object} > 
  at <App> @ http://127.0.0.1:5173/@vite/client:528
[ 1809571ms] [WARNING] [Vue warn]: Invalid prop: type check failed for prop "onKeydown". Expected Function, got Array  
  at <ATextarea value="" onUpdate:value=fn rows=4  ... > 
  at <Anonymous value= {hashed: true, components: Object, theme: undefined, token: Object} > 
  at <ALocaleProvider locale=undefined ANT_MARK__="internalMark" > 
  at <LocaleReceiver children=fn<children> > 
  at <AConfigProvider theme= {token: Object} > 
  at <App> @ http://127.0.0.1:5173/@vite/client:528
[ 1809572ms] [WARNING] [Vue warn]: Invalid prop: type check failed for prop "onKeydown". Expected Function, got Array  
  at <ATextarea value="" onUpdate:value=fn rows=4  ... > 
  at <Anonymous value= {hashed: true, components: Object, theme: undefined, token: Object} > 
  at <ALocaleProvider locale=undefined ANT_MARK__="internalMark" > 
  at <LocaleReceiver children=fn<children> > 
  at <AConfigProvider theme= {token: Object} > 
  at <App> @ http://127.0.0.1:5173/@vite/client:528
[ 1809574ms] [WARNING] [Vue warn]: Invalid prop: type check failed for prop "onKeydown". Expected Function, got Array  
  at <ATextarea value="" onUpdate:value=fn rows=4  ... > 
  at <Anonymous value= {hashed: true, components: Object, theme: undefined, token: Object} > 
  at <ALocaleProvider locale=undefined ANT_MARK__="internalMark" > 
  at <LocaleReceiver children=fn<children> > 
  at <AConfigProvider theme= {token: Object} > 
  at <App> @ http://127.0.0.1:5173/@vite/client:528
[ 1809575ms] [WARNING] [Vue warn]: Invalid prop: type check failed for prop "onKeydown". Expected Function, got Array  
  at <ATextarea value="" onUpdate:value=fn rows=4  ... > 
  at <Anonymous value= {hashed: true, components: Object, theme: undefined, token: Object} > 
  at <ALocaleProvider locale=undefined ANT_MARK__="internalMark" > 
  at <LocaleReceiver children=fn<children> > 
  at <AConfigProvider theme= {token: Object} > 
  at <App> @ http://127.0.0.1:5173/@vite/client:528
[ 1809577ms] [WARNING] [Vue warn]: Invalid prop: type check failed for prop "onKeydown". Expected Function, got Array  
  at <ATextarea value="" onUpdate:value=fn rows=4  ... > 
  at <Anonymous value= {hashed: true, components: Object, theme: undefined, token: Object} > 
  at <ALocaleProvider locale=undefined ANT_MARK__="internalMark" > 
  at <LocaleReceiver children=fn<children> > 
  at <AConfigProvider theme= {token: Object} > 
  at <App> @ http://127.0.0.1:5173/@vite/client:528
[ 1809579ms] [WARNING] [Vue warn]: Invalid prop: type check failed for prop "onKeydown". Expected Function, got Array  
  at <ATextarea value="" onUpdate:value=fn rows=4  ... > 
  at <Anonymous value= {hashed: true, components: Object, theme: undefined, token: Object} > 
  at <ALocaleProvider locale=undefined ANT_MARK__="internalMark" > 
  at <LocaleReceiver children=fn<children> > 
  at <AConfigProvider theme= {token: Object} > 
  at <App> @ http://127.0.0.1:5173/@vite/client:528
[ 1809581ms] [WARNING] [Vue warn]: Invalid prop: type check failed for prop "onKeydown". Expected Function, got Array  
  at <ATextarea value="" onUpdate:value=fn rows=4  ... > 
  at <Anonymous value= {hashed: true, components: Object, theme: undefined, token: Object} > 
  at <ALocaleProvider locale=undefined ANT_MARK__="internalMark" > 
  at <LocaleReceiver children=fn<children> > 
  at <AConfigProvider theme= {token: Object} > 
  at <App> @ http://127.0.0.1:5173/@vite/client:528
[ 1809582ms] [WARNING] [Vue warn]: Invalid prop: type check failed for prop "onKeydown". Expected Function, got Array  
  at <ATextarea value="" onUpdate:value=fn rows=4  ... > 
  at <Anonymous value= {hashed: true, components: Object, theme: undefined, token: Object} > 
  at <ALocaleProvider locale=undefined ANT_MARK__="internalMark" > 
  at <LocaleReceiver children=fn<children> > 
  at <AConfigProvider theme= {token: Object} > 
  at <App> @ http://127.0.0.1:5173/@vite/client:528
[ 1809584ms] [WARNING] [Vue warn]: Invalid prop: type check failed for prop "onKeydown". Expected Function, got Array  
  at <ATextarea value="" onUpdate:value=fn rows=4  ... > 
  at <Anonymous value= {hashed: true, components: Object, theme: undefined, token: Object} > 
  at <ALocaleProvider locale=undefined ANT_MARK__="internalMark" > 
  at <LocaleReceiver children=fn<children> > 
  at <AConfigProvider theme= {token: Object} > 
  at <App> @ http://127.0.0.1:5173/@vite/client:528
[ 1809585ms] [WARNING] [Vue warn]: Invalid prop: type check failed for prop "onKeydown". Expected Function, got Array  
  at <ATextarea value="" onUpdate:value=fn rows=4  ... > 
  at <Anonymous value= {hashed: true, components: Object, theme: undefined, token: Object} > 
  at <ALocaleProvider locale=undefined ANT_MARK__="internalMark" > 
  at <LocaleReceiver children=fn<children> > 
  at <AConfigProvider theme= {token: Object} > 
  at <App> @ http://127.0.0.1:5173/@vite/client:528
[ 1809587ms] [WARNING] [Vue warn]: Invalid prop: type check failed for prop "onKeydown". Expected Function, got Array  
  at <ATextarea value="" onUpdate:value=fn rows=4  ... > 
  at <Anonymous value= {hashed: true, components: Object, theme: undefined, token: Object} > 
  at <ALocaleProvider locale=undefined ANT_MARK__="internalMark" > 
  at <LocaleReceiver children=fn<children> > 
  at <AConfigProvider theme= {token: Object} > 
  at <App> @ http://127.0.0.1:5173/@vite/client:528
[ 1809588ms] [WARNING] [Vue warn]: Invalid prop: type check failed for prop "onKeydown". Expected Function, got Array  
  at <ATextarea value="" onUpdate:value=fn rows=4  ... > 
  at <Anonymous value= {hashed: true, components: Object, theme: undefined, token: Object} > 
  at <ALocaleProvider locale=undefined ANT_MARK__="internalMark" > 
  at <LocaleReceiver children=fn<children> > 
  at <AConfigProvider theme= {token: Object} > 
  at <App> @ http://127.0.0.1:5173/@vite/client:528
[ 1809590ms] [WARNING] [Vue warn]: Invalid prop: type check failed for prop "onKeydown". Expected Function, got Array  
  at <ATextarea value="" onUpdate:value=fn rows=4  ... > 
  at <Anonymous value= {hashed: true, components: Object, theme: undefined, token: Object} > 
  at <ALocaleProvider locale=undefined ANT_MARK__="internalMark" > 
  at <LocaleReceiver children=fn<children> > 
  at <AConfigProvider theme= {token: Object} > 
  at <App> @ http://127.0.0.1:5173/@vite/client:528
[ 1809591ms] [WARNING] [Vue warn]: Invalid prop: type check failed for prop "onKeydown". Expected Function, got Array  
  at <ATextarea value="" onUpdate:value=fn rows=4  ... > 
  at <Anonymous value= {hashed: true, components: Object, theme: undefined, token: Object} > 
  at <ALocaleProvider locale=undefined ANT_MARK__="internalMark" > 
  at <LocaleReceiver children=fn<children> > 
  at <AConfigProvider theme= {token: Object} > 
  at <App> @ http://127.0.0.1:5173/@vite/client:528
[ 1809593ms] [WARNING] [Vue warn]: Invalid prop: type check failed for prop "onKeydown". Expected Function, got Array  
  at <ATextarea value="" onUpdate:value=fn rows=4  ... > 
  at <Anonymous value= {hashed: true, components: Object, theme: undefined, token: Object} > 
  at <ALocaleProvider locale=undefined ANT_MARK__="internalMark" > 
  at <LocaleReceiver children=fn<children> > 
  at <AConfigProvider theme= {token: Object} > 
  at <App> @ http://127.0.0.1:5173/@vite/client:528
[ 1809594ms] [WARNING] [Vue warn]: Invalid prop: type check failed for prop "onKeydown". Expected Function, got Array  
  at <ATextarea value="" onUpdate:value=fn rows=4  ... > 
  at <Anonymous value= {hashed: true, components: Object, theme: undefined, token: Object} > 
  at <ALocaleProvider locale=undefined ANT_MARK__="internalMark" > 
  at <LocaleReceiver children=fn<children> > 
  at <AConfigProvider theme= {token: Object} > 
  at <App> @ http://127.0.0.1:5173/@vite/client:528
[ 1809596ms] [WARNING] [Vue warn]: Invalid prop: type check failed for prop "onKeydown". Expected Function, got Array  
  at <ATextarea value="" onUpdate:value=fn rows=4  ... > 
  at <Anonymous value= {hashed: true, components: Object, theme: undefined, token: Object} > 
  at <ALocaleProvider locale=undefined ANT_MARK__="internalMark" > 
  at <LocaleReceiver children=fn<children> > 
  at <AConfigProvider theme= {token: Object} > 
  at <App> @ http://127.0.0.1:5173/@vite/client:528
[ 1809598ms] [WARNING] [Vue warn]: Invalid prop: type check failed for prop "onKeydown". Expected Function, got Array  
  at <ATextarea value="" onUpdate:value=fn rows=4  ... > 
  at <Anonymous value= {hashed: true, components: Object, theme: undefined, token: Object} > 
  at <ALocaleProvider locale=undefined ANT_MARK__="internalMark" > 
  at <LocaleReceiver children=fn<children> > 
  at <AConfigProvider theme= {token: Object} > 
  at <App> @ http://127.0.0.1:5173/@vite/client:528
[ 1809600ms] [WARNING] [Vue warn]: Invalid prop: type check failed for prop "onKeydown". Expected Function, got Array  
  at <ATextarea value="" onUpdate:value=fn rows=4  ... > 
  at <Anonymous value= {hashed: true, components: Object, theme: undefined, token: Object} > 
  at <ALocaleProvider locale=undefined ANT_MARK__="internalMark" > 
  at <LocaleReceiver children=fn<children> > 
  at <AConfigProvider theme= {token: Object} > 
  at <App> @ http://127.0.0.1:5173/@vite/client:528
[ 1809601ms] [WARNING] [Vue warn]: Invalid prop: type check failed for prop "onKeydown". Expected Function, got Array  
  at <ATextarea value="" onUpdate:value=fn rows=4  ... > 
  at <Anonymous value= {hashed: true, components: Object, theme: undefined, token: Object} > 
  at <ALocaleProvider locale=undefined ANT_MARK__="internalMark" > 
  at <LocaleReceiver children=fn<children> > 
  at <AConfigProvider theme= {token: Object} > 
  at <App> @ http://127.0.0.1:5173/@vite/client:528
[ 1809603ms] [WARNING] [Vue warn]: Invalid prop: type check failed for prop "onKeydown". Expected Function, got Array  
  at <ATextarea value="" onUpdate:value=fn rows=4  ... > 
  at <Anonymous value= {hashed: true, components: Object, theme: undefined, token: Object} > 
  at <ALocaleProvider locale=undefined ANT_MARK__="internalMark" > 
  at <LocaleReceiver children=fn<children> > 
  at <AConfigProvider theme= {token: Object} > 
  at <App> @ http://127.0.0.1:5173/@vite/client:528
[ 1809604ms] [WARNING] [Vue warn]: Invalid prop: type check failed for prop "onKeydown". Expected Function, got Array  
  at <ATextarea value="" onUpdate:value=fn rows=4  ... > 
  at <Anonymous value= {hashed: true, components: Object, theme: undefined, token: Object} > 
  at <ALocaleProvider locale=undefined ANT_MARK__="internalMark" > 
  at <LocaleReceiver children=fn<children> > 
  at <AConfigProvider theme= {token: Object} > 
  at <App> @ http://127.0.0.1:5173/@vite/client:528
[ 1809606ms] [WARNING] [Vue warn]: Invalid prop: type check failed for prop "onKeydown". Expected Function, got Array  
  at <ATextarea value="" onUpdate:value=fn rows=4  ... > 
  at <Anonymous value= {hashed: true, components: Object, theme: undefined, token: Object} > 
  at <ALocaleProvider locale=undefined ANT_MARK__="internalMark" > 
  at <LocaleReceiver children=fn<children> > 
  at <AConfigProvider theme= {token: Object} > 
  at <App> @ http://127.0.0.1:5173/@vite/client:528
[ 1809607ms] [WARNING] [Vue warn]: Invalid prop: type check failed for prop "onKeydown". Expected Function, got Array  
  at <ATextarea value="" onUpdate:value=fn rows=4  ... > 
  at <Anonymous value= {hashed: true, components: Object, theme: undefined, token: Object} > 
  at <ALocaleProvider locale=undefined ANT_MARK__="internalMark" > 
  at <LocaleReceiver children=fn<children> > 
  at <AConfigProvider theme= {token: Object} > 
  at <App> @ http://127.0.0.1:5173/@vite/client:528
[ 1809609ms] [WARNING] [Vue warn]: Invalid prop: type check failed for prop "onKeydown". Expected Function, got Array  
  at <ATextarea value="" onUpdate:value=fn rows=4  ... > 
  at <Anonymous value= {hashed: true, components: Object, theme: undefined, token: Object} > 
  at <ALocaleProvider locale=undefined ANT_MARK__="internalMark" > 
  at <LocaleReceiver children=fn<children> > 
  at <AConfigProvider theme= {token: Object} > 
  at <App> @ http://127.0.0.1:5173/@vite/client:528
[ 1809610ms] [WARNING] [Vue warn]: Invalid prop: type check failed for prop "onKeydown". Expected Function, got Array  
  at <ATextarea value="" onUpdate:value=fn rows=4  ... > 
  at <Anonymous value= {hashed: true, components: Object, theme: undefined, token: Object} > 
  at <ALocaleProvider locale=undefined ANT_MARK__="internalMark" > 
  at <LocaleReceiver children=fn<children> > 
  at <AConfigProvider theme= {token: Object} > 
  at <App> @ http://127.0.0.1:5173/@vite/client:528
[ 1809612ms] [WARNING] [Vue warn]: Invalid prop: type check failed for prop "onKeydown". Expected Function, got Array  
  at <ATextarea value="" onUpdate:value=fn rows=4  ... > 
  at <Anonymous value= {hashed: true, components: Object, theme: undefined, token: Object} > 
  at <ALocaleProvider locale=undefined ANT_MARK__="internalMark" > 
  at <LocaleReceiver children=fn<children> > 
  at <AConfigProvider theme= {token: Object} > 
  at <App> @ http://127.0.0.1:5173/@vite/client:528
[ 1809614ms] [WARNING] [Vue warn]: Invalid prop: type check failed for prop "onKeydown". Expected Function, got Array  
  at <ATextarea value="" onUpdate:value=fn rows=4  ... > 
  at <Anonymous value= {hashed: true, components: Object, theme: undefined, token: Object} > 
  at <ALocaleProvider locale=undefined ANT_MARK__="internalMark" > 
  at <LocaleReceiver children=fn<children> > 
  at <AConfigProvider theme= {token: Object} > 
  at <App> @ http://127.0.0.1:5173/@vite/client:528
[ 1809615ms] [WARNING] [Vue warn]: Invalid prop: type check failed for prop "onKeydown". Expected Function, got Array  
  at <ATextarea value="" onUpdate:value=fn rows=4  ... > 
  at <Anonymous value= {hashed: true, components: Object, theme: undefined, token: Object} > 
  at <ALocaleProvider locale=undefined ANT_MARK__="internalMark" > 
  at <LocaleReceiver children=fn<children> > 
  at <AConfigProvider theme= {token: Object} > 
  at <App> @ http://127.0.0.1:5173/@vite/client:528
[ 1809617ms] [WARNING] [Vue warn]: Invalid prop: type check failed for prop "onKeydown". Expected Function, got Array  
  at <ATextarea value="" onUpdate:value=fn rows=4  ... > 
  at <Anonymous value= {hashed: true, components: Object, theme: undefined, token: Object} > 
  at <ALocaleProvider locale=undefined ANT_MARK__="internalMark" > 
  at <LocaleReceiver children=fn<children> > 
  at <AConfigProvider theme= {token: Object} > 
  at <App> @ http://127.0.0.1:5173/@vite/client:528
[ 1809618ms] [WARNING] [Vue warn]: Invalid prop: type check failed for prop "onKeydown". Expected Function, got Array  
  at <ATextarea value="" onUpdate:value=fn rows=4  ... > 
  at <Anonymous value= {hashed: true, components: Object, theme: undefined, token: Object} > 
  at <ALocaleProvider locale=undefined ANT_MARK__="internalMark" > 
  at <LocaleReceiver children=fn<children> > 
  at <AConfigProvider theme= {token: Object} > 
  at <App> @ http://127.0.0.1:5173/@vite/client:528
[ 1809620ms] [WARNING] [Vue warn]: Invalid prop: type check failed for prop "onKeydown". Expected Function, got Array  
  at <ATextarea value="" onUpdate:value=fn rows=4  ... > 
  at <Anonymous value= {hashed: true, components: Object, theme: undefined, token: Object} > 
  at <ALocaleProvider locale=undefined ANT_MARK__="internalMark" > 
  at <LocaleReceiver children=fn<children> > 
  at <AConfigProvider theme= {token: Object} > 
  at <App> @ http://127.0.0.1:5173/@vite/client:528
[ 1809621ms] [WARNING] [Vue warn]: Invalid prop: type check failed for prop "onKeydown". Expected Function, got Array  
  at <ATextarea value="" onUpdate:value=fn rows=4  ... > 
  at <Anonymous value= {hashed: true, components: Object, theme: undefined, token: Object} > 
  at <ALocaleProvider locale=undefined ANT_MARK__="internalMark" > 
  at <LocaleReceiver children=fn<children> > 
  at <AConfigProvider theme= {token: Object} > 
  at <App> @ http://127.0.0.1:5173/@vite/client:528
[ 1809622ms] [WARNING] [Vue warn]: Invalid prop: type check failed for prop "onKeydown". Expected Function, got Array  
  at <ATextarea value="" onUpdate:value=fn rows=4  ... > 
  at <Anonymous value= {hashed: true, components: Object, theme: undefined, token: Object} > 
  at <ALocaleProvider locale=undefined ANT_MARK__="internalMark" > 
  at <LocaleReceiver children=fn<children> > 
  at <AConfigProvider theme= {token: Object} > 
  at <App> @ http://127.0.0.1:5173/@vite/client:528
[ 1809624ms] [WARNING] [Vue warn]: Invalid prop: type check failed for prop "onKeydown". Expected Function, got Array  
  at <ATextarea value="" onUpdate:value=fn rows=4  ... > 
  at <Anonymous value= {hashed: true, components: Object, theme: undefined, token: Object} > 
  at <ALocaleProvider locale=undefined ANT_MARK__="internalMark" > 
  at <LocaleReceiver children=fn<children> > 
  at <AConfigProvider theme= {token: Object} > 
  at <App> @ http://127.0.0.1:5173/@vite/client:528
[ 1809625ms] [WARNING] [Vue warn]: Invalid prop: type check failed for prop "onKeydown". Expected Function, got Array  
  at <ATextarea value="" onUpdate:value=fn rows=4  ... > 
  at <Anonymous value= {hashed: true, components: Object, theme: undefined, token: Object} > 
  at <ALocaleProvider locale=undefined ANT_MARK__="internalMark" > 
  at <LocaleReceiver children=fn<children> > 
  at <AConfigProvider theme= {token: Object} > 
  at <App> @ http://127.0.0.1:5173/@vite/client:528
[ 1809627ms] [WARNING] [Vue warn]: Invalid prop: type check failed for prop "onKeydown". Expected Function, got Array  
  at <ATextarea value="" onUpdate:value=fn rows=4  ... > 
  at <Anonymous value= {hashed: true, components: Object, theme: undefined, token: Object} > 
  at <ALocaleProvider locale=undefined ANT_MARK__="internalMark" > 
  at <LocaleReceiver children=fn<children> > 
  at <AConfigProvider theme= {token: Object} > 
  at <App> @ http://127.0.0.1:5173/@vite/client:528
[ 1809628ms] [WARNING] [Vue warn]: Invalid prop: type check failed for prop "onKeydown". Expected Function, got Array  
  at <ATextarea value="" onUpdate:value=fn rows=4  ... > 
  at <Anonymous value= {hashed: true, components: Object, theme: undefined, token: Object} > 
  at <ALocaleProvider locale=undefined ANT_MARK__="internalMark" > 
  at <LocaleReceiver children=fn<children> > 
  at <AConfigProvider theme= {token: Object} > 
  at <App> @ http://127.0.0.1:5173/@vite/client:528
[ 1809630ms] [WARNING] [Vue warn]: Invalid prop: type check failed for prop "onKeydown". Expected Function, got Array  
  at <ATextarea value="" onUpdate:value=fn rows=4  ... > 
  at <Anonymous value= {hashed: true, components: Object, theme: undefined, token: Object} > 
  at <ALocaleProvider locale=undefined ANT_MARK__="internalMark" > 
  at <LocaleReceiver children=fn<children> > 
  at <AConfigProvider theme= {token: Object} > 
  at <App> @ http://127.0.0.1:5173/@vite/client:528
[ 1809631ms] [WARNING] [Vue warn]: Invalid prop: type check failed for prop "onKeydown". Expected Function, got Array  
  at <ATextarea value="" onUpdate:value=fn rows=4  ... > 
  at <Anonymous value= {hashed: true, components: Object, theme: undefined, token: Object} > 
  at <ALocaleProvider locale=undefined ANT_MARK__="internalMark" > 
  at <LocaleReceiver children=fn<children> > 
  at <AConfigProvider theme= {token: Object} > 
  at <App> @ http://127.0.0.1:5173/@vite/client:528
[ 1809633ms] [WARNING] [Vue warn]: Invalid prop: type check failed for prop "onKeydown". Expected Function, got Array  
  at <ATextarea value="" onUpdate:value=fn rows=4  ... > 
  at <Anonymous value= {hashed: true, components: Object, theme: undefined, token: Object} > 
  at <ALocaleProvider locale=undefined ANT_MARK__="internalMark" > 
  at <LocaleReceiver children=fn<children> > 
  at <AConfigProvider theme= {token: Object} > 
  at <App> @ http://127.0.0.1:5173/@vite/client:528
[ 1809634ms] [WARNING] [Vue warn]: Invalid prop: type check failed for prop "onKeydown". Expected Function, got Array  
  at <ATextarea value="" onUpdate:value=fn rows=4  ... > 
  at <Anonymous value= {hashed: true, components: Object, theme: undefined, token: Object} > 
  at <ALocaleProvider locale=undefined ANT_MARK__="internalMark" > 
  at <LocaleReceiver children=fn<children> > 
  at <AConfigProvider theme= {token: Object} > 
  at <App> @ http://127.0.0.1:5173/@vite/client:528
[ 1809636ms] [WARNING] [Vue warn]: Invalid prop: type check failed for prop "onKeydown". Expected Function, got Array  
  at <ATextarea value="" onUpdate:value=fn rows=4  ... > 
  at <Anonymous value= {hashed: true, components: Object, theme: undefined, token: Object} > 
  at <ALocaleProvider locale=undefined ANT_MARK__="internalMark" > 
  at <LocaleReceiver children=fn<children> > 
  at <AConfigProvider theme= {token: Object} > 
  at <App> @ http://127.0.0.1:5173/@vite/client:528
[ 1809637ms] [WARNING] [Vue warn]: Invalid prop: type check failed for prop "onKeydown". Expected Function, got Array  
  at <ATextarea value="" onUpdate:value=fn rows=4  ... > 
  at <Anonymous value= {hashed: true, components: Object, theme: undefined, token: Object} > 
  at <ALocaleProvider locale=undefined ANT_MARK__="internalMark" > 
  at <LocaleReceiver children=fn<children> > 
  at <AConfigProvider theme= {token: Object} > 
  at <App> @ http://127.0.0.1:5173/@vite/client:528
[ 1809638ms] [WARNING] [Vue warn]: Invalid prop: type check failed for prop "onKeydown". Expected Function, got Array  
  at <ATextarea value="" onUpdate:value=fn rows=4  ... > 
  at <Anonymous value= {hashed: true, components: Object, theme: undefined, token: Object} > 
  at <ALocaleProvider locale=undefined ANT_MARK__="internalMark" > 
  at <LocaleReceiver children=fn<children> > 
  at <AConfigProvider theme= {token: Object} > 
  at <App> @ http://127.0.0.1:5173/@vite/client:528
[ 1809640ms] [WARNING] [Vue warn]: Invalid prop: type check failed for prop "onKeydown". Expected Function, got Array  
  at <ATextarea value="" onUpdate:value=fn rows=4  ... > 
  at <Anonymous value= {hashed: true, components: Object, theme: undefined, token: Object} > 
  at <ALocaleProvider locale=undefined ANT_MARK__="internalMark" > 
  at <LocaleReceiver children=fn<children> > 
  at <AConfigProvider theme= {token: Object} > 
  at <App> @ http://127.0.0.1:5173/@vite/client:528
[ 1809641ms] [WARNING] [Vue warn]: Invalid prop: type check failed for prop "onKeydown". Expected Function, got Array  
  at <ATextarea value="" onUpdate:value=fn rows=4  ... > 
  at <Anonymous value= {hashed: true, components: Object, theme: undefined, token: Object} > 
  at <ALocaleProvider locale=undefined ANT_MARK__="internalMark" > 
  at <LocaleReceiver children=fn<children> > 
  at <AConfigProvider theme= {token: Object} > 
  at <App> @ http://127.0.0.1:5173/@vite/client:528
[ 1809643ms] [WARNING] [Vue warn]: Invalid prop: type check failed for prop "onKeydown". Expected Function, got Array  
  at <ATextarea value="" onUpdate:value=fn rows=4  ... > 
  at <Anonymous value= {hashed: true, components: Object, theme: undefined, token: Object} > 
  at <ALocaleProvider locale=undefined ANT_MARK__="internalMark" > 
  at <LocaleReceiver children=fn<children> > 
  at <AConfigProvider theme= {token: Object} > 
  at <App> @ http://127.0.0.1:5173/@vite/client:528
[ 1809645ms] [WARNING] [Vue warn]: Invalid prop: type check failed for prop "onKeydown". Expected Function, got Array  
  at <ATextarea value="" onUpdate:value=fn rows=4  ... > 
  at <Anonymous value= {hashed: true, components: Object, theme: undefined, token: Object} > 
  at <ALocaleProvider locale=undefined ANT_MARK__="internalMark" > 
  at <LocaleReceiver children=fn<children> > 
  at <AConfigProvider theme= {token: Object} > 
  at <App> @ http://127.0.0.1:5173/@vite/client:528
[ 1809647ms] [WARNING] [Vue warn]: Invalid prop: type check failed for prop "onKeydown". Expected Function, got Array  
  at <ATextarea value="" onUpdate:value=fn rows=4  ... > 
  at <Anonymous value= {hashed: true, components: Object, theme: undefined, token: Object} > 
  at <ALocaleProvider locale=undefined ANT_MARK__="internalMark" > 
  at <LocaleReceiver children=fn<children> > 
  at <AConfigProvider theme= {token: Object} > 
  at <App> @ http://127.0.0.1:5173/@vite/client:528
[ 1809649ms] [WARNING] [Vue warn]: Invalid prop: type check failed for prop "onKeydown". Expected Function, got Array  
  at <ATextarea value="" onUpdate:value=fn rows=4  ... > 
  at <Anonymous value= {hashed: true, components: Object, theme: undefined, token: Object} > 
  at <ALocaleProvider locale=undefined ANT_MARK__="internalMark" > 
  at <LocaleReceiver children=fn<children> > 
  at <AConfigProvider theme= {token: Object} > 
  at <App> @ http://127.0.0.1:5173/@vite/client:528
[ 1809650ms] [WARNING] [Vue warn]: Invalid prop: type check failed for prop "onKeydown". Expected Function, got Array  
  at <ATextarea value="" onUpdate:value=fn rows=4  ... > 
  at <Anonymous value= {hashed: true, components: Object, theme: undefined, token: Object} > 
  at <ALocaleProvider locale=undefined ANT_MARK__="internalMark" > 
  at <LocaleReceiver children=fn<children> > 
  at <AConfigProvider theme= {token: Object} > 
  at <App> @ http://127.0.0.1:5173/@vite/client:528
[ 1809652ms] [WARNING] [Vue warn]: Invalid prop: type check failed for prop "onKeydown". Expected Function, got Array  
  at <ATextarea value="" onUpdate:value=fn rows=4  ... > 
  at <Anonymous value= {hashed: true, components: Object, theme: undefined, token: Object} > 
  at <ALocaleProvider locale=undefined ANT_MARK__="internalMark" > 
  at <LocaleReceiver children=fn<children> > 
  at <AConfigProvider theme= {token: Object} > 
  at <App> @ http://127.0.0.1:5173/@vite/client:528
[ 1809653ms] [WARNING] [Vue warn]: Invalid prop: type check failed for prop "onKeydown". Expected Function, got Array  
  at <ATextarea value="" onUpdate:value=fn rows=4  ... > 
  at <Anonymous value= {hashed: true, components: Object, theme: undefined, token: Object} > 
  at <ALocaleProvider locale=undefined ANT_MARK__="internalMark" > 
  at <LocaleReceiver children=fn<children> > 
  at <AConfigProvider theme= {token: Object} > 
  at <App> @ http://127.0.0.1:5173/@vite/client:528
[ 1809655ms] [WARNING] [Vue warn]: Invalid prop: type check failed for prop "onKeydown". Expected Function, got Array  
  at <ATextarea value="" onUpdate:value=fn rows=4  ... > 
  at <Anonymous value= {hashed: true, components: Object, theme: undefined, token: Object} > 
  at <ALocaleProvider locale=undefined ANT_MARK__="internalMark" > 
  at <LocaleReceiver children=fn<children> > 
  at <AConfigProvider theme= {token: Object} > 
  at <App> @ http://127.0.0.1:5173/@vite/client:528
[ 1809656ms] [WARNING] [Vue warn]: Invalid prop: type check failed for prop "onKeydown". Expected Function, got Array  
  at <ATextarea value="" onUpdate:value=fn rows=4  ... > 
  at <Anonymous value= {hashed: true, components: Object, theme: undefined, token: Object} > 
  at <ALocaleProvider locale=undefined ANT_MARK__="internalMark" > 
  at <LocaleReceiver children=fn<children> > 
  at <AConfigProvider theme= {token: Object} > 
  at <App> @ http://127.0.0.1:5173/@vite/client:528
[ 1809658ms] [WARNING] [Vue warn]: Invalid prop: type check failed for prop "onKeydown". Expected Function, got Array  
  at <ATextarea value="" onUpdate:value=fn rows=4  ... > 
  at <Anonymous value= {hashed: true, components: Object, theme: undefined, token: Object} > 
  at <ALocaleProvider locale=undefined ANT_MARK__="internalMark" > 
  at <LocaleReceiver children=fn<children> > 
  at <AConfigProvider theme= {token: Object} > 
  at <App> @ http://127.0.0.1:5173/@vite/client:528
[ 1809659ms] [WARNING] [Vue warn]: Invalid prop: type check failed for prop "onKeydown". Expected Function, got Array  
  at <ATextarea value="" onUpdate:value=fn rows=4  ... > 
  at <Anonymous value= {hashed: true, components: Object, theme: undefined, token: Object} > 
  at <ALocaleProvider locale=undefined ANT_MARK__="internalMark" > 
  at <LocaleReceiver children=fn<children> > 
  at <AConfigProvider theme= {token: Object} > 
  at <App> @ http://127.0.0.1:5173/@vite/client:528
[ 1809661ms] [WARNING] [Vue warn]: Invalid prop: type check failed for prop "onKeydown". Expected Function, got Array  
  at <ATextarea value="" onUpdate:value=fn rows=4  ... > 
  at <Anonymous value= {hashed: true, components: Object, theme: undefined, token: Object} > 
  at <ALocaleProvider locale=undefined ANT_MARK__="internalMark" > 
  at <LocaleReceiver children=fn<children> > 
  at <AConfigProvider theme= {token: Object} > 
  at <App> @ http://127.0.0.1:5173/@vite/client:528
[ 1809662ms] [WARNING] [Vue warn]: Invalid prop: type check failed for prop "onKeydown". Expected Function, got Array  
  at <ATextarea value="" onUpdate:value=fn rows=4  ... > 
  at <Anonymous value= {hashed: true, components: Object, theme: undefined, token: Object} > 
  at <ALocaleProvider locale=undefined ANT_MARK__="internalMark" > 
  at <LocaleReceiver children=fn<children> > 
  at <AConfigProvider theme= {token: Object} > 
  at <App> @ http://127.0.0.1:5173/@vite/client:528
[ 1809663ms] [WARNING] [Vue warn]: Invalid prop: type check failed for prop "onKeydown". Expected Function, got Array  
  at <ATextarea value="" onUpdate:value=fn rows=4  ... > 
  at <Anonymous value= {hashed: true, components: Object, theme: undefined, token: Object} > 
  at <ALocaleProvider locale=undefined ANT_MARK__="internalMark" > 
  at <LocaleReceiver children=fn<children> > 
  at <AConfigProvider theme= {token: Object} > 
  at <App> @ http://127.0.0.1:5173/@vite/client:528
[ 1809665ms] [WARNING] [Vue warn]: Invalid prop: type check failed for prop "onKeydown". Expected Function, got Array  
  at <ATextarea value="" onUpdate:value=fn rows=4  ... > 
  at <Anonymous value= {hashed: true, components: Object, theme: undefined, token: Object} > 
  at <ALocaleProvider locale=undefined ANT_MARK__="internalMark" > 
  at <LocaleReceiver children=fn<children> > 
  at <AConfigProvider theme= {token: Object} > 
  at <App> @ http://127.0.0.1:5173/@vite/client:528
[ 1809667ms] [WARNING] [Vue warn]: Invalid prop: type check failed for prop "onKeydown". Expected Function, got Array  
  at <ATextarea value="" onUpdate:value=fn rows=4  ... > 
  at <Anonymous value= {hashed: true, components: Object, theme: undefined, token: Object} > 
  at <ALocaleProvider locale=undefined ANT_MARK__="internalMark" > 
  at <LocaleReceiver children=fn<children> > 
  at <AConfigProvider theme= {token: Object} > 
  at <App> @ http://127.0.0.1:5173/@vite/client:528
[ 1809669ms] [WARNING] [Vue warn]: Invalid prop: type check failed for prop "onKeydown". Expected Function, got Array  
  at <ATextarea value="" onUpdate:value=fn rows=4  ... > 
  at <Anonymous value= {hashed: true, components: Object, theme: undefined, token: Object} > 
  at <ALocaleProvider locale=undefined ANT_MARK__="internalMark" > 
  at <LocaleReceiver children=fn<children> > 
  at <AConfigProvider theme= {token: Object} > 
  at <App> @ http://127.0.0.1:5173/@vite/client:528
[ 1809670ms] [WARNING] [Vue warn]: Invalid prop: type check failed for prop "onKeydown". Expected Function, got Array  
  at <ATextarea value="" onUpdate:value=fn rows=4  ... > 
  at <Anonymous value= {hashed: true, components: Object, theme: undefined, token: Object} > 
  at <ALocaleProvider locale=undefined ANT_MARK__="internalMark" > 
  at <LocaleReceiver children=fn<children> > 
  at <AConfigProvider theme= {token: Object} > 
  at <App> @ http://127.0.0.1:5173/@vite/client:528
[ 1809671ms] [WARNING] [Vue warn]: Invalid prop: type check failed for prop "onKeydown". Expected Function, got Array  
  at <ATextarea value="" onUpdate:value=fn rows=4  ... > 
  at <Anonymous value= {hashed: true, components: Object, theme: undefined, token: Object} > 
  at <ALocaleProvider locale=undefined ANT_MARK__="internalMark" > 
  at <LocaleReceiver children=fn<children> > 
  at <AConfigProvider theme= {token: Object} > 
  at <App> @ http://127.0.0.1:5173/@vite/client:528
[ 1809673ms] [WARNING] [Vue warn]: Invalid prop: type check failed for prop "onKeydown". Expected Function, got Array  
  at <ATextarea value="" onUpdate:value=fn rows=4  ... > 
  at <Anonymous value= {hashed: true, components: Object, theme: undefined, token: Object} > 
  at <ALocaleProvider locale=undefined ANT_MARK__="internalMark" > 
  at <LocaleReceiver children=fn<children> > 
  at <AConfigProvider theme= {token: Object} > 
  at <App> @ http://127.0.0.1:5173/@vite/client:528
[ 1809674ms] [WARNING] [Vue warn]: Invalid prop: type check failed for prop "onKeydown". Expected Function, got Array  
  at <ATextarea value="" onUpdate:value=fn rows=4  ... > 
  at <Anonymous value= {hashed: true, components: Object, theme: undefined, token: Object} > 
  at <ALocaleProvider locale=undefined ANT_MARK__="internalMark" > 
  at <LocaleReceiver children=fn<children> > 
  at <AConfigProvider theme= {token: Object} > 
  at <App> @ http://127.0.0.1:5173/@vite/client:528
[ 1809676ms] [WARNING] [Vue warn]: Invalid prop: type check failed for prop "onKeydown". Expected Function, got Array  
  at <ATextarea value="" onUpdate:value=fn rows=4  ... > 
  at <Anonymous value= {hashed: true, components: Object, theme: undefined, token: Object} > 
  at <ALocaleProvider locale=undefined ANT_MARK__="internalMark" > 
  at <LocaleReceiver children=fn<children> > 
  at <AConfigProvider theme= {token: Object} > 
  at <App> @ http://127.0.0.1:5173/@vite/client:528
[ 1809677ms] [WARNING] [Vue warn]: Invalid prop: type check failed for prop "onKeydown". Expected Function, got Array  
  at <ATextarea value="" onUpdate:value=fn rows=4  ... > 
  at <Anonymous value= {hashed: true, components: Object, theme: undefined, token: Object} > 
  at <ALocaleProvider locale=undefined ANT_MARK__="internalMark" > 
  at <LocaleReceiver children=fn<children> > 
  at <AConfigProvider theme= {token: Object} > 
  at <App> @ http://127.0.0.1:5173/@vite/client:528
[ 1809678ms] [WARNING] [Vue warn]: Invalid prop: type check failed for prop "onKeydown". Expected Function, got Array  
  at <ATextarea value="" onUpdate:value=fn rows=4  ... > 
  at <Anonymous value= {hashed: true, components: Object, theme: undefined, token: Object} > 
  at <ALocaleProvider locale=undefined ANT_MARK__="internalMark" > 
  at <LocaleReceiver children=fn<children> > 
  at <AConfigProvider theme= {token: Object} > 
  at <App> @ http://127.0.0.1:5173/@vite/client:528
[ 1809680ms] [WARNING] [Vue warn]: Invalid prop: type check failed for prop "onKeydown". Expected Function, got Array  
  at <ATextarea value="" onUpdate:value=fn rows=4  ... > 
  at <Anonymous value= {hashed: true, components: Object, theme: undefined, token: Object} > 
  at <ALocaleProvider locale=undefined ANT_MARK__="internalMark" > 
  at <LocaleReceiver children=fn<children> > 
  at <AConfigProvider theme= {token: Object} > 
  at <App> @ http://127.0.0.1:5173/@vite/client:528
[ 1809681ms] [WARNING] [Vue warn]: Invalid prop: type check failed for prop "onKeydown". Expected Function, got Array  
  at <ATextarea value="" onUpdate:value=fn rows=4  ... > 
  at <Anonymous value= {hashed: true, components: Object, theme: undefined, token: Object} > 
  at <ALocaleProvider locale=undefined ANT_MARK__="internalMark" > 
  at <LocaleReceiver children=fn<children> > 
  at <AConfigProvider theme= {token: Object} > 
  at <App> @ http://127.0.0.1:5173/@vite/client:528
[ 1809683ms] [WARNING] [Vue warn]: Invalid prop: type check failed for prop "onKeydown". Expected Function, got Array  
  at <ATextarea value="" onUpdate:value=fn rows=4  ... > 
  at <Anonymous value= {hashed: true, components: Object, theme: undefined, token: Object} > 
  at <ALocaleProvider locale=undefined ANT_MARK__="internalMark" > 
  at <LocaleReceiver children=fn<children> > 
  at <AConfigProvider theme= {token: Object} > 
  at <App> @ http://127.0.0.1:5173/@vite/client:528
[ 1809684ms] [WARNING] [Vue warn]: Invalid prop: type check failed for prop "onKeydown". Expected Function, got Array  
  at <ATextarea value="" onUpdate:value=fn rows=4  ... > 
  at <Anonymous value= {hashed: true, components: Object, theme: undefined, token: Object} > 
  at <ALocaleProvider locale=undefined ANT_MARK__="internalMark" > 
  at <LocaleReceiver children=fn<children> > 
  at <AConfigProvider theme= {token: Object} > 
  at <App> @ http://127.0.0.1:5173/@vite/client:528
[ 1809686ms] [WARNING] [Vue warn]: Invalid prop: type check failed for prop "onKeydown". Expected Function, got Array  
  at <ATextarea value="" onUpdate:value=fn rows=4  ... > 
  at <Anonymous value= {hashed: true, components: Object, theme: undefined, token: Object} > 
  at <ALocaleProvider locale=undefined ANT_MARK__="internalMark" > 
  at <LocaleReceiver children=fn<children> > 
  at <AConfigProvider theme= {token: Object} > 
  at <App> @ http://127.0.0.1:5173/@vite/client:528
[ 1809687ms] [WARNING] [Vue warn]: Invalid prop: type check failed for prop "onKeydown". Expected Function, got Array  
  at <ATextarea value="" onUpdate:value=fn rows=4  ... > 
  at <Anonymous value= {hashed: true, components: Object, theme: undefined, token: Object} > 
  at <ALocaleProvider locale=undefined ANT_MARK__="internalMark" > 
  at <LocaleReceiver children=fn<children> > 
  at <AConfigProvider theme= {token: Object} > 
  at <App> @ http://127.0.0.1:5173/@vite/client:528
[ 1809688ms] [WARNING] [Vue warn]: Invalid prop: type check failed for prop "onKeydown". Expected Function, got Array  
  at <ATextarea value="" onUpdate:value=fn rows=4  ... > 
  at <Anonymous value= {hashed: true, components: Object, theme: undefined, token: Object} > 
  at <ALocaleProvider locale=undefined ANT_MARK__="internalMark" > 
  at <LocaleReceiver children=fn<children> > 
  at <AConfigProvider theme= {token: Object} > 
  at <App> @ http://127.0.0.1:5173/@vite/client:528
[ 1809690ms] [WARNING] [Vue warn]: Invalid prop: type check failed for prop "onKeydown". Expected Function, got Array  
  at <ATextarea value="" onUpdate:value=fn rows=4  ... > 
  at <Anonymous value= {hashed: true, components: Object, theme: undefined, token: Object} > 
  at <ALocaleProvider locale=undefined ANT_MARK__="internalMark" > 
  at <LocaleReceiver children=fn<children> > 
  at <AConfigProvider theme= {token: Object} > 
  at <App> @ http://127.0.0.1:5173/@vite/client:528
[ 1809691ms] [WARNING] [Vue warn]: Invalid prop: type check failed for prop "onKeydown". Expected Function, got Array  
  at <ATextarea value="" onUpdate:value=fn rows=4  ... > 
  at <Anonymous value= {hashed: true, components: Object, theme: undefined, token: Object} > 
  at <ALocaleProvider locale=undefined ANT_MARK__="internalMark" > 
  at <LocaleReceiver children=fn<children> > 
  at <AConfigProvider theme= {token: Object} > 
  at <App> @ http://127.0.0.1:5173/@vite/client:528
[ 1809693ms] [WARNING] [Vue warn]: Invalid prop: type check failed for prop "onKeydown". Expected Function, got Array  
  at <ATextarea value="" onUpdate:value=fn rows=4  ... > 
  at <Anonymous value= {hashed: true, components: Object, theme: undefined, token: Object} > 
  at <ALocaleProvider locale=undefined ANT_MARK__="internalMark" > 
  at <LocaleReceiver children=fn<children> > 
  at <AConfigProvider theme= {token: Object} > 
  at <App> @ http://127.0.0.1:5173/@vite/client:528
[ 1809694ms] [WARNING] [Vue warn]: Invalid prop: type check failed for prop "onKeydown". Expected Function, got Array  
  at <ATextarea value="" onUpdate:value=fn rows=4  ... > 
  at <Anonymous value= {hashed: true, components: Object, theme: undefined, token: Object} > 
  at <ALocaleProvider locale=undefined ANT_MARK__="internalMark" > 
  at <LocaleReceiver children=fn<children> > 
  at <AConfigProvider theme= {token: Object} > 
  at <App> @ http://127.0.0.1:5173/@vite/client:528
[ 1809695ms] [WARNING] [Vue warn]: Invalid prop: type check failed for prop "onKeydown". Expected Function, got Array  
  at <ATextarea value="" onUpdate:value=fn rows=4  ... > 
  at <Anonymous value= {hashed: true, components: Object, theme: undefined, token: Object} > 
  at <ALocaleProvider locale=undefined ANT_MARK__="internalMark" > 
  at <LocaleReceiver children=fn<children> > 
  at <AConfigProvider theme= {token: Object} > 
  at <App> @ http://127.0.0.1:5173/@vite/client:528
[ 1809697ms] [WARNING] [Vue warn]: Invalid prop: type check failed for prop "onKeydown". Expected Function, got Array  
  at <ATextarea value="" onUpdate:value=fn rows=4  ... > 
  at <Anonymous value= {hashed: true, components: Object, theme: undefined, token: Object} > 
  at <ALocaleProvider locale=undefined ANT_MARK__="internalMark" > 
  at <LocaleReceiver children=fn<children> > 
  at <AConfigProvider theme= {token: Object} > 
  at <App> @ http://127.0.0.1:5173/@vite/client:528
[ 1809699ms] [WARNING] [Vue warn]: Invalid prop: type check failed for prop "onKeydown". Expected Function, got Array  
  at <ATextarea value="" onUpdate:value=fn rows=4  ... > 
  at <Anonymous value= {hashed: true, components: Object, theme: undefined, token: Object} > 
  at <ALocaleProvider locale=undefined ANT_MARK__="internalMark" > 
  at <LocaleReceiver children=fn<children> > 
  at <AConfigProvider theme= {token: Object} > 
  at <App> @ http://127.0.0.1:5173/@vite/client:528
[ 1809701ms] [WARNING] [Vue warn]: Invalid prop: type check failed for prop "onKeydown". Expected Function, got Array  
  at <ATextarea value="" onUpdate:value=fn rows=4  ... > 
  at <Anonymous value= {hashed: true, components: Object, theme: undefined, token: Object} > 
  at <ALocaleProvider locale=undefined ANT_MARK__="internalMark" > 
  at <LocaleReceiver children=fn<children> > 
  at <AConfigProvider theme= {token: Object} > 
  at <App> @ http://127.0.0.1:5173/@vite/client:528
[ 1809702ms] [WARNING] [Vue warn]: Invalid prop: type check failed for prop "onKeydown". Expected Function, got Array  
  at <ATextarea value="" onUpdate:value=fn rows=4  ... > 
  at <Anonymous value= {hashed: true, components: Object, theme: undefined, token: Object} > 
  at <ALocaleProvider locale=undefined ANT_MARK__="internalMark" > 
  at <LocaleReceiver children=fn<children> > 
  at <AConfigProvider theme= {token: Object} > 
  at <App> @ http://127.0.0.1:5173/@vite/client:528
[ 1809704ms] [WARNING] [Vue warn]: Invalid prop: type check failed for prop "onKeydown". Expected Function, got Array  
  at <ATextarea value="" onUpdate:value=fn rows=4  ... > 
  at <Anonymous value= {hashed: true, components: Object, theme: undefined, token: Object} > 
  at <ALocaleProvider locale=undefined ANT_MARK__="internalMark" > 
  at <LocaleReceiver children=fn<children> > 
  at <AConfigProvider theme= {token: Object} > 
  at <App> @ http://127.0.0.1:5173/@vite/client:528
[ 1809705ms] [WARNING] [Vue warn]: Invalid prop: type check failed for prop "onKeydown". Expected Function, got Array  
  at <ATextarea value="" onUpdate:value=fn rows=4  ... > 
  at <Anonymous value= {hashed: true, components: Object, theme: undefined, token: Object} > 
  at <ALocaleProvider locale=undefined ANT_MARK__="internalMark" > 
  at <LocaleReceiver children=fn<children> > 
  at <AConfigProvider theme= {token: Object} > 
  at <App> @ http://127.0.0.1:5173/@vite/client:528
[ 1809707ms] [WARNING] [Vue warn]: Invalid prop: type check failed for prop "onKeydown". Expected Function, got Array  
  at <ATextarea value="" onUpdate:value=fn rows=4  ... > 
  at <Anonymous value= {hashed: true, components: Object, theme: undefined, token: Object} > 
  at <ALocaleProvider locale=undefined ANT_MARK__="internalMark" > 
  at <LocaleReceiver children=fn<children> > 
  at <AConfigProvider theme= {token: Object} > 
  at <App> @ http://127.0.0.1:5173/@vite/client:528
[ 1809708ms] [WARNING] [Vue warn]: Invalid prop: type check failed for prop "onKeydown". Expected Function, got Array  
  at <ATextarea value="" onUpdate:value=fn rows=4  ... > 
  at <Anonymous value= {hashed: true, components: Object, theme: undefined, token: Object} > 
  at <ALocaleProvider locale=undefined ANT_MARK__="internalMark" > 
  at <LocaleReceiver children=fn<children> > 
  at <AConfigProvider theme= {token: Object} > 
  at <App> @ http://127.0.0.1:5173/@vite/client:528
[ 1809710ms] [WARNING] [Vue warn]: Invalid prop: type check failed for prop "onKeydown". Expected Function, got Array  
  at <ATextarea value="" onUpdate:value=fn rows=4  ... > 
  at <Anonymous value= {hashed: true, components: Object, theme: undefined, token: Object} > 
  at <ALocaleProvider locale=undefined ANT_MARK__="internalMark" > 
  at <LocaleReceiver children=fn<children> > 
  at <AConfigProvider theme= {token: Object} > 
  at <App> @ http://127.0.0.1:5173/@vite/client:528
[ 1809711ms] [WARNING] [Vue warn]: Invalid prop: type check failed for prop "onKeydown". Expected Function, got Array  
  at <ATextarea value="" onUpdate:value=fn rows=4  ... > 
  at <Anonymous value= {hashed: true, components: Object, theme: undefined, token: Object} > 
  at <ALocaleProvider locale=undefined ANT_MARK__="internalMark" > 
  at <LocaleReceiver children=fn<children> > 
  at <AConfigProvider theme= {token: Object} > 
  at <App> @ http://127.0.0.1:5173/@vite/client:528
[ 1809713ms] [WARNING] [Vue warn]: Invalid prop: type check failed for prop "onKeydown". Expected Function, got Array  
  at <ATextarea value="" onUpdate:value=fn rows=4  ... > 
  at <Anonymous value= {hashed: true, components: Object, theme: undefined, token: Object} > 
  at <ALocaleProvider locale=undefined ANT_MARK__="internalMark" > 
  at <LocaleReceiver children=fn<children> > 
  at <AConfigProvider theme= {token: Object} > 
  at <App> @ http://127.0.0.1:5173/@vite/client:528
[ 1809714ms] [WARNING] [Vue warn]: Invalid prop: type check failed for prop "onKeydown". Expected Function, got Array  
  at <ATextarea value="" onUpdate:value=fn rows=4  ... > 
  at <Anonymous value= {hashed: true, components: Object, theme: undefined, token: Object} > 
  at <ALocaleProvider locale=undefined ANT_MARK__="internalMark" > 
  at <LocaleReceiver children=fn<children> > 
  at <AConfigProvider theme= {token: Object} > 
  at <App> @ http://127.0.0.1:5173/@vite/client:528
[ 1809716ms] [WARNING] [Vue warn]: Invalid prop: type check failed for prop "onKeydown". Expected Function, got Array  
  at <ATextarea value="" onUpdate:value=fn rows=4  ... > 
  at <Anonymous value= {hashed: true, components: Object, theme: undefined, token: Object} > 
  at <ALocaleProvider locale=undefined ANT_MARK__="internalMark" > 
  at <LocaleReceiver children=fn<children> > 
  at <AConfigProvider theme= {token: Object} > 
  at <App> @ http://127.0.0.1:5173/@vite/client:528
[ 1809717ms] [WARNING] [Vue warn]: Invalid prop: type check failed for prop "onKeydown". Expected Function, got Array  
  at <ATextarea value="" onUpdate:value=fn rows=4  ... > 
  at <Anonymous value= {hashed: true, components: Object, theme: undefined, token: Object} > 
  at <ALocaleProvider locale=undefined ANT_MARK__="internalMark" > 
  at <LocaleReceiver children=fn<children> > 
  at <AConfigProvider theme= {token: Object} > 
  at <App> @ http://127.0.0.1:5173/@vite/client:528
[ 1809719ms] [WARNING] [Vue warn]: Invalid prop: type check failed for prop "onKeydown". Expected Function, got Array  
  at <ATextarea value="" onUpdate:value=fn rows=4  ... > 
  at <Anonymous value= {hashed: true, components: Object, theme: undefined, token: Object} > 
  at <ALocaleProvider locale=undefined ANT_MARK__="internalMark" > 
  at <LocaleReceiver children=fn<children> > 
  at <AConfigProvider theme= {token: Object} > 
  at <App> @ http://127.0.0.1:5173/@vite/client:528
[ 1809720ms] [WARNING] [Vue warn]: Invalid prop: type check failed for prop "onKeydown". Expected Function, got Array  
  at <ATextarea value="" onUpdate:value=fn rows=4  ... > 
  at <Anonymous value= {hashed: true, components: Object, theme: undefined, token: Object} > 
  at <ALocaleProvider locale=undefined ANT_MARK__="internalMark" > 
  at <LocaleReceiver children=fn<children> > 
  at <AConfigProvider theme= {token: Object} > 
  at <App> @ http://127.0.0.1:5173/@vite/client:528
[ 1809721ms] [WARNING] [Vue warn]: Invalid prop: type check failed for prop "onKeydown". Expected Function, got Array  
  at <ATextarea value="" onUpdate:value=fn rows=4  ... > 
  at <Anonymous value= {hashed: true, components: Object, theme: undefined, token: Object} > 
  at <ALocaleProvider locale=undefined ANT_MARK__="internalMark" > 
  at <LocaleReceiver children=fn<children> > 
  at <AConfigProvider theme= {token: Object} > 
  at <App> @ http://127.0.0.1:5173/@vite/client:528
[ 1809723ms] [WARNING] [Vue warn]: Invalid prop: type check failed for prop "onKeydown". Expected Function, got Array  
  at <ATextarea value="" onUpdate:value=fn rows=4  ... > 
  at <Anonymous value= {hashed: true, components: Object, theme: undefined, token: Object} > 
  at <ALocaleProvider locale=undefined ANT_MARK__="internalMark" > 
  at <LocaleReceiver children=fn<children> > 
  at <AConfigProvider theme= {token: Object} > 
  at <App> @ http://127.0.0.1:5173/@vite/client:528
[ 1809724ms] [WARNING] [Vue warn]: Invalid prop: type check failed for prop "onKeydown". Expected Function, got Array  
  at <ATextarea value="" onUpdate:value=fn rows=4  ... > 
  at <Anonymous value= {hashed: true, components: Object, theme: undefined, token: Object} > 
  at <ALocaleProvider locale=undefined ANT_MARK__="internalMark" > 
  at <LocaleReceiver children=fn<children> > 
  at <AConfigProvider theme= {token: Object} > 
  at <App> @ http://127.0.0.1:5173/@vite/client:528
[ 1809726ms] [WARNING] [Vue warn]: Invalid prop: type check failed for prop "onKeydown". Expected Function, got Array  
  at <ATextarea value="" onUpdate:value=fn rows=4  ... > 
  at <Anonymous value= {hashed: true, components: Object, theme: undefined, token: Object} > 
  at <ALocaleProvider locale=undefined ANT_MARK__="internalMark" > 
  at <LocaleReceiver children=fn<children> > 
  at <AConfigProvider theme= {token: Object} > 
  at <App> @ http://127.0.0.1:5173/@vite/client:528
[ 1809727ms] [WARNING] [Vue warn]: Invalid prop: type check failed for prop "onKeydown". Expected Function, got Array  
  at <ATextarea value="" onUpdate:value=fn rows=4  ... > 
  at <Anonymous value= {hashed: true, components: Object, theme: undefined, token: Object} > 
  at <ALocaleProvider locale=undefined ANT_MARK__="internalMark" > 
  at <LocaleReceiver children=fn<children> > 
  at <AConfigProvider theme= {token: Object} > 
  at <App> @ http://127.0.0.1:5173/@vite/client:528
[ 1809728ms] [WARNING] [Vue warn]: Invalid prop: type check failed for prop "onKeydown". Expected Function, got Array  
  at <ATextarea value="" onUpdate:value=fn rows=4  ... > 
  at <Anonymous value= {hashed: true, components: Object, theme: undefined, token: Object} > 
  at <ALocaleProvider locale=undefined ANT_MARK__="internalMark" > 
  at <LocaleReceiver children=fn<children> > 
  at <AConfigProvider theme= {token: Object} > 
  at <App> @ http://127.0.0.1:5173/@vite/client:528
[ 1809730ms] [WARNING] [Vue warn]: Invalid prop: type check failed for prop "onKeydown". Expected Function, got Array  
  at <ATextarea value="" onUpdate:value=fn rows=4  ... > 
  at <Anonymous value= {hashed: true, components: Object, theme: undefined, token: Object} > 
  at <ALocaleProvider locale=undefined ANT_MARK__="internalMark" > 
  at <LocaleReceiver children=fn<children> > 
  at <AConfigProvider theme= {token: Object} > 
  at <App> @ http://127.0.0.1:5173/@vite/client:528
[ 1809731ms] [WARNING] [Vue warn]: Invalid prop: type check failed for prop "onKeydown". Expected Function, got Array  
  at <ATextarea value="" onUpdate:value=fn rows=4  ... > 
  at <Anonymous value= {hashed: true, components: Object, theme: undefined, token: Object} > 
  at <ALocaleProvider locale=undefined ANT_MARK__="internalMark" > 
  at <LocaleReceiver children=fn<children> > 
  at <AConfigProvider theme= {token: Object} > 
  at <App> @ http://127.0.0.1:5173/@vite/client:528
[ 1809733ms] [WARNING] [Vue warn]: Invalid prop: type check failed for prop "onKeydown". Expected Function, got Array  
  at <ATextarea value="" onUpdate:value=fn rows=4  ... > 
  at <Anonymous value= {hashed: true, components: Object, theme: undefined, token: Object} > 
  at <ALocaleProvider locale=undefined ANT_MARK__="internalMark" > 
  at <LocaleReceiver children=fn<children> > 
  at <AConfigProvider theme= {token: Object} > 
  at <App> @ http://127.0.0.1:5173/@vite/client:528
[ 1809734ms] [WARNING] [Vue warn]: Invalid prop: type check failed for prop "onKeydown". Expected Function, got Array  
  at <ATextarea value="" onUpdate:value=fn rows=4  ... > 
  at <Anonymous value= {hashed: true, components: Object, theme: undefined, token: Object} > 
  at <ALocaleProvider locale=undefined ANT_MARK__="internalMark" > 
  at <LocaleReceiver children=fn<children> > 
  at <AConfigProvider theme= {token: Object} > 
  at <App> @ http://127.0.0.1:5173/@vite/client:528
[ 1809735ms] [WARNING] [Vue warn]: Invalid prop: type check failed for prop "onKeydown". Expected Function, got Array  
  at <ATextarea value="" onUpdate:value=fn rows=4  ... > 
  at <Anonymous value= {hashed: true, components: Object, theme: undefined, token: Object} > 
  at <ALocaleProvider locale=undefined ANT_MARK__="internalMark" > 
  at <LocaleReceiver children=fn<children> > 
  at <AConfigProvider theme= {token: Object} > 
  at <App> @ http://127.0.0.1:5173/@vite/client:528
[ 1809737ms] [WARNING] [Vue warn]: Invalid prop: type check failed for prop "onKeydown". Expected Function, got Array  
  at <ATextarea value="" onUpdate:value=fn rows=4  ... > 
  at <Anonymous value= {hashed: true, components: Object, theme: undefined, token: Object} > 
  at <ALocaleProvider locale=undefined ANT_MARK__="internalMark" > 
  at <LocaleReceiver children=fn<children> > 
  at <AConfigProvider theme= {token: Object} > 
  at <App> @ http://127.0.0.1:5173/@vite/client:528
[ 1809738ms] [WARNING] [Vue warn]: Invalid prop: type check failed for prop "onKeydown". Expected Function, got Array  
  at <ATextarea value="" onUpdate:value=fn rows=4  ... > 
  at <Anonymous value= {hashed: true, components: Object, theme: undefined, token: Object} > 
  at <ALocaleProvider locale=undefined ANT_MARK__="internalMark" > 
  at <LocaleReceiver children=fn<children> > 
  at <AConfigProvider theme= {token: Object} > 
  at <App> @ http://127.0.0.1:5173/@vite/client:528
[ 1809740ms] [WARNING] [Vue warn]: Invalid prop: type check failed for prop "onKeydown". Expected Function, got Array  
  at <ATextarea value="" onUpdate:value=fn rows=4  ... > 
  at <Anonymous value= {hashed: true, components: Object, theme: undefined, token: Object} > 
  at <ALocaleProvider locale=undefined ANT_MARK__="internalMark" > 
  at <LocaleReceiver children=fn<children> > 
  at <AConfigProvider theme= {token: Object} > 
  at <App> @ http://127.0.0.1:5173/@vite/client:528
[ 1809741ms] [WARNING] [Vue warn]: Invalid prop: type check failed for prop "onKeydown". Expected Function, got Array  
  at <ATextarea value="" onUpdate:value=fn rows=4  ... > 
  at <Anonymous value= {hashed: true, components: Object, theme: undefined, token: Object} > 
  at <ALocaleProvider locale=undefined ANT_MARK__="internalMark" > 
  at <LocaleReceiver children=fn<children> > 
  at <AConfigProvider theme= {token: Object} > 
  at <App> @ http://127.0.0.1:5173/@vite/client:528
[ 1809742ms] [WARNING] [Vue warn]: Invalid prop: type check failed for prop "onKeydown". Expected Function, got Array  
  at <ATextarea value="" onUpdate:value=fn rows=4  ... > 
  at <Anonymous value= {hashed: true, components: Object, theme: undefined, token: Object} > 
  at <ALocaleProvider locale=undefined ANT_MARK__="internalMark" > 
  at <LocaleReceiver children=fn<children> > 
  at <AConfigProvider theme= {token: Object} > 
  at <App> @ http://127.0.0.1:5173/@vite/client:528
[ 1809744ms] [WARNING] [Vue warn]: Invalid prop: type check failed for prop "onKeydown". Expected Function, got Array  
  at <ATextarea value="" onUpdate:value=fn rows=4  ... > 
  at <Anonymous value= {hashed: true, components: Object, theme: undefined, token: Object} > 
  at <ALocaleProvider locale=undefined ANT_MARK__="internalMark" > 
  at <LocaleReceiver children=fn<children> > 
  at <AConfigProvider theme= {token: Object} > 
  at <App> @ http://127.0.0.1:5173/@vite/client:528
[ 1809746ms] [WARNING] [Vue warn]: Invalid prop: type check failed for prop "onKeydown". Expected Function, got Array  
  at <ATextarea value="" onUpdate:value=fn rows=4  ... > 
  at <Anonymous value= {hashed: true, components: Object, theme: undefined, token: Object} > 
  at <ALocaleProvider locale=undefined ANT_MARK__="internalMark" > 
  at <LocaleReceiver children=fn<children> > 
  at <AConfigProvider theme= {token: Object} > 
  at <App> @ http://127.0.0.1:5173/@vite/client:528
[ 1809748ms] [WARNING] [Vue warn]: Invalid prop: type check failed for prop "onKeydown". Expected Function, got Array  
  at <ATextarea value="" onUpdate:value=fn rows=4  ... > 
  at <Anonymous value= {hashed: true, components: Object, theme: undefined, token: Object} > 
  at <ALocaleProvider locale=undefined ANT_MARK__="internalMark" > 
  at <LocaleReceiver children=fn<children> > 
  at <AConfigProvider theme= {token: Object} > 
  at <App> @ http://127.0.0.1:5173/@vite/client:528
[ 1809750ms] [WARNING] [Vue warn]: Invalid prop: type check failed for prop "onKeydown". Expected Function, got Array  
  at <ATextarea value="" onUpdate:value=fn rows=4  ... > 
  at <Anonymous value= {hashed: true, components: Object, theme: undefined, token: Object} > 
  at <ALocaleProvider locale=undefined ANT_MARK__="internalMark" > 
  at <LocaleReceiver children=fn<children> > 
  at <AConfigProvider theme= {token: Object} > 
  at <App> @ http://127.0.0.1:5173/@vite/client:528
[ 1809751ms] [WARNING] [Vue warn]: Invalid prop: type check failed for prop "onKeydown". Expected Function, got Array  
  at <ATextarea value="" onUpdate:value=fn rows=4  ... > 
  at <Anonymous value= {hashed: true, components: Object, theme: undefined, token: Object} > 
  at <ALocaleProvider locale=undefined ANT_MARK__="internalMark" > 
  at <LocaleReceiver children=fn<children> > 
  at <AConfigProvider theme= {token: Object} > 
  at <App> @ http://127.0.0.1:5173/@vite/client:528
[ 1809753ms] [WARNING] [Vue warn]: Invalid prop: type check failed for prop "onKeydown". Expected Function, got Array  
  at <ATextarea value="" onUpdate:value=fn rows=4  ... > 
  at <Anonymous value= {hashed: true, components: Object, theme: undefined, token: Object} > 
  at <ALocaleProvider locale=undefined ANT_MARK__="internalMark" > 
  at <LocaleReceiver children=fn<children> > 
  at <AConfigProvider theme= {token: Object} > 
  at <App> @ http://127.0.0.1:5173/@vite/client:528
[ 1809754ms] [WARNING] [Vue warn]: Invalid prop: type check failed for prop "onKeydown". Expected Function, got Array  
  at <ATextarea value="" onUpdate:value=fn rows=4  ... > 
  at <Anonymous value= {hashed: true, components: Object, theme: undefined, token: Object} > 
  at <ALocaleProvider locale=undefined ANT_MARK__="internalMark" > 
  at <LocaleReceiver children=fn<children> > 
  at <AConfigProvider theme= {token: Object} > 
  at <App> @ http://127.0.0.1:5173/@vite/client:528
[ 1809756ms] [WARNING] [Vue warn]: Invalid prop: type check failed for prop "onKeydown". Expected Function, got Array  
  at <ATextarea value="" onUpdate:value=fn rows=4  ... > 
  at <Anonymous value= {hashed: true, components: Object, theme: undefined, token: Object} > 
  at <ALocaleProvider locale=undefined ANT_MARK__="internalMark" > 
  at <LocaleReceiver children=fn<children> > 
  at <AConfigProvider theme= {token: Object} > 
  at <App> @ http://127.0.0.1:5173/@vite/client:528
[ 1809757ms] [WARNING] [Vue warn]: Invalid prop: type check failed for prop "onKeydown". Expected Function, got Array  
  at <ATextarea value="" onUpdate:value=fn rows=4  ... > 
  at <Anonymous value= {hashed: true, components: Object, theme: undefined, token: Object} > 
  at <ALocaleProvider locale=undefined ANT_MARK__="internalMark" > 
  at <LocaleReceiver children=fn<children> > 
  at <AConfigProvider theme= {token: Object} > 
  at <App> @ http://127.0.0.1:5173/@vite/client:528
[ 1809758ms] [WARNING] [Vue warn]: Invalid prop: type check failed for prop "onKeydown". Expected Function, got Array  
  at <ATextarea value="" onUpdate:value=fn rows=4  ... > 
  at <Anonymous value= {hashed: true, components: Object, theme: undefined, token: Object} > 
  at <ALocaleProvider locale=undefined ANT_MARK__="internalMark" > 
  at <LocaleReceiver children=fn<children> > 
  at <AConfigProvider theme= {token: Object} > 
  at <App> @ http://127.0.0.1:5173/@vite/client:528
[ 1809760ms] [WARNING] [Vue warn]: Invalid prop: type check failed for prop "onKeydown". Expected Function, got Array  
  at <ATextarea value="" onUpdate:value=fn rows=4  ... > 
  at <Anonymous value= {hashed: true, components: Object, theme: undefined, token: Object} > 
  at <ALocaleProvider locale=undefined ANT_MARK__="internalMark" > 
  at <LocaleReceiver children=fn<children> > 
  at <AConfigProvider theme= {token: Object} > 
  at <App> @ http://127.0.0.1:5173/@vite/client:528
[ 1809761ms] [WARNING] [Vue warn]: Invalid prop: type check failed for prop "onKeydown". Expected Function, got Array  
  at <ATextarea value="" onUpdate:value=fn rows=4  ... > 
  at <Anonymous value= {hashed: true, components: Object, theme: undefined, token: Object} > 
  at <ALocaleProvider locale=undefined ANT_MARK__="internalMark" > 
  at <LocaleReceiver children=fn<children> > 
  at <AConfigProvider theme= {token: Object} > 
  at <App> @ http://127.0.0.1:5173/@vite/client:528
[ 1809763ms] [WARNING] [Vue warn]: Invalid prop: type check failed for prop "onKeydown". Expected Function, got Array  
  at <ATextarea value="" onUpdate:value=fn rows=4  ... > 
  at <Anonymous value= {hashed: true, components: Object, theme: undefined, token: Object} > 
  at <ALocaleProvider locale=undefined ANT_MARK__="internalMark" > 
  at <LocaleReceiver children=fn<children> > 
  at <AConfigProvider theme= {token: Object} > 
  at <App> @ http://127.0.0.1:5173/@vite/client:528
[ 1809764ms] [WARNING] [Vue warn]: Invalid prop: type check failed for prop "onKeydown". Expected Function, got Array  
  at <ATextarea value="" onUpdate:value=fn rows=4  ... > 
  at <Anonymous value= {hashed: true, components: Object, theme: undefined, token: Object} > 
  at <ALocaleProvider locale=undefined ANT_MARK__="internalMark" > 
  at <LocaleReceiver children=fn<children> > 
  at <AConfigProvider theme= {token: Object} > 
  at <App> @ http://127.0.0.1:5173/@vite/client:528
[ 1809766ms] [WARNING] [Vue warn]: Invalid prop: type check failed for prop "onKeydown". Expected Function, got Array  
  at <ATextarea value="" onUpdate:value=fn rows=4  ... > 
  at <Anonymous value= {hashed: true, components: Object, theme: undefined, token: Object} > 
  at <ALocaleProvider locale=undefined ANT_MARK__="internalMark" > 
  at <LocaleReceiver children=fn<children> > 
  at <AConfigProvider theme= {token: Object} > 
  at <App> @ http://127.0.0.1:5173/@vite/client:528
[ 1809767ms] [WARNING] [Vue warn]: Invalid prop: type check failed for prop "onKeydown". Expected Function, got Array  
  at <ATextarea value="" onUpdate:value=fn rows=4  ... > 
  at <Anonymous value= {hashed: true, components: Object, theme: undefined, token: Object} > 
  at <ALocaleProvider locale=undefined ANT_MARK__="internalMark" > 
  at <LocaleReceiver children=fn<children> > 
  at <AConfigProvider theme= {token: Object} > 
  at <App> @ http://127.0.0.1:5173/@vite/client:528
[ 1809769ms] [WARNING] [Vue warn]: Invalid prop: type check failed for prop "onKeydown". Expected Function, got Array  
  at <ATextarea value="" onUpdate:value=fn rows=4  ... > 
  at <Anonymous value= {hashed: true, components: Object, theme: undefined, token: Object} > 
  at <ALocaleProvider locale=undefined ANT_MARK__="internalMark" > 
  at <LocaleReceiver children=fn<children> > 
  at <AConfigProvider theme= {token: Object} > 
  at <App> @ http://127.0.0.1:5173/@vite/client:528
[ 1809770ms] [WARNING] [Vue warn]: Invalid prop: type check failed for prop "onKeydown". Expected Function, got Array  
  at <ATextarea value="" onUpdate:value=fn rows=4  ... > 
  at <Anonymous value= {hashed: true, components: Object, theme: undefined, token: Object} > 
  at <ALocaleProvider locale=undefined ANT_MARK__="internalMark" > 
  at <LocaleReceiver children=fn<children> > 
  at <AConfigProvider theme= {token: Object} > 
  at <App> @ http://127.0.0.1:5173/@vite/client:528
[ 1809772ms] [WARNING] [Vue warn]: Invalid prop: type check failed for prop "onKeydown". Expected Function, got Array  
  at <ATextarea value="" onUpdate:value=fn rows=4  ... > 
  at <Anonymous value= {hashed: true, components: Object, theme: undefined, token: Object} > 
  at <ALocaleProvider locale=undefined ANT_MARK__="internalMark" > 
  at <LocaleReceiver children=fn<children> > 
  at <AConfigProvider theme= {token: Object} > 
  at <App> @ http://127.0.0.1:5173/@vite/client:528
[ 1809773ms] [WARNING] [Vue warn]: Invalid prop: type check failed for prop "onKeydown". Expected Function, got Array  
  at <ATextarea value="" onUpdate:value=fn rows=4  ... > 
  at <Anonymous value= {hashed: true, components: Object, theme: undefined, token: Object} > 
  at <ALocaleProvider locale=undefined ANT_MARK__="internalMark" > 
  at <LocaleReceiver children=fn<children> > 
  at <AConfigProvider theme= {token: Object} > 
  at <App> @ http://127.0.0.1:5173/@vite/client:528
[ 1809775ms] [WARNING] [Vue warn]: Invalid prop: type check failed for prop "onKeydown". Expected Function, got Array  
  at <ATextarea value="" onUpdate:value=fn rows=4  ... > 
  at <Anonymous value= {hashed: true, components: Object, theme: undefined, token: Object} > 
  at <ALocaleProvider locale=undefined ANT_MARK__="internalMark" > 
  at <LocaleReceiver children=fn<children> > 
  at <AConfigProvider theme= {token: Object} > 
  at <App> @ http://127.0.0.1:5173/@vite/client:528
[ 1809776ms] [WARNING] [Vue warn]: Invalid prop: type check failed for prop "onKeydown". Expected Function, got Array  
  at <ATextarea value="" onUpdate:value=fn rows=4  ... > 
  at <Anonymous value= {hashed: true, components: Object, theme: undefined, token: Object} > 
  at <ALocaleProvider locale=undefined ANT_MARK__="internalMark" > 
  at <LocaleReceiver children=fn<children> > 
  at <AConfigProvider theme= {token: Object} > 
  at <App> @ http://127.0.0.1:5173/@vite/client:528
[ 1809778ms] [WARNING] [Vue warn]: Invalid prop: type check failed for prop "onKeydown". Expected Function, got Array  
  at <ATextarea value="" onUpdate:value=fn rows=4  ... > 
  at <Anonymous value= {hashed: true, components: Object, theme: undefined, token: Object} > 
  at <ALocaleProvider locale=undefined ANT_MARK__="internalMark" > 
  at <LocaleReceiver children=fn<children> > 
  at <AConfigProvider theme= {token: Object} > 
  at <App> @ http://127.0.0.1:5173/@vite/client:528
[ 1809779ms] [WARNING] [Vue warn]: Invalid prop: type check failed for prop "onKeydown". Expected Function, got Array  
  at <ATextarea value="" onUpdate:value=fn rows=4  ... > 
  at <Anonymous value= {hashed: true, components: Object, theme: undefined, token: Object} > 
  at <ALocaleProvider locale=undefined ANT_MARK__="internalMark" > 
  at <LocaleReceiver children=fn<children> > 
  at <AConfigProvider theme= {token: Object} > 
  at <App> @ http://127.0.0.1:5173/@vite/client:528
[ 1809781ms] [WARNING] [Vue warn]: Invalid prop: type check failed for prop "onKeydown". Expected Function, got Array  
  at <ATextarea value="" onUpdate:value=fn rows=4  ... > 
  at <Anonymous value= {hashed: true, components: Object, theme: undefined, token: Object} > 
  at <ALocaleProvider locale=undefined ANT_MARK__="internalMark" > 
  at <LocaleReceiver children=fn<children> > 
  at <AConfigProvider theme= {token: Object} > 
  at <App> @ http://127.0.0.1:5173/@vite/client:528
[ 1809783ms] [WARNING] [Vue warn]: Invalid prop: type check failed for prop "onKeydown". Expected Function, got Array  
  at <ATextarea value="" onUpdate:value=fn rows=4  ... > 
  at <Anonymous value= {hashed: true, components: Object, theme: undefined, token: Object} > 
  at <ALocaleProvider locale=undefined ANT_MARK__="internalMark" > 
  at <LocaleReceiver children=fn<children> > 
  at <AConfigProvider theme= {token: Object} > 
  at <App> @ http://127.0.0.1:5173/@vite/client:528
[ 1809785ms] [WARNING] [Vue warn]: Invalid prop: type check failed for prop "onKeydown". Expected Function, got Array  
  at <ATextarea value="" onUpdate:value=fn rows=4  ... > 
  at <Anonymous value= {hashed: true, components: Object, theme: undefined, token: Object} > 
  at <ALocaleProvider locale=undefined ANT_MARK__="internalMark" > 
  at <LocaleReceiver children=fn<children> > 
  at <AConfigProvider theme= {token: Object} > 
  at <App> @ http://127.0.0.1:5173/@vite/client:528
[ 1809786ms] [WARNING] [Vue warn]: Invalid prop: type check failed for prop "onKeydown". Expected Function, got Array  
  at <ATextarea value="" onUpdate:value=fn rows=4  ... > 
  at <Anonymous value= {hashed: true, components: Object, theme: undefined, token: Object} > 
  at <ALocaleProvider locale=undefined ANT_MARK__="internalMark" > 
  at <LocaleReceiver children=fn<children> > 
  at <AConfigProvider theme= {token: Object} > 
  at <App> @ http://127.0.0.1:5173/@vite/client:528
[ 1809788ms] [WARNING] [Vue warn]: Invalid prop: type check failed for prop "onKeydown". Expected Function, got Array  
  at <ATextarea value="" onUpdate:value=fn rows=4  ... > 
  at <Anonymous value= {hashed: true, components: Object, theme: undefined, token: Object} > 
  at <ALocaleProvider locale=undefined ANT_MARK__="internalMark" > 
  at <LocaleReceiver children=fn<children> > 
  at <AConfigProvider theme= {token: Object} > 
  at <App> @ http://127.0.0.1:5173/@vite/client:528
[ 1809789ms] [WARNING] [Vue warn]: Invalid prop: type check failed for prop "onKeydown". Expected Function, got Array  
  at <ATextarea value="" onUpdate:value=fn rows=4  ... > 
  at <Anonymous value= {hashed: true, components: Object, theme: undefined, token: Object} > 
  at <ALocaleProvider locale=undefined ANT_MARK__="internalMark" > 
  at <LocaleReceiver children=fn<children> > 
  at <AConfigProvider theme= {token: Object} > 
  at <App> @ http://127.0.0.1:5173/@vite/client:528
[ 1809791ms] [WARNING] [Vue warn]: Invalid prop: type check failed for prop "onKeydown". Expected Function, got Array  
  at <ATextarea value="" onUpdate:value=fn rows=4  ... > 
  at <Anonymous value= {hashed: true, components: Object, theme: undefined, token: Object} > 
  at <ALocaleProvider locale=undefined ANT_MARK__="internalMark" > 
  at <LocaleReceiver children=fn<children> > 
  at <AConfigProvider theme= {token: Object} > 
  at <App> @ http://127.0.0.1:5173/@vite/client:528
[ 1809792ms] [WARNING] [Vue warn]: Invalid prop: type check failed for prop "onKeydown". Expected Function, got Array  
  at <ATextarea value="" onUpdate:value=fn rows=4  ... > 
  at <Anonymous value= {hashed: true, components: Object, theme: undefined, token: Object} > 
  at <ALocaleProvider locale=undefined ANT_MARK__="internalMark" > 
  at <LocaleReceiver children=fn<children> > 
  at <AConfigProvider theme= {token: Object} > 
  at <App> @ http://127.0.0.1:5173/@vite/client:528
[ 1809794ms] [WARNING] [Vue warn]: Invalid prop: type check failed for prop "onKeydown". Expected Function, got Array  
  at <ATextarea value="" onUpdate:value=fn rows=4  ... > 
  at <Anonymous value= {hashed: true, components: Object, theme: undefined, token: Object} > 
  at <ALocaleProvider locale=undefined ANT_MARK__="internalMark" > 
  at <LocaleReceiver children=fn<children> > 
  at <AConfigProvider theme= {token: Object} > 
  at <App> @ http://127.0.0.1:5173/@vite/client:528
[ 1809795ms] [WARNING] [Vue warn]: Invalid prop: type check failed for prop "onKeydown". Expected Function, got Array  
  at <ATextarea value="" onUpdate:value=fn rows=4  ... > 
  at <Anonymous value= {hashed: true, components: Object, theme: undefined, token: Object} > 
  at <ALocaleProvider locale=undefined ANT_MARK__="internalMark" > 
  at <LocaleReceiver children=fn<children> > 
  at <AConfigProvider theme= {token: Object} > 
  at <App> @ http://127.0.0.1:5173/@vite/client:528
[ 1809797ms] [WARNING] [Vue warn]: Invalid prop: type check failed for prop "onKeydown". Expected Function, got Array  
  at <ATextarea value="" onUpdate:value=fn rows=4  ... > 
  at <Anonymous value= {hashed: true, components: Object, theme: undefined, token: Object} > 
  at <ALocaleProvider locale=undefined ANT_MARK__="internalMark" > 
  at <LocaleReceiver children=fn<children> > 
  at <AConfigProvider theme= {token: Object} > 
  at <App> @ http://127.0.0.1:5173/@vite/client:528
[ 1809799ms] [WARNING] [Vue warn]: Invalid prop: type check failed for prop "onKeydown". Expected Function, got Array  
  at <ATextarea value="" onUpdate:value=fn rows=4  ... > 
  at <Anonymous value= {hashed: true, components: Object, theme: undefined, token: Object} > 
  at <ALocaleProvider locale=undefined ANT_MARK__="internalMark" > 
  at <LocaleReceiver children=fn<children> > 
  at <AConfigProvider theme= {token: Object} > 
  at <App> @ http://127.0.0.1:5173/@vite/client:528
[ 1809800ms] [WARNING] [Vue warn]: Invalid prop: type check failed for prop "onKeydown". Expected Function, got Array  
  at <ATextarea value="" onUpdate:value=fn rows=4  ... > 
  at <Anonymous value= {hashed: true, components: Object, theme: undefined, token: Object} > 
  at <ALocaleProvider locale=undefined ANT_MARK__="internalMark" > 
  at <LocaleReceiver children=fn<children> > 
  at <AConfigProvider theme= {token: Object} > 
  at <App> @ http://127.0.0.1:5173/@vite/client:528
[ 1809802ms] [WARNING] [Vue warn]: Invalid prop: type check failed for prop "onKeydown". Expected Function, got Array  
  at <ATextarea value="" onUpdate:value=fn rows=4  ... > 
  at <Anonymous value= {hashed: true, components: Object, theme: undefined, token: Object} > 
  at <ALocaleProvider locale=undefined ANT_MARK__="internalMark" > 
  at <LocaleReceiver children=fn<children> > 
  at <AConfigProvider theme= {token: Object} > 
  at <App> @ http://127.0.0.1:5173/@vite/client:528
[ 1809803ms] [WARNING] [Vue warn]: Invalid prop: type check failed for prop "onKeydown". Expected Function, got Array  
  at <ATextarea value="" onUpdate:value=fn rows=4  ... > 
  at <Anonymous value= {hashed: true, components: Object, theme: undefined, token: Object} > 
  at <ALocaleProvider locale=undefined ANT_MARK__="internalMark" > 
  at <LocaleReceiver children=fn<children> > 
  at <AConfigProvider theme= {token: Object} > 
  at <App> @ http://127.0.0.1:5173/@vite/client:528
[ 1809805ms] [WARNING] [Vue warn]: Invalid prop: type check failed for prop "onKeydown". Expected Function, got Array  
  at <ATextarea value="" onUpdate:value=fn rows=4  ... > 
  at <Anonymous value= {hashed: true, components: Object, theme: undefined, token: Object} > 
  at <ALocaleProvider locale=undefined ANT_MARK__="internalMark" > 
  at <LocaleReceiver children=fn<children> > 
  at <AConfigProvider theme= {token: Object} > 
  at <App> @ http://127.0.0.1:5173/@vite/client:528
[ 1809806ms] [WARNING] [Vue warn]: Invalid prop: type check failed for prop "onKeydown". Expected Function, got Array  
  at <ATextarea value="" onUpdate:value=fn rows=4  ... > 
  at <Anonymous value= {hashed: true, components: Object, theme: undefined, token: Object} > 
  at <ALocaleProvider locale=undefined ANT_MARK__="internalMark" > 
  at <LocaleReceiver children=fn<children> > 
  at <AConfigProvider theme= {token: Object} > 
  at <App> @ http://127.0.0.1:5173/@vite/client:528
[ 1809808ms] [WARNING] [Vue warn]: Invalid prop: type check failed for prop "onKeydown". Expected Function, got Array  
  at <ATextarea value="" onUpdate:value=fn rows=4  ... > 
  at <Anonymous value= {hashed: true, components: Object, theme: undefined, token: Object} > 
  at <ALocaleProvider locale=undefined ANT_MARK__="internalMark" > 
  at <LocaleReceiver children=fn<children> > 
  at <AConfigProvider theme= {token: Object} > 
  at <App> @ http://127.0.0.1:5173/@vite/client:528
[ 1809809ms] [WARNING] [Vue warn]: Invalid prop: type check failed for prop "onKeydown". Expected Function, got Array  
  at <ATextarea value="" onUpdate:value=fn rows=4  ... > 
  at <Anonymous value= {hashed: true, components: Object, theme: undefined, token: Object} > 
  at <ALocaleProvider locale=undefined ANT_MARK__="internalMark" > 
  at <LocaleReceiver children=fn<children> > 
  at <AConfigProvider theme= {token: Object} > 
  at <App> @ http://127.0.0.1:5173/@vite/client:528
[ 1809811ms] [WARNING] [Vue warn]: Invalid prop: type check failed for prop "onKeydown". Expected Function, got Array  
  at <ATextarea value="" onUpdate:value=fn rows=4  ... > 
  at <Anonymous value= {hashed: true, components: Object, theme: undefined, token: Object} > 
  at <ALocaleProvider locale=undefined ANT_MARK__="internalMark" > 
  at <LocaleReceiver children=fn<children> > 
  at <AConfigProvider theme= {token: Object} > 
  at <App> @ http://127.0.0.1:5173/@vite/client:528
[ 1809812ms] [WARNING] [Vue warn]: Invalid prop: type check failed for prop "onKeydown". Expected Function, got Array  
  at <ATextarea value="" onUpdate:value=fn rows=4  ... > 
  at <Anonymous value= {hashed: true, components: Object, theme: undefined, token: Object} > 
  at <ALocaleProvider locale=undefined ANT_MARK__="internalMark" > 
  at <LocaleReceiver children=fn<children> > 
  at <AConfigProvider theme= {token: Object} > 
  at <App> @ http://127.0.0.1:5173/@vite/client:528
[ 1809814ms] [WARNING] [Vue warn]: Invalid prop: type check failed for prop "onKeydown". Expected Function, got Array  
  at <ATextarea value="" onUpdate:value=fn rows=4  ... > 
  at <Anonymous value= {hashed: true, components: Object, theme: undefined, token: Object} > 
  at <ALocaleProvider locale=undefined ANT_MARK__="internalMark" > 
  at <LocaleReceiver children=fn<children> > 
  at <AConfigProvider theme= {token: Object} > 
  at <App> @ http://127.0.0.1:5173/@vite/client:528
[ 1809815ms] [WARNING] [Vue warn]: Invalid prop: type check failed for prop "onKeydown". Expected Function, got Array  
  at <ATextarea value="" onUpdate:value=fn rows=4  ... > 
  at <Anonymous value= {hashed: true, components: Object, theme: undefined, token: Object} > 
  at <ALocaleProvider locale=undefined ANT_MARK__="internalMark" > 
  at <LocaleReceiver children=fn<children> > 
  at <AConfigProvider theme= {token: Object} > 
  at <App> @ http://127.0.0.1:5173/@vite/client:528
[ 1809817ms] [WARNING] [Vue warn]: Invalid prop: type check failed for prop "onKeydown". Expected Function, got Array  
  at <ATextarea value="" onUpdate:value=fn rows=4  ... > 
  at <Anonymous value= {hashed: true, components: Object, theme: undefined, token: Object} > 
  at <ALocaleProvider locale=undefined ANT_MARK__="internalMark" > 
  at <LocaleReceiver children=fn<children> > 
  at <AConfigProvider theme= {token: Object} > 
  at <App> @ http://127.0.0.1:5173/@vite/client:528
[ 1809818ms] [WARNING] [Vue warn]: Invalid prop: type check failed for prop "onKeydown". Expected Function, got Array  
  at <ATextarea value="" onUpdate:value=fn rows=4  ... > 
  at <Anonymous value= {hashed: true, components: Object, theme: undefined, token: Object} > 
  at <ALocaleProvider locale=undefined ANT_MARK__="internalMark" > 
  at <LocaleReceiver children=fn<children> > 
  at <AConfigProvider theme= {token: Object} > 
  at <App> @ http://127.0.0.1:5173/@vite/client:528
[ 1809820ms] [WARNING] [Vue warn]: Invalid prop: type check failed for prop "onKeydown". Expected Function, got Array  
  at <ATextarea value="" onUpdate:value=fn rows=4  ... > 
  at <Anonymous value= {hashed: true, components: Object, theme: undefined, token: Object} > 
  at <ALocaleProvider locale=undefined ANT_MARK__="internalMark" > 
  at <LocaleReceiver children=fn<children> > 
  at <AConfigProvider theme= {token: Object} > 
  at <App> @ http://127.0.0.1:5173/@vite/client:528
[ 1809822ms] [WARNING] [Vue warn]: Invalid prop: type check failed for prop "onKeydown". Expected Function, got Array  
  at <ATextarea value="" onUpdate:value=fn rows=4  ... > 
  at <Anonymous value= {hashed: true, components: Object, theme: undefined, token: Object} > 
  at <ALocaleProvider locale=undefined ANT_MARK__="internalMark" > 
  at <LocaleReceiver children=fn<children> > 
  at <AConfigProvider theme= {token: Object} > 
  at <App> @ http://127.0.0.1:5173/@vite/client:528
[ 1809823ms] [WARNING] [Vue warn]: Invalid prop: type check failed for prop "onKeydown". Expected Function, got Array  
  at <ATextarea value="" onUpdate:value=fn rows=4  ... > 
  at <Anonymous value= {hashed: true, components: Object, theme: undefined, token: Object} > 
  at <ALocaleProvider locale=undefined ANT_MARK__="internalMark" > 
  at <LocaleReceiver children=fn<children> > 
  at <AConfigProvider theme= {token: Object} > 
  at <App> @ http://127.0.0.1:5173/@vite/client:528
[ 1809825ms] [WARNING] [Vue warn]: Invalid prop: type check failed for prop "onKeydown". Expected Function, got Array  
  at <ATextarea value="" onUpdate:value=fn rows=4  ... > 
  at <Anonymous value= {hashed: true, components: Object, theme: undefined, token: Object} > 
  at <ALocaleProvider locale=undefined ANT_MARK__="internalMark" > 
  at <LocaleReceiver children=fn<children> > 
  at <AConfigProvider theme= {token: Object} > 
  at <App> @ http://127.0.0.1:5173/@vite/client:528
[ 1809826ms] [WARNING] [Vue warn]: Invalid prop: type check failed for prop "onKeydown". Expected Function, got Array  
  at <ATextarea value="" onUpdate:value=fn rows=4  ... > 
  at <Anonymous value= {hashed: true, components: Object, theme: undefined, token: Object} > 
  at <ALocaleProvider locale=undefined ANT_MARK__="internalMark" > 
  at <LocaleReceiver children=fn<children> > 
  at <AConfigProvider theme= {token: Object} > 
  at <App> @ http://127.0.0.1:5173/@vite/client:528
[ 1809827ms] [WARNING] [Vue warn]: Invalid prop: type check failed for prop "onKeydown". Expected Function, got Array  
  at <ATextarea value="" onUpdate:value=fn rows=4  ... > 
  at <Anonymous value= {hashed: true, components: Object, theme: undefined, token: Object} > 
  at <ALocaleProvider locale=undefined ANT_MARK__="internalMark" > 
  at <LocaleReceiver children=fn<children> > 
  at <AConfigProvider theme= {token: Object} > 
  at <App> @ http://127.0.0.1:5173/@vite/client:528
[ 1809829ms] [WARNING] [Vue warn]: Invalid prop: type check failed for prop "onKeydown". Expected Function, got Array  
  at <ATextarea value="" onUpdate:value=fn rows=4  ... > 
  at <Anonymous value= {hashed: true, components: Object, theme: undefined, token: Object} > 
  at <ALocaleProvider locale=undefined ANT_MARK__="internalMark" > 
  at <LocaleReceiver children=fn<children> > 
  at <AConfigProvider theme= {token: Object} > 
  at <App> @ http://127.0.0.1:5173/@vite/client:528
[ 1809830ms] [WARNING] [Vue warn]: Invalid prop: type check failed for prop "onKeydown". Expected Function, got Array  
  at <ATextarea value="" onUpdate:value=fn rows=4  ... > 
  at <Anonymous value= {hashed: true, components: Object, theme: undefined, token: Object} > 
  at <ALocaleProvider locale=undefined ANT_MARK__="internalMark" > 
  at <LocaleReceiver children=fn<children> > 
  at <AConfigProvider theme= {token: Object} > 
  at <App> @ http://127.0.0.1:5173/@vite/client:528
[ 1809832ms] [WARNING] [Vue warn]: Invalid prop: type check failed for prop "onKeydown". Expected Function, got Array  
  at <ATextarea value="" onUpdate:value=fn rows=4  ... > 
  at <Anonymous value= {hashed: true, components: Object, theme: undefined, token: Object} > 
  at <ALocaleProvider locale=undefined ANT_MARK__="internalMark" > 
  at <LocaleReceiver children=fn<children> > 
  at <AConfigProvider theme= {token: Object} > 
  at <App> @ http://127.0.0.1:5173/@vite/client:528
[ 1809833ms] [WARNING] [Vue warn]: Invalid prop: type check failed for prop "onKeydown". Expected Function, got Array  
  at <ATextarea value="" onUpdate:value=fn rows=4  ... > 
  at <Anonymous value= {hashed: true, components: Object, theme: undefined, token: Object} > 
  at <ALocaleProvider locale=undefined ANT_MARK__="internalMark" > 
  at <LocaleReceiver children=fn<children> > 
  at <AConfigProvider theme= {token: Object} > 
  at <App> @ http://127.0.0.1:5173/@vite/client:528
[ 1809835ms] [WARNING] [Vue warn]: Invalid prop: type check failed for prop "onKeydown". Expected Function, got Array  
  at <ATextarea value="" onUpdate:value=fn rows=4  ... > 
  at <Anonymous value= {hashed: true, components: Object, theme: undefined, token: Object} > 
  at <ALocaleProvider locale=undefined ANT_MARK__="internalMark" > 
  at <LocaleReceiver children=fn<children> > 
  at <AConfigProvider theme= {token: Object} > 
  at <App> @ http://127.0.0.1:5173/@vite/client:528
[ 1809837ms] [WARNING] [Vue warn]: Invalid prop: type check failed for prop "onKeydown". Expected Function, got Array  
  at <ATextarea value="" onUpdate:value=fn rows=4  ... > 
  at <Anonymous value= {hashed: true, components: Object, theme: undefined, token: Object} > 
  at <ALocaleProvider locale=undefined ANT_MARK__="internalMark" > 
  at <LocaleReceiver children=fn<children> > 
  at <AConfigProvider theme= {token: Object} > 
  at <App> @ http://127.0.0.1:5173/@vite/client:528
[ 1809838ms] [WARNING] [Vue warn]: Invalid prop: type check failed for prop "onKeydown". Expected Function, got Array  
  at <ATextarea value="" onUpdate:value=fn rows=4  ... > 
  at <Anonymous value= {hashed: true, components: Object, theme: undefined, token: Object} > 
  at <ALocaleProvider locale=undefined ANT_MARK__="internalMark" > 
  at <LocaleReceiver children=fn<children> > 
  at <AConfigProvider theme= {token: Object} > 
  at <App> @ http://127.0.0.1:5173/@vite/client:528
[ 1809840ms] [WARNING] [Vue warn]: Invalid prop: type check failed for prop "onKeydown". Expected Function, got Array  
  at <ATextarea value="" onUpdate:value=fn rows=4  ... > 
  at <Anonymous value= {hashed: true, components: Object, theme: undefined, token: Object} > 
  at <ALocaleProvider locale=undefined ANT_MARK__="internalMark" > 
  at <LocaleReceiver children=fn<children> > 
  at <AConfigProvider theme= {token: Object} > 
  at <App> @ http://127.0.0.1:5173/@vite/client:528
[ 1809841ms] [WARNING] [Vue warn]: Invalid prop: type check failed for prop "onKeydown". Expected Function, got Array  
  at <ATextarea value="" onUpdate:value=fn rows=4  ... > 
  at <Anonymous value= {hashed: true, components: Object, theme: undefined, token: Object} > 
  at <ALocaleProvider locale=undefined ANT_MARK__="internalMark" > 
  at <LocaleReceiver children=fn<children> > 
  at <AConfigProvider theme= {token: Object} > 
  at <App> @ http://127.0.0.1:5173/@vite/client:528
[ 1809842ms] [WARNING] [Vue warn]: Invalid prop: type check failed for prop "onKeydown". Expected Function, got Array  
  at <ATextarea value="" onUpdate:value=fn rows=4  ... > 
  at <Anonymous value= {hashed: true, components: Object, theme: undefined, token: Object} > 
  at <ALocaleProvider locale=undefined ANT_MARK__="internalMark" > 
  at <LocaleReceiver children=fn<children> > 
  at <AConfigProvider theme= {token: Object} > 
  at <App> @ http://127.0.0.1:5173/@vite/client:528
[ 1809844ms] [WARNING] [Vue warn]: Invalid prop: type check failed for prop "onKeydown". Expected Function, got Array  
  at <ATextarea value="" onUpdate:value=fn rows=4  ... > 
  at <Anonymous value= {hashed: true, components: Object, theme: undefined, token: Object} > 
  at <ALocaleProvider locale=undefined ANT_MARK__="internalMark" > 
  at <LocaleReceiver children=fn<children> > 
  at <AConfigProvider theme= {token: Object} > 
  at <App> @ http://127.0.0.1:5173/@vite/client:528
[ 1809845ms] [WARNING] [Vue warn]: Invalid prop: type check failed for prop "onKeydown". Expected Function, got Array  
  at <ATextarea value="" onUpdate:value=fn rows=4  ... > 
  at <Anonymous value= {hashed: true, components: Object, theme: undefined, token: Object} > 
  at <ALocaleProvider locale=undefined ANT_MARK__="internalMark" > 
  at <LocaleReceiver children=fn<children> > 
  at <AConfigProvider theme= {token: Object} > 
  at <App> @ http://127.0.0.1:5173/@vite/client:528
[ 1809848ms] [WARNING] [Vue warn]: Invalid prop: type check failed for prop "onKeydown". Expected Function, got Array  
  at <ATextarea value="" onUpdate:value=fn rows=4  ... > 
  at <Anonymous value= {hashed: true, components: Object, theme: undefined, token: Object} > 
  at <ALocaleProvider locale=undefined ANT_MARK__="internalMark" > 
  at <LocaleReceiver children=fn<children> > 
  at <AConfigProvider theme= {token: Object} > 
  at <App> @ http://127.0.0.1:5173/@vite/client:528
[ 1809850ms] [WARNING] [Vue warn]: Invalid prop: type check failed for prop "onKeydown". Expected Function, got Array  
  at <ATextarea value="" onUpdate:value=fn rows=4  ... > 
  at <Anonymous value= {hashed: true, components: Object, theme: undefined, token: Object} > 
  at <ALocaleProvider locale=undefined ANT_MARK__="internalMark" > 
  at <LocaleReceiver children=fn<children> > 
  at <AConfigProvider theme= {token: Object} > 
  at <App> @ http://127.0.0.1:5173/@vite/client:528
[ 1809851ms] [WARNING] [Vue warn]: Invalid prop: type check failed for prop "onKeydown". Expected Function, got Array  
  at <ATextarea value="" onUpdate:value=fn rows=4  ... > 
  at <Anonymous value= {hashed: true, components: Object, theme: undefined, token: Object} > 
  at <ALocaleProvider locale=undefined ANT_MARK__="internalMark" > 
  at <LocaleReceiver children=fn<children> > 
  at <AConfigProvider theme= {token: Object} > 
  at <App> @ http://127.0.0.1:5173/@vite/client:528
[ 1809853ms] [WARNING] [Vue warn]: Invalid prop: type check failed for prop "onKeydown". Expected Function, got Array  
  at <ATextarea value="" onUpdate:value=fn rows=4  ... > 
  at <Anonymous value= {hashed: true, components: Object, theme: undefined, token: Object} > 
  at <ALocaleProvider locale=undefined ANT_MARK__="internalMark" > 
  at <LocaleReceiver children=fn<children> > 
  at <AConfigProvider theme= {token: Object} > 
  at <App> @ http://127.0.0.1:5173/@vite/client:528
[ 1809854ms] [WARNING] [Vue warn]: Invalid prop: type check failed for prop "onKeydown". Expected Function, got Array  
  at <ATextarea value="" onUpdate:value=fn rows=4  ... > 
  at <Anonymous value= {hashed: true, components: Object, theme: undefined, token: Object} > 
  at <ALocaleProvider locale=undefined ANT_MARK__="internalMark" > 
  at <LocaleReceiver children=fn<children> > 
  at <AConfigProvider theme= {token: Object} > 
  at <App> @ http://127.0.0.1:5173/@vite/client:528
[ 1809856ms] [WARNING] [Vue warn]: Invalid prop: type check failed for prop "onKeydown". Expected Function, got Array  
  at <ATextarea value="" onUpdate:value=fn rows=4  ... > 
  at <Anonymous value= {hashed: true, components: Object, theme: undefined, token: Object} > 
  at <ALocaleProvider locale=undefined ANT_MARK__="internalMark" > 
  at <LocaleReceiver children=fn<children> > 
  at <AConfigProvider theme= {token: Object} > 
  at <App> @ http://127.0.0.1:5173/@vite/client:528
[ 1809858ms] [WARNING] [Vue warn]: Invalid prop: type check failed for prop "onKeydown". Expected Function, got Array  
  at <ATextarea value="" onUpdate:value=fn rows=4  ... > 
  at <Anonymous value= {hashed: true, components: Object, theme: undefined, token: Object} > 
  at <ALocaleProvider locale=undefined ANT_MARK__="internalMark" > 
  at <LocaleReceiver children=fn<children> > 
  at <AConfigProvider theme= {token: Object} > 
  at <App> @ http://127.0.0.1:5173/@vite/client:528
[ 1809859ms] [WARNING] [Vue warn]: Invalid prop: type check failed for prop "onKeydown". Expected Function, got Array  
  at <ATextarea value="" onUpdate:value=fn rows=4  ... > 
  at <Anonymous value= {hashed: true, components: Object, theme: undefined, token: Object} > 
  at <ALocaleProvider locale=undefined ANT_MARK__="internalMark" > 
  at <LocaleReceiver children=fn<children> > 
  at <AConfigProvider theme= {token: Object} > 
  at <App> @ http://127.0.0.1:5173/@vite/client:528
[ 1809861ms] [WARNING] [Vue warn]: Invalid prop: type check failed for prop "onKeydown". Expected Function, got Array  
  at <ATextarea value="" onUpdate:value=fn rows=4  ... > 
  at <Anonymous value= {hashed: true, components: Object, theme: undefined, token: Object} > 
  at <ALocaleProvider locale=undefined ANT_MARK__="internalMark" > 
  at <LocaleReceiver children=fn<children> > 
  at <AConfigProvider theme= {token: Object} > 
  at <App> @ http://127.0.0.1:5173/@vite/client:528
[ 1809862ms] [WARNING] [Vue warn]: Invalid prop: type check failed for prop "onKeydown". Expected Function, got Array  
  at <ATextarea value="" onUpdate:value=fn rows=4  ... > 
  at <Anonymous value= {hashed: true, components: Object, theme: undefined, token: Object} > 
  at <ALocaleProvider locale=undefined ANT_MARK__="internalMark" > 
  at <LocaleReceiver children=fn<children> > 
  at <AConfigProvider theme= {token: Object} > 
  at <App> @ http://127.0.0.1:5173/@vite/client:528
[ 1809864ms] [WARNING] [Vue warn]: Invalid prop: type check failed for prop "onKeydown". Expected Function, got Array  
  at <ATextarea value="" onUpdate:value=fn rows=4  ... > 
  at <Anonymous value= {hashed: true, components: Object, theme: undefined, token: Object} > 
  at <ALocaleProvider locale=undefined ANT_MARK__="internalMark" > 
  at <LocaleReceiver children=fn<children> > 
  at <AConfigProvider theme= {token: Object} > 
  at <App> @ http://127.0.0.1:5173/@vite/client:528
[ 1809865ms] [WARNING] [Vue warn]: Invalid prop: type check failed for prop "onKeydown". Expected Function, got Array  
  at <ATextarea value="" onUpdate:value=fn rows=4  ... > 
  at <Anonymous value= {hashed: true, components: Object, theme: undefined, token: Object} > 
  at <ALocaleProvider locale=undefined ANT_MARK__="internalMark" > 
  at <LocaleReceiver children=fn<children> > 
  at <AConfigProvider theme= {token: Object} > 
  at <App> @ http://127.0.0.1:5173/@vite/client:528
[ 1809867ms] [WARNING] [Vue warn]: Invalid prop: type check failed for prop "onKeydown". Expected Function, got Array  
  at <ATextarea value="" onUpdate:value=fn rows=4  ... > 
  at <Anonymous value= {hashed: true, components: Object, theme: undefined, token: Object} > 
  at <ALocaleProvider locale=undefined ANT_MARK__="internalMark" > 
  at <LocaleReceiver children=fn<children> > 
  at <AConfigProvider theme= {token: Object} > 
  at <App> @ http://127.0.0.1:5173/@vite/client:528
[ 1809868ms] [WARNING] [Vue warn]: Invalid prop: type check failed for prop "onKeydown". Expected Function, got Array  
  at <ATextarea value="" onUpdate:value=fn rows=4  ... > 
  at <Anonymous value= {hashed: true, components: Object, theme: undefined, token: Object} > 
  at <ALocaleProvider locale=undefined ANT_MARK__="internalMark" > 
  at <LocaleReceiver children=fn<children> > 
  at <AConfigProvider theme= {token: Object} > 
  at <App> @ http://127.0.0.1:5173/@vite/client:528
[ 1809870ms] [WARNING] [Vue warn]: Invalid prop: type check failed for prop "onKeydown". Expected Function, got Array  
  at <ATextarea value="" onUpdate:value=fn rows=4  ... > 
  at <Anonymous value= {hashed: true, components: Object, theme: undefined, token: Object} > 
  at <ALocaleProvider locale=undefined ANT_MARK__="internalMark" > 
  at <LocaleReceiver children=fn<children> > 
  at <AConfigProvider theme= {token: Object} > 
  at <App> @ http://127.0.0.1:5173/@vite/client:528
[ 1809871ms] [WARNING] [Vue warn]: Invalid prop: type check failed for prop "onKeydown". Expected Function, got Array  
  at <ATextarea value="" onUpdate:value=fn rows=4  ... > 
  at <Anonymous value= {hashed: true, components: Object, theme: undefined, token: Object} > 
  at <ALocaleProvider locale=undefined ANT_MARK__="internalMark" > 
  at <LocaleReceiver children=fn<children> > 
  at <AConfigProvider theme= {token: Object} > 
  at <App> @ http://127.0.0.1:5173/@vite/client:528
[ 1809873ms] [WARNING] [Vue warn]: Invalid prop: type check failed for prop "onKeydown". Expected Function, got Array  
  at <ATextarea value="" onUpdate:value=fn rows=4  ... > 
  at <Anonymous value= {hashed: true, components: Object, theme: undefined, token: Object} > 
  at <ALocaleProvider locale=undefined ANT_MARK__="internalMark" > 
  at <LocaleReceiver children=fn<children> > 
  at <AConfigProvider theme= {token: Object} > 
  at <App> @ http://127.0.0.1:5173/@vite/client:528
[ 1809874ms] [WARNING] [Vue warn]: Invalid prop: type check failed for prop "onKeydown". Expected Function, got Array  
  at <ATextarea value="" onUpdate:value=fn rows=4  ... > 
  at <Anonymous value= {hashed: true, components: Object, theme: undefined, token: Object} > 
  at <ALocaleProvider locale=undefined ANT_MARK__="internalMark" > 
  at <LocaleReceiver children=fn<children> > 
  at <AConfigProvider theme= {token: Object} > 
  at <App> @ http://127.0.0.1:5173/@vite/client:528
[ 1809875ms] [WARNING] [Vue warn]: Invalid prop: type check failed for prop "onKeydown". Expected Function, got Array  
  at <ATextarea value="" onUpdate:value=fn rows=4  ... > 
  at <Anonymous value= {hashed: true, components: Object, theme: undefined, token: Object} > 
  at <ALocaleProvider locale=undefined ANT_MARK__="internalMark" > 
  at <LocaleReceiver children=fn<children> > 
  at <AConfigProvider theme= {token: Object} > 
  at <App> @ http://127.0.0.1:5173/@vite/client:528
[ 1809877ms] [WARNING] [Vue warn]: Invalid prop: type check failed for prop "onKeydown". Expected Function, got Array  
  at <ATextarea value="" onUpdate:value=fn rows=4  ... > 
  at <Anonymous value= {hashed: true, components: Object, theme: undefined, token: Object} > 
  at <ALocaleProvider locale=undefined ANT_MARK__="internalMark" > 
  at <LocaleReceiver children=fn<children> > 
  at <AConfigProvider theme= {token: Object} > 
  at <App> @ http://127.0.0.1:5173/@vite/client:528
[ 1809878ms] [WARNING] [Vue warn]: Invalid prop: type check failed for prop "onKeydown". Expected Function, got Array  
  at <ATextarea value="" onUpdate:value=fn rows=4  ... > 
  at <Anonymous value= {hashed: true, components: Object, theme: undefined, token: Object} > 
  at <ALocaleProvider locale=undefined ANT_MARK__="internalMark" > 
  at <LocaleReceiver children=fn<children> > 
  at <AConfigProvider theme= {token: Object} > 
  at <App> @ http://127.0.0.1:5173/@vite/client:528
[ 1809880ms] [WARNING] [Vue warn]: Invalid prop: type check failed for prop "onKeydown". Expected Function, got Array  
  at <ATextarea value="" onUpdate:value=fn rows=4  ... > 
  at <Anonymous value= {hashed: true, components: Object, theme: undefined, token: Object} > 
  at <ALocaleProvider locale=undefined ANT_MARK__="internalMark" > 
  at <LocaleReceiver children=fn<children> > 
  at <AConfigProvider theme= {token: Object} > 
  at <App> @ http://127.0.0.1:5173/@vite/client:528
[ 1809881ms] [WARNING] [Vue warn]: Invalid prop: type check failed for prop "onKeydown". Expected Function, got Array  
  at <ATextarea value="" onUpdate:value=fn rows=4  ... > 
  at <Anonymous value= {hashed: true, components: Object, theme: undefined, token: Object} > 
  at <ALocaleProvider locale=undefined ANT_MARK__="internalMark" > 
  at <LocaleReceiver children=fn<children> > 
  at <AConfigProvider theme= {token: Object} > 
  at <App> @ http://127.0.0.1:5173/@vite/client:528
[ 1809882ms] [WARNING] [Vue warn]: Invalid prop: type check failed for prop "onKeydown". Expected Function, got Array  
  at <ATextarea value="" onUpdate:value=fn rows=4  ... > 
  at <Anonymous value= {hashed: true, components: Object, theme: undefined, token: Object} > 
  at <ALocaleProvider locale=undefined ANT_MARK__="internalMark" > 
  at <LocaleReceiver children=fn<children> > 
  at <AConfigProvider theme= {token: Object} > 
  at <App> @ http://127.0.0.1:5173/@vite/client:528
[ 1809884ms] [WARNING] [Vue warn]: Invalid prop: type check failed for prop "onKeydown". Expected Function, got Array  
  at <ATextarea value="" onUpdate:value=fn rows=4  ... > 
  at <Anonymous value= {hashed: true, components: Object, theme: undefined, token: Object} > 
  at <ALocaleProvider locale=undefined ANT_MARK__="internalMark" > 
  at <LocaleReceiver children=fn<children> > 
  at <AConfigProvider theme= {token: Object} > 
  at <App> @ http://127.0.0.1:5173/@vite/client:528
[ 1809885ms] [WARNING] [Vue warn]: Invalid prop: type check failed for prop "onKeydown". Expected Function, got Array  
  at <ATextarea value="" onUpdate:value=fn rows=4  ... > 
  at <Anonymous value= {hashed: true, components: Object, theme: undefined, token: Object} > 
  at <ALocaleProvider locale=undefined ANT_MARK__="internalMark" > 
  at <LocaleReceiver children=fn<children> > 
  at <AConfigProvider theme= {token: Object} > 
  at <App> @ http://127.0.0.1:5173/@vite/client:528
[ 1809887ms] [WARNING] [Vue warn]: Invalid prop: type check failed for prop "onKeydown". Expected Function, got Array  
  at <ATextarea value="" onUpdate:value=fn rows=4  ... > 
  at <Anonymous value= {hashed: true, components: Object, theme: undefined, token: Object} > 
  at <ALocaleProvider locale=undefined ANT_MARK__="internalMark" > 
  at <LocaleReceiver children=fn<children> > 
  at <AConfigProvider theme= {token: Object} > 
  at <App> @ http://127.0.0.1:5173/@vite/client:528
[ 1809888ms] [WARNING] [Vue warn]: Invalid prop: type check failed for prop "onKeydown". Expected Function, got Array  
  at <ATextarea value="" onUpdate:value=fn rows=4  ... > 
  at <Anonymous value= {hashed: true, components: Object, theme: undefined, token: Object} > 
  at <ALocaleProvider locale=undefined ANT_MARK__="internalMark" > 
  at <LocaleReceiver children=fn<children> > 
  at <AConfigProvider theme= {token: Object} > 
  at <App> @ http://127.0.0.1:5173/@vite/client:528
[ 1809890ms] [WARNING] [Vue warn]: Invalid prop: type check failed for prop "onKeydown". Expected Function, got Array  
  at <ATextarea value="" onUpdate:value=fn rows=4  ... > 
  at <Anonymous value= {hashed: true, components: Object, theme: undefined, token: Object} > 
  at <ALocaleProvider locale=undefined ANT_MARK__="internalMark" > 
  at <LocaleReceiver children=fn<children> > 
  at <AConfigProvider theme= {token: Object} > 
  at <App> @ http://127.0.0.1:5173/@vite/client:528
[ 1809891ms] [WARNING] [Vue warn]: Invalid prop: type check failed for prop "onKeydown". Expected Function, got Array  
  at <ATextarea value="" onUpdate:value=fn rows=4  ... > 
  at <Anonymous value= {hashed: true, components: Object, theme: undefined, token: Object} > 
  at <ALocaleProvider locale=undefined ANT_MARK__="internalMark" > 
  at <LocaleReceiver children=fn<children> > 
  at <AConfigProvider theme= {token: Object} > 
  at <App> @ http://127.0.0.1:5173/@vite/client:528
[ 1809893ms] [WARNING] [Vue warn]: Invalid prop: type check failed for prop "onKeydown". Expected Function, got Array  
  at <ATextarea value="" onUpdate:value=fn rows=4  ... > 
  at <Anonymous value= {hashed: true, components: Object, theme: undefined, token: Object} > 
  at <ALocaleProvider locale=undefined ANT_MARK__="internalMark" > 
  at <LocaleReceiver children=fn<children> > 
  at <AConfigProvider theme= {token: Object} > 
  at <App> @ http://127.0.0.1:5173/@vite/client:528
[ 1809894ms] [WARNING] [Vue warn]: Invalid prop: type check failed for prop "onKeydown". Expected Function, got Array  
  at <ATextarea value="" onUpdate:value=fn rows=4  ... > 
  at <Anonymous value= {hashed: true, components: Object, theme: undefined, token: Object} > 
  at <ALocaleProvider locale=undefined ANT_MARK__="internalMark" > 
  at <LocaleReceiver children=fn<children> > 
  at <AConfigProvider theme= {token: Object} > 
  at <App> @ http://127.0.0.1:5173/@vite/client:528
[ 1809895ms] [WARNING] [Vue warn]: Invalid prop: type check failed for prop "onKeydown". Expected Function, got Array  
  at <ATextarea value="" onUpdate:value=fn rows=4  ... > 
  at <Anonymous value= {hashed: true, components: Object, theme: undefined, token: Object} > 
  at <ALocaleProvider locale=undefined ANT_MARK__="internalMark" > 
  at <LocaleReceiver children=fn<children> > 
  at <AConfigProvider theme= {token: Object} > 
  at <App> @ http://127.0.0.1:5173/@vite/client:528
[ 1809897ms] [WARNING] [Vue warn]: Invalid prop: type check failed for prop "onKeydown". Expected Function, got Array  
  at <ATextarea value="" onUpdate:value=fn rows=4  ... > 
  at <Anonymous value= {hashed: true, components: Object, theme: undefined, token: Object} > 
  at <ALocaleProvider locale=undefined ANT_MARK__="internalMark" > 
  at <LocaleReceiver children=fn<children> > 
  at <AConfigProvider theme= {token: Object} > 
  at <App> @ http://127.0.0.1:5173/@vite/client:528
[ 1809899ms] [WARNING] [Vue warn]: Invalid prop: type check failed for prop "onKeydown". Expected Function, got Array  
  at <ATextarea value="" onUpdate:value=fn rows=4  ... > 
  at <Anonymous value= {hashed: true, components: Object, theme: undefined, token: Object} > 
  at <ALocaleProvider locale=undefined ANT_MARK__="internalMark" > 
  at <LocaleReceiver children=fn<children> > 
  at <AConfigProvider theme= {token: Object} > 
  at <App> @ http://127.0.0.1:5173/@vite/client:528
[ 1809901ms] [WARNING] [Vue warn]: Invalid prop: type check failed for prop "onKeydown". Expected Function, got Array  
  at <ATextarea value="" onUpdate:value=fn rows=4  ... > 
  at <Anonymous value= {hashed: true, components: Object, theme: undefined, token: Object} > 
  at <ALocaleProvider locale=undefined ANT_MARK__="internalMark" > 
  at <LocaleReceiver children=fn<children> > 
  at <AConfigProvider theme= {token: Object} > 
  at <App> @ http://127.0.0.1:5173/@vite/client:528
[ 1809902ms] [WARNING] [Vue warn]: Invalid prop: type check failed for prop "onKeydown". Expected Function, got Array  
  at <ATextarea value="" onUpdate:value=fn rows=4  ... > 
  at <Anonymous value= {hashed: true, components: Object, theme: undefined, token: Object} > 
  at <ALocaleProvider locale=undefined ANT_MARK__="internalMark" > 
  at <LocaleReceiver children=fn<children> > 
  at <AConfigProvider theme= {token: Object} > 
  at <App> @ http://127.0.0.1:5173/@vite/client:528
[ 1809904ms] [WARNING] [Vue warn]: Invalid prop: type check failed for prop "onKeydown". Expected Function, got Array  
  at <ATextarea value="" onUpdate:value=fn rows=4  ... > 
  at <Anonymous value= {hashed: true, components: Object, theme: undefined, token: Object} > 
  at <ALocaleProvider locale=undefined ANT_MARK__="internalMark" > 
  at <LocaleReceiver children=fn<children> > 
  at <AConfigProvider theme= {token: Object} > 
  at <App> @ http://127.0.0.1:5173/@vite/client:528
[ 1809905ms] [WARNING] [Vue warn]: Invalid prop: type check failed for prop "onKeydown". Expected Function, got Array  
  at <ATextarea value="" onUpdate:value=fn rows=4  ... > 
  at <Anonymous value= {hashed: true, components: Object, theme: undefined, token: Object} > 
  at <ALocaleProvider locale=undefined ANT_MARK__="internalMark" > 
  at <LocaleReceiver children=fn<children> > 
  at <AConfigProvider theme= {token: Object} > 
  at <App> @ http://127.0.0.1:5173/@vite/client:528
[ 1809907ms] [WARNING] [Vue warn]: Invalid prop: type check failed for prop "onKeydown". Expected Function, got Array  
  at <ATextarea value="" onUpdate:value=fn rows=4  ... > 
  at <Anonymous value= {hashed: true, components: Object, theme: undefined, token: Object} > 
  at <ALocaleProvider locale=undefined ANT_MARK__="internalMark" > 
  at <LocaleReceiver children=fn<children> > 
  at <AConfigProvider theme= {token: Object} > 
  at <App> @ http://127.0.0.1:5173/@vite/client:528
[ 1809908ms] [WARNING] [Vue warn]: Invalid prop: type check failed for prop "onKeydown". Expected Function, got Array  
  at <ATextarea value="" onUpdate:value=fn rows=4  ... > 
  at <Anonymous value= {hashed: true, components: Object, theme: undefined, token: Object} > 
  at <ALocaleProvider locale=undefined ANT_MARK__="internalMark" > 
  at <LocaleReceiver children=fn<children> > 
  at <AConfigProvider theme= {token: Object} > 
  at <App> @ http://127.0.0.1:5173/@vite/client:528
[ 1809910ms] [WARNING] [Vue warn]: Invalid prop: type check failed for prop "onKeydown". Expected Function, got Array  
  at <ATextarea value="" onUpdate:value=fn rows=4  ... > 
  at <Anonymous value= {hashed: true, components: Object, theme: undefined, token: Object} > 
  at <ALocaleProvider locale=undefined ANT_MARK__="internalMark" > 
  at <LocaleReceiver children=fn<children> > 
  at <AConfigProvider theme= {token: Object} > 
  at <App> @ http://127.0.0.1:5173/@vite/client:528
[ 1809911ms] [WARNING] [Vue warn]: Invalid prop: type check failed for prop "onKeydown". Expected Function, got Array  
  at <ATextarea value="" onUpdate:value=fn rows=4  ... > 
  at <Anonymous value= {hashed: true, components: Object, theme: undefined, token: Object} > 
  at <ALocaleProvider locale=undefined ANT_MARK__="internalMark" > 
  at <LocaleReceiver children=fn<children> > 
  at <AConfigProvider theme= {token: Object} > 
  at <App> @ http://127.0.0.1:5173/@vite/client:528
[ 1809913ms] [WARNING] [Vue warn]: Invalid prop: type check failed for prop "onKeydown". Expected Function, got Array  
  at <ATextarea value="" onUpdate:value=fn rows=4  ... > 
  at <Anonymous value= {hashed: true, components: Object, theme: undefined, token: Object} > 
  at <ALocaleProvider locale=undefined ANT_MARK__="internalMark" > 
  at <LocaleReceiver children=fn<children> > 
  at <AConfigProvider theme= {token: Object} > 
  at <App> @ http://127.0.0.1:5173/@vite/client:528
[ 1809914ms] [WARNING] [Vue warn]: Invalid prop: type check failed for prop "onKeydown". Expected Function, got Array  
  at <ATextarea value="" onUpdate:value=fn rows=4  ... > 
  at <Anonymous value= {hashed: true, components: Object, theme: undefined, token: Object} > 
  at <ALocaleProvider locale=undefined ANT_MARK__="internalMark" > 
  at <LocaleReceiver children=fn<children> > 
  at <AConfigProvider theme= {token: Object} > 
  at <App> @ http://127.0.0.1:5173/@vite/client:528
[ 1809916ms] [WARNING] [Vue warn]: Invalid prop: type check failed for prop "onKeydown". Expected Function, got Array  
  at <ATextarea value="" onUpdate:value=fn rows=4  ... > 
  at <Anonymous value= {hashed: true, components: Object, theme: undefined, token: Object} > 
  at <ALocaleProvider locale=undefined ANT_MARK__="internalMark" > 
  at <LocaleReceiver children=fn<children> > 
  at <AConfigProvider theme= {token: Object} > 
  at <App> @ http://127.0.0.1:5173/@vite/client:528
[ 1809917ms] [WARNING] [Vue warn]: Invalid prop: type check failed for prop "onKeydown". Expected Function, got Array  
  at <ATextarea value="" onUpdate:value=fn rows=4  ... > 
  at <Anonymous value= {hashed: true, components: Object, theme: undefined, token: Object} > 
  at <ALocaleProvider locale=undefined ANT_MARK__="internalMark" > 
  at <LocaleReceiver children=fn<children> > 
  at <AConfigProvider theme= {token: Object} > 
  at <App> @ http://127.0.0.1:5173/@vite/client:528
[ 1809919ms] [WARNING] [Vue warn]: Invalid prop: type check failed for prop "onKeydown". Expected Function, got Array  
  at <ATextarea value="" onUpdate:value=fn rows=4  ... > 
  at <Anonymous value= {hashed: true, components: Object, theme: undefined, token: Object} > 
  at <ALocaleProvider locale=undefined ANT_MARK__="internalMark" > 
  at <LocaleReceiver children=fn<children> > 
  at <AConfigProvider theme= {token: Object} > 
  at <App> @ http://127.0.0.1:5173/@vite/client:528
[ 1809920ms] [WARNING] [Vue warn]: Invalid prop: type check failed for prop "onKeydown". Expected Function, got Array  
  at <ATextarea value="" onUpdate:value=fn rows=4  ... > 
  at <Anonymous value= {hashed: true, components: Object, theme: undefined, token: Object} > 
  at <ALocaleProvider locale=undefined ANT_MARK__="internalMark" > 
  at <LocaleReceiver children=fn<children> > 
  at <AConfigProvider theme= {token: Object} > 
  at <App> @ http://127.0.0.1:5173/@vite/client:528
[ 1809922ms] [WARNING] [Vue warn]: Invalid prop: type check failed for prop "onKeydown". Expected Function, got Array  
  at <ATextarea value="" onUpdate:value=fn rows=4  ... > 
  at <Anonymous value= {hashed: true, components: Object, theme: undefined, token: Object} > 
  at <ALocaleProvider locale=undefined ANT_MARK__="internalMark" > 
  at <LocaleReceiver children=fn<children> > 
  at <AConfigProvider theme= {token: Object} > 
  at <App> @ http://127.0.0.1:5173/@vite/client:528
[ 1809923ms] [WARNING] [Vue warn]: Invalid prop: type check failed for prop "onKeydown". Expected Function, got Array  
  at <ATextarea value="" onUpdate:value=fn rows=4  ... > 
  at <Anonymous value= {hashed: true, components: Object, theme: undefined, token: Object} > 
  at <ALocaleProvider locale=undefined ANT_MARK__="internalMark" > 
  at <LocaleReceiver children=fn<children> > 
  at <AConfigProvider theme= {token: Object} > 
  at <App> @ http://127.0.0.1:5173/@vite/client:528
[ 1809925ms] [WARNING] [Vue warn]: Invalid prop: type check failed for prop "onKeydown". Expected Function, got Array  
  at <ATextarea value="" onUpdate:value=fn rows=4  ... > 
  at <Anonymous value= {hashed: true, components: Object, theme: undefined, token: Object} > 
  at <ALocaleProvider locale=undefined ANT_MARK__="internalMark" > 
  at <LocaleReceiver children=fn<children> > 
  at <AConfigProvider theme= {token: Object} > 
  at <App> @ http://127.0.0.1:5173/@vite/client:528
[ 1809926ms] [WARNING] [Vue warn]: Invalid prop: type check failed for prop "onKeydown". Expected Function, got Array  
  at <ATextarea value="" onUpdate:value=fn rows=4  ... > 
  at <Anonymous value= {hashed: true, components: Object, theme: undefined, token: Object} > 
  at <ALocaleProvider locale=undefined ANT_MARK__="internalMark" > 
  at <LocaleReceiver children=fn<children> > 
  at <AConfigProvider theme= {token: Object} > 
  at <App> @ http://127.0.0.1:5173/@vite/client:528
[ 1853755ms] [WARNING] [Vue warn]: Failed to resolve component: a-popconfirm
If this is a native custom element, make sure to exclude it from component resolution via compilerOptions.isCustomElement. 
  at <App> @ http://127.0.0.1:5173/@vite/client:528
[ 1853755ms] [WARNING] [Vue warn]: Failed to resolve component: a-modal
If this is a native custom element, make sure to exclude it from component resolution via compilerOptions.isCustomElement. 
  at <App> @ http://127.0.0.1:5173/@vite/client:528
[ 1853768ms] [WARNING] [Vue warn]: Invalid prop: type check failed for prop "onKeydown". Expected Function, got Array  
  at <ATextarea value="" onUpdate:value=fn rows=4  ... > 
  at <Anonymous value= {hashed: true, components: Object, theme: undefined, token: Object} > 
  at <ALocaleProvider locale=undefined ANT_MARK__="internalMark" > 
  at <LocaleReceiver children=fn<children> > 
  at <AConfigProvider theme= {token: Object} > 
  at <App> @ http://127.0.0.1:5173/@vite/client:528
[ 1853781ms] [WARNING] [Vue warn]: Invalid prop: type check failed for prop "onKeydown". Expected Function, got Array  
  at <ATextarea value="" onUpdate:value=fn rows=4  ... > 
  at <Anonymous value= {hashed: true, components: Object, theme: undefined, token: Object} > 
  at <ALocaleProvider locale=undefined ANT_MARK__="internalMark" > 
  at <LocaleReceiver children=fn<children> > 
  at <AConfigProvider theme= {token: Object} > 
  at <App> @ http://127.0.0.1:5173/@vite/client:528
[ 1853784ms] [WARNING] [Vue warn]: Invalid prop: type check failed for prop "onKeydown". Expected Function, got Array  
  at <ATextarea value="" onUpdate:value=fn rows=4  ... > 
  at <Anonymous value= {hashed: true, components: Object, theme: undefined, token: Object} > 
  at <ALocaleProvider locale=undefined ANT_MARK__="internalMark" > 
  at <LocaleReceiver children=fn<children> > 
  at <AConfigProvider theme= {token: Object} > 
  at <App> @ http://127.0.0.1:5173/@vite/client:528
[ 1853788ms] [WARNING] [Vue warn]: Invalid prop: type check failed for prop "onKeydown". Expected Function, got Array  
  at <ATextarea value="" onUpdate:value=fn rows=4  ... > 
  at <Anonymous value= {hashed: true, components: Object, theme: undefined, token: Object} > 
  at <ALocaleProvider locale=undefined ANT_MARK__="internalMark" > 
  at <LocaleReceiver children=fn<children> > 
  at <AConfigProvider theme= {token: Object} > 
  at <App> @ http://127.0.0.1:5173/@vite/client:528
[ 1853791ms] [WARNING] WebSocket connection to 'ws://localhost:8080/ws/tasks/task_6470fb22cc18ddd4e0140bcae6adc42b' failed: WebSocket is closed before the connection is established. @ http://127.0.0.1:5173/src/App.vue?t=1785921902936:285
[ 1853792ms] [WARNING] [Vue warn]: Invalid prop: type check failed for prop "onKeydown". Expected Function, got Array  
  at <ATextarea value="" onUpdate:value=fn rows=4  ... > 
  at <Anonymous value= {hashed: true, components: Object, theme: undefined, token: Object} > 
  at <ALocaleProvider locale=undefined ANT_MARK__="internalMark" > 
  at <LocaleReceiver children=fn<children> > 
  at <AConfigProvider theme= {token: Object} > 
  at <App> @ http://127.0.0.1:5173/@vite/client:528
[ 1853802ms] [WARNING] [Vue warn]: Invalid prop: type check failed for prop "onKeydown". Expected Function, got Array  
  at <ATextarea value="" onUpdate:value=fn rows=4  ... > 
  at <Anonymous value= {hashed: true, components: Object, theme: undefined, token: Object} > 
  at <ALocaleProvider locale=undefined ANT_MARK__="internalMark" > 
  at <LocaleReceiver children=fn<children> > 
  at <AConfigProvider theme= {token: Object} > 
  at <App> @ http://127.0.0.1:5173/@vite/client:528
[ 1853805ms] [WARNING] [Vue warn]: Invalid prop: type check failed for prop "onKeydown". Expected Function, got Array  
  at <ATextarea value="" onUpdate:value=fn rows=4  ... > 
  at <Anonymous value= {hashed: true, components: Object, theme: undefined, token: Object} > 
  at <ALocaleProvider locale=undefined ANT_MARK__="internalMark" > 
  at <LocaleReceiver children=fn<children> > 
  at <AConfigProvider theme= {token: Object} > 
  at <App> @ http://127.0.0.1:5173/@vite/client:528
[ 1853807ms] [WARNING] [Vue warn]: Invalid prop: type check failed for prop "onKeydown". Expected Function, got Array  
  at <ATextarea value="" onUpdate:value=fn rows=4  ... > 
  at <Anonymous value= {hashed: true, components: Object, theme: undefined, token: Object} > 
  at <ALocaleProvider locale=undefined ANT_MARK__="internalMark" > 
  at <LocaleReceiver children=fn<children> > 
  at <AConfigProvider theme= {token: Object} > 
  at <App> @ http://127.0.0.1:5173/@vite/client:528
[ 1853808ms] [WARNING] [Vue warn]: Invalid prop: type check failed for prop "onKeydown". Expected Function, got Array  
  at <ATextarea value="" onUpdate:value=fn rows=4  ... > 
  at <Anonymous value= {hashed: true, components: Object, theme: undefined, token: Object} > 
  at <ALocaleProvider locale=undefined ANT_MARK__="internalMark" > 
  at <LocaleReceiver children=fn<children> > 
  at <AConfigProvider theme= {token: Object} > 
  at <App> @ http://127.0.0.1:5173/@vite/client:528
[ 1853810ms] [WARNING] [Vue warn]: Invalid prop: type check failed for prop "onKeydown". Expected Function, got Array  
  at <ATextarea value="" onUpdate:value=fn rows=4  ... > 
  at <Anonymous value= {hashed: true, components: Object, theme: undefined, token: Object} > 
  at <ALocaleProvider locale=undefined ANT_MARK__="internalMark" > 
  at <LocaleReceiver children=fn<children> > 
  at <AConfigProvider theme= {token: Object} > 
  at <App> @ http://127.0.0.1:5173/@vite/client:528
[ 1853812ms] [WARNING] [Vue warn]: Invalid prop: type check failed for prop "onKeydown". Expected Function, got Array  
  at <ATextarea value="" onUpdate:value=fn rows=4  ... > 
  at <Anonymous value= {hashed: true, components: Object, theme: undefined, token: Object} > 
  at <ALocaleProvider locale=undefined ANT_MARK__="internalMark" > 
  at <LocaleReceiver children=fn<children> > 
  at <AConfigProvider theme= {token: Object} > 
  at <App> @ http://127.0.0.1:5173/@vite/client:528
[ 1853813ms] [WARNING] [Vue warn]: Invalid prop: type check failed for prop "onKeydown". Expected Function, got Array  
  at <ATextarea value="" onUpdate:value=fn rows=4  ... > 
  at <Anonymous value= {hashed: true, components: Object, theme: undefined, token: Object} > 
  at <ALocaleProvider locale=undefined ANT_MARK__="internalMark" > 
  at <LocaleReceiver children=fn<children> > 
  at <AConfigProvider theme= {token: Object} > 
  at <App> @ http://127.0.0.1:5173/@vite/client:528
[ 1853815ms] [WARNING] [Vue warn]: Invalid prop: type check failed for prop "onKeydown". Expected Function, got Array  
  at <ATextarea value="" onUpdate:value=fn rows=4  ... > 
  at <Anonymous value= {hashed: true, components: Object, theme: undefined, token: Object} > 
  at <ALocaleProvider locale=undefined ANT_MARK__="internalMark" > 
  at <LocaleReceiver children=fn<children> > 
  at <AConfigProvider theme= {token: Object} > 
  at <App> @ http://127.0.0.1:5173/@vite/client:528
[ 1853817ms] [WARNING] [Vue warn]: Invalid prop: type check failed for prop "onKeydown". Expected Function, got Array  
  at <ATextarea value="" onUpdate:value=fn rows=4  ... > 
  at <Anonymous value= {hashed: true, components: Object, theme: undefined, token: Object} > 
  at <ALocaleProvider locale=undefined ANT_MARK__="internalMark" > 
  at <LocaleReceiver children=fn<children> > 
  at <AConfigProvider theme= {token: Object} > 
  at <App> @ http://127.0.0.1:5173/@vite/client:528
[ 1853819ms] [WARNING] [Vue warn]: Invalid prop: type check failed for prop "onKeydown". Expected Function, got Array  
  at <ATextarea value="" onUpdate:value=fn rows=4  ... > 
  at <Anonymous value= {hashed: true, components: Object, theme: undefined, token: Object} > 
  at <ALocaleProvider locale=undefined ANT_MARK__="internalMark" > 
  at <LocaleReceiver children=fn<children> > 
  at <AConfigProvider theme= {token: Object} > 
  at <App> @ http://127.0.0.1:5173/@vite/client:528
[ 1853821ms] [WARNING] [Vue warn]: Invalid prop: type check failed for prop "onKeydown". Expected Function, got Array  
  at <ATextarea value="" onUpdate:value=fn rows=4  ... > 
  at <Anonymous value= {hashed: true, components: Object, theme: undefined, token: Object} > 
  at <ALocaleProvider locale=undefined ANT_MARK__="internalMark" > 
  at <LocaleReceiver children=fn<children> > 
  at <AConfigProvider theme= {token: Object} > 
  at <App> @ http://127.0.0.1:5173/@vite/client:528
[ 1853822ms] [WARNING] [Vue warn]: Invalid prop: type check failed for prop "onKeydown". Expected Function, got Array  
  at <ATextarea value="" onUpdate:value=fn rows=4  ... > 
  at <Anonymous value= {hashed: true, components: Object, theme: undefined, token: Object} > 
  at <ALocaleProvider locale=undefined ANT_MARK__="internalMark" > 
  at <LocaleReceiver children=fn<children> > 
  at <AConfigProvider theme= {token: Object} > 
  at <App> @ http://127.0.0.1:5173/@vite/client:528
[ 1853824ms] [WARNING] [Vue warn]: Invalid prop: type check failed for prop "onKeydown". Expected Function, got Array  
  at <ATextarea value="" onUpdate:value=fn rows=4  ... > 
  at <Anonymous value= {hashed: true, components: Object, theme: undefined, token: Object} > 
  at <ALocaleProvider locale=undefined ANT_MARK__="internalMark" > 
  at <LocaleReceiver children=fn<children> > 
  at <AConfigProvider theme= {token: Object} > 
  at <App> @ http://127.0.0.1:5173/@vite/client:528
[ 1853825ms] [WARNING] [Vue warn]: Invalid prop: type check failed for prop "onKeydown". Expected Function, got Array  
  at <ATextarea value="" onUpdate:value=fn rows=4  ... > 
  at <Anonymous value= {hashed: true, components: Object, theme: undefined, token: Object} > 
  at <ALocaleProvider locale=undefined ANT_MARK__="internalMark" > 
  at <LocaleReceiver children=fn<children> > 
  at <AConfigProvider theme= {token: Object} > 
  at <App> @ http://127.0.0.1:5173/@vite/client:528
[ 1853827ms] [WARNING] [Vue warn]: Invalid prop: type check failed for prop "onKeydown". Expected Function, got Array  
  at <ATextarea value="" onUpdate:value=fn rows=4  ... > 
  at <Anonymous value= {hashed: true, components: Object, theme: undefined, token: Object} > 
  at <ALocaleProvider locale=undefined ANT_MARK__="internalMark" > 
  at <LocaleReceiver children=fn<children> > 
  at <AConfigProvider theme= {token: Object} > 
  at <App> @ http://127.0.0.1:5173/@vite/client:528
[ 1853829ms] [WARNING] [Vue warn]: Invalid prop: type check failed for prop "onKeydown". Expected Function, got Array  
  at <ATextarea value="" onUpdate:value=fn rows=4  ... > 
  at <Anonymous value= {hashed: true, components: Object, theme: undefined, token: Object} > 
  at <ALocaleProvider locale=undefined ANT_MARK__="internalMark" > 
  at <LocaleReceiver children=fn<children> > 
  at <AConfigProvider theme= {token: Object} > 
  at <App> @ http://127.0.0.1:5173/@vite/client:528
[ 1853830ms] [WARNING] [Vue warn]: Invalid prop: type check failed for prop "onKeydown". Expected Function, got Array  
  at <ATextarea value="" onUpdate:value=fn rows=4  ... > 
  at <Anonymous value= {hashed: true, components: Object, theme: undefined, token: Object} > 
  at <ALocaleProvider locale=undefined ANT_MARK__="internalMark" > 
  at <LocaleReceiver children=fn<children> > 
  at <AConfigProvider theme= {token: Object} > 
  at <App> @ http://127.0.0.1:5173/@vite/client:528
[ 1853831ms] [WARNING] [Vue warn]: Invalid prop: type check failed for prop "onKeydown". Expected Function, got Array  
  at <ATextarea value="" onUpdate:value=fn rows=4  ... > 
  at <Anonymous value= {hashed: true, components: Object, theme: undefined, token: Object} > 
  at <ALocaleProvider locale=undefined ANT_MARK__="internalMark" > 
  at <LocaleReceiver children=fn<children> > 
  at <AConfigProvider theme= {token: Object} > 
  at <App> @ http://127.0.0.1:5173/@vite/client:528
[ 1853833ms] [WARNING] [Vue warn]: Invalid prop: type check failed for prop "onKeydown". Expected Function, got Array  
  at <ATextarea value="" onUpdate:value=fn rows=4  ... > 
  at <Anonymous value= {hashed: true, components: Object, theme: undefined, token: Object} > 
  at <ALocaleProvider locale=undefined ANT_MARK__="internalMark" > 
  at <LocaleReceiver children=fn<children> > 
  at <AConfigProvider theme= {token: Object} > 
  at <App> @ http://127.0.0.1:5173/@vite/client:528
[ 1853835ms] [WARNING] [Vue warn]: Invalid prop: type check failed for prop "onKeydown". Expected Function, got Array  
  at <ATextarea value="" onUpdate:value=fn rows=4  ... > 
  at <Anonymous value= {hashed: true, components: Object, theme: undefined, token: Object} > 
  at <ALocaleProvider locale=undefined ANT_MARK__="internalMark" > 
  at <LocaleReceiver children=fn<children> > 
  at <AConfigProvider theme= {token: Object} > 
  at <App> @ http://127.0.0.1:5173/@vite/client:528
[ 1853836ms] [WARNING] [Vue warn]: Invalid prop: type check failed for prop "onKeydown". Expected Function, got Array  
  at <ATextarea value="" onUpdate:value=fn rows=4  ... > 
  at <Anonymous value= {hashed: true, components: Object, theme: undefined, token: Object} > 
  at <ALocaleProvider locale=undefined ANT_MARK__="internalMark" > 
  at <LocaleReceiver children=fn<children> > 
  at <AConfigProvider theme= {token: Object} > 
  at <App> @ http://127.0.0.1:5173/@vite/client:528
[ 1853838ms] [WARNING] [Vue warn]: Invalid prop: type check failed for prop "onKeydown". Expected Function, got Array  
  at <ATextarea value="" onUpdate:value=fn rows=4  ... > 
  at <Anonymous value= {hashed: true, components: Object, theme: undefined, token: Object} > 
  at <ALocaleProvider locale=undefined ANT_MARK__="internalMark" > 
  at <LocaleReceiver children=fn<children> > 
  at <AConfigProvider theme= {token: Object} > 
  at <App> @ http://127.0.0.1:5173/@vite/client:528
[ 1853839ms] [WARNING] [Vue warn]: Invalid prop: type check failed for prop "onKeydown". Expected Function, got Array  
  at <ATextarea value="" onUpdate:value=fn rows=4  ... > 
  at <Anonymous value= {hashed: true, components: Object, theme: undefined, token: Object} > 
  at <ALocaleProvider locale=undefined ANT_MARK__="internalMark" > 
  at <LocaleReceiver children=fn<children> > 
  at <AConfigProvider theme= {token: Object} > 
  at <App> @ http://127.0.0.1:5173/@vite/client:528
[ 1853841ms] [WARNING] [Vue warn]: Invalid prop: type check failed for prop "onKeydown". Expected Function, got Array  
  at <ATextarea value="" onUpdate:value=fn rows=4  ... > 
  at <Anonymous value= {hashed: true, components: Object, theme: undefined, token: Object} > 
  at <ALocaleProvider locale=undefined ANT_MARK__="internalMark" > 
  at <LocaleReceiver children=fn<children> > 
  at <AConfigProvider theme= {token: Object} > 
  at <App> @ http://127.0.0.1:5173/@vite/client:528
[ 1853842ms] [WARNING] [Vue warn]: Invalid prop: type check failed for prop "onKeydown". Expected Function, got Array  
  at <ATextarea value="" onUpdate:value=fn rows=4  ... > 
  at <Anonymous value= {hashed: true, components: Object, theme: undefined, token: Object} > 
  at <ALocaleProvider locale=undefined ANT_MARK__="internalMark" > 
  at <LocaleReceiver children=fn<children> > 
  at <AConfigProvider theme= {token: Object} > 
  at <App> @ http://127.0.0.1:5173/@vite/client:528
[ 1853844ms] [WARNING] [Vue warn]: Invalid prop: type check failed for prop "onKeydown". Expected Function, got Array  
  at <ATextarea value="" onUpdate:value=fn rows=4  ... > 
  at <Anonymous value= {hashed: true, components: Object, theme: undefined, token: Object} > 
  at <ALocaleProvider locale=undefined ANT_MARK__="internalMark" > 
  at <LocaleReceiver children=fn<children> > 
  at <AConfigProvider theme= {token: Object} > 
  at <App> @ http://127.0.0.1:5173/@vite/client:528
[ 1853845ms] [WARNING] [Vue warn]: Invalid prop: type check failed for prop "onKeydown". Expected Function, got Array  
  at <ATextarea value="" onUpdate:value=fn rows=4  ... > 
  at <Anonymous value= {hashed: true, components: Object, theme: undefined, token: Object} > 
  at <ALocaleProvider locale=undefined ANT_MARK__="internalMark" > 
  at <LocaleReceiver children=fn<children> > 
  at <AConfigProvider theme= {token: Object} > 
  at <App> @ http://127.0.0.1:5173/@vite/client:528
[ 1853847ms] [WARNING] [Vue warn]: Invalid prop: type check failed for prop "onKeydown". Expected Function, got Array  
  at <ATextarea value="" onUpdate:value=fn rows=4  ... > 
  at <Anonymous value= {hashed: true, components: Object, theme: undefined, token: Object} > 
  at <ALocaleProvider locale=undefined ANT_MARK__="internalMark" > 
  at <LocaleReceiver children=fn<children> > 
  at <AConfigProvider theme= {token: Object} > 
  at <App> @ http://127.0.0.1:5173/@vite/client:528
[ 1853848ms] [WARNING] [Vue warn]: Invalid prop: type check failed for prop "onKeydown". Expected Function, got Array  
  at <ATextarea value="" onUpdate:value=fn rows=4  ... > 
  at <Anonymous value= {hashed: true, components: Object, theme: undefined, token: Object} > 
  at <ALocaleProvider locale=undefined ANT_MARK__="internalMark" > 
  at <LocaleReceiver children=fn<children> > 
  at <AConfigProvider theme= {token: Object} > 
  at <App> @ http://127.0.0.1:5173/@vite/client:528
[ 1853850ms] [WARNING] [Vue warn]: Invalid prop: type check failed for prop "onKeydown". Expected Function, got Array  
  at <ATextarea value="" onUpdate:value=fn rows=4  ... > 
  at <Anonymous value= {hashed: true, components: Object, theme: undefined, token: Object} > 
  at <ALocaleProvider locale=undefined ANT_MARK__="internalMark" > 
  at <LocaleReceiver children=fn<children> > 
  at <AConfigProvider theme= {token: Object} > 
  at <App> @ http://127.0.0.1:5173/@vite/client:528
[ 1853851ms] [WARNING] [Vue warn]: Invalid prop: type check failed for prop "onKeydown". Expected Function, got Array  
  at <ATextarea value="" onUpdate:value=fn rows=4  ... > 
  at <Anonymous value= {hashed: true, components: Object, theme: undefined, token: Object} > 
  at <ALocaleProvider locale=undefined ANT_MARK__="internalMark" > 
  at <LocaleReceiver children=fn<children> > 
  at <AConfigProvider theme= {token: Object} > 
  at <App> @ http://127.0.0.1:5173/@vite/client:528
[ 1853853ms] [WARNING] [Vue warn]: Invalid prop: type check failed for prop "onKeydown". Expected Function, got Array  
  at <ATextarea value="" onUpdate:value=fn rows=4  ... > 
  at <Anonymous value= {hashed: true, components: Object, theme: undefined, token: Object} > 
  at <ALocaleProvider locale=undefined ANT_MARK__="internalMark" > 
  at <LocaleReceiver children=fn<children> > 
  at <AConfigProvider theme= {token: Object} > 
  at <App> @ http://127.0.0.1:5173/@vite/client:528
[ 1853854ms] [WARNING] [Vue warn]: Invalid prop: type check failed for prop "onKeydown". Expected Function, got Array  
  at <ATextarea value="" onUpdate:value=fn rows=4  ... > 
  at <Anonymous value= {hashed: true, components: Object, theme: undefined, token: Object} > 
  at <ALocaleProvider locale=undefined ANT_MARK__="internalMark" > 
  at <LocaleReceiver children=fn<children> > 
  at <AConfigProvider theme= {token: Object} > 
  at <App> @ http://127.0.0.1:5173/@vite/client:528
[ 1853856ms] [WARNING] [Vue warn]: Invalid prop: type check failed for prop "onKeydown". Expected Function, got Array  
  at <ATextarea value="" onUpdate:value=fn rows=4  ... > 
  at <Anonymous value= {hashed: true, components: Object, theme: undefined, token: Object} > 
  at <ALocaleProvider locale=undefined ANT_MARK__="internalMark" > 
  at <LocaleReceiver children=fn<children> > 
  at <AConfigProvider theme= {token: Object} > 
  at <App> @ http://127.0.0.1:5173/@vite/client:528
[ 1853858ms] [WARNING] [Vue warn]: Invalid prop: type check failed for prop "onKeydown". Expected Function, got Array  
  at <ATextarea value="" onUpdate:value=fn rows=4  ... > 
  at <Anonymous value= {hashed: true, components: Object, theme: undefined, token: Object} > 
  at <ALocaleProvider locale=undefined ANT_MARK__="internalMark" > 
  at <LocaleReceiver children=fn<children> > 
  at <AConfigProvider theme= {token: Object} > 
  at <App> @ http://127.0.0.1:5173/@vite/client:528
[ 1853860ms] [WARNING] [Vue warn]: Invalid prop: type check failed for prop "onKeydown". Expected Function, got Array  
  at <ATextarea value="" onUpdate:value=fn rows=4  ... > 
  at <Anonymous value= {hashed: true, components: Object, theme: undefined, token: Object} > 
  at <ALocaleProvider locale=undefined ANT_MARK__="internalMark" > 
  at <LocaleReceiver children=fn<children> > 
  at <AConfigProvider theme= {token: Object} > 
  at <App> @ http://127.0.0.1:5173/@vite/client:528
[ 1853861ms] [WARNING] [Vue warn]: Invalid prop: type check failed for prop "onKeydown". Expected Function, got Array  
  at <ATextarea value="" onUpdate:value=fn rows=4  ... > 
  at <Anonymous value= {hashed: true, components: Object, theme: undefined, token: Object} > 
  at <ALocaleProvider locale=undefined ANT_MARK__="internalMark" > 
  at <LocaleReceiver children=fn<children> > 
  at <AConfigProvider theme= {token: Object} > 
  at <App> @ http://127.0.0.1:5173/@vite/client:528
[ 1853863ms] [WARNING] [Vue warn]: Invalid prop: type check failed for prop "onKeydown". Expected Function, got Array  
  at <ATextarea value="" onUpdate:value=fn rows=4  ... > 
  at <Anonymous value= {hashed: true, components: Object, theme: undefined, token: Object} > 
  at <ALocaleProvider locale=undefined ANT_MARK__="internalMark" > 
  at <LocaleReceiver children=fn<children> > 
  at <AConfigProvider theme= {token: Object} > 
  at <App> @ http://127.0.0.1:5173/@vite/client:528
[ 1853864ms] [WARNING] [Vue warn]: Invalid prop: type check failed for prop "onKeydown". Expected Function, got Array  
  at <ATextarea value="" onUpdate:value=fn rows=4  ... > 
  at <Anonymous value= {hashed: true, components: Object, theme: undefined, token: Object} > 
  at <ALocaleProvider locale=undefined ANT_MARK__="internalMark" > 
  at <LocaleReceiver children=fn<children> > 
  at <AConfigProvider theme= {token: Object} > 
  at <App> @ http://127.0.0.1:5173/@vite/client:528
[ 1853866ms] [WARNING] [Vue warn]: Invalid prop: type check failed for prop "onKeydown". Expected Function, got Array  
  at <ATextarea value="" onUpdate:value=fn rows=4  ... > 
  at <Anonymous value= {hashed: true, components: Object, theme: undefined, token: Object} > 
  at <ALocaleProvider locale=undefined ANT_MARK__="internalMark" > 
  at <LocaleReceiver children=fn<children> > 
  at <AConfigProvider theme= {token: Object} > 
  at <App> @ http://127.0.0.1:5173/@vite/client:528
[ 1853868ms] [WARNING] [Vue warn]: Invalid prop: type check failed for prop "onKeydown". Expected Function, got Array  
  at <ATextarea value="" onUpdate:value=fn rows=4  ... > 
  at <Anonymous value= {hashed: true, components: Object, theme: undefined, token: Object} > 
  at <ALocaleProvider locale=undefined ANT_MARK__="internalMark" > 
  at <LocaleReceiver children=fn<children> > 
  at <AConfigProvider theme= {token: Object} > 
  at <App> @ http://127.0.0.1:5173/@vite/client:528
[ 1853869ms] [WARNING] [Vue warn]: Invalid prop: type check failed for prop "onKeydown". Expected Function, got Array  
  at <ATextarea value="" onUpdate:value=fn rows=4  ... > 
  at <Anonymous value= {hashed: true, components: Object, theme: undefined, token: Object} > 
  at <ALocaleProvider locale=undefined ANT_MARK__="internalMark" > 
  at <LocaleReceiver children=fn<children> > 
  at <AConfigProvider theme= {token: Object} > 
  at <App> @ http://127.0.0.1:5173/@vite/client:528
[ 1853871ms] [WARNING] [Vue warn]: Invalid prop: type check failed for prop "onKeydown". Expected Function, got Array  
  at <ATextarea value="" onUpdate:value=fn rows=4  ... > 
  at <Anonymous value= {hashed: true, components: Object, theme: undefined, token: Object} > 
  at <ALocaleProvider locale=undefined ANT_MARK__="internalMark" > 
  at <LocaleReceiver children=fn<children> > 
  at <AConfigProvider theme= {token: Object} > 
  at <App> @ http://127.0.0.1:5173/@vite/client:528
[ 1853872ms] [WARNING] [Vue warn]: Invalid prop: type check failed for prop "onKeydown". Expected Function, got Array  
  at <ATextarea value="" onUpdate:value=fn rows=4  ... > 
  at <Anonymous value= {hashed: true, components: Object, theme: undefined, token: Object} > 
  at <ALocaleProvider locale=undefined ANT_MARK__="internalMark" > 
  at <LocaleReceiver children=fn<children> > 
  at <AConfigProvider theme= {token: Object} > 
  at <App> @ http://127.0.0.1:5173/@vite/client:528
[ 1853874ms] [WARNING] [Vue warn]: Invalid prop: type check failed for prop "onKeydown". Expected Function, got Array  
  at <ATextarea value="" onUpdate:value=fn rows=4  ... > 
  at <Anonymous value= {hashed: true, components: Object, theme: undefined, token: Object} > 
  at <ALocaleProvider locale=undefined ANT_MARK__="internalMark" > 
  at <LocaleReceiver children=fn<children> > 
  at <AConfigProvider theme= {token: Object} > 
  at <App> @ http://127.0.0.1:5173/@vite/client:528
[ 1853875ms] [WARNING] [Vue warn]: Invalid prop: type check failed for prop "onKeydown". Expected Function, got Array  
  at <ATextarea value="" onUpdate:value=fn rows=4  ... > 
  at <Anonymous value= {hashed: true, components: Object, theme: undefined, token: Object} > 
  at <ALocaleProvider locale=undefined ANT_MARK__="internalMark" > 
  at <LocaleReceiver children=fn<children> > 
  at <AConfigProvider theme= {token: Object} > 
  at <App> @ http://127.0.0.1:5173/@vite/client:528
[ 1853877ms] [WARNING] [Vue warn]: Invalid prop: type check failed for prop "onKeydown". Expected Function, got Array  
  at <ATextarea value="" onUpdate:value=fn rows=4  ... > 
  at <Anonymous value= {hashed: true, components: Object, theme: undefined, token: Object} > 
  at <ALocaleProvider locale=undefined ANT_MARK__="internalMark" > 
  at <LocaleReceiver children=fn<children> > 
  at <AConfigProvider theme= {token: Object} > 
  at <App> @ http://127.0.0.1:5173/@vite/client:528
[ 1853878ms] [WARNING] [Vue warn]: Invalid prop: type check failed for prop "onKeydown". Expected Function, got Array  
  at <ATextarea value="" onUpdate:value=fn rows=4  ... > 
  at <Anonymous value= {hashed: true, components: Object, theme: undefined, token: Object} > 
  at <ALocaleProvider locale=undefined ANT_MARK__="internalMark" > 
  at <LocaleReceiver children=fn<children> > 
  at <AConfigProvider theme= {token: Object} > 
  at <App> @ http://127.0.0.1:5173/@vite/client:528
[ 1853880ms] [WARNING] [Vue warn]: Invalid prop: type check failed for prop "onKeydown". Expected Function, got Array  
  at <ATextarea value="" onUpdate:value=fn rows=4  ... > 
  at <Anonymous value= {hashed: true, components: Object, theme: undefined, token: Object} > 
  at <ALocaleProvider locale=undefined ANT_MARK__="internalMark" > 
  at <LocaleReceiver children=fn<children> > 
  at <AConfigProvider theme= {token: Object} > 
  at <App> @ http://127.0.0.1:5173/@vite/client:528
[ 1853882ms] [WARNING] [Vue warn]: Invalid prop: type check failed for prop "onKeydown". Expected Function, got Array  
  at <ATextarea value="" onUpdate:value=fn rows=4  ... > 
  at <Anonymous value= {hashed: true, components: Object, theme: undefined, token: Object} > 
  at <ALocaleProvider locale=undefined ANT_MARK__="internalMark" > 
  at <LocaleReceiver children=fn<children> > 
  at <AConfigProvider theme= {token: Object} > 
  at <App> @ http://127.0.0.1:5173/@vite/client:528
[ 1853883ms] [WARNING] [Vue warn]: Invalid prop: type check failed for prop "onKeydown". Expected Function, got Array  
  at <ATextarea value="" onUpdate:value=fn rows=4  ... > 
  at <Anonymous value= {hashed: true, components: Object, theme: undefined, token: Object} > 
  at <ALocaleProvider locale=undefined ANT_MARK__="internalMark" > 
  at <LocaleReceiver children=fn<children> > 
  at <AConfigProvider theme= {token: Object} > 
  at <App> @ http://127.0.0.1:5173/@vite/client:528
[ 1853885ms] [WARNING] [Vue warn]: Invalid prop: type check failed for prop "onKeydown". Expected Function, got Array  
  at <ATextarea value="" onUpdate:value=fn rows=4  ... > 
  at <Anonymous value= {hashed: true, components: Object, theme: undefined, token: Object} > 
  at <ALocaleProvider locale=undefined ANT_MARK__="internalMark" > 
  at <LocaleReceiver children=fn<children> > 
  at <AConfigProvider theme= {token: Object} > 
  at <App> @ http://127.0.0.1:5173/@vite/client:528
[ 1853886ms] [WARNING] [Vue warn]: Invalid prop: type check failed for prop "onKeydown". Expected Function, got Array  
  at <ATextarea value="" onUpdate:value=fn rows=4  ... > 
  at <Anonymous value= {hashed: true, components: Object, theme: undefined, token: Object} > 
  at <ALocaleProvider locale=undefined ANT_MARK__="internalMark" > 
  at <LocaleReceiver children=fn<children> > 
  at <AConfigProvider theme= {token: Object} > 
  at <App> @ http://127.0.0.1:5173/@vite/client:528
[ 1853888ms] [WARNING] [Vue warn]: Invalid prop: type check failed for prop "onKeydown". Expected Function, got Array  
  at <ATextarea value="" onUpdate:value=fn rows=4  ... > 
  at <Anonymous value= {hashed: true, components: Object, theme: undefined, token: Object} > 
  at <ALocaleProvider locale=undefined ANT_MARK__="internalMark" > 
  at <LocaleReceiver children=fn<children> > 
  at <AConfigProvider theme= {token: Object} > 
  at <App> @ http://127.0.0.1:5173/@vite/client:528
[ 1853889ms] [WARNING] [Vue warn]: Invalid prop: type check failed for prop "onKeydown". Expected Function, got Array  
  at <ATextarea value="" onUpdate:value=fn rows=4  ... > 
  at <Anonymous value= {hashed: true, components: Object, theme: undefined, token: Object} > 
  at <ALocaleProvider locale=undefined ANT_MARK__="internalMark" > 
  at <LocaleReceiver children=fn<children> > 
  at <AConfigProvider theme= {token: Object} > 
  at <App> @ http://127.0.0.1:5173/@vite/client:528
[ 1853891ms] [WARNING] [Vue warn]: Invalid prop: type check failed for prop "onKeydown". Expected Function, got Array  
  at <ATextarea value="" onUpdate:value=fn rows=4  ... > 
  at <Anonymous value= {hashed: true, components: Object, theme: undefined, token: Object} > 
  at <ALocaleProvider locale=undefined ANT_MARK__="internalMark" > 
  at <LocaleReceiver children=fn<children> > 
  at <AConfigProvider theme= {token: Object} > 
  at <App> @ http://127.0.0.1:5173/@vite/client:528
[ 1853892ms] [WARNING] [Vue warn]: Invalid prop: type check failed for prop "onKeydown". Expected Function, got Array  
  at <ATextarea value="" onUpdate:value=fn rows=4  ... > 
  at <Anonymous value= {hashed: true, components: Object, theme: undefined, token: Object} > 
  at <ALocaleProvider locale=undefined ANT_MARK__="internalMark" > 
  at <LocaleReceiver children=fn<children> > 
  at <AConfigProvider theme= {token: Object} > 
  at <App> @ http://127.0.0.1:5173/@vite/client:528
[ 1853894ms] [WARNING] [Vue warn]: Invalid prop: type check failed for prop "onKeydown". Expected Function, got Array  
  at <ATextarea value="" onUpdate:value=fn rows=4  ... > 
  at <Anonymous value= {hashed: true, components: Object, theme: undefined, token: Object} > 
  at <ALocaleProvider locale=undefined ANT_MARK__="internalMark" > 
  at <LocaleReceiver children=fn<children> > 
  at <AConfigProvider theme= {token: Object} > 
  at <App> @ http://127.0.0.1:5173/@vite/client:528
[ 1853895ms] [WARNING] [Vue warn]: Invalid prop: type check failed for prop "onKeydown". Expected Function, got Array  
  at <ATextarea value="" onUpdate:value=fn rows=4  ... > 
  at <Anonymous value= {hashed: true, components: Object, theme: undefined, token: Object} > 
  at <ALocaleProvider locale=undefined ANT_MARK__="internalMark" > 
  at <LocaleReceiver children=fn<children> > 
  at <AConfigProvider theme= {token: Object} > 
  at <App> @ http://127.0.0.1:5173/@vite/client:528
[ 1853897ms] [WARNING] [Vue warn]: Invalid prop: type check failed for prop "onKeydown". Expected Function, got Array  
  at <ATextarea value="" onUpdate:value=fn rows=4  ... > 
  at <Anonymous value= {hashed: true, components: Object, theme: undefined, token: Object} > 
  at <ALocaleProvider locale=undefined ANT_MARK__="internalMark" > 
  at <LocaleReceiver children=fn<children> > 
  at <AConfigProvider theme= {token: Object} > 
  at <App> @ http://127.0.0.1:5173/@vite/client:528
[ 1853898ms] [WARNING] [Vue warn]: Invalid prop: type check failed for prop "onKeydown". Expected Function, got Array  
  at <ATextarea value="" onUpdate:value=fn rows=4  ... > 
  at <Anonymous value= {hashed: true, components: Object, theme: undefined, token: Object} > 
  at <ALocaleProvider locale=undefined ANT_MARK__="internalMark" > 
  at <LocaleReceiver children=fn<children> > 
  at <AConfigProvider theme= {token: Object} > 
  at <App> @ http://127.0.0.1:5173/@vite/client:528
[ 1853900ms] [WARNING] [Vue warn]: Invalid prop: type check failed for prop "onKeydown". Expected Function, got Array  
  at <ATextarea value="" onUpdate:value=fn rows=4  ... > 
  at <Anonymous value= {hashed: true, components: Object, theme: undefined, token: Object} > 
  at <ALocaleProvider locale=undefined ANT_MARK__="internalMark" > 
  at <LocaleReceiver children=fn<children> > 
  at <AConfigProvider theme= {token: Object} > 
  at <App> @ http://127.0.0.1:5173/@vite/client:528
[ 1853903ms] [WARNING] [Vue warn]: Invalid prop: type check failed for prop "onKeydown". Expected Function, got Array  
  at <ATextarea value="" onUpdate:value=fn rows=4  ... > 
  at <Anonymous value= {hashed: true, components: Object, theme: undefined, token: Object} > 
  at <ALocaleProvider locale=undefined ANT_MARK__="internalMark" > 
  at <LocaleReceiver children=fn<children> > 
  at <AConfigProvider theme= {token: Object} > 
  at <App> @ http://127.0.0.1:5173/@vite/client:528
[ 1853904ms] [WARNING] [Vue warn]: Invalid prop: type check failed for prop "onKeydown". Expected Function, got Array  
  at <ATextarea value="" onUpdate:value=fn rows=4  ... > 
  at <Anonymous value= {hashed: true, components: Object, theme: undefined, token: Object} > 
  at <ALocaleProvider locale=undefined ANT_MARK__="internalMark" > 
  at <LocaleReceiver children=fn<children> > 
  at <AConfigProvider theme= {token: Object} > 
  at <App> @ http://127.0.0.1:5173/@vite/client:528
[ 1853906ms] [WARNING] [Vue warn]: Invalid prop: type check failed for prop "onKeydown". Expected Function, got Array  
  at <ATextarea value="" onUpdate:value=fn rows=4  ... > 
  at <Anonymous value= {hashed: true, components: Object, theme: undefined, token: Object} > 
  at <ALocaleProvider locale=undefined ANT_MARK__="internalMark" > 
  at <LocaleReceiver children=fn<children> > 
  at <AConfigProvider theme= {token: Object} > 
  at <App> @ http://127.0.0.1:5173/@vite/client:528
[ 1853908ms] [WARNING] [Vue warn]: Invalid prop: type check failed for prop "onKeydown". Expected Function, got Array  
  at <ATextarea value="" onUpdate:value=fn rows=4  ... > 
  at <Anonymous value= {hashed: true, components: Object, theme: undefined, token: Object} > 
  at <ALocaleProvider locale=undefined ANT_MARK__="internalMark" > 
  at <LocaleReceiver children=fn<children> > 
  at <AConfigProvider theme= {token: Object} > 
  at <App> @ http://127.0.0.1:5173/@vite/client:528
[ 1853909ms] [WARNING] [Vue warn]: Invalid prop: type check failed for prop "onKeydown". Expected Function, got Array  
  at <ATextarea value="" onUpdate:value=fn rows=4  ... > 
  at <Anonymous value= {hashed: true, components: Object, theme: undefined, token: Object} > 
  at <ALocaleProvider locale=undefined ANT_MARK__="internalMark" > 
  at <LocaleReceiver children=fn<children> > 
  at <AConfigProvider theme= {token: Object} > 
  at <App> @ http://127.0.0.1:5173/@vite/client:528
[ 1853911ms] [WARNING] [Vue warn]: Invalid prop: type check failed for prop "onKeydown". Expected Function, got Array  
  at <ATextarea value="" onUpdate:value=fn rows=4  ... > 
  at <Anonymous value= {hashed: true, components: Object, theme: undefined, token: Object} > 
  at <ALocaleProvider locale=undefined ANT_MARK__="internalMark" > 
  at <LocaleReceiver children=fn<children> > 
  at <AConfigProvider theme= {token: Object} > 
  at <App> @ http://127.0.0.1:5173/@vite/client:528
[ 1853912ms] [WARNING] [Vue warn]: Invalid prop: type check failed for prop "onKeydown". Expected Function, got Array  
  at <ATextarea value="" onUpdate:value=fn rows=4  ... > 
  at <Anonymous value= {hashed: true, components: Object, theme: undefined, token: Object} > 
  at <ALocaleProvider locale=undefined ANT_MARK__="internalMark" > 
  at <LocaleReceiver children=fn<children> > 
  at <AConfigProvider theme= {token: Object} > 
  at <App> @ http://127.0.0.1:5173/@vite/client:528
[ 1853914ms] [WARNING] [Vue warn]: Invalid prop: type check failed for prop "onKeydown". Expected Function, got Array  
  at <ATextarea value="" onUpdate:value=fn rows=4  ... > 
  at <Anonymous value= {hashed: true, components: Object, theme: undefined, token: Object} > 
  at <ALocaleProvider locale=undefined ANT_MARK__="internalMark" > 
  at <LocaleReceiver children=fn<children> > 
  at <AConfigProvider theme= {token: Object} > 
  at <App> @ http://127.0.0.1:5173/@vite/client:528
[ 1853916ms] [WARNING] [Vue warn]: Invalid prop: type check failed for prop "onKeydown". Expected Function, got Array  
  at <ATextarea value="" onUpdate:value=fn rows=4  ... > 
  at <Anonymous value= {hashed: true, components: Object, theme: undefined, token: Object} > 
  at <ALocaleProvider locale=undefined ANT_MARK__="internalMark" > 
  at <LocaleReceiver children=fn<children> > 
  at <AConfigProvider theme= {token: Object} > 
  at <App> @ http://127.0.0.1:5173/@vite/client:528
[ 1853917ms] [WARNING] [Vue warn]: Invalid prop: type check failed for prop "onKeydown". Expected Function, got Array  
  at <ATextarea value="" onUpdate:value=fn rows=4  ... > 
  at <Anonymous value= {hashed: true, components: Object, theme: undefined, token: Object} > 
  at <ALocaleProvider locale=undefined ANT_MARK__="internalMark" > 
  at <LocaleReceiver children=fn<children> > 
  at <AConfigProvider theme= {token: Object} > 
  at <App> @ http://127.0.0.1:5173/@vite/client:528
[ 1853919ms] [WARNING] [Vue warn]: Invalid prop: type check failed for prop "onKeydown". Expected Function, got Array  
  at <ATextarea value="" onUpdate:value=fn rows=4  ... > 
  at <Anonymous value= {hashed: true, components: Object, theme: undefined, token: Object} > 
  at <ALocaleProvider locale=undefined ANT_MARK__="internalMark" > 
  at <LocaleReceiver children=fn<children> > 
  at <AConfigProvider theme= {token: Object} > 
  at <App> @ http://127.0.0.1:5173/@vite/client:528
[ 1853921ms] [WARNING] [Vue warn]: Invalid prop: type check failed for prop "onKeydown". Expected Function, got Array  
  at <ATextarea value="" onUpdate:value=fn rows=4  ... > 
  at <Anonymous value= {hashed: true, components: Object, theme: undefined, token: Object} > 
  at <ALocaleProvider locale=undefined ANT_MARK__="internalMark" > 
  at <LocaleReceiver children=fn<children> > 
  at <AConfigProvider theme= {token: Object} > 
  at <App> @ http://127.0.0.1:5173/@vite/client:528
[ 1853922ms] [WARNING] [Vue warn]: Invalid prop: type check failed for prop "onKeydown". Expected Function, got Array  
  at <ATextarea value="" onUpdate:value=fn rows=4  ... > 
  at <Anonymous value= {hashed: true, components: Object, theme: undefined, token: Object} > 
  at <ALocaleProvider locale=undefined ANT_MARK__="internalMark" > 
  at <LocaleReceiver children=fn<children> > 
  at <AConfigProvider theme= {token: Object} > 
  at <App> @ http://127.0.0.1:5173/@vite/client:528
[ 1853924ms] [WARNING] [Vue warn]: Invalid prop: type check failed for prop "onKeydown". Expected Function, got Array  
  at <ATextarea value="" onUpdate:value=fn rows=4  ... > 
  at <Anonymous value= {hashed: true, components: Object, theme: undefined, token: Object} > 
  at <ALocaleProvider locale=undefined ANT_MARK__="internalMark" > 
  at <LocaleReceiver children=fn<children> > 
  at <AConfigProvider theme= {token: Object} > 
  at <App> @ http://127.0.0.1:5173/@vite/client:528
[ 1853926ms] [WARNING] [Vue warn]: Invalid prop: type check failed for prop "onKeydown". Expected Function, got Array  
  at <ATextarea value="" onUpdate:value=fn rows=4  ... > 
  at <Anonymous value= {hashed: true, components: Object, theme: undefined, token: Object} > 
  at <ALocaleProvider locale=undefined ANT_MARK__="internalMark" > 
  at <LocaleReceiver children=fn<children> > 
  at <AConfigProvider theme= {token: Object} > 
  at <App> @ http://127.0.0.1:5173/@vite/client:528
[ 1853928ms] [WARNING] [Vue warn]: Invalid prop: type check failed for prop "onKeydown". Expected Function, got Array  
  at <ATextarea value="" onUpdate:value=fn rows=4  ... > 
  at <Anonymous value= {hashed: true, components: Object, theme: undefined, token: Object} > 
  at <ALocaleProvider locale=undefined ANT_MARK__="internalMark" > 
  at <LocaleReceiver children=fn<children> > 
  at <AConfigProvider theme= {token: Object} > 
  at <App> @ http://127.0.0.1:5173/@vite/client:528
[ 1853929ms] [WARNING] [Vue warn]: Invalid prop: type check failed for prop "onKeydown". Expected Function, got Array  
  at <ATextarea value="" onUpdate:value=fn rows=4  ... > 
  at <Anonymous value= {hashed: true, components: Object, theme: undefined, token: Object} > 
  at <ALocaleProvider locale=undefined ANT_MARK__="internalMark" > 
  at <LocaleReceiver children=fn<children> > 
  at <AConfigProvider theme= {token: Object} > 
  at <App> @ http://127.0.0.1:5173/@vite/client:528
[ 1853931ms] [WARNING] [Vue warn]: Invalid prop: type check failed for prop "onKeydown". Expected Function, got Array  
  at <ATextarea value="" onUpdate:value=fn rows=4  ... > 
  at <Anonymous value= {hashed: true, components: Object, theme: undefined, token: Object} > 
  at <ALocaleProvider locale=undefined ANT_MARK__="internalMark" > 
  at <LocaleReceiver children=fn<children> > 
  at <AConfigProvider theme= {token: Object} > 
  at <App> @ http://127.0.0.1:5173/@vite/client:528
[ 1853932ms] [WARNING] [Vue warn]: Invalid prop: type check failed for prop "onKeydown". Expected Function, got Array  
  at <ATextarea value="" onUpdate:value=fn rows=4  ... > 
  at <Anonymous value= {hashed: true, components: Object, theme: undefined, token: Object} > 
  at <ALocaleProvider locale=undefined ANT_MARK__="internalMark" > 
  at <LocaleReceiver children=fn<children> > 
  at <AConfigProvider theme= {token: Object} > 
  at <App> @ http://127.0.0.1:5173/@vite/client:528
[ 1853934ms] [WARNING] [Vue warn]: Invalid prop: type check failed for prop "onKeydown". Expected Function, got Array  
  at <ATextarea value="" onUpdate:value=fn rows=4  ... > 
  at <Anonymous value= {hashed: true, components: Object, theme: undefined, token: Object} > 
  at <ALocaleProvider locale=undefined ANT_MARK__="internalMark" > 
  at <LocaleReceiver children=fn<children> > 
  at <AConfigProvider theme= {token: Object} > 
  at <App> @ http://127.0.0.1:5173/@vite/client:528
[ 1853935ms] [WARNING] [Vue warn]: Invalid prop: type check failed for prop "onKeydown". Expected Function, got Array  
  at <ATextarea value="" onUpdate:value=fn rows=4  ... > 
  at <Anonymous value= {hashed: true, components: Object, theme: undefined, token: Object} > 
  at <ALocaleProvider locale=undefined ANT_MARK__="internalMark" > 
  at <LocaleReceiver children=fn<children> > 
  at <AConfigProvider theme= {token: Object} > 
  at <App> @ http://127.0.0.1:5173/@vite/client:528
[ 1853937ms] [WARNING] [Vue warn]: Invalid prop: type check failed for prop "onKeydown". Expected Function, got Array  
  at <ATextarea value="" onUpdate:value=fn rows=4  ... > 
  at <Anonymous value= {hashed: true, components: Object, theme: undefined, token: Object} > 
  at <ALocaleProvider locale=undefined ANT_MARK__="internalMark" > 
  at <LocaleReceiver children=fn<children> > 
  at <AConfigProvider theme= {token: Object} > 
  at <App> @ http://127.0.0.1:5173/@vite/client:528
[ 1853938ms] [WARNING] [Vue warn]: Invalid prop: type check failed for prop "onKeydown". Expected Function, got Array  
  at <ATextarea value="" onUpdate:value=fn rows=4  ... > 
  at <Anonymous value= {hashed: true, components: Object, theme: undefined, token: Object} > 
  at <ALocaleProvider locale=undefined ANT_MARK__="internalMark" > 
  at <LocaleReceiver children=fn<children> > 
  at <AConfigProvider theme= {token: Object} > 
  at <App> @ http://127.0.0.1:5173/@vite/client:528
[ 1853940ms] [WARNING] [Vue warn]: Invalid prop: type check failed for prop "onKeydown". Expected Function, got Array  
  at <ATextarea value="" onUpdate:value=fn rows=4  ... > 
  at <Anonymous value= {hashed: true, components: Object, theme: undefined, token: Object} > 
  at <ALocaleProvider locale=undefined ANT_MARK__="internalMark" > 
  at <LocaleReceiver children=fn<children> > 
  at <AConfigProvider theme= {token: Object} > 
  at <App> @ http://127.0.0.1:5173/@vite/client:528
[ 1853941ms] [WARNING] [Vue warn]: Invalid prop: type check failed for prop "onKeydown". Expected Function, got Array  
  at <ATextarea value="" onUpdate:value=fn rows=4  ... > 
  at <Anonymous value= {hashed: true, components: Object, theme: undefined, token: Object} > 
  at <ALocaleProvider locale=undefined ANT_MARK__="internalMark" > 
  at <LocaleReceiver children=fn<children> > 
  at <AConfigProvider theme= {token: Object} > 
  at <App> @ http://127.0.0.1:5173/@vite/client:528
[ 1853943ms] [WARNING] [Vue warn]: Invalid prop: type check failed for prop "onKeydown". Expected Function, got Array  
  at <ATextarea value="" onUpdate:value=fn rows=4  ... > 
  at <Anonymous value= {hashed: true, components: Object, theme: undefined, token: Object} > 
  at <ALocaleProvider locale=undefined ANT_MARK__="internalMark" > 
  at <LocaleReceiver children=fn<children> > 
  at <AConfigProvider theme= {token: Object} > 
  at <App> @ http://127.0.0.1:5173/@vite/client:528
[ 1853944ms] [WARNING] [Vue warn]: Invalid prop: type check failed for prop "onKeydown". Expected Function, got Array  
  at <ATextarea value="" onUpdate:value=fn rows=4  ... > 
  at <Anonymous value= {hashed: true, components: Object, theme: undefined, token: Object} > 
  at <ALocaleProvider locale=undefined ANT_MARK__="internalMark" > 
  at <LocaleReceiver children=fn<children> > 
  at <AConfigProvider theme= {token: Object} > 
  at <App> @ http://127.0.0.1:5173/@vite/client:528
[ 1853946ms] [WARNING] [Vue warn]: Invalid prop: type check failed for prop "onKeydown". Expected Function, got Array  
  at <ATextarea value="" onUpdate:value=fn rows=4  ... > 
  at <Anonymous value= {hashed: true, components: Object, theme: undefined, token: Object} > 
  at <ALocaleProvider locale=undefined ANT_MARK__="internalMark" > 
  at <LocaleReceiver children=fn<children> > 
  at <AConfigProvider theme= {token: Object} > 
  at <App> @ http://127.0.0.1:5173/@vite/client:528
[ 1853948ms] [WARNING] [Vue warn]: Invalid prop: type check failed for prop "onKeydown". Expected Function, got Array  
  at <ATextarea value="" onUpdate:value=fn rows=4  ... > 
  at <Anonymous value= {hashed: true, components: Object, theme: undefined, token: Object} > 
  at <ALocaleProvider locale=undefined ANT_MARK__="internalMark" > 
  at <LocaleReceiver children=fn<children> > 
  at <AConfigProvider theme= {token: Object} > 
  at <App> @ http://127.0.0.1:5173/@vite/client:528
[ 1853949ms] [WARNING] [Vue warn]: Invalid prop: type check failed for prop "onKeydown". Expected Function, got Array  
  at <ATextarea value="" onUpdate:value=fn rows=4  ... > 
  at <Anonymous value= {hashed: true, components: Object, theme: undefined, token: Object} > 
  at <ALocaleProvider locale=undefined ANT_MARK__="internalMark" > 
  at <LocaleReceiver children=fn<children> > 
  at <AConfigProvider theme= {token: Object} > 
  at <App> @ http://127.0.0.1:5173/@vite/client:528
[ 1853951ms] [WARNING] [Vue warn]: Invalid prop: type check failed for prop "onKeydown". Expected Function, got Array  
  at <ATextarea value="" onUpdate:value=fn rows=4  ... > 
  at <Anonymous value= {hashed: true, components: Object, theme: undefined, token: Object} > 
  at <ALocaleProvider locale=undefined ANT_MARK__="internalMark" > 
  at <LocaleReceiver children=fn<children> > 
  at <AConfigProvider theme= {token: Object} > 
  at <App> @ http://127.0.0.1:5173/@vite/client:528
[ 1853953ms] [WARNING] [Vue warn]: Invalid prop: type check failed for prop "onKeydown". Expected Function, got Array  
  at <ATextarea value="" onUpdate:value=fn rows=4  ... > 
  at <Anonymous value= {hashed: true, components: Object, theme: undefined, token: Object} > 
  at <ALocaleProvider locale=undefined ANT_MARK__="internalMark" > 
  at <LocaleReceiver children=fn<children> > 
  at <AConfigProvider theme= {token: Object} > 
  at <App> @ http://127.0.0.1:5173/@vite/client:528
[ 1853954ms] [WARNING] [Vue warn]: Invalid prop: type check failed for prop "onKeydown". Expected Function, got Array  
  at <ATextarea value="" onUpdate:value=fn rows=4  ... > 
  at <Anonymous value= {hashed: true, components: Object, theme: undefined, token: Object} > 
  at <ALocaleProvider locale=undefined ANT_MARK__="internalMark" > 
  at <LocaleReceiver children=fn<children> > 
  at <AConfigProvider theme= {token: Object} > 
  at <App> @ http://127.0.0.1:5173/@vite/client:528
[ 1853956ms] [WARNING] [Vue warn]: Invalid prop: type check failed for prop "onKeydown". Expected Function, got Array  
  at <ATextarea value="" onUpdate:value=fn rows=4  ... > 
  at <Anonymous value= {hashed: true, components: Object, theme: undefined, token: Object} > 
  at <ALocaleProvider locale=undefined ANT_MARK__="internalMark" > 
  at <LocaleReceiver children=fn<children> > 
  at <AConfigProvider theme= {token: Object} > 
  at <App> @ http://127.0.0.1:5173/@vite/client:528
[ 1853957ms] [WARNING] [Vue warn]: Invalid prop: type check failed for prop "onKeydown". Expected Function, got Array  
  at <ATextarea value="" onUpdate:value=fn rows=4  ... > 
  at <Anonymous value= {hashed: true, components: Object, theme: undefined, token: Object} > 
  at <ALocaleProvider locale=undefined ANT_MARK__="internalMark" > 
  at <LocaleReceiver children=fn<children> > 
  at <AConfigProvider theme= {token: Object} > 
  at <App> @ http://127.0.0.1:5173/@vite/client:528
[ 1853959ms] [WARNING] [Vue warn]: Invalid prop: type check failed for prop "onKeydown". Expected Function, got Array  
  at <ATextarea value="" onUpdate:value=fn rows=4  ... > 
  at <Anonymous value= {hashed: true, components: Object, theme: undefined, token: Object} > 
  at <ALocaleProvider locale=undefined ANT_MARK__="internalMark" > 
  at <LocaleReceiver children=fn<children> > 
  at <AConfigProvider theme= {token: Object} > 
  at <App> @ http://127.0.0.1:5173/@vite/client:528
[ 1853960ms] [WARNING] [Vue warn]: Invalid prop: type check failed for prop "onKeydown". Expected Function, got Array  
  at <ATextarea value="" onUpdate:value=fn rows=4  ... > 
  at <Anonymous value= {hashed: true, components: Object, theme: undefined, token: Object} > 
  at <ALocaleProvider locale=undefined ANT_MARK__="internalMark" > 
  at <LocaleReceiver children=fn<children> > 
  at <AConfigProvider theme= {token: Object} > 
  at <App> @ http://127.0.0.1:5173/@vite/client:528
[ 1853962ms] [WARNING] [Vue warn]: Invalid prop: type check failed for prop "onKeydown". Expected Function, got Array  
  at <ATextarea value="" onUpdate:value=fn rows=4  ... > 
  at <Anonymous value= {hashed: true, components: Object, theme: undefined, token: Object} > 
  at <ALocaleProvider locale=undefined ANT_MARK__="internalMark" > 
  at <LocaleReceiver children=fn<children> > 
  at <AConfigProvider theme= {token: Object} > 
  at <App> @ http://127.0.0.1:5173/@vite/client:528
[ 1853963ms] [WARNING] [Vue warn]: Invalid prop: type check failed for prop "onKeydown". Expected Function, got Array  
  at <ATextarea value="" onUpdate:value=fn rows=4  ... > 
  at <Anonymous value= {hashed: true, components: Object, theme: undefined, token: Object} > 
  at <ALocaleProvider locale=undefined ANT_MARK__="internalMark" > 
  at <LocaleReceiver children=fn<children> > 
  at <AConfigProvider theme= {token: Object} > 
  at <App> @ http://127.0.0.1:5173/@vite/client:528
[ 1853965ms] [WARNING] [Vue warn]: Invalid prop: type check failed for prop "onKeydown". Expected Function, got Array  
  at <ATextarea value="" onUpdate:value=fn rows=4  ... > 
  at <Anonymous value= {hashed: true, components: Object, theme: undefined, token: Object} > 
  at <ALocaleProvider locale=undefined ANT_MARK__="internalMark" > 
  at <LocaleReceiver children=fn<children> > 
  at <AConfigProvider theme= {token: Object} > 
  at <App> @ http://127.0.0.1:5173/@vite/client:528
[ 1853966ms] [WARNING] [Vue warn]: Invalid prop: type check failed for prop "onKeydown". Expected Function, got Array  
  at <ATextarea value="" onUpdate:value=fn rows=4  ... > 
  at <Anonymous value= {hashed: true, components: Object, theme: undefined, token: Object} > 
  at <ALocaleProvider locale=undefined ANT_MARK__="internalMark" > 
  at <LocaleReceiver children=fn<children> > 
  at <AConfigProvider theme= {token: Object} > 
  at <App> @ http://127.0.0.1:5173/@vite/client:528
[ 1853968ms] [WARNING] [Vue warn]: Invalid prop: type check failed for prop "onKeydown". Expected Function, got Array  
  at <ATextarea value="" onUpdate:value=fn rows=4  ... > 
  at <Anonymous value= {hashed: true, components: Object, theme: undefined, token: Object} > 
  at <ALocaleProvider locale=undefined ANT_MARK__="internalMark" > 
  at <LocaleReceiver children=fn<children> > 
  at <AConfigProvider theme= {token: Object} > 
  at <App> @ http://127.0.0.1:5173/@vite/client:528
[ 1853969ms] [WARNING] [Vue warn]: Invalid prop: type check failed for prop "onKeydown". Expected Function, got Array  
  at <ATextarea value="" onUpdate:value=fn rows=4  ... > 
  at <Anonymous value= {hashed: true, components: Object, theme: undefined, token: Object} > 
  at <ALocaleProvider locale=undefined ANT_MARK__="internalMark" > 
  at <LocaleReceiver children=fn<children> > 
  at <AConfigProvider theme= {token: Object} > 
  at <App> @ http://127.0.0.1:5173/@vite/client:528
[ 1853971ms] [WARNING] [Vue warn]: Invalid prop: type check failed for prop "onKeydown". Expected Function, got Array  
  at <ATextarea value="" onUpdate:value=fn rows=4  ... > 
  at <Anonymous value= {hashed: true, components: Object, theme: undefined, token: Object} > 
  at <ALocaleProvider locale=undefined ANT_MARK__="internalMark" > 
  at <LocaleReceiver children=fn<children> > 
  at <AConfigProvider theme= {token: Object} > 
  at <App> @ http://127.0.0.1:5173/@vite/client:528
[ 1853972ms] [WARNING] [Vue warn]: Invalid prop: type check failed for prop "onKeydown". Expected Function, got Array  
  at <ATextarea value="" onUpdate:value=fn rows=4  ... > 
  at <Anonymous value= {hashed: true, components: Object, theme: undefined, token: Object} > 
  at <ALocaleProvider locale=undefined ANT_MARK__="internalMark" > 
  at <LocaleReceiver children=fn<children> > 
  at <AConfigProvider theme= {token: Object} > 
  at <App> @ http://127.0.0.1:5173/@vite/client:528
[ 1853974ms] [WARNING] [Vue warn]: Invalid prop: type check failed for prop "onKeydown". Expected Function, got Array  
  at <ATextarea value="" onUpdate:value=fn rows=4  ... > 
  at <Anonymous value= {hashed: true, components: Object, theme: undefined, token: Object} > 
  at <ALocaleProvider locale=undefined ANT_MARK__="internalMark" > 
  at <LocaleReceiver children=fn<children> > 
  at <AConfigProvider theme= {token: Object} > 
  at <App> @ http://127.0.0.1:5173/@vite/client:528
[ 1853975ms] [WARNING] [Vue warn]: Invalid prop: type check failed for prop "onKeydown". Expected Function, got Array  
  at <ATextarea value="" onUpdate:value=fn rows=4  ... > 
  at <Anonymous value= {hashed: true, components: Object, theme: undefined, token: Object} > 
  at <ALocaleProvider locale=undefined ANT_MARK__="internalMark" > 
  at <LocaleReceiver children=fn<children> > 
  at <AConfigProvider theme= {token: Object} > 
  at <App> @ http://127.0.0.1:5173/@vite/client:528
[ 1853977ms] [WARNING] [Vue warn]: Invalid prop: type check failed for prop "onKeydown". Expected Function, got Array  
  at <ATextarea value="" onUpdate:value=fn rows=4  ... > 
  at <Anonymous value= {hashed: true, components: Object, theme: undefined, token: Object} > 
  at <ALocaleProvider locale=undefined ANT_MARK__="internalMark" > 
  at <LocaleReceiver children=fn<children> > 
  at <AConfigProvider theme= {token: Object} > 
  at <App> @ http://127.0.0.1:5173/@vite/client:528
[ 1853978ms] [WARNING] [Vue warn]: Invalid prop: type check failed for prop "onKeydown". Expected Function, got Array  
  at <ATextarea value="" onUpdate:value=fn rows=4  ... > 
  at <Anonymous value= {hashed: true, components: Object, theme: undefined, token: Object} > 
  at <ALocaleProvider locale=undefined ANT_MARK__="internalMark" > 
  at <LocaleReceiver children=fn<children> > 
  at <AConfigProvider theme= {token: Object} > 
  at <App> @ http://127.0.0.1:5173/@vite/client:528
[ 1853980ms] [WARNING] [Vue warn]: Invalid prop: type check failed for prop "onKeydown". Expected Function, got Array  
  at <ATextarea value="" onUpdate:value=fn rows=4  ... > 
  at <Anonymous value= {hashed: true, components: Object, theme: undefined, token: Object} > 
  at <ALocaleProvider locale=undefined ANT_MARK__="internalMark" > 
  at <LocaleReceiver children=fn<children> > 
  at <AConfigProvider theme= {token: Object} > 
  at <App> @ http://127.0.0.1:5173/@vite/client:528
[ 1853982ms] [WARNING] [Vue warn]: Invalid prop: type check failed for prop "onKeydown". Expected Function, got Array  
  at <ATextarea value="" onUpdate:value=fn rows=4  ... > 
  at <Anonymous value= {hashed: true, components: Object, theme: undefined, token: Object} > 
  at <ALocaleProvider locale=undefined ANT_MARK__="internalMark" > 
  at <LocaleReceiver children=fn<children> > 
  at <AConfigProvider theme= {token: Object} > 
  at <App> @ http://127.0.0.1:5173/@vite/client:528
[ 1853983ms] [WARNING] [Vue warn]: Invalid prop: type check failed for prop "onKeydown". Expected Function, got Array  
  at <ATextarea value="" onUpdate:value=fn rows=4  ... > 
  at <Anonymous value= {hashed: true, components: Object, theme: undefined, token: Object} > 
  at <ALocaleProvider locale=undefined ANT_MARK__="internalMark" > 
  at <LocaleReceiver children=fn<children> > 
  at <AConfigProvider theme= {token: Object} > 
  at <App> @ http://127.0.0.1:5173/@vite/client:528
[ 1853985ms] [WARNING] [Vue warn]: Invalid prop: type check failed for prop "onKeydown". Expected Function, got Array  
  at <ATextarea value="" onUpdate:value=fn rows=4  ... > 
  at <Anonymous value= {hashed: true, components: Object, theme: undefined, token: Object} > 
  at <ALocaleProvider locale=undefined ANT_MARK__="internalMark" > 
  at <LocaleReceiver children=fn<children> > 
  at <AConfigProvider theme= {token: Object} > 
  at <App> @ http://127.0.0.1:5173/@vite/client:528
[ 1853986ms] [WARNING] [Vue warn]: Invalid prop: type check failed for prop "onKeydown". Expected Function, got Array  
  at <ATextarea value="" onUpdate:value=fn rows=4  ... > 
  at <Anonymous value= {hashed: true, components: Object, theme: undefined, token: Object} > 
  at <ALocaleProvider locale=undefined ANT_MARK__="internalMark" > 
  at <LocaleReceiver children=fn<children> > 
  at <AConfigProvider theme= {token: Object} > 
  at <App> @ http://127.0.0.1:5173/@vite/client:528
[ 1853988ms] [WARNING] [Vue warn]: Invalid prop: type check failed for prop "onKeydown". Expected Function, got Array  
  at <ATextarea value="" onUpdate:value=fn rows=4  ... > 
  at <Anonymous value= {hashed: true, components: Object, theme: undefined, token: Object} > 
  at <ALocaleProvider locale=undefined ANT_MARK__="internalMark" > 
  at <LocaleReceiver children=fn<children> > 
  at <AConfigProvider theme= {token: Object} > 
  at <App> @ http://127.0.0.1:5173/@vite/client:528
[ 1853989ms] [WARNING] [Vue warn]: Invalid prop: type check failed for prop "onKeydown". Expected Function, got Array  
  at <ATextarea value="" onUpdate:value=fn rows=4  ... > 
  at <Anonymous value= {hashed: true, components: Object, theme: undefined, token: Object} > 
  at <ALocaleProvider locale=undefined ANT_MARK__="internalMark" > 
  at <LocaleReceiver children=fn<children> > 
  at <AConfigProvider theme= {token: Object} > 
  at <App> @ http://127.0.0.1:5173/@vite/client:528
[ 1853991ms] [WARNING] [Vue warn]: Invalid prop: type check failed for prop "onKeydown". Expected Function, got Array  
  at <ATextarea value="" onUpdate:value=fn rows=4  ... > 
  at <Anonymous value= {hashed: true, components: Object, theme: undefined, token: Object} > 
  at <ALocaleProvider locale=undefined ANT_MARK__="internalMark" > 
  at <LocaleReceiver children=fn<children> > 
  at <AConfigProvider theme= {token: Object} > 
  at <App> @ http://127.0.0.1:5173/@vite/client:528
[ 1853993ms] [WARNING] [Vue warn]: Invalid prop: type check failed for prop "onKeydown". Expected Function, got Array  
  at <ATextarea value="" onUpdate:value=fn rows=4  ... > 
  at <Anonymous value= {hashed: true, components: Object, theme: undefined, token: Object} > 
  at <ALocaleProvider locale=undefined ANT_MARK__="internalMark" > 
  at <LocaleReceiver children=fn<children> > 
  at <AConfigProvider theme= {token: Object} > 
  at <App> @ http://127.0.0.1:5173/@vite/client:528
[ 1853995ms] [WARNING] [Vue warn]: Invalid prop: type check failed for prop "onKeydown". Expected Function, got Array  
  at <ATextarea value="" onUpdate:value=fn rows=4  ... > 
  at <Anonymous value= {hashed: true, components: Object, theme: undefined, token: Object} > 
  at <ALocaleProvider locale=undefined ANT_MARK__="internalMark" > 
  at <LocaleReceiver children=fn<children> > 
  at <AConfigProvider theme= {token: Object} > 
  at <App> @ http://127.0.0.1:5173/@vite/client:528
[ 1853996ms] [WARNING] [Vue warn]: Invalid prop: type check failed for prop "onKeydown". Expected Function, got Array  
  at <ATextarea value="" onUpdate:value=fn rows=4  ... > 
  at <Anonymous value= {hashed: true, components: Object, theme: undefined, token: Object} > 
  at <ALocaleProvider locale=undefined ANT_MARK__="internalMark" > 
  at <LocaleReceiver children=fn<children> > 
  at <AConfigProvider theme= {token: Object} > 
  at <App> @ http://127.0.0.1:5173/@vite/client:528
[ 1853998ms] [WARNING] [Vue warn]: Invalid prop: type check failed for prop "onKeydown". Expected Function, got Array  
  at <ATextarea value="" onUpdate:value=fn rows=4  ... > 
  at <Anonymous value= {hashed: true, components: Object, theme: undefined, token: Object} > 
  at <ALocaleProvider locale=undefined ANT_MARK__="internalMark" > 
  at <LocaleReceiver children=fn<children> > 
  at <AConfigProvider theme= {token: Object} > 
  at <App> @ http://127.0.0.1:5173/@vite/client:528
[ 1853999ms] [WARNING] [Vue warn]: Invalid prop: type check failed for prop "onKeydown". Expected Function, got Array  
  at <ATextarea value="" onUpdate:value=fn rows=4  ... > 
  at <Anonymous value= {hashed: true, components: Object, theme: undefined, token: Object} > 
  at <ALocaleProvider locale=undefined ANT_MARK__="internalMark" > 
  at <LocaleReceiver children=fn<children> > 
  at <AConfigProvider theme= {token: Object} > 
  at <App> @ http://127.0.0.1:5173/@vite/client:528
[ 1854001ms] [WARNING] [Vue warn]: Invalid prop: type check failed for prop "onKeydown". Expected Function, got Array  
  at <ATextarea value="" onUpdate:value=fn rows=4  ... > 
  at <Anonymous value= {hashed: true, components: Object, theme: undefined, token: Object} > 
  at <ALocaleProvider locale=undefined ANT_MARK__="internalMark" > 
  at <LocaleReceiver children=fn<children> > 
  at <AConfigProvider theme= {token: Object} > 
  at <App> @ http://127.0.0.1:5173/@vite/client:528
[ 1854004ms] [WARNING] [Vue warn]: Invalid prop: type check failed for prop "onKeydown". Expected Function, got Array  
  at <ATextarea value="" onUpdate:value=fn rows=4  ... > 
  at <Anonymous value= {hashed: true, components: Object, theme: undefined, token: Object} > 
  at <ALocaleProvider locale=undefined ANT_MARK__="internalMark" > 
  at <LocaleReceiver children=fn<children> > 
  at <AConfigProvider theme= {token: Object} > 
  at <App> @ http://127.0.0.1:5173/@vite/client:528
[ 1854005ms] [WARNING] [Vue warn]: Invalid prop: type check failed for prop "onKeydown". Expected Function, got Array  
  at <ATextarea value="" onUpdate:value=fn rows=4  ... > 
  at <Anonymous value= {hashed: true, components: Object, theme: undefined, token: Object} > 
  at <ALocaleProvider locale=undefined ANT_MARK__="internalMark" > 
  at <LocaleReceiver children=fn<children> > 
  at <AConfigProvider theme= {token: Object} > 
  at <App> @ http://127.0.0.1:5173/@vite/client:528
[ 1854007ms] [WARNING] [Vue warn]: Invalid prop: type check failed for prop "onKeydown". Expected Function, got Array  
  at <ATextarea value="" onUpdate:value=fn rows=4  ... > 
  at <Anonymous value= {hashed: true, components: Object, theme: undefined, token: Object} > 
  at <ALocaleProvider locale=undefined ANT_MARK__="internalMark" > 
  at <LocaleReceiver children=fn<children> > 
  at <AConfigProvider theme= {token: Object} > 
  at <App> @ http://127.0.0.1:5173/@vite/client:528
[ 1854008ms] [WARNING] [Vue warn]: Invalid prop: type check failed for prop "onKeydown". Expected Function, got Array  
  at <ATextarea value="" onUpdate:value=fn rows=4  ... > 
  at <Anonymous value= {hashed: true, components: Object, theme: undefined, token: Object} > 
  at <ALocaleProvider locale=undefined ANT_MARK__="internalMark" > 
  at <LocaleReceiver children=fn<children> > 
  at <AConfigProvider theme= {token: Object} > 
  at <App> @ http://127.0.0.1:5173/@vite/client:528
[ 1854010ms] [WARNING] [Vue warn]: Invalid prop: type check failed for prop "onKeydown". Expected Function, got Array  
  at <ATextarea value="" onUpdate:value=fn rows=4  ... > 
  at <Anonymous value= {hashed: true, components: Object, theme: undefined, token: Object} > 
  at <ALocaleProvider locale=undefined ANT_MARK__="internalMark" > 
  at <LocaleReceiver children=fn<children> > 
  at <AConfigProvider theme= {token: Object} > 
  at <App> @ http://127.0.0.1:5173/@vite/client:528
[ 1854011ms] [WARNING] [Vue warn]: Invalid prop: type check failed for prop "onKeydown". Expected Function, got Array  
  at <ATextarea value="" onUpdate:value=fn rows=4  ... > 
  at <Anonymous value= {hashed: true, components: Object, theme: undefined, token: Object} > 
  at <ALocaleProvider locale=undefined ANT_MARK__="internalMark" > 
  at <LocaleReceiver children=fn<children> > 
  at <AConfigProvider theme= {token: Object} > 
  at <App> @ http://127.0.0.1:5173/@vite/client:528
[ 1854013ms] [WARNING] [Vue warn]: Invalid prop: type check failed for prop "onKeydown". Expected Function, got Array  
  at <ATextarea value="" onUpdate:value=fn rows=4  ... > 
  at <Anonymous value= {hashed: true, components: Object, theme: undefined, token: Object} > 
  at <ALocaleProvider locale=undefined ANT_MARK__="internalMark" > 
  at <LocaleReceiver children=fn<children> > 
  at <AConfigProvider theme= {token: Object} > 
  at <App> @ http://127.0.0.1:5173/@vite/client:528
[ 1854015ms] [WARNING] [Vue warn]: Invalid prop: type check failed for prop "onKeydown". Expected Function, got Array  
  at <ATextarea value="" onUpdate:value=fn rows=4  ... > 
  at <Anonymous value= {hashed: true, components: Object, theme: undefined, token: Object} > 
  at <ALocaleProvider locale=undefined ANT_MARK__="internalMark" > 
  at <LocaleReceiver children=fn<children> > 
  at <AConfigProvider theme= {token: Object} > 
  at <App> @ http://127.0.0.1:5173/@vite/client:528
[ 1854017ms] [WARNING] [Vue warn]: Invalid prop: type check failed for prop "onKeydown". Expected Function, got Array  
  at <ATextarea value="" onUpdate:value=fn rows=4  ... > 
  at <Anonymous value= {hashed: true, components: Object, theme: undefined, token: Object} > 
  at <ALocaleProvider locale=undefined ANT_MARK__="internalMark" > 
  at <LocaleReceiver children=fn<children> > 
  at <AConfigProvider theme= {token: Object} > 
  at <App> @ http://127.0.0.1:5173/@vite/client:528
[ 1854018ms] [WARNING] [Vue warn]: Invalid prop: type check failed for prop "onKeydown". Expected Function, got Array  
  at <ATextarea value="" onUpdate:value=fn rows=4  ... > 
  at <Anonymous value= {hashed: true, components: Object, theme: undefined, token: Object} > 
  at <ALocaleProvider locale=undefined ANT_MARK__="internalMark" > 
  at <LocaleReceiver children=fn<children> > 
  at <AConfigProvider theme= {token: Object} > 
  at <App> @ http://127.0.0.1:5173/@vite/client:528
[ 1854020ms] [WARNING] [Vue warn]: Invalid prop: type check failed for prop "onKeydown". Expected Function, got Array  
  at <ATextarea value="" onUpdate:value=fn rows=4  ... > 
  at <Anonymous value= {hashed: true, components: Object, theme: undefined, token: Object} > 
  at <ALocaleProvider locale=undefined ANT_MARK__="internalMark" > 
  at <LocaleReceiver children=fn<children> > 
  at <AConfigProvider theme= {token: Object} > 
  at <App> @ http://127.0.0.1:5173/@vite/client:528
[ 1854021ms] [WARNING] [Vue warn]: Invalid prop: type check failed for prop "onKeydown". Expected Function, got Array  
  at <ATextarea value="" onUpdate:value=fn rows=4  ... > 
  at <Anonymous value= {hashed: true, components: Object, theme: undefined, token: Object} > 
  at <ALocaleProvider locale=undefined ANT_MARK__="internalMark" > 
  at <LocaleReceiver children=fn<children> > 
  at <AConfigProvider theme= {token: Object} > 
  at <App> @ http://127.0.0.1:5173/@vite/client:528
[ 1854023ms] [WARNING] [Vue warn]: Invalid prop: type check failed for prop "onKeydown". Expected Function, got Array  
  at <ATextarea value="" onUpdate:value=fn rows=4  ... > 
  at <Anonymous value= {hashed: true, components: Object, theme: undefined, token: Object} > 
  at <ALocaleProvider locale=undefined ANT_MARK__="internalMark" > 
  at <LocaleReceiver children=fn<children> > 
  at <AConfigProvider theme= {token: Object} > 
  at <App> @ http://127.0.0.1:5173/@vite/client:528
[ 1854024ms] [WARNING] [Vue warn]: Invalid prop: type check failed for prop "onKeydown". Expected Function, got Array  
  at <ATextarea value="" onUpdate:value=fn rows=4  ... > 
  at <Anonymous value= {hashed: true, components: Object, theme: undefined, token: Object} > 
  at <ALocaleProvider locale=undefined ANT_MARK__="internalMark" > 
  at <LocaleReceiver children=fn<children> > 
  at <AConfigProvider theme= {token: Object} > 
  at <App> @ http://127.0.0.1:5173/@vite/client:528
[ 1854026ms] [WARNING] [Vue warn]: Invalid prop: type check failed for prop "onKeydown". Expected Function, got Array  
  at <ATextarea value="" onUpdate:value=fn rows=4  ... > 
  at <Anonymous value= {hashed: true, components: Object, theme: undefined, token: Object} > 
  at <ALocaleProvider locale=undefined ANT_MARK__="internalMark" > 
  at <LocaleReceiver children=fn<children> > 
  at <AConfigProvider theme= {token: Object} > 
  at <App> @ http://127.0.0.1:5173/@vite/client:528
[ 1854027ms] [WARNING] [Vue warn]: Invalid prop: type check failed for prop "onKeydown". Expected Function, got Array  
  at <ATextarea value="" onUpdate:value=fn rows=4  ... > 
  at <Anonymous value= {hashed: true, components: Object, theme: undefined, token: Object} > 
  at <ALocaleProvider locale=undefined ANT_MARK__="internalMark" > 
  at <LocaleReceiver children=fn<children> > 
  at <AConfigProvider theme= {token: Object} > 
  at <App> @ http://127.0.0.1:5173/@vite/client:528
[ 1854029ms] [WARNING] [Vue warn]: Invalid prop: type check failed for prop "onKeydown". Expected Function, got Array  
  at <ATextarea value="" onUpdate:value=fn rows=4  ... > 
  at <Anonymous value= {hashed: true, components: Object, theme: undefined, token: Object} > 
  at <ALocaleProvider locale=undefined ANT_MARK__="internalMark" > 
  at <LocaleReceiver children=fn<children> > 
  at <AConfigProvider theme= {token: Object} > 
  at <App> @ http://127.0.0.1:5173/@vite/client:528
[ 1854030ms] [WARNING] [Vue warn]: Invalid prop: type check failed for prop "onKeydown". Expected Function, got Array  
  at <ATextarea value="" onUpdate:value=fn rows=4  ... > 
  at <Anonymous value= {hashed: true, components: Object, theme: undefined, token: Object} > 
  at <ALocaleProvider locale=undefined ANT_MARK__="internalMark" > 
  at <LocaleReceiver children=fn<children> > 
  at <AConfigProvider theme= {token: Object} > 
  at <App> @ http://127.0.0.1:5173/@vite/client:528
[ 1854032ms] [WARNING] [Vue warn]: Invalid prop: type check failed for prop "onKeydown". Expected Function, got Array  
  at <ATextarea value="" onUpdate:value=fn rows=4  ... > 
  at <Anonymous value= {hashed: true, components: Object, theme: undefined, token: Object} > 
  at <ALocaleProvider locale=undefined ANT_MARK__="internalMark" > 
  at <LocaleReceiver children=fn<children> > 
  at <AConfigProvider theme= {token: Object} > 
  at <App> @ http://127.0.0.1:5173/@vite/client:528
[ 1854033ms] [WARNING] [Vue warn]: Invalid prop: type check failed for prop "onKeydown". Expected Function, got Array  
  at <ATextarea value="" onUpdate:value=fn rows=4  ... > 
  at <Anonymous value= {hashed: true, components: Object, theme: undefined, token: Object} > 
  at <ALocaleProvider locale=undefined ANT_MARK__="internalMark" > 
  at <LocaleReceiver children=fn<children> > 
  at <AConfigProvider theme= {token: Object} > 
  at <App> @ http://127.0.0.1:5173/@vite/client:528
[ 1854035ms] [WARNING] [Vue warn]: Invalid prop: type check failed for prop "onKeydown". Expected Function, got Array  
  at <ATextarea value="" onUpdate:value=fn rows=4  ... > 
  at <Anonymous value= {hashed: true, components: Object, theme: undefined, token: Object} > 
  at <ALocaleProvider locale=undefined ANT_MARK__="internalMark" > 
  at <LocaleReceiver children=fn<children> > 
  at <AConfigProvider theme= {token: Object} > 
  at <App> @ http://127.0.0.1:5173/@vite/client:528
[ 1854037ms] [WARNING] [Vue warn]: Invalid prop: type check failed for prop "onKeydown". Expected Function, got Array  
  at <ATextarea value="" onUpdate:value=fn rows=4  ... > 
  at <Anonymous value= {hashed: true, components: Object, theme: undefined, token: Object} > 
  at <ALocaleProvider locale=undefined ANT_MARK__="internalMark" > 
  at <LocaleReceiver children=fn<children> > 
  at <AConfigProvider theme= {token: Object} > 
  at <App> @ http://127.0.0.1:5173/@vite/client:528
[ 1854039ms] [WARNING] [Vue warn]: Invalid prop: type check failed for prop "onKeydown". Expected Function, got Array  
  at <ATextarea value="" onUpdate:value=fn rows=4  ... > 
  at <Anonymous value= {hashed: true, components: Object, theme: undefined, token: Object} > 
  at <ALocaleProvider locale=undefined ANT_MARK__="internalMark" > 
  at <LocaleReceiver children=fn<children> > 
  at <AConfigProvider theme= {token: Object} > 
  at <App> @ http://127.0.0.1:5173/@vite/client:528
[ 1854040ms] [WARNING] [Vue warn]: Invalid prop: type check failed for prop "onKeydown". Expected Function, got Array  
  at <ATextarea value="" onUpdate:value=fn rows=4  ... > 
  at <Anonymous value= {hashed: true, components: Object, theme: undefined, token: Object} > 
  at <ALocaleProvider locale=undefined ANT_MARK__="internalMark" > 
  at <LocaleReceiver children=fn<children> > 
  at <AConfigProvider theme= {token: Object} > 
  at <App> @ http://127.0.0.1:5173/@vite/client:528
[ 1854041ms] [WARNING] [Vue warn]: Invalid prop: type check failed for prop "onKeydown". Expected Function, got Array  
  at <ATextarea value="" onUpdate:value=fn rows=4  ... > 
  at <Anonymous value= {hashed: true, components: Object, theme: undefined, token: Object} > 
  at <ALocaleProvider locale=undefined ANT_MARK__="internalMark" > 
  at <LocaleReceiver children=fn<children> > 
  at <AConfigProvider theme= {token: Object} > 
  at <App> @ http://127.0.0.1:5173/@vite/client:528
[ 1854043ms] [WARNING] [Vue warn]: Invalid prop: type check failed for prop "onKeydown". Expected Function, got Array  
  at <ATextarea value="" onUpdate:value=fn rows=4  ... > 
  at <Anonymous value= {hashed: true, components: Object, theme: undefined, token: Object} > 
  at <ALocaleProvider locale=undefined ANT_MARK__="internalMark" > 
  at <LocaleReceiver children=fn<children> > 
  at <AConfigProvider theme= {token: Object} > 
  at <App> @ http://127.0.0.1:5173/@vite/client:528
[ 1854045ms] [WARNING] [Vue warn]: Invalid prop: type check failed for prop "onKeydown". Expected Function, got Array  
  at <ATextarea value="" onUpdate:value=fn rows=4  ... > 
  at <Anonymous value= {hashed: true, components: Object, theme: undefined, token: Object} > 
  at <ALocaleProvider locale=undefined ANT_MARK__="internalMark" > 
  at <LocaleReceiver children=fn<children> > 
  at <AConfigProvider theme= {token: Object} > 
  at <App> @ http://127.0.0.1:5173/@vite/client:528
[ 1854046ms] [WARNING] [Vue warn]: Invalid prop: type check failed for prop "onKeydown". Expected Function, got Array  
  at <ATextarea value="" onUpdate:value=fn rows=4  ... > 
  at <Anonymous value= {hashed: true, components: Object, theme: undefined, token: Object} > 
  at <ALocaleProvider locale=undefined ANT_MARK__="internalMark" > 
  at <LocaleReceiver children=fn<children> > 
  at <AConfigProvider theme= {token: Object} > 
  at <App> @ http://127.0.0.1:5173/@vite/client:528
[ 1854047ms] [WARNING] [Vue warn]: Invalid prop: type check failed for prop "onKeydown". Expected Function, got Array  
  at <ATextarea value="" onUpdate:value=fn rows=4  ... > 
  at <Anonymous value= {hashed: true, components: Object, theme: undefined, token: Object} > 
  at <ALocaleProvider locale=undefined ANT_MARK__="internalMark" > 
  at <LocaleReceiver children=fn<children> > 
  at <AConfigProvider theme= {token: Object} > 
  at <App> @ http://127.0.0.1:5173/@vite/client:528
[ 1854049ms] [WARNING] [Vue warn]: Invalid prop: type check failed for prop "onKeydown". Expected Function, got Array  
  at <ATextarea value="" onUpdate:value=fn rows=4  ... > 
  at <Anonymous value= {hashed: true, components: Object, theme: undefined, token: Object} > 
  at <ALocaleProvider locale=undefined ANT_MARK__="internalMark" > 
  at <LocaleReceiver children=fn<children> > 
  at <AConfigProvider theme= {token: Object} > 
  at <App> @ http://127.0.0.1:5173/@vite/client:528
[ 1854051ms] [WARNING] [Vue warn]: Invalid prop: type check failed for prop "onKeydown". Expected Function, got Array  
  at <ATextarea value="" onUpdate:value=fn rows=4  ... > 
  at <Anonymous value= {hashed: true, components: Object, theme: undefined, token: Object} > 
  at <ALocaleProvider locale=undefined ANT_MARK__="internalMark" > 
  at <LocaleReceiver children=fn<children> > 
  at <AConfigProvider theme= {token: Object} > 
  at <App> @ http://127.0.0.1:5173/@vite/client:528
[ 1854052ms] [WARNING] [Vue warn]: Invalid prop: type check failed for prop "onKeydown". Expected Function, got Array  
  at <ATextarea value="" onUpdate:value=fn rows=4  ... > 
  at <Anonymous value= {hashed: true, components: Object, theme: undefined, token: Object} > 
  at <ALocaleProvider locale=undefined ANT_MARK__="internalMark" > 
  at <LocaleReceiver children=fn<children> > 
  at <AConfigProvider theme= {token: Object} > 
  at <App> @ http://127.0.0.1:5173/@vite/client:528
[ 1854054ms] [WARNING] [Vue warn]: Invalid prop: type check failed for prop "onKeydown". Expected Function, got Array  
  at <ATextarea value="" onUpdate:value=fn rows=4  ... > 
  at <Anonymous value= {hashed: true, components: Object, theme: undefined, token: Object} > 
  at <ALocaleProvider locale=undefined ANT_MARK__="internalMark" > 
  at <LocaleReceiver children=fn<children> > 
  at <AConfigProvider theme= {token: Object} > 
  at <App> @ http://127.0.0.1:5173/@vite/client:528
[ 1854055ms] [WARNING] [Vue warn]: Invalid prop: type check failed for prop "onKeydown". Expected Function, got Array  
  at <ATextarea value="" onUpdate:value=fn rows=4  ... > 
  at <Anonymous value= {hashed: true, components: Object, theme: undefined, token: Object} > 
  at <ALocaleProvider locale=undefined ANT_MARK__="internalMark" > 
  at <LocaleReceiver children=fn<children> > 
  at <AConfigProvider theme= {token: Object} > 
  at <App> @ http://127.0.0.1:5173/@vite/client:528
[ 1854057ms] [WARNING] [Vue warn]: Invalid prop: type check failed for prop "onKeydown". Expected Function, got Array  
  at <ATextarea value="" onUpdate:value=fn rows=4  ... > 
  at <Anonymous value= {hashed: true, components: Object, theme: undefined, token: Object} > 
  at <ALocaleProvider locale=undefined ANT_MARK__="internalMark" > 
  at <LocaleReceiver children=fn<children> > 
  at <AConfigProvider theme= {token: Object} > 
  at <App> @ http://127.0.0.1:5173/@vite/client:528
[ 1854058ms] [WARNING] [Vue warn]: Invalid prop: type check failed for prop "onKeydown". Expected Function, got Array  
  at <ATextarea value="" onUpdate:value=fn rows=4  ... > 
  at <Anonymous value= {hashed: true, components: Object, theme: undefined, token: Object} > 
  at <ALocaleProvider locale=undefined ANT_MARK__="internalMark" > 
  at <LocaleReceiver children=fn<children> > 
  at <AConfigProvider theme= {token: Object} > 
  at <App> @ http://127.0.0.1:5173/@vite/client:528
[ 1854060ms] [WARNING] [Vue warn]: Invalid prop: type check failed for prop "onKeydown". Expected Function, got Array  
  at <ATextarea value="" onUpdate:value=fn rows=4  ... > 
  at <Anonymous value= {hashed: true, components: Object, theme: undefined, token: Object} > 
  at <ALocaleProvider locale=undefined ANT_MARK__="internalMark" > 
  at <LocaleReceiver children=fn<children> > 
  at <AConfigProvider theme= {token: Object} > 
  at <App> @ http://127.0.0.1:5173/@vite/client:528
[ 1854061ms] [WARNING] [Vue warn]: Invalid prop: type check failed for prop "onKeydown". Expected Function, got Array  
  at <ATextarea value="" onUpdate:value=fn rows=4  ... > 
  at <Anonymous value= {hashed: true, components: Object, theme: undefined, token: Object} > 
  at <ALocaleProvider locale=undefined ANT_MARK__="internalMark" > 
  at <LocaleReceiver children=fn<children> > 
  at <AConfigProvider theme= {token: Object} > 
  at <App> @ http://127.0.0.1:5173/@vite/client:528
[ 1854063ms] [WARNING] [Vue warn]: Invalid prop: type check failed for prop "onKeydown". Expected Function, got Array  
  at <ATextarea value="" onUpdate:value=fn rows=4  ... > 
  at <Anonymous value= {hashed: true, components: Object, theme: undefined, token: Object} > 
  at <ALocaleProvider locale=undefined ANT_MARK__="internalMark" > 
  at <LocaleReceiver children=fn<children> > 
  at <AConfigProvider theme= {token: Object} > 
  at <App> @ http://127.0.0.1:5173/@vite/client:528
[ 1854064ms] [WARNING] [Vue warn]: Invalid prop: type check failed for prop "onKeydown". Expected Function, got Array  
  at <ATextarea value="" onUpdate:value=fn rows=4  ... > 
  at <Anonymous value= {hashed: true, components: Object, theme: undefined, token: Object} > 
  at <ALocaleProvider locale=undefined ANT_MARK__="internalMark" > 
  at <LocaleReceiver children=fn<children> > 
  at <AConfigProvider theme= {token: Object} > 
  at <App> @ http://127.0.0.1:5173/@vite/client:528
[ 1854066ms] [WARNING] [Vue warn]: Invalid prop: type check failed for prop "onKeydown". Expected Function, got Array  
  at <ATextarea value="" onUpdate:value=fn rows=4  ... > 
  at <Anonymous value= {hashed: true, components: Object, theme: undefined, token: Object} > 
  at <ALocaleProvider locale=undefined ANT_MARK__="internalMark" > 
  at <LocaleReceiver children=fn<children> > 
  at <AConfigProvider theme= {token: Object} > 
  at <App> @ http://127.0.0.1:5173/@vite/client:528
[ 1854067ms] [WARNING] [Vue warn]: Invalid prop: type check failed for prop "onKeydown". Expected Function, got Array  
  at <ATextarea value="" onUpdate:value=fn rows=4  ... > 
  at <Anonymous value= {hashed: true, components: Object, theme: undefined, token: Object} > 
  at <ALocaleProvider locale=undefined ANT_MARK__="internalMark" > 
  at <LocaleReceiver children=fn<children> > 
  at <AConfigProvider theme= {token: Object} > 
  at <App> @ http://127.0.0.1:5173/@vite/client:528
[ 1854068ms] [WARNING] [Vue warn]: Invalid prop: type check failed for prop "onKeydown". Expected Function, got Array  
  at <ATextarea value="" onUpdate:value=fn rows=4  ... > 
  at <Anonymous value= {hashed: true, components: Object, theme: undefined, token: Object} > 
  at <ALocaleProvider locale=undefined ANT_MARK__="internalMark" > 
  at <LocaleReceiver children=fn<children> > 
  at <AConfigProvider theme= {token: Object} > 
  at <App> @ http://127.0.0.1:5173/@vite/client:528
[ 1854070ms] [WARNING] [Vue warn]: Invalid prop: type check failed for prop "onKeydown". Expected Function, got Array  
  at <ATextarea value="" onUpdate:value=fn rows=4  ... > 
  at <Anonymous value= {hashed: true, components: Object, theme: undefined, token: Object} > 
  at <ALocaleProvider locale=undefined ANT_MARK__="internalMark" > 
  at <LocaleReceiver children=fn<children> > 
  at <AConfigProvider theme= {token: Object} > 
  at <App> @ http://127.0.0.1:5173/@vite/client:528
[ 1854071ms] [WARNING] [Vue warn]: Invalid prop: type check failed for prop "onKeydown". Expected Function, got Array  
  at <ATextarea value="" onUpdate:value=fn rows=4  ... > 
  at <Anonymous value= {hashed: true, components: Object, theme: undefined, token: Object} > 
  at <ALocaleProvider locale=undefined ANT_MARK__="internalMark" > 
  at <LocaleReceiver children=fn<children> > 
  at <AConfigProvider theme= {token: Object} > 
  at <App> @ http://127.0.0.1:5173/@vite/client:528
[ 1854073ms] [WARNING] [Vue warn]: Invalid prop: type check failed for prop "onKeydown". Expected Function, got Array  
  at <ATextarea value="" onUpdate:value=fn rows=4  ... > 
  at <Anonymous value= {hashed: true, components: Object, theme: undefined, token: Object} > 
  at <ALocaleProvider locale=undefined ANT_MARK__="internalMark" > 
  at <LocaleReceiver children=fn<children> > 
  at <AConfigProvider theme= {token: Object} > 
  at <App> @ http://127.0.0.1:5173/@vite/client:528
[ 1854074ms] [WARNING] [Vue warn]: Invalid prop: type check failed for prop "onKeydown". Expected Function, got Array  
  at <ATextarea value="" onUpdate:value=fn rows=4  ... > 
  at <Anonymous value= {hashed: true, components: Object, theme: undefined, token: Object} > 
  at <ALocaleProvider locale=undefined ANT_MARK__="internalMark" > 
  at <LocaleReceiver children=fn<children> > 
  at <AConfigProvider theme= {token: Object} > 
  at <App> @ http://127.0.0.1:5173/@vite/client:528
[ 1854076ms] [WARNING] [Vue warn]: Invalid prop: type check failed for prop "onKeydown". Expected Function, got Array  
  at <ATextarea value="" onUpdate:value=fn rows=4  ... > 
  at <Anonymous value= {hashed: true, components: Object, theme: undefined, token: Object} > 
  at <ALocaleProvider locale=undefined ANT_MARK__="internalMark" > 
  at <LocaleReceiver children=fn<children> > 
  at <AConfigProvider theme= {token: Object} > 
  at <App> @ http://127.0.0.1:5173/@vite/client:528
[ 1854078ms] [WARNING] [Vue warn]: Invalid prop: type check failed for prop "onKeydown". Expected Function, got Array  
  at <ATextarea value="" onUpdate:value=fn rows=4  ... > 
  at <Anonymous value= {hashed: true, components: Object, theme: undefined, token: Object} > 
  at <ALocaleProvider locale=undefined ANT_MARK__="internalMark" > 
  at <LocaleReceiver children=fn<children> > 
  at <AConfigProvider theme= {token: Object} > 
  at <App> @ http://127.0.0.1:5173/@vite/client:528
[ 1854080ms] [WARNING] [Vue warn]: Invalid prop: type check failed for prop "onKeydown". Expected Function, got Array  
  at <ATextarea value="" onUpdate:value=fn rows=4  ... > 
  at <Anonymous value= {hashed: true, components: Object, theme: undefined, token: Object} > 
  at <ALocaleProvider locale=undefined ANT_MARK__="internalMark" > 
  at <LocaleReceiver children=fn<children> > 
  at <AConfigProvider theme= {token: Object} > 
  at <App> @ http://127.0.0.1:5173/@vite/client:528
[ 1854081ms] [WARNING] [Vue warn]: Invalid prop: type check failed for prop "onKeydown". Expected Function, got Array  
  at <ATextarea value="" onUpdate:value=fn rows=4  ... > 
  at <Anonymous value= {hashed: true, components: Object, theme: undefined, token: Object} > 
  at <ALocaleProvider locale=undefined ANT_MARK__="internalMark" > 
  at <LocaleReceiver children=fn<children> > 
  at <AConfigProvider theme= {token: Object} > 
  at <App> @ http://127.0.0.1:5173/@vite/client:528
[ 1854083ms] [WARNING] [Vue warn]: Invalid prop: type check failed for prop "onKeydown". Expected Function, got Array  
  at <ATextarea value="" onUpdate:value=fn rows=4  ... > 
  at <Anonymous value= {hashed: true, components: Object, theme: undefined, token: Object} > 
  at <ALocaleProvider locale=undefined ANT_MARK__="internalMark" > 
  at <LocaleReceiver children=fn<children> > 
  at <AConfigProvider theme= {token: Object} > 
  at <App> @ http://127.0.0.1:5173/@vite/client:528
[ 1854084ms] [WARNING] [Vue warn]: Invalid prop: type check failed for prop "onKeydown". Expected Function, got Array  
  at <ATextarea value="" onUpdate:value=fn rows=4  ... > 
  at <Anonymous value= {hashed: true, components: Object, theme: undefined, token: Object} > 
  at <ALocaleProvider locale=undefined ANT_MARK__="internalMark" > 
  at <LocaleReceiver children=fn<children> > 
  at <AConfigProvider theme= {token: Object} > 
  at <App> @ http://127.0.0.1:5173/@vite/client:528
[ 1854086ms] [WARNING] [Vue warn]: Invalid prop: type check failed for prop "onKeydown". Expected Function, got Array  
  at <ATextarea value="" onUpdate:value=fn rows=4  ... > 
  at <Anonymous value= {hashed: true, components: Object, theme: undefined, token: Object} > 
  at <ALocaleProvider locale=undefined ANT_MARK__="internalMark" > 
  at <LocaleReceiver children=fn<children> > 
  at <AConfigProvider theme= {token: Object} > 
  at <App> @ http://127.0.0.1:5173/@vite/client:528
[ 1854087ms] [WARNING] [Vue warn]: Invalid prop: type check failed for prop "onKeydown". Expected Function, got Array  
  at <ATextarea value="" onUpdate:value=fn rows=4  ... > 
  at <Anonymous value= {hashed: true, components: Object, theme: undefined, token: Object} > 
  at <ALocaleProvider locale=undefined ANT_MARK__="internalMark" > 
  at <LocaleReceiver children=fn<children> > 
  at <AConfigProvider theme= {token: Object} > 
  at <App> @ http://127.0.0.1:5173/@vite/client:528
[ 1854089ms] [WARNING] [Vue warn]: Invalid prop: type check failed for prop "onKeydown". Expected Function, got Array  
  at <ATextarea value="" onUpdate:value=fn rows=4  ... > 
  at <Anonymous value= {hashed: true, components: Object, theme: undefined, token: Object} > 
  at <ALocaleProvider locale=undefined ANT_MARK__="internalMark" > 
  at <LocaleReceiver children=fn<children> > 
  at <AConfigProvider theme= {token: Object} > 
  at <App> @ http://127.0.0.1:5173/@vite/client:528
[ 1854090ms] [WARNING] [Vue warn]: Invalid prop: type check failed for prop "onKeydown". Expected Function, got Array  
  at <ATextarea value="" onUpdate:value=fn rows=4  ... > 
  at <Anonymous value= {hashed: true, components: Object, theme: undefined, token: Object} > 
  at <ALocaleProvider locale=undefined ANT_MARK__="internalMark" > 
  at <LocaleReceiver children=fn<children> > 
  at <AConfigProvider theme= {token: Object} > 
  at <App> @ http://127.0.0.1:5173/@vite/client:528
[ 1854092ms] [WARNING] [Vue warn]: Invalid prop: type check failed for prop "onKeydown". Expected Function, got Array  
  at <ATextarea value="" onUpdate:value=fn rows=4  ... > 
  at <Anonymous value= {hashed: true, components: Object, theme: undefined, token: Object} > 
  at <ALocaleProvider locale=undefined ANT_MARK__="internalMark" > 
  at <LocaleReceiver children=fn<children> > 
  at <AConfigProvider theme= {token: Object} > 
  at <App> @ http://127.0.0.1:5173/@vite/client:528
[ 1854093ms] [WARNING] [Vue warn]: Invalid prop: type check failed for prop "onKeydown". Expected Function, got Array  
  at <ATextarea value="" onUpdate:value=fn rows=4  ... > 
  at <Anonymous value= {hashed: true, components: Object, theme: undefined, token: Object} > 
  at <ALocaleProvider locale=undefined ANT_MARK__="internalMark" > 
  at <LocaleReceiver children=fn<children> > 
  at <AConfigProvider theme= {token: Object} > 
  at <App> @ http://127.0.0.1:5173/@vite/client:528
[ 1854095ms] [WARNING] [Vue warn]: Invalid prop: type check failed for prop "onKeydown". Expected Function, got Array  
  at <ATextarea value="" onUpdate:value=fn rows=4  ... > 
  at <Anonymous value= {hashed: true, components: Object, theme: undefined, token: Object} > 
  at <ALocaleProvider locale=undefined ANT_MARK__="internalMark" > 
  at <LocaleReceiver children=fn<children> > 
  at <AConfigProvider theme= {token: Object} > 
  at <App> @ http://127.0.0.1:5173/@vite/client:528
[ 1854096ms] [WARNING] [Vue warn]: Invalid prop: type check failed for prop "onKeydown". Expected Function, got Array  
  at <ATextarea value="" onUpdate:value=fn rows=4  ... > 
  at <Anonymous value= {hashed: true, components: Object, theme: undefined, token: Object} > 
  at <ALocaleProvider locale=undefined ANT_MARK__="internalMark" > 
  at <LocaleReceiver children=fn<children> > 
  at <AConfigProvider theme= {token: Object} > 
  at <App> @ http://127.0.0.1:5173/@vite/client:528
[ 1854098ms] [WARNING] [Vue warn]: Invalid prop: type check failed for prop "onKeydown". Expected Function, got Array  
  at <ATextarea value="" onUpdate:value=fn rows=4  ... > 
  at <Anonymous value= {hashed: true, components: Object, theme: undefined, token: Object} > 
  at <ALocaleProvider locale=undefined ANT_MARK__="internalMark" > 
  at <LocaleReceiver children=fn<children> > 
  at <AConfigProvider theme= {token: Object} > 
  at <App> @ http://127.0.0.1:5173/@vite/client:528
[ 1854100ms] [WARNING] [Vue warn]: Invalid prop: type check failed for prop "onKeydown". Expected Function, got Array  
  at <ATextarea value="" onUpdate:value=fn rows=4  ... > 
  at <Anonymous value= {hashed: true, components: Object, theme: undefined, token: Object} > 
  at <ALocaleProvider locale=undefined ANT_MARK__="internalMark" > 
  at <LocaleReceiver children=fn<children> > 
  at <AConfigProvider theme= {token: Object} > 
  at <App> @ http://127.0.0.1:5173/@vite/client:528
[ 1854101ms] [WARNING] [Vue warn]: Invalid prop: type check failed for prop "onKeydown". Expected Function, got Array  
  at <ATextarea value="" onUpdate:value=fn rows=4  ... > 
  at <Anonymous value= {hashed: true, components: Object, theme: undefined, token: Object} > 
  at <ALocaleProvider locale=undefined ANT_MARK__="internalMark" > 
  at <LocaleReceiver children=fn<children> > 
  at <AConfigProvider theme= {token: Object} > 
  at <App> @ http://127.0.0.1:5173/@vite/client:528
[ 1854103ms] [WARNING] [Vue warn]: Invalid prop: type check failed for prop "onKeydown". Expected Function, got Array  
  at <ATextarea value="" onUpdate:value=fn rows=4  ... > 
  at <Anonymous value= {hashed: true, components: Object, theme: undefined, token: Object} > 
  at <ALocaleProvider locale=undefined ANT_MARK__="internalMark" > 
  at <LocaleReceiver children=fn<children> > 
  at <AConfigProvider theme= {token: Object} > 
  at <App> @ http://127.0.0.1:5173/@vite/client:528
[ 1854105ms] [WARNING] [Vue warn]: Invalid prop: type check failed for prop "onKeydown". Expected Function, got Array  
  at <ATextarea value="" onUpdate:value=fn rows=4  ... > 
  at <Anonymous value= {hashed: true, components: Object, theme: undefined, token: Object} > 
  at <ALocaleProvider locale=undefined ANT_MARK__="internalMark" > 
  at <LocaleReceiver children=fn<children> > 
  at <AConfigProvider theme= {token: Object} > 
  at <App> @ http://127.0.0.1:5173/@vite/client:528
[ 1854107ms] [WARNING] [Vue warn]: Invalid prop: type check failed for prop "onKeydown". Expected Function, got Array  
  at <ATextarea value="" onUpdate:value=fn rows=4  ... > 
  at <Anonymous value= {hashed: true, components: Object, theme: undefined, token: Object} > 
  at <ALocaleProvider locale=undefined ANT_MARK__="internalMark" > 
  at <LocaleReceiver children=fn<children> > 
  at <AConfigProvider theme= {token: Object} > 
  at <App> @ http://127.0.0.1:5173/@vite/client:528
[ 1854109ms] [WARNING] [Vue warn]: Invalid prop: type check failed for prop "onKeydown". Expected Function, got Array  
  at <ATextarea value="" onUpdate:value=fn rows=4  ... > 
  at <Anonymous value= {hashed: true, components: Object, theme: undefined, token: Object} > 
  at <ALocaleProvider locale=undefined ANT_MARK__="internalMark" > 
  at <LocaleReceiver children=fn<children> > 
  at <AConfigProvider theme= {token: Object} > 
  at <App> @ http://127.0.0.1:5173/@vite/client:528
[ 1854110ms] [WARNING] [Vue warn]: Invalid prop: type check failed for prop "onKeydown". Expected Function, got Array  
  at <ATextarea value="" onUpdate:value=fn rows=4  ... > 
  at <Anonymous value= {hashed: true, components: Object, theme: undefined, token: Object} > 
  at <ALocaleProvider locale=undefined ANT_MARK__="internalMark" > 
  at <LocaleReceiver children=fn<children> > 
  at <AConfigProvider theme= {token: Object} > 
  at <App> @ http://127.0.0.1:5173/@vite/client:528
[ 1854112ms] [WARNING] [Vue warn]: Invalid prop: type check failed for prop "onKeydown". Expected Function, got Array  
  at <ATextarea value="" onUpdate:value=fn rows=4  ... > 
  at <Anonymous value= {hashed: true, components: Object, theme: undefined, token: Object} > 
  at <ALocaleProvider locale=undefined ANT_MARK__="internalMark" > 
  at <LocaleReceiver children=fn<children> > 
  at <AConfigProvider theme= {token: Object} > 
  at <App> @ http://127.0.0.1:5173/@vite/client:528
[ 1854113ms] [WARNING] [Vue warn]: Invalid prop: type check failed for prop "onKeydown". Expected Function, got Array  
  at <ATextarea value="" onUpdate:value=fn rows=4  ... > 
  at <Anonymous value= {hashed: true, components: Object, theme: undefined, token: Object} > 
  at <ALocaleProvider locale=undefined ANT_MARK__="internalMark" > 
  at <LocaleReceiver children=fn<children> > 
  at <AConfigProvider theme= {token: Object} > 
  at <App> @ http://127.0.0.1:5173/@vite/client:528
[ 1854115ms] [WARNING] [Vue warn]: Invalid prop: type check failed for prop "onKeydown". Expected Function, got Array  
  at <ATextarea value="" onUpdate:value=fn rows=4  ... > 
  at <Anonymous value= {hashed: true, components: Object, theme: undefined, token: Object} > 
  at <ALocaleProvider locale=undefined ANT_MARK__="internalMark" > 
  at <LocaleReceiver children=fn<children> > 
  at <AConfigProvider theme= {token: Object} > 
  at <App> @ http://127.0.0.1:5173/@vite/client:528
[ 1854116ms] [WARNING] [Vue warn]: Invalid prop: type check failed for prop "onKeydown". Expected Function, got Array  
  at <ATextarea value="" onUpdate:value=fn rows=4  ... > 
  at <Anonymous value= {hashed: true, components: Object, theme: undefined, token: Object} > 
  at <ALocaleProvider locale=undefined ANT_MARK__="internalMark" > 
  at <LocaleReceiver children=fn<children> > 
  at <AConfigProvider theme= {token: Object} > 
  at <App> @ http://127.0.0.1:5173/@vite/client:528
[ 1854118ms] [WARNING] [Vue warn]: Invalid prop: type check failed for prop "onKeydown". Expected Function, got Array  
  at <ATextarea value="" onUpdate:value=fn rows=4  ... > 
  at <Anonymous value= {hashed: true, components: Object, theme: undefined, token: Object} > 
  at <ALocaleProvider locale=undefined ANT_MARK__="internalMark" > 
  at <LocaleReceiver children=fn<children> > 
  at <AConfigProvider theme= {token: Object} > 
  at <App> @ http://127.0.0.1:5173/@vite/client:528
[ 1854119ms] [WARNING] [Vue warn]: Invalid prop: type check failed for prop "onKeydown". Expected Function, got Array  
  at <ATextarea value="" onUpdate:value=fn rows=4  ... > 
  at <Anonymous value= {hashed: true, components: Object, theme: undefined, token: Object} > 
  at <ALocaleProvider locale=undefined ANT_MARK__="internalMark" > 
  at <LocaleReceiver children=fn<children> > 
  at <AConfigProvider theme= {token: Object} > 
  at <App> @ http://127.0.0.1:5173/@vite/client:528
[ 1854121ms] [WARNING] [Vue warn]: Invalid prop: type check failed for prop "onKeydown". Expected Function, got Array  
  at <ATextarea value="" onUpdate:value=fn rows=4  ... > 
  at <Anonymous value= {hashed: true, components: Object, theme: undefined, token: Object} > 
  at <ALocaleProvider locale=undefined ANT_MARK__="internalMark" > 
  at <LocaleReceiver children=fn<children> > 
  at <AConfigProvider theme= {token: Object} > 
  at <App> @ http://127.0.0.1:5173/@vite/client:528
[ 1854123ms] [WARNING] [Vue warn]: Invalid prop: type check failed for prop "onKeydown". Expected Function, got Array  
  at <ATextarea value="" onUpdate:value=fn rows=4  ... > 
  at <Anonymous value= {hashed: true, components: Object, theme: undefined, token: Object} > 
  at <ALocaleProvider locale=undefined ANT_MARK__="internalMark" > 
  at <LocaleReceiver children=fn<children> > 
  at <AConfigProvider theme= {token: Object} > 
  at <App> @ http://127.0.0.1:5173/@vite/client:528
[ 1854125ms] [WARNING] [Vue warn]: Invalid prop: type check failed for prop "onKeydown". Expected Function, got Array  
  at <ATextarea value="" onUpdate:value=fn rows=4  ... > 
  at <Anonymous value= {hashed: true, components: Object, theme: undefined, token: Object} > 
  at <ALocaleProvider locale=undefined ANT_MARK__="internalMark" > 
  at <LocaleReceiver children=fn<children> > 
  at <AConfigProvider theme= {token: Object} > 
  at <App> @ http://127.0.0.1:5173/@vite/client:528
[ 1854126ms] [WARNING] [Vue warn]: Invalid prop: type check failed for prop "onKeydown". Expected Function, got Array  
  at <ATextarea value="" onUpdate:value=fn rows=4  ... > 
  at <Anonymous value= {hashed: true, components: Object, theme: undefined, token: Object} > 
  at <ALocaleProvider locale=undefined ANT_MARK__="internalMark" > 
  at <LocaleReceiver children=fn<children> > 
  at <AConfigProvider theme= {token: Object} > 
  at <App> @ http://127.0.0.1:5173/@vite/client:528
[ 1854128ms] [WARNING] [Vue warn]: Invalid prop: type check failed for prop "onKeydown". Expected Function, got Array  
  at <ATextarea value="" onUpdate:value=fn rows=4  ... > 
  at <Anonymous value= {hashed: true, components: Object, theme: undefined, token: Object} > 
  at <ALocaleProvider locale=undefined ANT_MARK__="internalMark" > 
  at <LocaleReceiver children=fn<children> > 
  at <AConfigProvider theme= {token: Object} > 
  at <App> @ http://127.0.0.1:5173/@vite/client:528
[ 1854129ms] [WARNING] [Vue warn]: Invalid prop: type check failed for prop "onKeydown". Expected Function, got Array  
  at <ATextarea value="" onUpdate:value=fn rows=4  ... > 
  at <Anonymous value= {hashed: true, components: Object, theme: undefined, token: Object} > 
  at <ALocaleProvider locale=undefined ANT_MARK__="internalMark" > 
  at <LocaleReceiver children=fn<children> > 
  at <AConfigProvider theme= {token: Object} > 
  at <App> @ http://127.0.0.1:5173/@vite/client:528
[ 1854131ms] [WARNING] [Vue warn]: Invalid prop: type check failed for prop "onKeydown". Expected Function, got Array  
  at <ATextarea value="" onUpdate:value=fn rows=4  ... > 
  at <Anonymous value= {hashed: true, components: Object, theme: undefined, token: Object} > 
  at <ALocaleProvider locale=undefined ANT_MARK__="internalMark" > 
  at <LocaleReceiver children=fn<children> > 
  at <AConfigProvider theme= {token: Object} > 
  at <App> @ http://127.0.0.1:5173/@vite/client:528
[ 1854132ms] [WARNING] [Vue warn]: Invalid prop: type check failed for prop "onKeydown". Expected Function, got Array  
  at <ATextarea value="" onUpdate:value=fn rows=4  ... > 
  at <Anonymous value= {hashed: true, components: Object, theme: undefined, token: Object} > 
  at <ALocaleProvider locale=undefined ANT_MARK__="internalMark" > 
  at <LocaleReceiver children=fn<children> > 
  at <AConfigProvider theme= {token: Object} > 
  at <App> @ http://127.0.0.1:5173/@vite/client:528
[ 1854134ms] [WARNING] [Vue warn]: Invalid prop: type check failed for prop "onKeydown". Expected Function, got Array  
  at <ATextarea value="" onUpdate:value=fn rows=4  ... > 
  at <Anonymous value= {hashed: true, components: Object, theme: undefined, token: Object} > 
  at <ALocaleProvider locale=undefined ANT_MARK__="internalMark" > 
  at <LocaleReceiver children=fn<children> > 
  at <AConfigProvider theme= {token: Object} > 
  at <App> @ http://127.0.0.1:5173/@vite/client:528
[ 1854135ms] [WARNING] [Vue warn]: Invalid prop: type check failed for prop "onKeydown". Expected Function, got Array  
  at <ATextarea value="" onUpdate:value=fn rows=4  ... > 
  at <Anonymous value= {hashed: true, components: Object, theme: undefined, token: Object} > 
  at <ALocaleProvider locale=undefined ANT_MARK__="internalMark" > 
  at <LocaleReceiver children=fn<children> > 
  at <AConfigProvider theme= {token: Object} > 
  at <App> @ http://127.0.0.1:5173/@vite/client:528
[ 1854137ms] [WARNING] [Vue warn]: Invalid prop: type check failed for prop "onKeydown". Expected Function, got Array  
  at <ATextarea value="" onUpdate:value=fn rows=4  ... > 
  at <Anonymous value= {hashed: true, components: Object, theme: undefined, token: Object} > 
  at <ALocaleProvider locale=undefined ANT_MARK__="internalMark" > 
  at <LocaleReceiver children=fn<children> > 
  at <AConfigProvider theme= {token: Object} > 
  at <App> @ http://127.0.0.1:5173/@vite/client:528
[ 1854138ms] [WARNING] [Vue warn]: Invalid prop: type check failed for prop "onKeydown". Expected Function, got Array  
  at <ATextarea value="" onUpdate:value=fn rows=4  ... > 
  at <Anonymous value= {hashed: true, components: Object, theme: undefined, token: Object} > 
  at <ALocaleProvider locale=undefined ANT_MARK__="internalMark" > 
  at <LocaleReceiver children=fn<children> > 
  at <AConfigProvider theme= {token: Object} > 
  at <App> @ http://127.0.0.1:5173/@vite/client:528
[ 1854140ms] [WARNING] [Vue warn]: Invalid prop: type check failed for prop "onKeydown". Expected Function, got Array  
  at <ATextarea value="" onUpdate:value=fn rows=4  ... > 
  at <Anonymous value= {hashed: true, components: Object, theme: undefined, token: Object} > 
  at <ALocaleProvider locale=undefined ANT_MARK__="internalMark" > 
  at <LocaleReceiver children=fn<children> > 
  at <AConfigProvider theme= {token: Object} > 
  at <App> @ http://127.0.0.1:5173/@vite/client:528
[ 1854141ms] [WARNING] [Vue warn]: Invalid prop: type check failed for prop "onKeydown". Expected Function, got Array  
  at <ATextarea value="" onUpdate:value=fn rows=4  ... > 
  at <Anonymous value= {hashed: true, components: Object, theme: undefined, token: Object} > 
  at <ALocaleProvider locale=undefined ANT_MARK__="internalMark" > 
  at <LocaleReceiver children=fn<children> > 
  at <AConfigProvider theme= {token: Object} > 
  at <App> @ http://127.0.0.1:5173/@vite/client:528
[ 1854143ms] [WARNING] [Vue warn]: Invalid prop: type check failed for prop "onKeydown". Expected Function, got Array  
  at <ATextarea value="" onUpdate:value=fn rows=4  ... > 
  at <Anonymous value= {hashed: true, components: Object, theme: undefined, token: Object} > 
  at <ALocaleProvider locale=undefined ANT_MARK__="internalMark" > 
  at <LocaleReceiver children=fn<children> > 
  at <AConfigProvider theme= {token: Object} > 
  at <App> @ http://127.0.0.1:5173/@vite/client:528
[ 1854144ms] [WARNING] [Vue warn]: Invalid prop: type check failed for prop "onKeydown". Expected Function, got Array  
  at <ATextarea value="" onUpdate:value=fn rows=4  ... > 
  at <Anonymous value= {hashed: true, components: Object, theme: undefined, token: Object} > 
  at <ALocaleProvider locale=undefined ANT_MARK__="internalMark" > 
  at <LocaleReceiver children=fn<children> > 
  at <AConfigProvider theme= {token: Object} > 
  at <App> @ http://127.0.0.1:5173/@vite/client:528
[ 1854146ms] [WARNING] [Vue warn]: Invalid prop: type check failed for prop "onKeydown". Expected Function, got Array  
  at <ATextarea value="" onUpdate:value=fn rows=4  ... > 
  at <Anonymous value= {hashed: true, components: Object, theme: undefined, token: Object} > 
  at <ALocaleProvider locale=undefined ANT_MARK__="internalMark" > 
  at <LocaleReceiver children=fn<children> > 
  at <AConfigProvider theme= {token: Object} > 
  at <App> @ http://127.0.0.1:5173/@vite/client:528
[ 1854147ms] [WARNING] [Vue warn]: Invalid prop: type check failed for prop "onKeydown". Expected Function, got Array  
  at <ATextarea value="" onUpdate:value=fn rows=4  ... > 
  at <Anonymous value= {hashed: true, components: Object, theme: undefined, token: Object} > 
  at <ALocaleProvider locale=undefined ANT_MARK__="internalMark" > 
  at <LocaleReceiver children=fn<children> > 
  at <AConfigProvider theme= {token: Object} > 
  at <App> @ http://127.0.0.1:5173/@vite/client:528
[ 1854149ms] [WARNING] [Vue warn]: Invalid prop: type check failed for prop "onKeydown". Expected Function, got Array  
  at <ATextarea value="" onUpdate:value=fn rows=4  ... > 
  at <Anonymous value= {hashed: true, components: Object, theme: undefined, token: Object} > 
  at <ALocaleProvider locale=undefined ANT_MARK__="internalMark" > 
  at <LocaleReceiver children=fn<children> > 
  at <AConfigProvider theme= {token: Object} > 
  at <App> @ http://127.0.0.1:5173/@vite/client:528
[ 1854150ms] [WARNING] [Vue warn]: Invalid prop: type check failed for prop "onKeydown". Expected Function, got Array  
  at <ATextarea value="" onUpdate:value=fn rows=4  ... > 
  at <Anonymous value= {hashed: true, components: Object, theme: undefined, token: Object} > 
  at <ALocaleProvider locale=undefined ANT_MARK__="internalMark" > 
  at <LocaleReceiver children=fn<children> > 
  at <AConfigProvider theme= {token: Object} > 
  at <App> @ http://127.0.0.1:5173/@vite/client:528
[ 1854152ms] [WARNING] [Vue warn]: Invalid prop: type check failed for prop "onKeydown". Expected Function, got Array  
  at <ATextarea value="" onUpdate:value=fn rows=4  ... > 
  at <Anonymous value= {hashed: true, components: Object, theme: undefined, token: Object} > 
  at <ALocaleProvider locale=undefined ANT_MARK__="internalMark" > 
  at <LocaleReceiver children=fn<children> > 
  at <AConfigProvider theme= {token: Object} > 
  at <App> @ http://127.0.0.1:5173/@vite/client:528
[ 1854153ms] [WARNING] [Vue warn]: Invalid prop: type check failed for prop "onKeydown". Expected Function, got Array  
  at <ATextarea value="" onUpdate:value=fn rows=4  ... > 
  at <Anonymous value= {hashed: true, components: Object, theme: undefined, token: Object} > 
  at <ALocaleProvider locale=undefined ANT_MARK__="internalMark" > 
  at <LocaleReceiver children=fn<children> > 
  at <AConfigProvider theme= {token: Object} > 
  at <App> @ http://127.0.0.1:5173/@vite/client:528
[ 1854155ms] [WARNING] [Vue warn]: Invalid prop: type check failed for prop "onKeydown". Expected Function, got Array  
  at <ATextarea value="" onUpdate:value=fn rows=4  ... > 
  at <Anonymous value= {hashed: true, components: Object, theme: undefined, token: Object} > 
  at <ALocaleProvider locale=undefined ANT_MARK__="internalMark" > 
  at <LocaleReceiver children=fn<children> > 
  at <AConfigProvider theme= {token: Object} > 
  at <App> @ http://127.0.0.1:5173/@vite/client:528
[ 1854156ms] [WARNING] [Vue warn]: Invalid prop: type check failed for prop "onKeydown". Expected Function, got Array  
  at <ATextarea value="" onUpdate:value=fn rows=4  ... > 
  at <Anonymous value= {hashed: true, components: Object, theme: undefined, token: Object} > 
  at <ALocaleProvider locale=undefined ANT_MARK__="internalMark" > 
  at <LocaleReceiver children=fn<children> > 
  at <AConfigProvider theme= {token: Object} > 
  at <App> @ http://127.0.0.1:5173/@vite/client:528
[ 1854158ms] [WARNING] [Vue warn]: Invalid prop: type check failed for prop "onKeydown". Expected Function, got Array  
  at <ATextarea value="" onUpdate:value=fn rows=4  ... > 
  at <Anonymous value= {hashed: true, components: Object, theme: undefined, token: Object} > 
  at <ALocaleProvider locale=undefined ANT_MARK__="internalMark" > 
  at <LocaleReceiver children=fn<children> > 
  at <AConfigProvider theme= {token: Object} > 
  at <App> @ http://127.0.0.1:5173/@vite/client:528
[ 1854159ms] [WARNING] [Vue warn]: Invalid prop: type check failed for prop "onKeydown". Expected Function, got Array  
  at <ATextarea value="" onUpdate:value=fn rows=4  ... > 
  at <Anonymous value= {hashed: true, components: Object, theme: undefined, token: Object} > 
  at <ALocaleProvider locale=undefined ANT_MARK__="internalMark" > 
  at <LocaleReceiver children=fn<children> > 
  at <AConfigProvider theme= {token: Object} > 
  at <App> @ http://127.0.0.1:5173/@vite/client:528
[ 1854161ms] [WARNING] [Vue warn]: Invalid prop: type check failed for prop "onKeydown". Expected Function, got Array  
  at <ATextarea value="" onUpdate:value=fn rows=4  ... > 
  at <Anonymous value= {hashed: true, components: Object, theme: undefined, token: Object} > 
  at <ALocaleProvider locale=undefined ANT_MARK__="internalMark" > 
  at <LocaleReceiver children=fn<children> > 
  at <AConfigProvider theme= {token: Object} > 
  at <App> @ http://127.0.0.1:5173/@vite/client:528
[ 1854162ms] [WARNING] [Vue warn]: Invalid prop: type check failed for prop "onKeydown". Expected Function, got Array  
  at <ATextarea value="" onUpdate:value=fn rows=4  ... > 
  at <Anonymous value= {hashed: true, components: Object, theme: undefined, token: Object} > 
  at <ALocaleProvider locale=undefined ANT_MARK__="internalMark" > 
  at <LocaleReceiver children=fn<children> > 
  at <AConfigProvider theme= {token: Object} > 
  at <App> @ http://127.0.0.1:5173/@vite/client:528
[ 1854164ms] [WARNING] [Vue warn]: Invalid prop: type check failed for prop "onKeydown". Expected Function, got Array  
  at <ATextarea value="" onUpdate:value=fn rows=4  ... > 
  at <Anonymous value= {hashed: true, components: Object, theme: undefined, token: Object} > 
  at <ALocaleProvider locale=undefined ANT_MARK__="internalMark" > 
  at <LocaleReceiver children=fn<children> > 
  at <AConfigProvider theme= {token: Object} > 
  at <App> @ http://127.0.0.1:5173/@vite/client:528
[ 1854165ms] [WARNING] [Vue warn]: Invalid prop: type check failed for prop "onKeydown". Expected Function, got Array  
  at <ATextarea value="" onUpdate:value=fn rows=4  ... > 
  at <Anonymous value= {hashed: true, components: Object, theme: undefined, token: Object} > 
  at <ALocaleProvider locale=undefined ANT_MARK__="internalMark" > 
  at <LocaleReceiver children=fn<children> > 
  at <AConfigProvider theme= {token: Object} > 
  at <App> @ http://127.0.0.1:5173/@vite/client:528
[ 1854167ms] [WARNING] [Vue warn]: Invalid prop: type check failed for prop "onKeydown". Expected Function, got Array  
  at <ATextarea value="" onUpdate:value=fn rows=4  ... > 
  at <Anonymous value= {hashed: true, components: Object, theme: undefined, token: Object} > 
  at <ALocaleProvider locale=undefined ANT_MARK__="internalMark" > 
  at <LocaleReceiver children=fn<children> > 
  at <AConfigProvider theme= {token: Object} > 
  at <App> @ http://127.0.0.1:5173/@vite/client:528
[ 1854168ms] [WARNING] [Vue warn]: Invalid prop: type check failed for prop "onKeydown". Expected Function, got Array  
  at <ATextarea value="" onUpdate:value=fn rows=4  ... > 
  at <Anonymous value= {hashed: true, components: Object, theme: undefined, token: Object} > 
  at <ALocaleProvider locale=undefined ANT_MARK__="internalMark" > 
  at <LocaleReceiver children=fn<children> > 
  at <AConfigProvider theme= {token: Object} > 
  at <App> @ http://127.0.0.1:5173/@vite/client:528
[ 1854170ms] [WARNING] [Vue warn]: Invalid prop: type check failed for prop "onKeydown". Expected Function, got Array  
  at <ATextarea value="" onUpdate:value=fn rows=4  ... > 
  at <Anonymous value= {hashed: true, components: Object, theme: undefined, token: Object} > 
  at <ALocaleProvider locale=undefined ANT_MARK__="internalMark" > 
  at <LocaleReceiver children=fn<children> > 
  at <AConfigProvider theme= {token: Object} > 
  at <App> @ http://127.0.0.1:5173/@vite/client:528
[ 1854171ms] [WARNING] [Vue warn]: Invalid prop: type check failed for prop "onKeydown". Expected Function, got Array  
  at <ATextarea value="" onUpdate:value=fn rows=4  ... > 
  at <Anonymous value= {hashed: true, components: Object, theme: undefined, token: Object} > 
  at <ALocaleProvider locale=undefined ANT_MARK__="internalMark" > 
  at <LocaleReceiver children=fn<children> > 
  at <AConfigProvider theme= {token: Object} > 
  at <App> @ http://127.0.0.1:5173/@vite/client:528
[ 1854173ms] [WARNING] [Vue warn]: Invalid prop: type check failed for prop "onKeydown". Expected Function, got Array  
  at <ATextarea value="" onUpdate:value=fn rows=4  ... > 
  at <Anonymous value= {hashed: true, components: Object, theme: undefined, token: Object} > 
  at <ALocaleProvider locale=undefined ANT_MARK__="internalMark" > 
  at <LocaleReceiver children=fn<children> > 
  at <AConfigProvider theme= {token: Object} > 
  at <App> @ http://127.0.0.1:5173/@vite/client:528
[ 1854174ms] [WARNING] [Vue warn]: Invalid prop: type check failed for prop "onKeydown". Expected Function, got Array  
  at <ATextarea value="" onUpdate:value=fn rows=4  ... > 
  at <Anonymous value= {hashed: true, components: Object, theme: undefined, token: Object} > 
  at <ALocaleProvider locale=undefined ANT_MARK__="internalMark" > 
  at <LocaleReceiver children=fn<children> > 
  at <AConfigProvider theme= {token: Object} > 
  at <App> @ http://127.0.0.1:5173/@vite/client:528
[ 1854176ms] [WARNING] [Vue warn]: Invalid prop: type check failed for prop "onKeydown". Expected Function, got Array  
  at <ATextarea value="" onUpdate:value=fn rows=4  ... > 
  at <Anonymous value= {hashed: true, components: Object, theme: undefined, token: Object} > 
  at <ALocaleProvider locale=undefined ANT_MARK__="internalMark" > 
  at <LocaleReceiver children=fn<children> > 
  at <AConfigProvider theme= {token: Object} > 
  at <App> @ http://127.0.0.1:5173/@vite/client:528
[ 1854177ms] [WARNING] [Vue warn]: Invalid prop: type check failed for prop "onKeydown". Expected Function, got Array  
  at <ATextarea value="" onUpdate:value=fn rows=4  ... > 
  at <Anonymous value= {hashed: true, components: Object, theme: undefined, token: Object} > 
  at <ALocaleProvider locale=undefined ANT_MARK__="internalMark" > 
  at <LocaleReceiver children=fn<children> > 
  at <AConfigProvider theme= {token: Object} > 
  at <App> @ http://127.0.0.1:5173/@vite/client:528
[ 1854178ms] [WARNING] [Vue warn]: Invalid prop: type check failed for prop "onKeydown". Expected Function, got Array  
  at <ATextarea value="" onUpdate:value=fn rows=4  ... > 
  at <Anonymous value= {hashed: true, components: Object, theme: undefined, token: Object} > 
  at <ALocaleProvider locale=undefined ANT_MARK__="internalMark" > 
  at <LocaleReceiver children=fn<children> > 
  at <AConfigProvider theme= {token: Object} > 
  at <App> @ http://127.0.0.1:5173/@vite/client:528
[ 1854180ms] [WARNING] [Vue warn]: Invalid prop: type check failed for prop "onKeydown". Expected Function, got Array  
  at <ATextarea value="" onUpdate:value=fn rows=4  ... > 
  at <Anonymous value= {hashed: true, components: Object, theme: undefined, token: Object} > 
  at <ALocaleProvider locale=undefined ANT_MARK__="internalMark" > 
  at <LocaleReceiver children=fn<children> > 
  at <AConfigProvider theme= {token: Object} > 
  at <App> @ http://127.0.0.1:5173/@vite/client:528
[ 1854181ms] [WARNING] [Vue warn]: Invalid prop: type check failed for prop "onKeydown". Expected Function, got Array  
  at <ATextarea value="" onUpdate:value=fn rows=4  ... > 
  at <Anonymous value= {hashed: true, components: Object, theme: undefined, token: Object} > 
  at <ALocaleProvider locale=undefined ANT_MARK__="internalMark" > 
  at <LocaleReceiver children=fn<children> > 
  at <AConfigProvider theme= {token: Object} > 
  at <App> @ http://127.0.0.1:5173/@vite/client:528
[ 1854183ms] [WARNING] [Vue warn]: Invalid prop: type check failed for prop "onKeydown". Expected Function, got Array  
  at <ATextarea value="" onUpdate:value=fn rows=4  ... > 
  at <Anonymous value= {hashed: true, components: Object, theme: undefined, token: Object} > 
  at <ALocaleProvider locale=undefined ANT_MARK__="internalMark" > 
  at <LocaleReceiver children=fn<children> > 
  at <AConfigProvider theme= {token: Object} > 
  at <App> @ http://127.0.0.1:5173/@vite/client:528
[ 1854185ms] [WARNING] [Vue warn]: Invalid prop: type check failed for prop "onKeydown". Expected Function, got Array  
  at <ATextarea value="" onUpdate:value=fn rows=4  ... > 
  at <Anonymous value= {hashed: true, components: Object, theme: undefined, token: Object} > 
  at <ALocaleProvider locale=undefined ANT_MARK__="internalMark" > 
  at <LocaleReceiver children=fn<children> > 
  at <AConfigProvider theme= {token: Object} > 
  at <App> @ http://127.0.0.1:5173/@vite/client:528
[ 1854187ms] [WARNING] [Vue warn]: Invalid prop: type check failed for prop "onKeydown". Expected Function, got Array  
  at <ATextarea value="" onUpdate:value=fn rows=4  ... > 
  at <Anonymous value= {hashed: true, components: Object, theme: undefined, token: Object} > 
  at <ALocaleProvider locale=undefined ANT_MARK__="internalMark" > 
  at <LocaleReceiver children=fn<children> > 
  at <AConfigProvider theme= {token: Object} > 
  at <App> @ http://127.0.0.1:5173/@vite/client:528
[ 1854188ms] [WARNING] [Vue warn]: Invalid prop: type check failed for prop "onKeydown". Expected Function, got Array  
  at <ATextarea value="" onUpdate:value=fn rows=4  ... > 
  at <Anonymous value= {hashed: true, components: Object, theme: undefined, token: Object} > 
  at <ALocaleProvider locale=undefined ANT_MARK__="internalMark" > 
  at <LocaleReceiver children=fn<children> > 
  at <AConfigProvider theme= {token: Object} > 
  at <App> @ http://127.0.0.1:5173/@vite/client:528
[ 1854190ms] [WARNING] [Vue warn]: Invalid prop: type check failed for prop "onKeydown". Expected Function, got Array  
  at <ATextarea value="" onUpdate:value=fn rows=4  ... > 
  at <Anonymous value= {hashed: true, components: Object, theme: undefined, token: Object} > 
  at <ALocaleProvider locale=undefined ANT_MARK__="internalMark" > 
  at <LocaleReceiver children=fn<children> > 
  at <AConfigProvider theme= {token: Object} > 
  at <App> @ http://127.0.0.1:5173/@vite/client:528
[ 1854192ms] [WARNING] [Vue warn]: Invalid prop: type check failed for prop "onKeydown". Expected Function, got Array  
  at <ATextarea value="" onUpdate:value=fn rows=4  ... > 
  at <Anonymous value= {hashed: true, components: Object, theme: undefined, token: Object} > 
  at <ALocaleProvider locale=undefined ANT_MARK__="internalMark" > 
  at <LocaleReceiver children=fn<children> > 
  at <AConfigProvider theme= {token: Object} > 
  at <App> @ http://127.0.0.1:5173/@vite/client:528
[ 1854193ms] [WARNING] [Vue warn]: Invalid prop: type check failed for prop "onKeydown". Expected Function, got Array  
  at <ATextarea value="" onUpdate:value=fn rows=4  ... > 
  at <Anonymous value= {hashed: true, components: Object, theme: undefined, token: Object} > 
  at <ALocaleProvider locale=undefined ANT_MARK__="internalMark" > 
  at <LocaleReceiver children=fn<children> > 
  at <AConfigProvider theme= {token: Object} > 
  at <App> @ http://127.0.0.1:5173/@vite/client:528
[ 1854195ms] [WARNING] [Vue warn]: Invalid prop: type check failed for prop "onKeydown". Expected Function, got Array  
  at <ATextarea value="" onUpdate:value=fn rows=4  ... > 
  at <Anonymous value= {hashed: true, components: Object, theme: undefined, token: Object} > 
  at <ALocaleProvider locale=undefined ANT_MARK__="internalMark" > 
  at <LocaleReceiver children=fn<children> > 
  at <AConfigProvider theme= {token: Object} > 
  at <App> @ http://127.0.0.1:5173/@vite/client:528
[ 1854196ms] [WARNING] [Vue warn]: Invalid prop: type check failed for prop "onKeydown". Expected Function, got Array  
  at <ATextarea value="" onUpdate:value=fn rows=4  ... > 
  at <Anonymous value= {hashed: true, components: Object, theme: undefined, token: Object} > 
  at <ALocaleProvider locale=undefined ANT_MARK__="internalMark" > 
  at <LocaleReceiver children=fn<children> > 
  at <AConfigProvider theme= {token: Object} > 
  at <App> @ http://127.0.0.1:5173/@vite/client:528
[ 1854198ms] [WARNING] [Vue warn]: Invalid prop: type check failed for prop "onKeydown". Expected Function, got Array  
  at <ATextarea value="" onUpdate:value=fn rows=4  ... > 
  at <Anonymous value= {hashed: true, components: Object, theme: undefined, token: Object} > 
  at <ALocaleProvider locale=undefined ANT_MARK__="internalMark" > 
  at <LocaleReceiver children=fn<children> > 
  at <AConfigProvider theme= {token: Object} > 
  at <App> @ http://127.0.0.1:5173/@vite/client:528
[ 1854199ms] [WARNING] [Vue warn]: Invalid prop: type check failed for prop "onKeydown". Expected Function, got Array  
  at <ATextarea value="" onUpdate:value=fn rows=4  ... > 
  at <Anonymous value= {hashed: true, components: Object, theme: undefined, token: Object} > 
  at <ALocaleProvider locale=undefined ANT_MARK__="internalMark" > 
  at <LocaleReceiver children=fn<children> > 
  at <AConfigProvider theme= {token: Object} > 
  at <App> @ http://127.0.0.1:5173/@vite/client:528
[ 1854201ms] [WARNING] [Vue warn]: Invalid prop: type check failed for prop "onKeydown". Expected Function, got Array  
  at <ATextarea value="" onUpdate:value=fn rows=4  ... > 
  at <Anonymous value= {hashed: true, components: Object, theme: undefined, token: Object} > 
  at <ALocaleProvider locale=undefined ANT_MARK__="internalMark" > 
  at <LocaleReceiver children=fn<children> > 
  at <AConfigProvider theme= {token: Object} > 
  at <App> @ http://127.0.0.1:5173/@vite/client:528
[ 1889022ms] [WARNING] [Vue warn]: Failed to resolve component: a-popconfirm
If this is a native custom element, make sure to exclude it from component resolution via compilerOptions.isCustomElement. 
  at <App> @ http://127.0.0.1:5173/@vite/client:528
[ 1889022ms] [WARNING] [Vue warn]: Failed to resolve component: a-modal
If this is a native custom element, make sure to exclude it from component resolution via compilerOptions.isCustomElement. 
  at <App> @ http://127.0.0.1:5173/@vite/client:528
[ 1889036ms] [WARNING] [Vue warn]: Invalid prop: type check failed for prop "onKeydown". Expected Function, got Array  
  at <ATextarea value="" onUpdate:value=fn rows=4  ... > 
  at <Anonymous value= {hashed: true, components: Object, theme: undefined, token: Object} > 
  at <ALocaleProvider locale=undefined ANT_MARK__="internalMark" > 
  at <LocaleReceiver children=fn<children> > 
  at <AConfigProvider theme= {token: Object} > 
  at <App> @ http://127.0.0.1:5173/@vite/client:528
[ 1889048ms] [WARNING] [Vue warn]: Invalid prop: type check failed for prop "onKeydown". Expected Function, got Array  
  at <ATextarea value="" onUpdate:value=fn rows=4  ... > 
  at <Anonymous value= {hashed: true, components: Object, theme: undefined, token: Object} > 
  at <ALocaleProvider locale=undefined ANT_MARK__="internalMark" > 
  at <LocaleReceiver children=fn<children> > 
  at <AConfigProvider theme= {token: Object} > 
  at <App> @ http://127.0.0.1:5173/@vite/client:528
[ 1889053ms] [WARNING] [Vue warn]: Invalid prop: type check failed for prop "onKeydown". Expected Function, got Array  
  at <ATextarea value="" onUpdate:value=fn rows=4  ... > 
  at <Anonymous value= {hashed: true, components: Object, theme: undefined, token: Object} > 
  at <ALocaleProvider locale=undefined ANT_MARK__="internalMark" > 
  at <LocaleReceiver children=fn<children> > 
  at <AConfigProvider theme= {token: Object} > 
  at <App> @ http://127.0.0.1:5173/@vite/client:528
[ 1889057ms] [WARNING] [Vue warn]: Invalid prop: type check failed for prop "onKeydown". Expected Function, got Array  
  at <ATextarea value="" onUpdate:value=fn rows=4  ... > 
  at <Anonymous value= {hashed: true, components: Object, theme: undefined, token: Object} > 
  at <ALocaleProvider locale=undefined ANT_MARK__="internalMark" > 
  at <LocaleReceiver children=fn<children> > 
  at <AConfigProvider theme= {token: Object} > 
  at <App> @ http://127.0.0.1:5173/@vite/client:528
[ 1889061ms] [WARNING] [Vue warn]: Invalid prop: type check failed for prop "onKeydown". Expected Function, got Array  
  at <ATextarea value="" onUpdate:value=fn rows=4  ... > 
  at <Anonymous value= {hashed: true, components: Object, theme: undefined, token: Object} > 
  at <ALocaleProvider locale=undefined ANT_MARK__="internalMark" > 
  at <LocaleReceiver children=fn<children> > 
  at <AConfigProvider theme= {token: Object} > 
  at <App> @ http://127.0.0.1:5173/@vite/client:528
[ 1889064ms] [WARNING] [Vue warn]: Invalid prop: type check failed for prop "onKeydown". Expected Function, got Array  
  at <ATextarea value="" onUpdate:value=fn rows=4  ... > 
  at <Anonymous value= {hashed: true, components: Object, theme: undefined, token: Object} > 
  at <ALocaleProvider locale=undefined ANT_MARK__="internalMark" > 
  at <LocaleReceiver children=fn<children> > 
  at <AConfigProvider theme= {token: Object} > 
  at <App> @ http://127.0.0.1:5173/@vite/client:528
[ 1889066ms] [WARNING] [Vue warn]: Invalid prop: type check failed for prop "onKeydown". Expected Function, got Array  
  at <ATextarea value="" onUpdate:value=fn rows=4  ... > 
  at <Anonymous value= {hashed: true, components: Object, theme: undefined, token: Object} > 
  at <ALocaleProvider locale=undefined ANT_MARK__="internalMark" > 
  at <LocaleReceiver children=fn<children> > 
  at <AConfigProvider theme= {token: Object} > 
  at <App> @ http://127.0.0.1:5173/@vite/client:528
[ 1889068ms] [WARNING] [Vue warn]: Invalid prop: type check failed for prop "onKeydown". Expected Function, got Array  
  at <ATextarea value="" onUpdate:value=fn rows=4  ... > 
  at <Anonymous value= {hashed: true, components: Object, theme: undefined, token: Object} > 
  at <ALocaleProvider locale=undefined ANT_MARK__="internalMark" > 
  at <LocaleReceiver children=fn<children> > 
  at <AConfigProvider theme= {token: Object} > 
  at <App> @ http://127.0.0.1:5173/@vite/client:528
[ 1889070ms] [WARNING] [Vue warn]: Invalid prop: type check failed for prop "onKeydown". Expected Function, got Array  
  at <ATextarea value="" onUpdate:value=fn rows=4  ... > 
  at <Anonymous value= {hashed: true, components: Object, theme: undefined, token: Object} > 
  at <ALocaleProvider locale=undefined ANT_MARK__="internalMark" > 
  at <LocaleReceiver children=fn<children> > 
  at <AConfigProvider theme= {token: Object} > 
  at <App> @ http://127.0.0.1:5173/@vite/client:528
[ 1889072ms] [WARNING] [Vue warn]: Invalid prop: type check failed for prop "onKeydown". Expected Function, got Array  
  at <ATextarea value="" onUpdate:value=fn rows=4  ... > 
  at <Anonymous value= {hashed: true, components: Object, theme: undefined, token: Object} > 
  at <ALocaleProvider locale=undefined ANT_MARK__="internalMark" > 
  at <LocaleReceiver children=fn<children> > 
  at <AConfigProvider theme= {token: Object} > 
  at <App> @ http://127.0.0.1:5173/@vite/client:528
[ 1889074ms] [WARNING] [Vue warn]: Invalid prop: type check failed for prop "onKeydown". Expected Function, got Array  
  at <ATextarea value="" onUpdate:value=fn rows=4  ... > 
  at <Anonymous value= {hashed: true, components: Object, theme: undefined, token: Object} > 
  at <ALocaleProvider locale=undefined ANT_MARK__="internalMark" > 
  at <LocaleReceiver children=fn<children> > 
  at <AConfigProvider theme= {token: Object} > 
  at <App> @ http://127.0.0.1:5173/@vite/client:528
[ 1889076ms] [WARNING] [Vue warn]: Invalid prop: type check failed for prop "onKeydown". Expected Function, got Array  
  at <ATextarea value="" onUpdate:value=fn rows=4  ... > 
  at <Anonymous value= {hashed: true, components: Object, theme: undefined, token: Object} > 
  at <ALocaleProvider locale=undefined ANT_MARK__="internalMark" > 
  at <LocaleReceiver children=fn<children> > 
  at <AConfigProvider theme= {token: Object} > 
  at <App> @ http://127.0.0.1:5173/@vite/client:528
[ 1889078ms] [WARNING] [Vue warn]: Invalid prop: type check failed for prop "onKeydown". Expected Function, got Array  
  at <ATextarea value="" onUpdate:value=fn rows=4  ... > 
  at <Anonymous value= {hashed: true, components: Object, theme: undefined, token: Object} > 
  at <ALocaleProvider locale=undefined ANT_MARK__="internalMark" > 
  at <LocaleReceiver children=fn<children> > 
  at <AConfigProvider theme= {token: Object} > 
  at <App> @ http://127.0.0.1:5173/@vite/client:528
[ 1889080ms] [WARNING] [Vue warn]: Invalid prop: type check failed for prop "onKeydown". Expected Function, got Array  
  at <ATextarea value="" onUpdate:value=fn rows=4  ... > 
  at <Anonymous value= {hashed: true, components: Object, theme: undefined, token: Object} > 
  at <ALocaleProvider locale=undefined ANT_MARK__="internalMark" > 
  at <LocaleReceiver children=fn<children> > 
  at <AConfigProvider theme= {token: Object} > 
  at <App> @ http://127.0.0.1:5173/@vite/client:528
[ 1889082ms] [WARNING] [Vue warn]: Invalid prop: type check failed for prop "onKeydown". Expected Function, got Array  
  at <ATextarea value="" onUpdate:value=fn rows=4  ... > 
  at <Anonymous value= {hashed: true, components: Object, theme: undefined, token: Object} > 
  at <ALocaleProvider locale=undefined ANT_MARK__="internalMark" > 
  at <LocaleReceiver children=fn<children> > 
  at <AConfigProvider theme= {token: Object} > 
  at <App> @ http://127.0.0.1:5173/@vite/client:528
[ 1889083ms] [WARNING] [Vue warn]: Invalid prop: type check failed for prop "onKeydown". Expected Function, got Array  
  at <ATextarea value="" onUpdate:value=fn rows=4  ... > 
  at <Anonymous value= {hashed: true, components: Object, theme: undefined, token: Object} > 
  at <ALocaleProvider locale=undefined ANT_MARK__="internalMark" > 
  at <LocaleReceiver children=fn<children> > 
  at <AConfigProvider theme= {token: Object} > 
  at <App> @ http://127.0.0.1:5173/@vite/client:528
[ 1889085ms] [WARNING] [Vue warn]: Invalid prop: type check failed for prop "onKeydown". Expected Function, got Array  
  at <ATextarea value="" onUpdate:value=fn rows=4  ... > 
  at <Anonymous value= {hashed: true, components: Object, theme: undefined, token: Object} > 
  at <ALocaleProvider locale=undefined ANT_MARK__="internalMark" > 
  at <LocaleReceiver children=fn<children> > 
  at <AConfigProvider theme= {token: Object} > 
  at <App> @ http://127.0.0.1:5173/@vite/client:528
[ 1889087ms] [WARNING] [Vue warn]: Invalid prop: type check failed for prop "onKeydown". Expected Function, got Array  
  at <ATextarea value="" onUpdate:value=fn rows=4  ... > 
  at <Anonymous value= {hashed: true, components: Object, theme: undefined, token: Object} > 
  at <ALocaleProvider locale=undefined ANT_MARK__="internalMark" > 
  at <LocaleReceiver children=fn<children> > 
  at <AConfigProvider theme= {token: Object} > 
  at <App> @ http://127.0.0.1:5173/@vite/client:528
[ 1889089ms] [WARNING] [Vue warn]: Invalid prop: type check failed for prop "onKeydown". Expected Function, got Array  
  at <ATextarea value="" onUpdate:value=fn rows=4  ... > 
  at <Anonymous value= {hashed: true, components: Object, theme: undefined, token: Object} > 
  at <ALocaleProvider locale=undefined ANT_MARK__="internalMark" > 
  at <LocaleReceiver children=fn<children> > 
  at <AConfigProvider theme= {token: Object} > 
  at <App> @ http://127.0.0.1:5173/@vite/client:528
[ 1889091ms] [WARNING] [Vue warn]: Invalid prop: type check failed for prop "onKeydown". Expected Function, got Array  
  at <ATextarea value="" onUpdate:value=fn rows=4  ... > 
  at <Anonymous value= {hashed: true, components: Object, theme: undefined, token: Object} > 
  at <ALocaleProvider locale=undefined ANT_MARK__="internalMark" > 
  at <LocaleReceiver children=fn<children> > 
  at <AConfigProvider theme= {token: Object} > 
  at <App> @ http://127.0.0.1:5173/@vite/client:528
[ 1889092ms] [WARNING] [Vue warn]: Invalid prop: type check failed for prop "onKeydown". Expected Function, got Array  
  at <ATextarea value="" onUpdate:value=fn rows=4  ... > 
  at <Anonymous value= {hashed: true, components: Object, theme: undefined, token: Object} > 
  at <ALocaleProvider locale=undefined ANT_MARK__="internalMark" > 
  at <LocaleReceiver children=fn<children> > 
  at <AConfigProvider theme= {token: Object} > 
  at <App> @ http://127.0.0.1:5173/@vite/client:528
[ 1889094ms] [WARNING] [Vue warn]: Invalid prop: type check failed for prop "onKeydown". Expected Function, got Array  
  at <ATextarea value="" onUpdate:value=fn rows=4  ... > 
  at <Anonymous value= {hashed: true, components: Object, theme: undefined, token: Object} > 
  at <ALocaleProvider locale=undefined ANT_MARK__="internalMark" > 
  at <LocaleReceiver children=fn<children> > 
  at <AConfigProvider theme= {token: Object} > 
  at <App> @ http://127.0.0.1:5173/@vite/client:528
[ 1889095ms] [WARNING] [Vue warn]: Invalid prop: type check failed for prop "onKeydown". Expected Function, got Array  
  at <ATextarea value="" onUpdate:value=fn rows=4  ... > 
  at <Anonymous value= {hashed: true, components: Object, theme: undefined, token: Object} > 
  at <ALocaleProvider locale=undefined ANT_MARK__="internalMark" > 
  at <LocaleReceiver children=fn<children> > 
  at <AConfigProvider theme= {token: Object} > 
  at <App> @ http://127.0.0.1:5173/@vite/client:528
[ 1889097ms] [WARNING] [Vue warn]: Invalid prop: type check failed for prop "onKeydown". Expected Function, got Array  
  at <ATextarea value="" onUpdate:value=fn rows=4  ... > 
  at <Anonymous value= {hashed: true, components: Object, theme: undefined, token: Object} > 
  at <ALocaleProvider locale=undefined ANT_MARK__="internalMark" > 
  at <LocaleReceiver children=fn<children> > 
  at <AConfigProvider theme= {token: Object} > 
  at <App> @ http://127.0.0.1:5173/@vite/client:528
[ 1889099ms] [WARNING] [Vue warn]: Invalid prop: type check failed for prop "onKeydown". Expected Function, got Array  
  at <ATextarea value="" onUpdate:value=fn rows=4  ... > 
  at <Anonymous value= {hashed: true, components: Object, theme: undefined, token: Object} > 
  at <ALocaleProvider locale=undefined ANT_MARK__="internalMark" > 
  at <LocaleReceiver children=fn<children> > 
  at <AConfigProvider theme= {token: Object} > 
  at <App> @ http://127.0.0.1:5173/@vite/client:528
[ 1889101ms] [WARNING] [Vue warn]: Invalid prop: type check failed for prop "onKeydown". Expected Function, got Array  
  at <ATextarea value="" onUpdate:value=fn rows=4  ... > 
  at <Anonymous value= {hashed: true, components: Object, theme: undefined, token: Object} > 
  at <ALocaleProvider locale=undefined ANT_MARK__="internalMark" > 
  at <LocaleReceiver children=fn<children> > 
  at <AConfigProvider theme= {token: Object} > 
  at <App> @ http://127.0.0.1:5173/@vite/client:528
[ 1889103ms] [WARNING] [Vue warn]: Invalid prop: type check failed for prop "onKeydown". Expected Function, got Array  
  at <ATextarea value="" onUpdate:value=fn rows=4  ... > 
  at <Anonymous value= {hashed: true, components: Object, theme: undefined, token: Object} > 
  at <ALocaleProvider locale=undefined ANT_MARK__="internalMark" > 
  at <LocaleReceiver children=fn<children> > 
  at <AConfigProvider theme= {token: Object} > 
  at <App> @ http://127.0.0.1:5173/@vite/client:528
[ 1889104ms] [WARNING] [Vue warn]: Invalid prop: type check failed for prop "onKeydown". Expected Function, got Array  
  at <ATextarea value="" onUpdate:value=fn rows=4  ... > 
  at <Anonymous value= {hashed: true, components: Object, theme: undefined, token: Object} > 
  at <ALocaleProvider locale=undefined ANT_MARK__="internalMark" > 
  at <LocaleReceiver children=fn<children> > 
  at <AConfigProvider theme= {token: Object} > 
  at <App> @ http://127.0.0.1:5173/@vite/client:528
[ 1889106ms] [WARNING] [Vue warn]: Invalid prop: type check failed for prop "onKeydown". Expected Function, got Array  
  at <ATextarea value="" onUpdate:value=fn rows=4  ... > 
  at <Anonymous value= {hashed: true, components: Object, theme: undefined, token: Object} > 
  at <ALocaleProvider locale=undefined ANT_MARK__="internalMark" > 
  at <LocaleReceiver children=fn<children> > 
  at <AConfigProvider theme= {token: Object} > 
  at <App> @ http://127.0.0.1:5173/@vite/client:528
[ 1889107ms] [WARNING] [Vue warn]: Invalid prop: type check failed for prop "onKeydown". Expected Function, got Array  
  at <ATextarea value="" onUpdate:value=fn rows=4  ... > 
  at <Anonymous value= {hashed: true, components: Object, theme: undefined, token: Object} > 
  at <ALocaleProvider locale=undefined ANT_MARK__="internalMark" > 
  at <LocaleReceiver children=fn<children> > 
  at <AConfigProvider theme= {token: Object} > 
  at <App> @ http://127.0.0.1:5173/@vite/client:528
[ 1889109ms] [WARNING] [Vue warn]: Invalid prop: type check failed for prop "onKeydown". Expected Function, got Array  
  at <ATextarea value="" onUpdate:value=fn rows=4  ... > 
  at <Anonymous value= {hashed: true, components: Object, theme: undefined, token: Object} > 
  at <ALocaleProvider locale=undefined ANT_MARK__="internalMark" > 
  at <LocaleReceiver children=fn<children> > 
  at <AConfigProvider theme= {token: Object} > 
  at <App> @ http://127.0.0.1:5173/@vite/client:528
[ 1889110ms] [WARNING] [Vue warn]: Invalid prop: type check failed for prop "onKeydown". Expected Function, got Array  
  at <ATextarea value="" onUpdate:value=fn rows=4  ... > 
  at <Anonymous value= {hashed: true, components: Object, theme: undefined, token: Object} > 
  at <ALocaleProvider locale=undefined ANT_MARK__="internalMark" > 
  at <LocaleReceiver children=fn<children> > 
  at <AConfigProvider theme= {token: Object} > 
  at <App> @ http://127.0.0.1:5173/@vite/client:528
[ 1889112ms] [WARNING] [Vue warn]: Invalid prop: type check failed for prop "onKeydown". Expected Function, got Array  
  at <ATextarea value="" onUpdate:value=fn rows=4  ... > 
  at <Anonymous value= {hashed: true, components: Object, theme: undefined, token: Object} > 
  at <ALocaleProvider locale=undefined ANT_MARK__="internalMark" > 
  at <LocaleReceiver children=fn<children> > 
  at <AConfigProvider theme= {token: Object} > 
  at <App> @ http://127.0.0.1:5173/@vite/client:528
[ 1889113ms] [WARNING] [Vue warn]: Invalid prop: type check failed for prop "onKeydown". Expected Function, got Array  
  at <ATextarea value="" onUpdate:value=fn rows=4  ... > 
  at <Anonymous value= {hashed: true, components: Object, theme: undefined, token: Object} > 
  at <ALocaleProvider locale=undefined ANT_MARK__="internalMark" > 
  at <LocaleReceiver children=fn<children> > 
  at <AConfigProvider theme= {token: Object} > 
  at <App> @ http://127.0.0.1:5173/@vite/client:528
[ 1889115ms] [WARNING] [Vue warn]: Invalid prop: type check failed for prop "onKeydown". Expected Function, got Array  
  at <ATextarea value="" onUpdate:value=fn rows=4  ... > 
  at <Anonymous value= {hashed: true, components: Object, theme: undefined, token: Object} > 
  at <ALocaleProvider locale=undefined ANT_MARK__="internalMark" > 
  at <LocaleReceiver children=fn<children> > 
  at <AConfigProvider theme= {token: Object} > 
  at <App> @ http://127.0.0.1:5173/@vite/client:528
[ 1889117ms] [WARNING] [Vue warn]: Invalid prop: type check failed for prop "onKeydown". Expected Function, got Array  
  at <ATextarea value="" onUpdate:value=fn rows=4  ... > 
  at <Anonymous value= {hashed: true, components: Object, theme: undefined, token: Object} > 
  at <ALocaleProvider locale=undefined ANT_MARK__="internalMark" > 
  at <LocaleReceiver children=fn<children> > 
  at <AConfigProvider theme= {token: Object} > 
  at <App> @ http://127.0.0.1:5173/@vite/client:528
[ 1889118ms] [WARNING] [Vue warn]: Invalid prop: type check failed for prop "onKeydown". Expected Function, got Array  
  at <ATextarea value="" onUpdate:value=fn rows=4  ... > 
  at <Anonymous value= {hashed: true, components: Object, theme: undefined, token: Object} > 
  at <ALocaleProvider locale=undefined ANT_MARK__="internalMark" > 
  at <LocaleReceiver children=fn<children> > 
  at <AConfigProvider theme= {token: Object} > 
  at <App> @ http://127.0.0.1:5173/@vite/client:528
[ 1889120ms] [WARNING] [Vue warn]: Invalid prop: type check failed for prop "onKeydown". Expected Function, got Array  
  at <ATextarea value="" onUpdate:value=fn rows=4  ... > 
  at <Anonymous value= {hashed: true, components: Object, theme: undefined, token: Object} > 
  at <ALocaleProvider locale=undefined ANT_MARK__="internalMark" > 
  at <LocaleReceiver children=fn<children> > 
  at <AConfigProvider theme= {token: Object} > 
  at <App> @ http://127.0.0.1:5173/@vite/client:528
[ 1889121ms] [WARNING] [Vue warn]: Invalid prop: type check failed for prop "onKeydown". Expected Function, got Array  
  at <ATextarea value="" onUpdate:value=fn rows=4  ... > 
  at <Anonymous value= {hashed: true, components: Object, theme: undefined, token: Object} > 
  at <ALocaleProvider locale=undefined ANT_MARK__="internalMark" > 
  at <LocaleReceiver children=fn<children> > 
  at <AConfigProvider theme= {token: Object} > 
  at <App> @ http://127.0.0.1:5173/@vite/client:528
[ 1889123ms] [WARNING] [Vue warn]: Invalid prop: type check failed for prop "onKeydown". Expected Function, got Array  
  at <ATextarea value="" onUpdate:value=fn rows=4  ... > 
  at <Anonymous value= {hashed: true, components: Object, theme: undefined, token: Object} > 
  at <ALocaleProvider locale=undefined ANT_MARK__="internalMark" > 
  at <LocaleReceiver children=fn<children> > 
  at <AConfigProvider theme= {token: Object} > 
  at <App> @ http://127.0.0.1:5173/@vite/client:528
[ 1889124ms] [WARNING] [Vue warn]: Invalid prop: type check failed for prop "onKeydown". Expected Function, got Array  
  at <ATextarea value="" onUpdate:value=fn rows=4  ... > 
  at <Anonymous value= {hashed: true, components: Object, theme: undefined, token: Object} > 
  at <ALocaleProvider locale=undefined ANT_MARK__="internalMark" > 
  at <LocaleReceiver children=fn<children> > 
  at <AConfigProvider theme= {token: Object} > 
  at <App> @ http://127.0.0.1:5173/@vite/client:528
[ 1889126ms] [WARNING] [Vue warn]: Invalid prop: type check failed for prop "onKeydown". Expected Function, got Array  
  at <ATextarea value="" onUpdate:value=fn rows=4  ... > 
  at <Anonymous value= {hashed: true, components: Object, theme: undefined, token: Object} > 
  at <ALocaleProvider locale=undefined ANT_MARK__="internalMark" > 
  at <LocaleReceiver children=fn<children> > 
  at <AConfigProvider theme= {token: Object} > 
  at <App> @ http://127.0.0.1:5173/@vite/client:528
[ 1889128ms] [WARNING] [Vue warn]: Invalid prop: type check failed for prop "onKeydown". Expected Function, got Array  
  at <ATextarea value="" onUpdate:value=fn rows=4  ... > 
  at <Anonymous value= {hashed: true, components: Object, theme: undefined, token: Object} > 
  at <ALocaleProvider locale=undefined ANT_MARK__="internalMark" > 
  at <LocaleReceiver children=fn<children> > 
  at <AConfigProvider theme= {token: Object} > 
  at <App> @ http://127.0.0.1:5173/@vite/client:528
[ 1889129ms] [WARNING] [Vue warn]: Invalid prop: type check failed for prop "onKeydown". Expected Function, got Array  
  at <ATextarea value="" onUpdate:value=fn rows=4  ... > 
  at <Anonymous value= {hashed: true, components: Object, theme: undefined, token: Object} > 
  at <ALocaleProvider locale=undefined ANT_MARK__="internalMark" > 
  at <LocaleReceiver children=fn<children> > 
  at <AConfigProvider theme= {token: Object} > 
  at <App> @ http://127.0.0.1:5173/@vite/client:528
[ 1889130ms] [WARNING] [Vue warn]: Invalid prop: type check failed for prop "onKeydown". Expected Function, got Array  
  at <ATextarea value="" onUpdate:value=fn rows=4  ... > 
  at <Anonymous value= {hashed: true, components: Object, theme: undefined, token: Object} > 
  at <ALocaleProvider locale=undefined ANT_MARK__="internalMark" > 
  at <LocaleReceiver children=fn<children> > 
  at <AConfigProvider theme= {token: Object} > 
  at <App> @ http://127.0.0.1:5173/@vite/client:528
[ 1889132ms] [WARNING] [Vue warn]: Invalid prop: type check failed for prop "onKeydown". Expected Function, got Array  
  at <ATextarea value="" onUpdate:value=fn rows=4  ... > 
  at <Anonymous value= {hashed: true, components: Object, theme: undefined, token: Object} > 
  at <ALocaleProvider locale=undefined ANT_MARK__="internalMark" > 
  at <LocaleReceiver children=fn<children> > 
  at <AConfigProvider theme= {token: Object} > 
  at <App> @ http://127.0.0.1:5173/@vite/client:528
[ 1889133ms] [WARNING] [Vue warn]: Invalid prop: type check failed for prop "onKeydown". Expected Function, got Array  
  at <ATextarea value="" onUpdate:value=fn rows=4  ... > 
  at <Anonymous value= {hashed: true, components: Object, theme: undefined, token: Object} > 
  at <ALocaleProvider locale=undefined ANT_MARK__="internalMark" > 
  at <LocaleReceiver children=fn<children> > 
  at <AConfigProvider theme= {token: Object} > 
  at <App> @ http://127.0.0.1:5173/@vite/client:528
[ 1889135ms] [WARNING] [Vue warn]: Invalid prop: type check failed for prop "onKeydown". Expected Function, got Array  
  at <ATextarea value="" onUpdate:value=fn rows=4  ... > 
  at <Anonymous value= {hashed: true, components: Object, theme: undefined, token: Object} > 
  at <ALocaleProvider locale=undefined ANT_MARK__="internalMark" > 
  at <LocaleReceiver children=fn<children> > 
  at <AConfigProvider theme= {token: Object} > 
  at <App> @ http://127.0.0.1:5173/@vite/client:528
[ 1889137ms] [WARNING] [Vue warn]: Invalid prop: type check failed for prop "onKeydown". Expected Function, got Array  
  at <ATextarea value="" onUpdate:value=fn rows=4  ... > 
  at <Anonymous value= {hashed: true, components: Object, theme: undefined, token: Object} > 
  at <ALocaleProvider locale=undefined ANT_MARK__="internalMark" > 
  at <LocaleReceiver children=fn<children> > 
  at <AConfigProvider theme= {token: Object} > 
  at <App> @ http://127.0.0.1:5173/@vite/client:528
[ 1889138ms] [WARNING] [Vue warn]: Invalid prop: type check failed for prop "onKeydown". Expected Function, got Array  
  at <ATextarea value="" onUpdate:value=fn rows=4  ... > 
  at <Anonymous value= {hashed: true, components: Object, theme: undefined, token: Object} > 
  at <ALocaleProvider locale=undefined ANT_MARK__="internalMark" > 
  at <LocaleReceiver children=fn<children> > 
  at <AConfigProvider theme= {token: Object} > 
  at <App> @ http://127.0.0.1:5173/@vite/client:528
[ 1889140ms] [WARNING] [Vue warn]: Invalid prop: type check failed for prop "onKeydown". Expected Function, got Array  
  at <ATextarea value="" onUpdate:value=fn rows=4  ... > 
  at <Anonymous value= {hashed: true, components: Object, theme: undefined, token: Object} > 
  at <ALocaleProvider locale=undefined ANT_MARK__="internalMark" > 
  at <LocaleReceiver children=fn<children> > 
  at <AConfigProvider theme= {token: Object} > 
  at <App> @ http://127.0.0.1:5173/@vite/client:528
[ 1889142ms] [WARNING] [Vue warn]: Invalid prop: type check failed for prop "onKeydown". Expected Function, got Array  
  at <ATextarea value="" onUpdate:value=fn rows=4  ... > 
  at <Anonymous value= {hashed: true, components: Object, theme: undefined, token: Object} > 
  at <ALocaleProvider locale=undefined ANT_MARK__="internalMark" > 
  at <LocaleReceiver children=fn<children> > 
  at <AConfigProvider theme= {token: Object} > 
  at <App> @ http://127.0.0.1:5173/@vite/client:528
[ 1889143ms] [WARNING] [Vue warn]: Invalid prop: type check failed for prop "onKeydown". Expected Function, got Array  
  at <ATextarea value="" onUpdate:value=fn rows=4  ... > 
  at <Anonymous value= {hashed: true, components: Object, theme: undefined, token: Object} > 
  at <ALocaleProvider locale=undefined ANT_MARK__="internalMark" > 
  at <LocaleReceiver children=fn<children> > 
  at <AConfigProvider theme= {token: Object} > 
  at <App> @ http://127.0.0.1:5173/@vite/client:528
[ 1889145ms] [WARNING] [Vue warn]: Invalid prop: type check failed for prop "onKeydown". Expected Function, got Array  
  at <ATextarea value="" onUpdate:value=fn rows=4  ... > 
  at <Anonymous value= {hashed: true, components: Object, theme: undefined, token: Object} > 
  at <ALocaleProvider locale=undefined ANT_MARK__="internalMark" > 
  at <LocaleReceiver children=fn<children> > 
  at <AConfigProvider theme= {token: Object} > 
  at <App> @ http://127.0.0.1:5173/@vite/client:528
[ 1889146ms] [WARNING] [Vue warn]: Invalid prop: type check failed for prop "onKeydown". Expected Function, got Array  
  at <ATextarea value="" onUpdate:value=fn rows=4  ... > 
  at <Anonymous value= {hashed: true, components: Object, theme: undefined, token: Object} > 
  at <ALocaleProvider locale=undefined ANT_MARK__="internalMark" > 
  at <LocaleReceiver children=fn<children> > 
  at <AConfigProvider theme= {token: Object} > 
  at <App> @ http://127.0.0.1:5173/@vite/client:528
[ 1889148ms] [WARNING] [Vue warn]: Invalid prop: type check failed for prop "onKeydown". Expected Function, got Array  
  at <ATextarea value="" onUpdate:value=fn rows=4  ... > 
  at <Anonymous value= {hashed: true, components: Object, theme: undefined, token: Object} > 
  at <ALocaleProvider locale=undefined ANT_MARK__="internalMark" > 
  at <LocaleReceiver children=fn<children> > 
  at <AConfigProvider theme= {token: Object} > 
  at <App> @ http://127.0.0.1:5173/@vite/client:528
[ 1889150ms] [WARNING] [Vue warn]: Invalid prop: type check failed for prop "onKeydown". Expected Function, got Array  
  at <ATextarea value="" onUpdate:value=fn rows=4  ... > 
  at <Anonymous value= {hashed: true, components: Object, theme: undefined, token: Object} > 
  at <ALocaleProvider locale=undefined ANT_MARK__="internalMark" > 
  at <LocaleReceiver children=fn<children> > 
  at <AConfigProvider theme= {token: Object} > 
  at <App> @ http://127.0.0.1:5173/@vite/client:528
[ 1889151ms] [WARNING] [Vue warn]: Invalid prop: type check failed for prop "onKeydown". Expected Function, got Array  
  at <ATextarea value="" onUpdate:value=fn rows=4  ... > 
  at <Anonymous value= {hashed: true, components: Object, theme: undefined, token: Object} > 
  at <ALocaleProvider locale=undefined ANT_MARK__="internalMark" > 
  at <LocaleReceiver children=fn<children> > 
  at <AConfigProvider theme= {token: Object} > 
  at <App> @ http://127.0.0.1:5173/@vite/client:528
[ 1889153ms] [WARNING] [Vue warn]: Invalid prop: type check failed for prop "onKeydown". Expected Function, got Array  
  at <ATextarea value="" onUpdate:value=fn rows=4  ... > 
  at <Anonymous value= {hashed: true, components: Object, theme: undefined, token: Object} > 
  at <ALocaleProvider locale=undefined ANT_MARK__="internalMark" > 
  at <LocaleReceiver children=fn<children> > 
  at <AConfigProvider theme= {token: Object} > 
  at <App> @ http://127.0.0.1:5173/@vite/client:528
[ 1889154ms] [WARNING] [Vue warn]: Invalid prop: type check failed for prop "onKeydown". Expected Function, got Array  
  at <ATextarea value="" onUpdate:value=fn rows=4  ... > 
  at <Anonymous value= {hashed: true, components: Object, theme: undefined, token: Object} > 
  at <ALocaleProvider locale=undefined ANT_MARK__="internalMark" > 
  at <LocaleReceiver children=fn<children> > 
  at <AConfigProvider theme= {token: Object} > 
  at <App> @ http://127.0.0.1:5173/@vite/client:528
[ 1889156ms] [WARNING] [Vue warn]: Invalid prop: type check failed for prop "onKeydown". Expected Function, got Array  
  at <ATextarea value="" onUpdate:value=fn rows=4  ... > 
  at <Anonymous value= {hashed: true, components: Object, theme: undefined, token: Object} > 
  at <ALocaleProvider locale=undefined ANT_MARK__="internalMark" > 
  at <LocaleReceiver children=fn<children> > 
  at <AConfigProvider theme= {token: Object} > 
  at <App> @ http://127.0.0.1:5173/@vite/client:528
[ 1889157ms] [WARNING] [Vue warn]: Invalid prop: type check failed for prop "onKeydown". Expected Function, got Array  
  at <ATextarea value="" onUpdate:value=fn rows=4  ... > 
  at <Anonymous value= {hashed: true, components: Object, theme: undefined, token: Object} > 
  at <ALocaleProvider locale=undefined ANT_MARK__="internalMark" > 
  at <LocaleReceiver children=fn<children> > 
  at <AConfigProvider theme= {token: Object} > 
  at <App> @ http://127.0.0.1:5173/@vite/client:528
[ 1889159ms] [WARNING] [Vue warn]: Invalid prop: type check failed for prop "onKeydown". Expected Function, got Array  
  at <ATextarea value="" onUpdate:value=fn rows=4  ... > 
  at <Anonymous value= {hashed: true, components: Object, theme: undefined, token: Object} > 
  at <ALocaleProvider locale=undefined ANT_MARK__="internalMark" > 
  at <LocaleReceiver children=fn<children> > 
  at <AConfigProvider theme= {token: Object} > 
  at <App> @ http://127.0.0.1:5173/@vite/client:528
[ 1889161ms] [WARNING] [Vue warn]: Invalid prop: type check failed for prop "onKeydown". Expected Function, got Array  
  at <ATextarea value="" onUpdate:value=fn rows=4  ... > 
  at <Anonymous value= {hashed: true, components: Object, theme: undefined, token: Object} > 
  at <ALocaleProvider locale=undefined ANT_MARK__="internalMark" > 
  at <LocaleReceiver children=fn<children> > 
  at <AConfigProvider theme= {token: Object} > 
  at <App> @ http://127.0.0.1:5173/@vite/client:528
[ 1889163ms] [WARNING] [Vue warn]: Invalid prop: type check failed for prop "onKeydown". Expected Function, got Array  
  at <ATextarea value="" onUpdate:value=fn rows=4  ... > 
  at <Anonymous value= {hashed: true, components: Object, theme: undefined, token: Object} > 
  at <ALocaleProvider locale=undefined ANT_MARK__="internalMark" > 
  at <LocaleReceiver children=fn<children> > 
  at <AConfigProvider theme= {token: Object} > 
  at <App> @ http://127.0.0.1:5173/@vite/client:528
[ 1889165ms] [WARNING] [Vue warn]: Invalid prop: type check failed for prop "onKeydown". Expected Function, got Array  
  at <ATextarea value="" onUpdate:value=fn rows=4  ... > 
  at <Anonymous value= {hashed: true, components: Object, theme: undefined, token: Object} > 
  at <ALocaleProvider locale=undefined ANT_MARK__="internalMark" > 
  at <LocaleReceiver children=fn<children> > 
  at <AConfigProvider theme= {token: Object} > 
  at <App> @ http://127.0.0.1:5173/@vite/client:528
[ 1889166ms] [WARNING] [Vue warn]: Invalid prop: type check failed for prop "onKeydown". Expected Function, got Array  
  at <ATextarea value="" onUpdate:value=fn rows=4  ... > 
  at <Anonymous value= {hashed: true, components: Object, theme: undefined, token: Object} > 
  at <ALocaleProvider locale=undefined ANT_MARK__="internalMark" > 
  at <LocaleReceiver children=fn<children> > 
  at <AConfigProvider theme= {token: Object} > 
  at <App> @ http://127.0.0.1:5173/@vite/client:528
[ 1889168ms] [WARNING] [Vue warn]: Invalid prop: type check failed for prop "onKeydown". Expected Function, got Array  
  at <ATextarea value="" onUpdate:value=fn rows=4  ... > 
  at <Anonymous value= {hashed: true, components: Object, theme: undefined, token: Object} > 
  at <ALocaleProvider locale=undefined ANT_MARK__="internalMark" > 
  at <LocaleReceiver children=fn<children> > 
  at <AConfigProvider theme= {token: Object} > 
  at <App> @ http://127.0.0.1:5173/@vite/client:528
[ 1889170ms] [WARNING] [Vue warn]: Invalid prop: type check failed for prop "onKeydown". Expected Function, got Array  
  at <ATextarea value="" onUpdate:value=fn rows=4  ... > 
  at <Anonymous value= {hashed: true, components: Object, theme: undefined, token: Object} > 
  at <ALocaleProvider locale=undefined ANT_MARK__="internalMark" > 
  at <LocaleReceiver children=fn<children> > 
  at <AConfigProvider theme= {token: Object} > 
  at <App> @ http://127.0.0.1:5173/@vite/client:528
[ 1889171ms] [WARNING] [Vue warn]: Invalid prop: type check failed for prop "onKeydown". Expected Function, got Array  
  at <ATextarea value="" onUpdate:value=fn rows=4  ... > 
  at <Anonymous value= {hashed: true, components: Object, theme: undefined, token: Object} > 
  at <ALocaleProvider locale=undefined ANT_MARK__="internalMark" > 
  at <LocaleReceiver children=fn<children> > 
  at <AConfigProvider theme= {token: Object} > 
  at <App> @ http://127.0.0.1:5173/@vite/client:528
[ 1889173ms] [WARNING] [Vue warn]: Invalid prop: type check failed for prop "onKeydown". Expected Function, got Array  
  at <ATextarea value="" onUpdate:value=fn rows=4  ... > 
  at <Anonymous value= {hashed: true, components: Object, theme: undefined, token: Object} > 
  at <ALocaleProvider locale=undefined ANT_MARK__="internalMark" > 
  at <LocaleReceiver children=fn<children> > 
  at <AConfigProvider theme= {token: Object} > 
  at <App> @ http://127.0.0.1:5173/@vite/client:528
[ 1889174ms] [WARNING] [Vue warn]: Invalid prop: type check failed for prop "onKeydown". Expected Function, got Array  
  at <ATextarea value="" onUpdate:value=fn rows=4  ... > 
  at <Anonymous value= {hashed: true, components: Object, theme: undefined, token: Object} > 
  at <ALocaleProvider locale=undefined ANT_MARK__="internalMark" > 
  at <LocaleReceiver children=fn<children> > 
  at <AConfigProvider theme= {token: Object} > 
  at <App> @ http://127.0.0.1:5173/@vite/client:528
[ 1889176ms] [WARNING] [Vue warn]: Invalid prop: type check failed for prop "onKeydown". Expected Function, got Array  
  at <ATextarea value="" onUpdate:value=fn rows=4  ... > 
  at <Anonymous value= {hashed: true, components: Object, theme: undefined, token: Object} > 
  at <ALocaleProvider locale=undefined ANT_MARK__="internalMark" > 
  at <LocaleReceiver children=fn<children> > 
  at <AConfigProvider theme= {token: Object} > 
  at <App> @ http://127.0.0.1:5173/@vite/client:528
[ 1889178ms] [WARNING] [Vue warn]: Invalid prop: type check failed for prop "onKeydown". Expected Function, got Array  
  at <ATextarea value="" onUpdate:value=fn rows=4  ... > 
  at <Anonymous value= {hashed: true, components: Object, theme: undefined, token: Object} > 
  at <ALocaleProvider locale=undefined ANT_MARK__="internalMark" > 
  at <LocaleReceiver children=fn<children> > 
  at <AConfigProvider theme= {token: Object} > 
  at <App> @ http://127.0.0.1:5173/@vite/client:528
[ 1889180ms] [WARNING] [Vue warn]: Invalid prop: type check failed for prop "onKeydown". Expected Function, got Array  
  at <ATextarea value="" onUpdate:value=fn rows=4  ... > 
  at <Anonymous value= {hashed: true, components: Object, theme: undefined, token: Object} > 
  at <ALocaleProvider locale=undefined ANT_MARK__="internalMark" > 
  at <LocaleReceiver children=fn<children> > 
  at <AConfigProvider theme= {token: Object} > 
  at <App> @ http://127.0.0.1:5173/@vite/client:528
[ 1889182ms] [WARNING] [Vue warn]: Invalid prop: type check failed for prop "onKeydown". Expected Function, got Array  
  at <ATextarea value="" onUpdate:value=fn rows=4  ... > 
  at <Anonymous value= {hashed: true, components: Object, theme: undefined, token: Object} > 
  at <ALocaleProvider locale=undefined ANT_MARK__="internalMark" > 
  at <LocaleReceiver children=fn<children> > 
  at <AConfigProvider theme= {token: Object} > 
  at <App> @ http://127.0.0.1:5173/@vite/client:528
[ 1889183ms] [WARNING] [Vue warn]: Invalid prop: type check failed for prop "onKeydown". Expected Function, got Array  
  at <ATextarea value="" onUpdate:value=fn rows=4  ... > 
  at <Anonymous value= {hashed: true, components: Object, theme: undefined, token: Object} > 
  at <ALocaleProvider locale=undefined ANT_MARK__="internalMark" > 
  at <LocaleReceiver children=fn<children> > 
  at <AConfigProvider theme= {token: Object} > 
  at <App> @ http://127.0.0.1:5173/@vite/client:528
[ 1889185ms] [WARNING] [Vue warn]: Invalid prop: type check failed for prop "onKeydown". Expected Function, got Array  
  at <ATextarea value="" onUpdate:value=fn rows=4  ... > 
  at <Anonymous value= {hashed: true, components: Object, theme: undefined, token: Object} > 
  at <ALocaleProvider locale=undefined ANT_MARK__="internalMark" > 
  at <LocaleReceiver children=fn<children> > 
  at <AConfigProvider theme= {token: Object} > 
  at <App> @ http://127.0.0.1:5173/@vite/client:528
[ 1889186ms] [WARNING] [Vue warn]: Invalid prop: type check failed for prop "onKeydown". Expected Function, got Array  
  at <ATextarea value="" onUpdate:value=fn rows=4  ... > 
  at <Anonymous value= {hashed: true, components: Object, theme: undefined, token: Object} > 
  at <ALocaleProvider locale=undefined ANT_MARK__="internalMark" > 
  at <LocaleReceiver children=fn<children> > 
  at <AConfigProvider theme= {token: Object} > 
  at <App> @ http://127.0.0.1:5173/@vite/client:528
[ 1889188ms] [WARNING] [Vue warn]: Invalid prop: type check failed for prop "onKeydown". Expected Function, got Array  
  at <ATextarea value="" onUpdate:value=fn rows=4  ... > 
  at <Anonymous value= {hashed: true, components: Object, theme: undefined, token: Object} > 
  at <ALocaleProvider locale=undefined ANT_MARK__="internalMark" > 
  at <LocaleReceiver children=fn<children> > 
  at <AConfigProvider theme= {token: Object} > 
  at <App> @ http://127.0.0.1:5173/@vite/client:528
[ 1889190ms] [WARNING] [Vue warn]: Invalid prop: type check failed for prop "onKeydown". Expected Function, got Array  
  at <ATextarea value="" onUpdate:value=fn rows=4  ... > 
  at <Anonymous value= {hashed: true, components: Object, theme: undefined, token: Object} > 
  at <ALocaleProvider locale=undefined ANT_MARK__="internalMark" > 
  at <LocaleReceiver children=fn<children> > 
  at <AConfigProvider theme= {token: Object} > 
  at <App> @ http://127.0.0.1:5173/@vite/client:528
[ 1889191ms] [WARNING] [Vue warn]: Invalid prop: type check failed for prop "onKeydown". Expected Function, got Array  
  at <ATextarea value="" onUpdate:value=fn rows=4  ... > 
  at <Anonymous value= {hashed: true, components: Object, theme: undefined, token: Object} > 
  at <ALocaleProvider locale=undefined ANT_MARK__="internalMark" > 
  at <LocaleReceiver children=fn<children> > 
  at <AConfigProvider theme= {token: Object} > 
  at <App> @ http://127.0.0.1:5173/@vite/client:528
[ 1889193ms] [WARNING] [Vue warn]: Invalid prop: type check failed for prop "onKeydown". Expected Function, got Array  
  at <ATextarea value="" onUpdate:value=fn rows=4  ... > 
  at <Anonymous value= {hashed: true, components: Object, theme: undefined, token: Object} > 
  at <ALocaleProvider locale=undefined ANT_MARK__="internalMark" > 
  at <LocaleReceiver children=fn<children> > 
  at <AConfigProvider theme= {token: Object} > 
  at <App> @ http://127.0.0.1:5173/@vite/client:528
[ 1889194ms] [WARNING] [Vue warn]: Invalid prop: type check failed for prop "onKeydown". Expected Function, got Array  
  at <ATextarea value="" onUpdate:value=fn rows=4  ... > 
  at <Anonymous value= {hashed: true, components: Object, theme: undefined, token: Object} > 
  at <ALocaleProvider locale=undefined ANT_MARK__="internalMark" > 
  at <LocaleReceiver children=fn<children> > 
  at <AConfigProvider theme= {token: Object} > 
  at <App> @ http://127.0.0.1:5173/@vite/client:528
[ 1889196ms] [WARNING] [Vue warn]: Invalid prop: type check failed for prop "onKeydown". Expected Function, got Array  
  at <ATextarea value="" onUpdate:value=fn rows=4  ... > 
  at <Anonymous value= {hashed: true, components: Object, theme: undefined, token: Object} > 
  at <ALocaleProvider locale=undefined ANT_MARK__="internalMark" > 
  at <LocaleReceiver children=fn<children> > 
  at <AConfigProvider theme= {token: Object} > 
  at <App> @ http://127.0.0.1:5173/@vite/client:528
[ 1889198ms] [WARNING] [Vue warn]: Invalid prop: type check failed for prop "onKeydown". Expected Function, got Array  
  at <ATextarea value="" onUpdate:value=fn rows=4  ... > 
  at <Anonymous value= {hashed: true, components: Object, theme: undefined, token: Object} > 
  at <ALocaleProvider locale=undefined ANT_MARK__="internalMark" > 
  at <LocaleReceiver children=fn<children> > 
  at <AConfigProvider theme= {token: Object} > 
  at <App> @ http://127.0.0.1:5173/@vite/client:528
[ 1889199ms] [WARNING] [Vue warn]: Invalid prop: type check failed for prop "onKeydown". Expected Function, got Array  
  at <ATextarea value="" onUpdate:value=fn rows=4  ... > 
  at <Anonymous value= {hashed: true, components: Object, theme: undefined, token: Object} > 
  at <ALocaleProvider locale=undefined ANT_MARK__="internalMark" > 
  at <LocaleReceiver children=fn<children> > 
  at <AConfigProvider theme= {token: Object} > 
  at <App> @ http://127.0.0.1:5173/@vite/client:528
[ 1889201ms] [WARNING] [Vue warn]: Invalid prop: type check failed for prop "onKeydown". Expected Function, got Array  
  at <ATextarea value="" onUpdate:value=fn rows=4  ... > 
  at <Anonymous value= {hashed: true, components: Object, theme: undefined, token: Object} > 
  at <ALocaleProvider locale=undefined ANT_MARK__="internalMark" > 
  at <LocaleReceiver children=fn<children> > 
  at <AConfigProvider theme= {token: Object} > 
  at <App> @ http://127.0.0.1:5173/@vite/client:528
[ 1889202ms] [WARNING] [Vue warn]: Invalid prop: type check failed for prop "onKeydown". Expected Function, got Array  
  at <ATextarea value="" onUpdate:value=fn rows=4  ... > 
  at <Anonymous value= {hashed: true, components: Object, theme: undefined, token: Object} > 
  at <ALocaleProvider locale=undefined ANT_MARK__="internalMark" > 
  at <LocaleReceiver children=fn<children> > 
  at <AConfigProvider theme= {token: Object} > 
  at <App> @ http://127.0.0.1:5173/@vite/client:528
[ 1889204ms] [WARNING] [Vue warn]: Invalid prop: type check failed for prop "onKeydown". Expected Function, got Array  
  at <ATextarea value="" onUpdate:value=fn rows=4  ... > 
  at <Anonymous value= {hashed: true, components: Object, theme: undefined, token: Object} > 
  at <ALocaleProvider locale=undefined ANT_MARK__="internalMark" > 
  at <LocaleReceiver children=fn<children> > 
  at <AConfigProvider theme= {token: Object} > 
  at <App> @ http://127.0.0.1:5173/@vite/client:528
[ 1889205ms] [WARNING] [Vue warn]: Invalid prop: type check failed for prop "onKeydown". Expected Function, got Array  
  at <ATextarea value="" onUpdate:value=fn rows=4  ... > 
  at <Anonymous value= {hashed: true, components: Object, theme: undefined, token: Object} > 
  at <ALocaleProvider locale=undefined ANT_MARK__="internalMark" > 
  at <LocaleReceiver children=fn<children> > 
  at <AConfigProvider theme= {token: Object} > 
  at <App> @ http://127.0.0.1:5173/@vite/client:528
[ 1889207ms] [WARNING] [Vue warn]: Invalid prop: type check failed for prop "onKeydown". Expected Function, got Array  
  at <ATextarea value="" onUpdate:value=fn rows=4  ... > 
  at <Anonymous value= {hashed: true, components: Object, theme: undefined, token: Object} > 
  at <ALocaleProvider locale=undefined ANT_MARK__="internalMark" > 
  at <LocaleReceiver children=fn<children> > 
  at <AConfigProvider theme= {token: Object} > 
  at <App> @ http://127.0.0.1:5173/@vite/client:528
[ 1889208ms] [WARNING] [Vue warn]: Invalid prop: type check failed for prop "onKeydown". Expected Function, got Array  
  at <ATextarea value="" onUpdate:value=fn rows=4  ... > 
  at <Anonymous value= {hashed: true, components: Object, theme: undefined, token: Object} > 
  at <ALocaleProvider locale=undefined ANT_MARK__="internalMark" > 
  at <LocaleReceiver children=fn<children> > 
  at <AConfigProvider theme= {token: Object} > 
  at <App> @ http://127.0.0.1:5173/@vite/client:528
[ 1889210ms] [WARNING] [Vue warn]: Invalid prop: type check failed for prop "onKeydown". Expected Function, got Array  
  at <ATextarea value="" onUpdate:value=fn rows=4  ... > 
  at <Anonymous value= {hashed: true, components: Object, theme: undefined, token: Object} > 
  at <ALocaleProvider locale=undefined ANT_MARK__="internalMark" > 
  at <LocaleReceiver children=fn<children> > 
  at <AConfigProvider theme= {token: Object} > 
  at <App> @ http://127.0.0.1:5173/@vite/client:528
[ 1889211ms] [WARNING] [Vue warn]: Invalid prop: type check failed for prop "onKeydown". Expected Function, got Array  
  at <ATextarea value="" onUpdate:value=fn rows=4  ... > 
  at <Anonymous value= {hashed: true, components: Object, theme: undefined, token: Object} > 
  at <ALocaleProvider locale=undefined ANT_MARK__="internalMark" > 
  at <LocaleReceiver children=fn<children> > 
  at <AConfigProvider theme= {token: Object} > 
  at <App> @ http://127.0.0.1:5173/@vite/client:528
[ 1889213ms] [WARNING] [Vue warn]: Invalid prop: type check failed for prop "onKeydown". Expected Function, got Array  
  at <ATextarea value="" onUpdate:value=fn rows=4  ... > 
  at <Anonymous value= {hashed: true, components: Object, theme: undefined, token: Object} > 
  at <ALocaleProvider locale=undefined ANT_MARK__="internalMark" > 
  at <LocaleReceiver children=fn<children> > 
  at <AConfigProvider theme= {token: Object} > 
  at <App> @ http://127.0.0.1:5173/@vite/client:528
[ 1889215ms] [WARNING] [Vue warn]: Invalid prop: type check failed for prop "onKeydown". Expected Function, got Array  
  at <ATextarea value="" onUpdate:value=fn rows=4  ... > 
  at <Anonymous value= {hashed: true, components: Object, theme: undefined, token: Object} > 
  at <ALocaleProvider locale=undefined ANT_MARK__="internalMark" > 
  at <LocaleReceiver children=fn<children> > 
  at <AConfigProvider theme= {token: Object} > 
  at <App> @ http://127.0.0.1:5173/@vite/client:528
[ 1889217ms] [WARNING] [Vue warn]: Invalid prop: type check failed for prop "onKeydown". Expected Function, got Array  
  at <ATextarea value="" onUpdate:value=fn rows=4  ... > 
  at <Anonymous value= {hashed: true, components: Object, theme: undefined, token: Object} > 
  at <ALocaleProvider locale=undefined ANT_MARK__="internalMark" > 
  at <LocaleReceiver children=fn<children> > 
  at <AConfigProvider theme= {token: Object} > 
  at <App> @ http://127.0.0.1:5173/@vite/client:528
[ 1889219ms] [WARNING] [Vue warn]: Invalid prop: type check failed for prop "onKeydown". Expected Function, got Array  
  at <ATextarea value="" onUpdate:value=fn rows=4  ... > 
  at <Anonymous value= {hashed: true, components: Object, theme: undefined, token: Object} > 
  at <ALocaleProvider locale=undefined ANT_MARK__="internalMark" > 
  at <LocaleReceiver children=fn<children> > 
  at <AConfigProvider theme= {token: Object} > 
  at <App> @ http://127.0.0.1:5173/@vite/client:528
[ 1889220ms] [WARNING] [Vue warn]: Invalid prop: type check failed for prop "onKeydown". Expected Function, got Array  
  at <ATextarea value="" onUpdate:value=fn rows=4  ... > 
  at <Anonymous value= {hashed: true, components: Object, theme: undefined, token: Object} > 
  at <ALocaleProvider locale=undefined ANT_MARK__="internalMark" > 
  at <LocaleReceiver children=fn<children> > 
  at <AConfigProvider theme= {token: Object} > 
  at <App> @ http://127.0.0.1:5173/@vite/client:528
[ 1889222ms] [WARNING] [Vue warn]: Invalid prop: type check failed for prop "onKeydown". Expected Function, got Array  
  at <ATextarea value="" onUpdate:value=fn rows=4  ... > 
  at <Anonymous value= {hashed: true, components: Object, theme: undefined, token: Object} > 
  at <ALocaleProvider locale=undefined ANT_MARK__="internalMark" > 
  at <LocaleReceiver children=fn<children> > 
  at <AConfigProvider theme= {token: Object} > 
  at <App> @ http://127.0.0.1:5173/@vite/client:528
[ 1889224ms] [WARNING] [Vue warn]: Invalid prop: type check failed for prop "onKeydown". Expected Function, got Array  
  at <ATextarea value="" onUpdate:value=fn rows=4  ... > 
  at <Anonymous value= {hashed: true, components: Object, theme: undefined, token: Object} > 
  at <ALocaleProvider locale=undefined ANT_MARK__="internalMark" > 
  at <LocaleReceiver children=fn<children> > 
  at <AConfigProvider theme= {token: Object} > 
  at <App> @ http://127.0.0.1:5173/@vite/client:528
[ 1889225ms] [WARNING] [Vue warn]: Invalid prop: type check failed for prop "onKeydown". Expected Function, got Array  
  at <ATextarea value="" onUpdate:value=fn rows=4  ... > 
  at <Anonymous value= {hashed: true, components: Object, theme: undefined, token: Object} > 
  at <ALocaleProvider locale=undefined ANT_MARK__="internalMark" > 
  at <LocaleReceiver children=fn<children> > 
  at <AConfigProvider theme= {token: Object} > 
  at <App> @ http://127.0.0.1:5173/@vite/client:528
[ 1889227ms] [WARNING] [Vue warn]: Invalid prop: type check failed for prop "onKeydown". Expected Function, got Array  
  at <ATextarea value="" onUpdate:value=fn rows=4  ... > 
  at <Anonymous value= {hashed: true, components: Object, theme: undefined, token: Object} > 
  at <ALocaleProvider locale=undefined ANT_MARK__="internalMark" > 
  at <LocaleReceiver children=fn<children> > 
  at <AConfigProvider theme= {token: Object} > 
  at <App> @ http://127.0.0.1:5173/@vite/client:528
[ 1889228ms] [WARNING] [Vue warn]: Invalid prop: type check failed for prop "onKeydown". Expected Function, got Array  
  at <ATextarea value="" onUpdate:value=fn rows=4  ... > 
  at <Anonymous value= {hashed: true, components: Object, theme: undefined, token: Object} > 
  at <ALocaleProvider locale=undefined ANT_MARK__="internalMark" > 
  at <LocaleReceiver children=fn<children> > 
  at <AConfigProvider theme= {token: Object} > 
  at <App> @ http://127.0.0.1:5173/@vite/client:528
[ 1889230ms] [WARNING] [Vue warn]: Invalid prop: type check failed for prop "onKeydown". Expected Function, got Array  
  at <ATextarea value="" onUpdate:value=fn rows=4  ... > 
  at <Anonymous value= {hashed: true, components: Object, theme: undefined, token: Object} > 
  at <ALocaleProvider locale=undefined ANT_MARK__="internalMark" > 
  at <LocaleReceiver children=fn<children> > 
  at <AConfigProvider theme= {token: Object} > 
  at <App> @ http://127.0.0.1:5173/@vite/client:528
[ 1889231ms] [WARNING] [Vue warn]: Invalid prop: type check failed for prop "onKeydown". Expected Function, got Array  
  at <ATextarea value="" onUpdate:value=fn rows=4  ... > 
  at <Anonymous value= {hashed: true, components: Object, theme: undefined, token: Object} > 
  at <ALocaleProvider locale=undefined ANT_MARK__="internalMark" > 
  at <LocaleReceiver children=fn<children> > 
  at <AConfigProvider theme= {token: Object} > 
  at <App> @ http://127.0.0.1:5173/@vite/client:528
[ 1889233ms] [WARNING] [Vue warn]: Invalid prop: type check failed for prop "onKeydown". Expected Function, got Array  
  at <ATextarea value="" onUpdate:value=fn rows=4  ... > 
  at <Anonymous value= {hashed: true, components: Object, theme: undefined, token: Object} > 
  at <ALocaleProvider locale=undefined ANT_MARK__="internalMark" > 
  at <LocaleReceiver children=fn<children> > 
  at <AConfigProvider theme= {token: Object} > 
  at <App> @ http://127.0.0.1:5173/@vite/client:528
[ 1889234ms] [WARNING] [Vue warn]: Invalid prop: type check failed for prop "onKeydown". Expected Function, got Array  
  at <ATextarea value="" onUpdate:value=fn rows=4  ... > 
  at <Anonymous value= {hashed: true, components: Object, theme: undefined, token: Object} > 
  at <ALocaleProvider locale=undefined ANT_MARK__="internalMark" > 
  at <LocaleReceiver children=fn<children> > 
  at <AConfigProvider theme= {token: Object} > 
  at <App> @ http://127.0.0.1:5173/@vite/client:528
[ 1889236ms] [WARNING] [Vue warn]: Invalid prop: type check failed for prop "onKeydown". Expected Function, got Array  
  at <ATextarea value="" onUpdate:value=fn rows=4  ... > 
  at <Anonymous value= {hashed: true, components: Object, theme: undefined, token: Object} > 
  at <ALocaleProvider locale=undefined ANT_MARK__="internalMark" > 
  at <LocaleReceiver children=fn<children> > 
  at <AConfigProvider theme= {token: Object} > 
  at <App> @ http://127.0.0.1:5173/@vite/client:528
[ 1889238ms] [WARNING] [Vue warn]: Invalid prop: type check failed for prop "onKeydown". Expected Function, got Array  
  at <ATextarea value="" onUpdate:value=fn rows=4  ... > 
  at <Anonymous value= {hashed: true, components: Object, theme: undefined, token: Object} > 
  at <ALocaleProvider locale=undefined ANT_MARK__="internalMark" > 
  at <LocaleReceiver children=fn<children> > 
  at <AConfigProvider theme= {token: Object} > 
  at <App> @ http://127.0.0.1:5173/@vite/client:528
[ 1889239ms] [WARNING] [Vue warn]: Invalid prop: type check failed for prop "onKeydown". Expected Function, got Array  
  at <ATextarea value="" onUpdate:value=fn rows=4  ... > 
  at <Anonymous value= {hashed: true, components: Object, theme: undefined, token: Object} > 
  at <ALocaleProvider locale=undefined ANT_MARK__="internalMark" > 
  at <LocaleReceiver children=fn<children> > 
  at <AConfigProvider theme= {token: Object} > 
  at <App> @ http://127.0.0.1:5173/@vite/client:528
[ 1889241ms] [WARNING] [Vue warn]: Invalid prop: type check failed for prop "onKeydown". Expected Function, got Array  
  at <ATextarea value="" onUpdate:value=fn rows=4  ... > 
  at <Anonymous value= {hashed: true, components: Object, theme: undefined, token: Object} > 
  at <ALocaleProvider locale=undefined ANT_MARK__="internalMark" > 
  at <LocaleReceiver children=fn<children> > 
  at <AConfigProvider theme= {token: Object} > 
  at <App> @ http://127.0.0.1:5173/@vite/client:528
[ 1889243ms] [WARNING] [Vue warn]: Invalid prop: type check failed for prop "onKeydown". Expected Function, got Array  
  at <ATextarea value="" onUpdate:value=fn rows=4  ... > 
  at <Anonymous value= {hashed: true, components: Object, theme: undefined, token: Object} > 
  at <ALocaleProvider locale=undefined ANT_MARK__="internalMark" > 
  at <LocaleReceiver children=fn<children> > 
  at <AConfigProvider theme= {token: Object} > 
  at <App> @ http://127.0.0.1:5173/@vite/client:528
[ 1889244ms] [WARNING] [Vue warn]: Invalid prop: type check failed for prop "onKeydown". Expected Function, got Array  
  at <ATextarea value="" onUpdate:value=fn rows=4  ... > 
  at <Anonymous value= {hashed: true, components: Object, theme: undefined, token: Object} > 
  at <ALocaleProvider locale=undefined ANT_MARK__="internalMark" > 
  at <LocaleReceiver children=fn<children> > 
  at <AConfigProvider theme= {token: Object} > 
  at <App> @ http://127.0.0.1:5173/@vite/client:528
[ 1889246ms] [WARNING] [Vue warn]: Invalid prop: type check failed for prop "onKeydown". Expected Function, got Array  
  at <ATextarea value="" onUpdate:value=fn rows=4  ... > 
  at <Anonymous value= {hashed: true, components: Object, theme: undefined, token: Object} > 
  at <ALocaleProvider locale=undefined ANT_MARK__="internalMark" > 
  at <LocaleReceiver children=fn<children> > 
  at <AConfigProvider theme= {token: Object} > 
  at <App> @ http://127.0.0.1:5173/@vite/client:528
[ 1889247ms] [WARNING] [Vue warn]: Invalid prop: type check failed for prop "onKeydown". Expected Function, got Array  
  at <ATextarea value="" onUpdate:value=fn rows=4  ... > 
  at <Anonymous value= {hashed: true, components: Object, theme: undefined, token: Object} > 
  at <ALocaleProvider locale=undefined ANT_MARK__="internalMark" > 
  at <LocaleReceiver children=fn<children> > 
  at <AConfigProvider theme= {token: Object} > 
  at <App> @ http://127.0.0.1:5173/@vite/client:528
[ 1889249ms] [WARNING] [Vue warn]: Invalid prop: type check failed for prop "onKeydown". Expected Function, got Array  
  at <ATextarea value="" onUpdate:value=fn rows=4  ... > 
  at <Anonymous value= {hashed: true, components: Object, theme: undefined, token: Object} > 
  at <ALocaleProvider locale=undefined ANT_MARK__="internalMark" > 
  at <LocaleReceiver children=fn<children> > 
  at <AConfigProvider theme= {token: Object} > 
  at <App> @ http://127.0.0.1:5173/@vite/client:528
[ 1889250ms] [WARNING] [Vue warn]: Invalid prop: type check failed for prop "onKeydown". Expected Function, got Array  
  at <ATextarea value="" onUpdate:value=fn rows=4  ... > 
  at <Anonymous value= {hashed: true, components: Object, theme: undefined, token: Object} > 
  at <ALocaleProvider locale=undefined ANT_MARK__="internalMark" > 
  at <LocaleReceiver children=fn<children> > 
  at <AConfigProvider theme= {token: Object} > 
  at <App> @ http://127.0.0.1:5173/@vite/client:528
[ 1889252ms] [WARNING] [Vue warn]: Invalid prop: type check failed for prop "onKeydown". Expected Function, got Array  
  at <ATextarea value="" onUpdate:value=fn rows=4  ... > 
  at <Anonymous value= {hashed: true, components: Object, theme: undefined, token: Object} > 
  at <ALocaleProvider locale=undefined ANT_MARK__="internalMark" > 
  at <LocaleReceiver children=fn<children> > 
  at <AConfigProvider theme= {token: Object} > 
  at <App> @ http://127.0.0.1:5173/@vite/client:528
[ 1889253ms] [WARNING] [Vue warn]: Invalid prop: type check failed for prop "onKeydown". Expected Function, got Array  
  at <ATextarea value="" onUpdate:value=fn rows=4  ... > 
  at <Anonymous value= {hashed: true, components: Object, theme: undefined, token: Object} > 
  at <ALocaleProvider locale=undefined ANT_MARK__="internalMark" > 
  at <LocaleReceiver children=fn<children> > 
  at <AConfigProvider theme= {token: Object} > 
  at <App> @ http://127.0.0.1:5173/@vite/client:528
[ 1889255ms] [WARNING] [Vue warn]: Invalid prop: type check failed for prop "onKeydown". Expected Function, got Array  
  at <ATextarea value="" onUpdate:value=fn rows=4  ... > 
  at <Anonymous value= {hashed: true, components: Object, theme: undefined, token: Object} > 
  at <ALocaleProvider locale=undefined ANT_MARK__="internalMark" > 
  at <LocaleReceiver children=fn<children> > 
  at <AConfigProvider theme= {token: Object} > 
  at <App> @ http://127.0.0.1:5173/@vite/client:528
[ 1889257ms] [WARNING] [Vue warn]: Invalid prop: type check failed for prop "onKeydown". Expected Function, got Array  
  at <ATextarea value="" onUpdate:value=fn rows=4  ... > 
  at <Anonymous value= {hashed: true, components: Object, theme: undefined, token: Object} > 
  at <ALocaleProvider locale=undefined ANT_MARK__="internalMark" > 
  at <LocaleReceiver children=fn<children> > 
  at <AConfigProvider theme= {token: Object} > 
  at <App> @ http://127.0.0.1:5173/@vite/client:528
[ 1889259ms] [WARNING] [Vue warn]: Invalid prop: type check failed for prop "onKeydown". Expected Function, got Array  
  at <ATextarea value="" onUpdate:value=fn rows=4  ... > 
  at <Anonymous value= {hashed: true, components: Object, theme: undefined, token: Object} > 
  at <ALocaleProvider locale=undefined ANT_MARK__="internalMark" > 
  at <LocaleReceiver children=fn<children> > 
  at <AConfigProvider theme= {token: Object} > 
  at <App> @ http://127.0.0.1:5173/@vite/client:528
[ 1889261ms] [WARNING] [Vue warn]: Invalid prop: type check failed for prop "onKeydown". Expected Function, got Array  
  at <ATextarea value="" onUpdate:value=fn rows=4  ... > 
  at <Anonymous value= {hashed: true, components: Object, theme: undefined, token: Object} > 
  at <ALocaleProvider locale=undefined ANT_MARK__="internalMark" > 
  at <LocaleReceiver children=fn<children> > 
  at <AConfigProvider theme= {token: Object} > 
  at <App> @ http://127.0.0.1:5173/@vite/client:528
[ 1889262ms] [WARNING] [Vue warn]: Invalid prop: type check failed for prop "onKeydown". Expected Function, got Array  
  at <ATextarea value="" onUpdate:value=fn rows=4  ... > 
  at <Anonymous value= {hashed: true, components: Object, theme: undefined, token: Object} > 
  at <ALocaleProvider locale=undefined ANT_MARK__="internalMark" > 
  at <LocaleReceiver children=fn<children> > 
  at <AConfigProvider theme= {token: Object} > 
  at <App> @ http://127.0.0.1:5173/@vite/client:528
[ 1889265ms] [WARNING] [Vue warn]: Invalid prop: type check failed for prop "onKeydown". Expected Function, got Array  
  at <ATextarea value="" onUpdate:value=fn rows=4  ... > 
  at <Anonymous value= {hashed: true, components: Object, theme: undefined, token: Object} > 
  at <ALocaleProvider locale=undefined ANT_MARK__="internalMark" > 
  at <LocaleReceiver children=fn<children> > 
  at <AConfigProvider theme= {token: Object} > 
  at <App> @ http://127.0.0.1:5173/@vite/client:528
[ 1889267ms] [WARNING] [Vue warn]: Invalid prop: type check failed for prop "onKeydown". Expected Function, got Array  
  at <ATextarea value="" onUpdate:value=fn rows=4  ... > 
  at <Anonymous value= {hashed: true, components: Object, theme: undefined, token: Object} > 
  at <ALocaleProvider locale=undefined ANT_MARK__="internalMark" > 
  at <LocaleReceiver children=fn<children> > 
  at <AConfigProvider theme= {token: Object} > 
  at <App> @ http://127.0.0.1:5173/@vite/client:528
[ 1889268ms] [WARNING] [Vue warn]: Invalid prop: type check failed for prop "onKeydown". Expected Function, got Array  
  at <ATextarea value="" onUpdate:value=fn rows=4  ... > 
  at <Anonymous value= {hashed: true, components: Object, theme: undefined, token: Object} > 
  at <ALocaleProvider locale=undefined ANT_MARK__="internalMark" > 
  at <LocaleReceiver children=fn<children> > 
  at <AConfigProvider theme= {token: Object} > 
  at <App> @ http://127.0.0.1:5173/@vite/client:528
[ 1889270ms] [WARNING] [Vue warn]: Invalid prop: type check failed for prop "onKeydown". Expected Function, got Array  
  at <ATextarea value="" onUpdate:value=fn rows=4  ... > 
  at <Anonymous value= {hashed: true, components: Object, theme: undefined, token: Object} > 
  at <ALocaleProvider locale=undefined ANT_MARK__="internalMark" > 
  at <LocaleReceiver children=fn<children> > 
  at <AConfigProvider theme= {token: Object} > 
  at <App> @ http://127.0.0.1:5173/@vite/client:528
[ 1889271ms] [WARNING] [Vue warn]: Invalid prop: type check failed for prop "onKeydown". Expected Function, got Array  
  at <ATextarea value="" onUpdate:value=fn rows=4  ... > 
  at <Anonymous value= {hashed: true, components: Object, theme: undefined, token: Object} > 
  at <ALocaleProvider locale=undefined ANT_MARK__="internalMark" > 
  at <LocaleReceiver children=fn<children> > 
  at <AConfigProvider theme= {token: Object} > 
  at <App> @ http://127.0.0.1:5173/@vite/client:528
[ 1889273ms] [WARNING] [Vue warn]: Invalid prop: type check failed for prop "onKeydown". Expected Function, got Array  
  at <ATextarea value="" onUpdate:value=fn rows=4  ... > 
  at <Anonymous value= {hashed: true, components: Object, theme: undefined, token: Object} > 
  at <ALocaleProvider locale=undefined ANT_MARK__="internalMark" > 
  at <LocaleReceiver children=fn<children> > 
  at <AConfigProvider theme= {token: Object} > 
  at <App> @ http://127.0.0.1:5173/@vite/client:528
[ 1889274ms] [WARNING] [Vue warn]: Invalid prop: type check failed for prop "onKeydown". Expected Function, got Array  
  at <ATextarea value="" onUpdate:value=fn rows=4  ... > 
  at <Anonymous value= {hashed: true, components: Object, theme: undefined, token: Object} > 
  at <ALocaleProvider locale=undefined ANT_MARK__="internalMark" > 
  at <LocaleReceiver children=fn<children> > 
  at <AConfigProvider theme= {token: Object} > 
  at <App> @ http://127.0.0.1:5173/@vite/client:528
[ 1889276ms] [WARNING] [Vue warn]: Invalid prop: type check failed for prop "onKeydown". Expected Function, got Array  
  at <ATextarea value="" onUpdate:value=fn rows=4  ... > 
  at <Anonymous value= {hashed: true, components: Object, theme: undefined, token: Object} > 
  at <ALocaleProvider locale=undefined ANT_MARK__="internalMark" > 
  at <LocaleReceiver children=fn<children> > 
  at <AConfigProvider theme= {token: Object} > 
  at <App> @ http://127.0.0.1:5173/@vite/client:528
[ 1889278ms] [WARNING] [Vue warn]: Invalid prop: type check failed for prop "onKeydown". Expected Function, got Array  
  at <ATextarea value="" onUpdate:value=fn rows=4  ... > 
  at <Anonymous value= {hashed: true, components: Object, theme: undefined, token: Object} > 
  at <ALocaleProvider locale=undefined ANT_MARK__="internalMark" > 
  at <LocaleReceiver children=fn<children> > 
  at <AConfigProvider theme= {token: Object} > 
  at <App> @ http://127.0.0.1:5173/@vite/client:528
[ 1889279ms] [WARNING] [Vue warn]: Invalid prop: type check failed for prop "onKeydown". Expected Function, got Array  
  at <ATextarea value="" onUpdate:value=fn rows=4  ... > 
  at <Anonymous value= {hashed: true, components: Object, theme: undefined, token: Object} > 
  at <ALocaleProvider locale=undefined ANT_MARK__="internalMark" > 
  at <LocaleReceiver children=fn<children> > 
  at <AConfigProvider theme= {token: Object} > 
  at <App> @ http://127.0.0.1:5173/@vite/client:528
[ 1889281ms] [WARNING] [Vue warn]: Invalid prop: type check failed for prop "onKeydown". Expected Function, got Array  
  at <ATextarea value="" onUpdate:value=fn rows=4  ... > 
  at <Anonymous value= {hashed: true, components: Object, theme: undefined, token: Object} > 
  at <ALocaleProvider locale=undefined ANT_MARK__="internalMark" > 
  at <LocaleReceiver children=fn<children> > 
  at <AConfigProvider theme= {token: Object} > 
  at <App> @ http://127.0.0.1:5173/@vite/client:528
[ 1889282ms] [WARNING] [Vue warn]: Invalid prop: type check failed for prop "onKeydown". Expected Function, got Array  
  at <ATextarea value="" onUpdate:value=fn rows=4  ... > 
  at <Anonymous value= {hashed: true, components: Object, theme: undefined, token: Object} > 
  at <ALocaleProvider locale=undefined ANT_MARK__="internalMark" > 
  at <LocaleReceiver children=fn<children> > 
  at <AConfigProvider theme= {token: Object} > 
  at <App> @ http://127.0.0.1:5173/@vite/client:528
[ 1889284ms] [WARNING] [Vue warn]: Invalid prop: type check failed for prop "onKeydown". Expected Function, got Array  
  at <ATextarea value="" onUpdate:value=fn rows=4  ... > 
  at <Anonymous value= {hashed: true, components: Object, theme: undefined, token: Object} > 
  at <ALocaleProvider locale=undefined ANT_MARK__="internalMark" > 
  at <LocaleReceiver children=fn<children> > 
  at <AConfigProvider theme= {token: Object} > 
  at <App> @ http://127.0.0.1:5173/@vite/client:528
[ 1889285ms] [WARNING] [Vue warn]: Invalid prop: type check failed for prop "onKeydown". Expected Function, got Array  
  at <ATextarea value="" onUpdate:value=fn rows=4  ... > 
  at <Anonymous value= {hashed: true, components: Object, theme: undefined, token: Object} > 
  at <ALocaleProvider locale=undefined ANT_MARK__="internalMark" > 
  at <LocaleReceiver children=fn<children> > 
  at <AConfigProvider theme= {token: Object} > 
  at <App> @ http://127.0.0.1:5173/@vite/client:528
[ 1889287ms] [WARNING] [Vue warn]: Invalid prop: type check failed for prop "onKeydown". Expected Function, got Array  
  at <ATextarea value="" onUpdate:value=fn rows=4  ... > 
  at <Anonymous value= {hashed: true, components: Object, theme: undefined, token: Object} > 
  at <ALocaleProvider locale=undefined ANT_MARK__="internalMark" > 
  at <LocaleReceiver children=fn<children> > 
  at <AConfigProvider theme= {token: Object} > 
  at <App> @ http://127.0.0.1:5173/@vite/client:528
[ 1889288ms] [WARNING] [Vue warn]: Invalid prop: type check failed for prop "onKeydown". Expected Function, got Array  
  at <ATextarea value="" onUpdate:value=fn rows=4  ... > 
  at <Anonymous value= {hashed: true, components: Object, theme: undefined, token: Object} > 
  at <ALocaleProvider locale=undefined ANT_MARK__="internalMark" > 
  at <LocaleReceiver children=fn<children> > 
  at <AConfigProvider theme= {token: Object} > 
  at <App> @ http://127.0.0.1:5173/@vite/client:528
[ 1889290ms] [WARNING] [Vue warn]: Invalid prop: type check failed for prop "onKeydown". Expected Function, got Array  
  at <ATextarea value="" onUpdate:value=fn rows=4  ... > 
  at <Anonymous value= {hashed: true, components: Object, theme: undefined, token: Object} > 
  at <ALocaleProvider locale=undefined ANT_MARK__="internalMark" > 
  at <LocaleReceiver children=fn<children> > 
  at <AConfigProvider theme= {token: Object} > 
  at <App> @ http://127.0.0.1:5173/@vite/client:528
[ 1889291ms] [WARNING] [Vue warn]: Invalid prop: type check failed for prop "onKeydown". Expected Function, got Array  
  at <ATextarea value="" onUpdate:value=fn rows=4  ... > 
  at <Anonymous value= {hashed: true, components: Object, theme: undefined, token: Object} > 
  at <ALocaleProvider locale=undefined ANT_MARK__="internalMark" > 
  at <LocaleReceiver children=fn<children> > 
  at <AConfigProvider theme= {token: Object} > 
  at <App> @ http://127.0.0.1:5173/@vite/client:528
[ 1889293ms] [WARNING] [Vue warn]: Invalid prop: type check failed for prop "onKeydown". Expected Function, got Array  
  at <ATextarea value="" onUpdate:value=fn rows=4  ... > 
  at <Anonymous value= {hashed: true, components: Object, theme: undefined, token: Object} > 
  at <ALocaleProvider locale=undefined ANT_MARK__="internalMark" > 
  at <LocaleReceiver children=fn<children> > 
  at <AConfigProvider theme= {token: Object} > 
  at <App> @ http://127.0.0.1:5173/@vite/client:528
[ 1889294ms] [WARNING] [Vue warn]: Invalid prop: type check failed for prop "onKeydown". Expected Function, got Array  
  at <ATextarea value="" onUpdate:value=fn rows=4  ... > 
  at <Anonymous value= {hashed: true, components: Object, theme: undefined, token: Object} > 
  at <ALocaleProvider locale=undefined ANT_MARK__="internalMark" > 
  at <LocaleReceiver children=fn<children> > 
  at <AConfigProvider theme= {token: Object} > 
  at <App> @ http://127.0.0.1:5173/@vite/client:528
[ 1889296ms] [WARNING] [Vue warn]: Invalid prop: type check failed for prop "onKeydown". Expected Function, got Array  
  at <ATextarea value="" onUpdate:value=fn rows=4  ... > 
  at <Anonymous value= {hashed: true, components: Object, theme: undefined, token: Object} > 
  at <ALocaleProvider locale=undefined ANT_MARK__="internalMark" > 
  at <LocaleReceiver children=fn<children> > 
  at <AConfigProvider theme= {token: Object} > 
  at <App> @ http://127.0.0.1:5173/@vite/client:528
[ 1889297ms] [WARNING] [Vue warn]: Invalid prop: type check failed for prop "onKeydown". Expected Function, got Array  
  at <ATextarea value="" onUpdate:value=fn rows=4  ... > 
  at <Anonymous value= {hashed: true, components: Object, theme: undefined, token: Object} > 
  at <ALocaleProvider locale=undefined ANT_MARK__="internalMark" > 
  at <LocaleReceiver children=fn<children> > 
  at <AConfigProvider theme= {token: Object} > 
  at <App> @ http://127.0.0.1:5173/@vite/client:528
[ 1889299ms] [WARNING] [Vue warn]: Invalid prop: type check failed for prop "onKeydown". Expected Function, got Array  
  at <ATextarea value="" onUpdate:value=fn rows=4  ... > 
  at <Anonymous value= {hashed: true, components: Object, theme: undefined, token: Object} > 
  at <ALocaleProvider locale=undefined ANT_MARK__="internalMark" > 
  at <LocaleReceiver children=fn<children> > 
  at <AConfigProvider theme= {token: Object} > 
  at <App> @ http://127.0.0.1:5173/@vite/client:528
[ 1889300ms] [WARNING] [Vue warn]: Invalid prop: type check failed for prop "onKeydown". Expected Function, got Array  
  at <ATextarea value="" onUpdate:value=fn rows=4  ... > 
  at <Anonymous value= {hashed: true, components: Object, theme: undefined, token: Object} > 
  at <ALocaleProvider locale=undefined ANT_MARK__="internalMark" > 
  at <LocaleReceiver children=fn<children> > 
  at <AConfigProvider theme= {token: Object} > 
  at <App> @ http://127.0.0.1:5173/@vite/client:528
[ 1889302ms] [WARNING] [Vue warn]: Invalid prop: type check failed for prop "onKeydown". Expected Function, got Array  
  at <ATextarea value="" onUpdate:value=fn rows=4  ... > 
  at <Anonymous value= {hashed: true, components: Object, theme: undefined, token: Object} > 
  at <ALocaleProvider locale=undefined ANT_MARK__="internalMark" > 
  at <LocaleReceiver children=fn<children> > 
  at <AConfigProvider theme= {token: Object} > 
  at <App> @ http://127.0.0.1:5173/@vite/client:528
[ 1889303ms] [WARNING] [Vue warn]: Invalid prop: type check failed for prop "onKeydown". Expected Function, got Array  
  at <ATextarea value="" onUpdate:value=fn rows=4  ... > 
  at <Anonymous value= {hashed: true, components: Object, theme: undefined, token: Object} > 
  at <ALocaleProvider locale=undefined ANT_MARK__="internalMark" > 
  at <LocaleReceiver children=fn<children> > 
  at <AConfigProvider theme= {token: Object} > 
  at <App> @ http://127.0.0.1:5173/@vite/client:528
[ 1889304ms] [WARNING] [Vue warn]: Invalid prop: type check failed for prop "onKeydown". Expected Function, got Array  
  at <ATextarea value="" onUpdate:value=fn rows=4  ... > 
  at <Anonymous value= {hashed: true, components: Object, theme: undefined, token: Object} > 
  at <ALocaleProvider locale=undefined ANT_MARK__="internalMark" > 
  at <LocaleReceiver children=fn<children> > 
  at <AConfigProvider theme= {token: Object} > 
  at <App> @ http://127.0.0.1:5173/@vite/client:528
[ 1889306ms] [WARNING] [Vue warn]: Invalid prop: type check failed for prop "onKeydown". Expected Function, got Array  
  at <ATextarea value="" onUpdate:value=fn rows=4  ... > 
  at <Anonymous value= {hashed: true, components: Object, theme: undefined, token: Object} > 
  at <ALocaleProvider locale=undefined ANT_MARK__="internalMark" > 
  at <LocaleReceiver children=fn<children> > 
  at <AConfigProvider theme= {token: Object} > 
  at <App> @ http://127.0.0.1:5173/@vite/client:528
[ 1889308ms] [WARNING] [Vue warn]: Invalid prop: type check failed for prop "onKeydown". Expected Function, got Array  
  at <ATextarea value="" onUpdate:value=fn rows=4  ... > 
  at <Anonymous value= {hashed: true, components: Object, theme: undefined, token: Object} > 
  at <ALocaleProvider locale=undefined ANT_MARK__="internalMark" > 
  at <LocaleReceiver children=fn<children> > 
  at <AConfigProvider theme= {token: Object} > 
  at <App> @ http://127.0.0.1:5173/@vite/client:528
[ 1889309ms] [WARNING] [Vue warn]: Invalid prop: type check failed for prop "onKeydown". Expected Function, got Array  
  at <ATextarea value="" onUpdate:value=fn rows=4  ... > 
  at <Anonymous value= {hashed: true, components: Object, theme: undefined, token: Object} > 
  at <ALocaleProvider locale=undefined ANT_MARK__="internalMark" > 
  at <LocaleReceiver children=fn<children> > 
  at <AConfigProvider theme= {token: Object} > 
  at <App> @ http://127.0.0.1:5173/@vite/client:528
[ 1889311ms] [WARNING] [Vue warn]: Invalid prop: type check failed for prop "onKeydown". Expected Function, got Array  
  at <ATextarea value="" onUpdate:value=fn rows=4  ... > 
  at <Anonymous value= {hashed: true, components: Object, theme: undefined, token: Object} > 
  at <ALocaleProvider locale=undefined ANT_MARK__="internalMark" > 
  at <LocaleReceiver children=fn<children> > 
  at <AConfigProvider theme= {token: Object} > 
  at <App> @ http://127.0.0.1:5173/@vite/client:528
[ 1889312ms] [WARNING] [Vue warn]: Invalid prop: type check failed for prop "onKeydown". Expected Function, got Array  
  at <ATextarea value="" onUpdate:value=fn rows=4  ... > 
  at <Anonymous value= {hashed: true, components: Object, theme: undefined, token: Object} > 
  at <ALocaleProvider locale=undefined ANT_MARK__="internalMark" > 
  at <LocaleReceiver children=fn<children> > 
  at <AConfigProvider theme= {token: Object} > 
  at <App> @ http://127.0.0.1:5173/@vite/client:528
[ 1889314ms] [WARNING] [Vue warn]: Invalid prop: type check failed for prop "onKeydown". Expected Function, got Array  
  at <ATextarea value="" onUpdate:value=fn rows=4  ... > 
  at <Anonymous value= {hashed: true, components: Object, theme: undefined, token: Object} > 
  at <ALocaleProvider locale=undefined ANT_MARK__="internalMark" > 
  at <LocaleReceiver children=fn<children> > 
  at <AConfigProvider theme= {token: Object} > 
  at <App> @ http://127.0.0.1:5173/@vite/client:528
[ 1889315ms] [WARNING] [Vue warn]: Invalid prop: type check failed for prop "onKeydown". Expected Function, got Array  
  at <ATextarea value="" onUpdate:value=fn rows=4  ... > 
  at <Anonymous value= {hashed: true, components: Object, theme: undefined, token: Object} > 
  at <ALocaleProvider locale=undefined ANT_MARK__="internalMark" > 
  at <LocaleReceiver children=fn<children> > 
  at <AConfigProvider theme= {token: Object} > 
  at <App> @ http://127.0.0.1:5173/@vite/client:528
[ 1889317ms] [WARNING] [Vue warn]: Invalid prop: type check failed for prop "onKeydown". Expected Function, got Array  
  at <ATextarea value="" onUpdate:value=fn rows=4  ... > 
  at <Anonymous value= {hashed: true, components: Object, theme: undefined, token: Object} > 
  at <ALocaleProvider locale=undefined ANT_MARK__="internalMark" > 
  at <LocaleReceiver children=fn<children> > 
  at <AConfigProvider theme= {token: Object} > 
  at <App> @ http://127.0.0.1:5173/@vite/client:528
[ 1889318ms] [WARNING] [Vue warn]: Invalid prop: type check failed for prop "onKeydown". Expected Function, got Array  
  at <ATextarea value="" onUpdate:value=fn rows=4  ... > 
  at <Anonymous value= {hashed: true, components: Object, theme: undefined, token: Object} > 
  at <ALocaleProvider locale=undefined ANT_MARK__="internalMark" > 
  at <LocaleReceiver children=fn<children> > 
  at <AConfigProvider theme= {token: Object} > 
  at <App> @ http://127.0.0.1:5173/@vite/client:528
[ 1889320ms] [WARNING] [Vue warn]: Invalid prop: type check failed for prop "onKeydown". Expected Function, got Array  
  at <ATextarea value="" onUpdate:value=fn rows=4  ... > 
  at <Anonymous value= {hashed: true, components: Object, theme: undefined, token: Object} > 
  at <ALocaleProvider locale=undefined ANT_MARK__="internalMark" > 
  at <LocaleReceiver children=fn<children> > 
  at <AConfigProvider theme= {token: Object} > 
  at <App> @ http://127.0.0.1:5173/@vite/client:528
[ 1889321ms] [WARNING] [Vue warn]: Invalid prop: type check failed for prop "onKeydown". Expected Function, got Array  
  at <ATextarea value="" onUpdate:value=fn rows=4  ... > 
  at <Anonymous value= {hashed: true, components: Object, theme: undefined, token: Object} > 
  at <ALocaleProvider locale=undefined ANT_MARK__="internalMark" > 
  at <LocaleReceiver children=fn<children> > 
  at <AConfigProvider theme= {token: Object} > 
  at <App> @ http://127.0.0.1:5173/@vite/client:528
[ 1889323ms] [WARNING] [Vue warn]: Invalid prop: type check failed for prop "onKeydown". Expected Function, got Array  
  at <ATextarea value="" onUpdate:value=fn rows=4  ... > 
  at <Anonymous value= {hashed: true, components: Object, theme: undefined, token: Object} > 
  at <ALocaleProvider locale=undefined ANT_MARK__="internalMark" > 
  at <LocaleReceiver children=fn<children> > 
  at <AConfigProvider theme= {token: Object} > 
  at <App> @ http://127.0.0.1:5173/@vite/client:528
[ 1889324ms] [WARNING] [Vue warn]: Invalid prop: type check failed for prop "onKeydown". Expected Function, got Array  
  at <ATextarea value="" onUpdate:value=fn rows=4  ... > 
  at <Anonymous value= {hashed: true, components: Object, theme: undefined, token: Object} > 
  at <ALocaleProvider locale=undefined ANT_MARK__="internalMark" > 
  at <LocaleReceiver children=fn<children> > 
  at <AConfigProvider theme= {token: Object} > 
  at <App> @ http://127.0.0.1:5173/@vite/client:528
[ 1889326ms] [WARNING] [Vue warn]: Invalid prop: type check failed for prop "onKeydown". Expected Function, got Array  
  at <ATextarea value="" onUpdate:value=fn rows=4  ... > 
  at <Anonymous value= {hashed: true, components: Object, theme: undefined, token: Object} > 
  at <ALocaleProvider locale=undefined ANT_MARK__="internalMark" > 
  at <LocaleReceiver children=fn<children> > 
  at <AConfigProvider theme= {token: Object} > 
  at <App> @ http://127.0.0.1:5173/@vite/client:528
[ 1889327ms] [WARNING] [Vue warn]: Invalid prop: type check failed for prop "onKeydown". Expected Function, got Array  
  at <ATextarea value="" onUpdate:value=fn rows=4  ... > 
  at <Anonymous value= {hashed: true, components: Object, theme: undefined, token: Object} > 
  at <ALocaleProvider locale=undefined ANT_MARK__="internalMark" > 
  at <LocaleReceiver children=fn<children> > 
  at <AConfigProvider theme= {token: Object} > 
  at <App> @ http://127.0.0.1:5173/@vite/client:528
[ 1889329ms] [WARNING] [Vue warn]: Invalid prop: type check failed for prop "onKeydown". Expected Function, got Array  
  at <ATextarea value="" onUpdate:value=fn rows=4  ... > 
  at <Anonymous value= {hashed: true, components: Object, theme: undefined, token: Object} > 
  at <ALocaleProvider locale=undefined ANT_MARK__="internalMark" > 
  at <LocaleReceiver children=fn<children> > 
  at <AConfigProvider theme= {token: Object} > 
  at <App> @ http://127.0.0.1:5173/@vite/client:528
[ 1889330ms] [WARNING] [Vue warn]: Invalid prop: type check failed for prop "onKeydown". Expected Function, got Array  
  at <ATextarea value="" onUpdate:value=fn rows=4  ... > 
  at <Anonymous value= {hashed: true, components: Object, theme: undefined, token: Object} > 
  at <ALocaleProvider locale=undefined ANT_MARK__="internalMark" > 
  at <LocaleReceiver children=fn<children> > 
  at <AConfigProvider theme= {token: Object} > 
  at <App> @ http://127.0.0.1:5173/@vite/client:528
[ 1889332ms] [WARNING] [Vue warn]: Invalid prop: type check failed for prop "onKeydown". Expected Function, got Array  
  at <ATextarea value="" onUpdate:value=fn rows=4  ... > 
  at <Anonymous value= {hashed: true, components: Object, theme: undefined, token: Object} > 
  at <ALocaleProvider locale=undefined ANT_MARK__="internalMark" > 
  at <LocaleReceiver children=fn<children> > 
  at <AConfigProvider theme= {token: Object} > 
  at <App> @ http://127.0.0.1:5173/@vite/client:528
[ 1889334ms] [WARNING] [Vue warn]: Invalid prop: type check failed for prop "onKeydown". Expected Function, got Array  
  at <ATextarea value="" onUpdate:value=fn rows=4  ... > 
  at <Anonymous value= {hashed: true, components: Object, theme: undefined, token: Object} > 
  at <ALocaleProvider locale=undefined ANT_MARK__="internalMark" > 
  at <LocaleReceiver children=fn<children> > 
  at <AConfigProvider theme= {token: Object} > 
  at <App> @ http://127.0.0.1:5173/@vite/client:528
[ 1889336ms] [WARNING] [Vue warn]: Invalid prop: type check failed for prop "onKeydown". Expected Function, got Array  
  at <ATextarea value="" onUpdate:value=fn rows=4  ... > 
  at <Anonymous value= {hashed: true, components: Object, theme: undefined, token: Object} > 
  at <ALocaleProvider locale=undefined ANT_MARK__="internalMark" > 
  at <LocaleReceiver children=fn<children> > 
  at <AConfigProvider theme= {token: Object} > 
  at <App> @ http://127.0.0.1:5173/@vite/client:528
[ 1889337ms] [WARNING] [Vue warn]: Invalid prop: type check failed for prop "onKeydown". Expected Function, got Array  
  at <ATextarea value="" onUpdate:value=fn rows=4  ... > 
  at <Anonymous value= {hashed: true, components: Object, theme: undefined, token: Object} > 
  at <ALocaleProvider locale=undefined ANT_MARK__="internalMark" > 
  at <LocaleReceiver children=fn<children> > 
  at <AConfigProvider theme= {token: Object} > 
  at <App> @ http://127.0.0.1:5173/@vite/client:528
[ 1889339ms] [WARNING] [Vue warn]: Invalid prop: type check failed for prop "onKeydown". Expected Function, got Array  
  at <ATextarea value="" onUpdate:value=fn rows=4  ... > 
  at <Anonymous value= {hashed: true, components: Object, theme: undefined, token: Object} > 
  at <ALocaleProvider locale=undefined ANT_MARK__="internalMark" > 
  at <LocaleReceiver children=fn<children> > 
  at <AConfigProvider theme= {token: Object} > 
  at <App> @ http://127.0.0.1:5173/@vite/client:528
[ 1889340ms] [WARNING] [Vue warn]: Invalid prop: type check failed for prop "onKeydown". Expected Function, got Array  
  at <ATextarea value="" onUpdate:value=fn rows=4  ... > 
  at <Anonymous value= {hashed: true, components: Object, theme: undefined, token: Object} > 
  at <ALocaleProvider locale=undefined ANT_MARK__="internalMark" > 
  at <LocaleReceiver children=fn<children> > 
  at <AConfigProvider theme= {token: Object} > 
  at <App> @ http://127.0.0.1:5173/@vite/client:528
[ 1889342ms] [WARNING] [Vue warn]: Invalid prop: type check failed for prop "onKeydown". Expected Function, got Array  
  at <ATextarea value="" onUpdate:value=fn rows=4  ... > 
  at <Anonymous value= {hashed: true, components: Object, theme: undefined, token: Object} > 
  at <ALocaleProvider locale=undefined ANT_MARK__="internalMark" > 
  at <LocaleReceiver children=fn<children> > 
  at <AConfigProvider theme= {token: Object} > 
  at <App> @ http://127.0.0.1:5173/@vite/client:528
[ 1889343ms] [WARNING] [Vue warn]: Invalid prop: type check failed for prop "onKeydown". Expected Function, got Array  
  at <ATextarea value="" onUpdate:value=fn rows=4  ... > 
  at <Anonymous value= {hashed: true, components: Object, theme: undefined, token: Object} > 
  at <ALocaleProvider locale=undefined ANT_MARK__="internalMark" > 
  at <LocaleReceiver children=fn<children> > 
  at <AConfigProvider theme= {token: Object} > 
  at <App> @ http://127.0.0.1:5173/@vite/client:528
[ 1889345ms] [WARNING] [Vue warn]: Invalid prop: type check failed for prop "onKeydown". Expected Function, got Array  
  at <ATextarea value="" onUpdate:value=fn rows=4  ... > 
  at <Anonymous value= {hashed: true, components: Object, theme: undefined, token: Object} > 
  at <ALocaleProvider locale=undefined ANT_MARK__="internalMark" > 
  at <LocaleReceiver children=fn<children> > 
  at <AConfigProvider theme= {token: Object} > 
  at <App> @ http://127.0.0.1:5173/@vite/client:528
[ 1889346ms] [WARNING] [Vue warn]: Invalid prop: type check failed for prop "onKeydown". Expected Function, got Array  
  at <ATextarea value="" onUpdate:value=fn rows=4  ... > 
  at <Anonymous value= {hashed: true, components: Object, theme: undefined, token: Object} > 
  at <ALocaleProvider locale=undefined ANT_MARK__="internalMark" > 
  at <LocaleReceiver children=fn<children> > 
  at <AConfigProvider theme= {token: Object} > 
  at <App> @ http://127.0.0.1:5173/@vite/client:528
[ 1889348ms] [WARNING] [Vue warn]: Invalid prop: type check failed for prop "onKeydown". Expected Function, got Array  
  at <ATextarea value="" onUpdate:value=fn rows=4  ... > 
  at <Anonymous value= {hashed: true, components: Object, theme: undefined, token: Object} > 
  at <ALocaleProvider locale=undefined ANT_MARK__="internalMark" > 
  at <LocaleReceiver children=fn<children> > 
  at <AConfigProvider theme= {token: Object} > 
  at <App> @ http://127.0.0.1:5173/@vite/client:528
[ 1889349ms] [WARNING] [Vue warn]: Invalid prop: type check failed for prop "onKeydown". Expected Function, got Array  
  at <ATextarea value="" onUpdate:value=fn rows=4  ... > 
  at <Anonymous value= {hashed: true, components: Object, theme: undefined, token: Object} > 
  at <ALocaleProvider locale=undefined ANT_MARK__="internalMark" > 
  at <LocaleReceiver children=fn<children> > 
  at <AConfigProvider theme= {token: Object} > 
  at <App> @ http://127.0.0.1:5173/@vite/client:528
[ 1889351ms] [WARNING] [Vue warn]: Invalid prop: type check failed for prop "onKeydown". Expected Function, got Array  
  at <ATextarea value="" onUpdate:value=fn rows=4  ... > 
  at <Anonymous value= {hashed: true, components: Object, theme: undefined, token: Object} > 
  at <ALocaleProvider locale=undefined ANT_MARK__="internalMark" > 
  at <LocaleReceiver children=fn<children> > 
  at <AConfigProvider theme= {token: Object} > 
  at <App> @ http://127.0.0.1:5173/@vite/client:528
[ 1889353ms] [WARNING] [Vue warn]: Invalid prop: type check failed for prop "onKeydown". Expected Function, got Array  
  at <ATextarea value="" onUpdate:value=fn rows=4  ... > 
  at <Anonymous value= {hashed: true, components: Object, theme: undefined, token: Object} > 
  at <ALocaleProvider locale=undefined ANT_MARK__="internalMark" > 
  at <LocaleReceiver children=fn<children> > 
  at <AConfigProvider theme= {token: Object} > 
  at <App> @ http://127.0.0.1:5173/@vite/client:528
[ 1889354ms] [WARNING] [Vue warn]: Invalid prop: type check failed for prop "onKeydown". Expected Function, got Array  
  at <ATextarea value="" onUpdate:value=fn rows=4  ... > 
  at <Anonymous value= {hashed: true, components: Object, theme: undefined, token: Object} > 
  at <ALocaleProvider locale=undefined ANT_MARK__="internalMark" > 
  at <LocaleReceiver children=fn<children> > 
  at <AConfigProvider theme= {token: Object} > 
  at <App> @ http://127.0.0.1:5173/@vite/client:528
[ 1889356ms] [WARNING] [Vue warn]: Invalid prop: type check failed for prop "onKeydown". Expected Function, got Array  
  at <ATextarea value="" onUpdate:value=fn rows=4  ... > 
  at <Anonymous value= {hashed: true, components: Object, theme: undefined, token: Object} > 
  at <ALocaleProvider locale=undefined ANT_MARK__="internalMark" > 
  at <LocaleReceiver children=fn<children> > 
  at <AConfigProvider theme= {token: Object} > 
  at <App> @ http://127.0.0.1:5173/@vite/client:528
[ 1889357ms] [WARNING] [Vue warn]: Invalid prop: type check failed for prop "onKeydown". Expected Function, got Array  
  at <ATextarea value="" onUpdate:value=fn rows=4  ... > 
  at <Anonymous value= {hashed: true, components: Object, theme: undefined, token: Object} > 
  at <ALocaleProvider locale=undefined ANT_MARK__="internalMark" > 
  at <LocaleReceiver children=fn<children> > 
  at <AConfigProvider theme= {token: Object} > 
  at <App> @ http://127.0.0.1:5173/@vite/client:528
[ 1889359ms] [WARNING] [Vue warn]: Invalid prop: type check failed for prop "onKeydown". Expected Function, got Array  
  at <ATextarea value="" onUpdate:value=fn rows=4  ... > 
  at <Anonymous value= {hashed: true, components: Object, theme: undefined, token: Object} > 
  at <ALocaleProvider locale=undefined ANT_MARK__="internalMark" > 
  at <LocaleReceiver children=fn<children> > 
  at <AConfigProvider theme= {token: Object} > 
  at <App> @ http://127.0.0.1:5173/@vite/client:528
[ 1889360ms] [WARNING] [Vue warn]: Invalid prop: type check failed for prop "onKeydown". Expected Function, got Array  
  at <ATextarea value="" onUpdate:value=fn rows=4  ... > 
  at <Anonymous value= {hashed: true, components: Object, theme: undefined, token: Object} > 
  at <ALocaleProvider locale=undefined ANT_MARK__="internalMark" > 
  at <LocaleReceiver children=fn<children> > 
  at <AConfigProvider theme= {token: Object} > 
  at <App> @ http://127.0.0.1:5173/@vite/client:528
[ 1889362ms] [WARNING] [Vue warn]: Invalid prop: type check failed for prop "onKeydown". Expected Function, got Array  
  at <ATextarea value="" onUpdate:value=fn rows=4  ... > 
  at <Anonymous value= {hashed: true, components: Object, theme: undefined, token: Object} > 
  at <ALocaleProvider locale=undefined ANT_MARK__="internalMark" > 
  at <LocaleReceiver children=fn<children> > 
  at <AConfigProvider theme= {token: Object} > 
  at <App> @ http://127.0.0.1:5173/@vite/client:528
[ 1889363ms] [WARNING] [Vue warn]: Invalid prop: type check failed for prop "onKeydown". Expected Function, got Array  
  at <ATextarea value="" onUpdate:value=fn rows=4  ... > 
  at <Anonymous value= {hashed: true, components: Object, theme: undefined, token: Object} > 
  at <ALocaleProvider locale=undefined ANT_MARK__="internalMark" > 
  at <LocaleReceiver children=fn<children> > 
  at <AConfigProvider theme= {token: Object} > 
  at <App> @ http://127.0.0.1:5173/@vite/client:528
[ 1889365ms] [WARNING] [Vue warn]: Invalid prop: type check failed for prop "onKeydown". Expected Function, got Array  
  at <ATextarea value="" onUpdate:value=fn rows=4  ... > 
  at <Anonymous value= {hashed: true, components: Object, theme: undefined, token: Object} > 
  at <ALocaleProvider locale=undefined ANT_MARK__="internalMark" > 
  at <LocaleReceiver children=fn<children> > 
  at <AConfigProvider theme= {token: Object} > 
  at <App> @ http://127.0.0.1:5173/@vite/client:528
[ 1889368ms] [WARNING] [Vue warn]: Invalid prop: type check failed for prop "onKeydown". Expected Function, got Array  
  at <ATextarea value="" onUpdate:value=fn rows=4  ... > 
  at <Anonymous value= {hashed: true, components: Object, theme: undefined, token: Object} > 
  at <ALocaleProvider locale=undefined ANT_MARK__="internalMark" > 
  at <LocaleReceiver children=fn<children> > 
  at <AConfigProvider theme= {token: Object} > 
  at <App> @ http://127.0.0.1:5173/@vite/client:528
[ 1889369ms] [WARNING] [Vue warn]: Invalid prop: type check failed for prop "onKeydown". Expected Function, got Array  
  at <ATextarea value="" onUpdate:value=fn rows=4  ... > 
  at <Anonymous value= {hashed: true, components: Object, theme: undefined, token: Object} > 
  at <ALocaleProvider locale=undefined ANT_MARK__="internalMark" > 
  at <LocaleReceiver children=fn<children> > 
  at <AConfigProvider theme= {token: Object} > 
  at <App> @ http://127.0.0.1:5173/@vite/client:528
[ 1889371ms] [WARNING] [Vue warn]: Invalid prop: type check failed for prop "onKeydown". Expected Function, got Array  
  at <ATextarea value="" onUpdate:value=fn rows=4  ... > 
  at <Anonymous value= {hashed: true, components: Object, theme: undefined, token: Object} > 
  at <ALocaleProvider locale=undefined ANT_MARK__="internalMark" > 
  at <LocaleReceiver children=fn<children> > 
  at <AConfigProvider theme= {token: Object} > 
  at <App> @ http://127.0.0.1:5173/@vite/client:528
[ 1889373ms] [WARNING] [Vue warn]: Invalid prop: type check failed for prop "onKeydown". Expected Function, got Array  
  at <ATextarea value="" onUpdate:value=fn rows=4  ... > 
  at <Anonymous value= {hashed: true, components: Object, theme: undefined, token: Object} > 
  at <ALocaleProvider locale=undefined ANT_MARK__="internalMark" > 
  at <LocaleReceiver children=fn<children> > 
  at <AConfigProvider theme= {token: Object} > 
  at <App> @ http://127.0.0.1:5173/@vite/client:528
[ 1889374ms] [WARNING] [Vue warn]: Invalid prop: type check failed for prop "onKeydown". Expected Function, got Array  
  at <ATextarea value="" onUpdate:value=fn rows=4  ... > 
  at <Anonymous value= {hashed: true, components: Object, theme: undefined, token: Object} > 
  at <ALocaleProvider locale=undefined ANT_MARK__="internalMark" > 
  at <LocaleReceiver children=fn<children> > 
  at <AConfigProvider theme= {token: Object} > 
  at <App> @ http://127.0.0.1:5173/@vite/client:528
[ 1889376ms] [WARNING] [Vue warn]: Invalid prop: type check failed for prop "onKeydown". Expected Function, got Array  
  at <ATextarea value="" onUpdate:value=fn rows=4  ... > 
  at <Anonymous value= {hashed: true, components: Object, theme: undefined, token: Object} > 
  at <ALocaleProvider locale=undefined ANT_MARK__="internalMark" > 
  at <LocaleReceiver children=fn<children> > 
  at <AConfigProvider theme= {token: Object} > 
  at <App> @ http://127.0.0.1:5173/@vite/client:528
[ 1889377ms] [WARNING] [Vue warn]: Invalid prop: type check failed for prop "onKeydown". Expected Function, got Array  
  at <ATextarea value="" onUpdate:value=fn rows=4  ... > 
  at <Anonymous value= {hashed: true, components: Object, theme: undefined, token: Object} > 
  at <ALocaleProvider locale=undefined ANT_MARK__="internalMark" > 
  at <LocaleReceiver children=fn<children> > 
  at <AConfigProvider theme= {token: Object} > 
  at <App> @ http://127.0.0.1:5173/@vite/client:528
[ 1889379ms] [WARNING] [Vue warn]: Invalid prop: type check failed for prop "onKeydown". Expected Function, got Array  
  at <ATextarea value="" onUpdate:value=fn rows=4  ... > 
  at <Anonymous value= {hashed: true, components: Object, theme: undefined, token: Object} > 
  at <ALocaleProvider locale=undefined ANT_MARK__="internalMark" > 
  at <LocaleReceiver children=fn<children> > 
  at <AConfigProvider theme= {token: Object} > 
  at <App> @ http://127.0.0.1:5173/@vite/client:528
[ 1889380ms] [WARNING] [Vue warn]: Invalid prop: type check failed for prop "onKeydown". Expected Function, got Array  
  at <ATextarea value="" onUpdate:value=fn rows=4  ... > 
  at <Anonymous value= {hashed: true, components: Object, theme: undefined, token: Object} > 
  at <ALocaleProvider locale=undefined ANT_MARK__="internalMark" > 
  at <LocaleReceiver children=fn<children> > 
  at <AConfigProvider theme= {token: Object} > 
  at <App> @ http://127.0.0.1:5173/@vite/client:528
[ 1889382ms] [WARNING] [Vue warn]: Invalid prop: type check failed for prop "onKeydown". Expected Function, got Array  
  at <ATextarea value="" onUpdate:value=fn rows=4  ... > 
  at <Anonymous value= {hashed: true, components: Object, theme: undefined, token: Object} > 
  at <ALocaleProvider locale=undefined ANT_MARK__="internalMark" > 
  at <LocaleReceiver children=fn<children> > 
  at <AConfigProvider theme= {token: Object} > 
  at <App> @ http://127.0.0.1:5173/@vite/client:528
[ 1889383ms] [WARNING] [Vue warn]: Invalid prop: type check failed for prop "onKeydown". Expected Function, got Array  
  at <ATextarea value="" onUpdate:value=fn rows=4  ... > 
  at <Anonymous value= {hashed: true, components: Object, theme: undefined, token: Object} > 
  at <ALocaleProvider locale=undefined ANT_MARK__="internalMark" > 
  at <LocaleReceiver children=fn<children> > 
  at <AConfigProvider theme= {token: Object} > 
  at <App> @ http://127.0.0.1:5173/@vite/client:528
[ 1889385ms] [WARNING] [Vue warn]: Invalid prop: type check failed for prop "onKeydown". Expected Function, got Array  
  at <ATextarea value="" onUpdate:value=fn rows=4  ... > 
  at <Anonymous value= {hashed: true, components: Object, theme: undefined, token: Object} > 
  at <ALocaleProvider locale=undefined ANT_MARK__="internalMark" > 
  at <LocaleReceiver children=fn<children> > 
  at <AConfigProvider theme= {token: Object} > 
  at <App> @ http://127.0.0.1:5173/@vite/client:528
[ 1889386ms] [WARNING] [Vue warn]: Invalid prop: type check failed for prop "onKeydown". Expected Function, got Array  
  at <ATextarea value="" onUpdate:value=fn rows=4  ... > 
  at <Anonymous value= {hashed: true, components: Object, theme: undefined, token: Object} > 
  at <ALocaleProvider locale=undefined ANT_MARK__="internalMark" > 
  at <LocaleReceiver children=fn<children> > 
  at <AConfigProvider theme= {token: Object} > 
  at <App> @ http://127.0.0.1:5173/@vite/client:528
[ 1889388ms] [WARNING] [Vue warn]: Invalid prop: type check failed for prop "onKeydown". Expected Function, got Array  
  at <ATextarea value="" onUpdate:value=fn rows=4  ... > 
  at <Anonymous value= {hashed: true, components: Object, theme: undefined, token: Object} > 
  at <ALocaleProvider locale=undefined ANT_MARK__="internalMark" > 
  at <LocaleReceiver children=fn<children> > 
  at <AConfigProvider theme= {token: Object} > 
  at <App> @ http://127.0.0.1:5173/@vite/client:528
[ 1889390ms] [WARNING] [Vue warn]: Invalid prop: type check failed for prop "onKeydown". Expected Function, got Array  
  at <ATextarea value="" onUpdate:value=fn rows=4  ... > 
  at <Anonymous value= {hashed: true, components: Object, theme: undefined, token: Object} > 
  at <ALocaleProvider locale=undefined ANT_MARK__="internalMark" > 
  at <LocaleReceiver children=fn<children> > 
  at <AConfigProvider theme= {token: Object} > 
  at <App> @ http://127.0.0.1:5173/@vite/client:528
[ 1889392ms] [WARNING] [Vue warn]: Invalid prop: type check failed for prop "onKeydown". Expected Function, got Array  
  at <ATextarea value="" onUpdate:value=fn rows=4  ... > 
  at <Anonymous value= {hashed: true, components: Object, theme: undefined, token: Object} > 
  at <ALocaleProvider locale=undefined ANT_MARK__="internalMark" > 
  at <LocaleReceiver children=fn<children> > 
  at <AConfigProvider theme= {token: Object} > 
  at <App> @ http://127.0.0.1:5173/@vite/client:528
[ 1889393ms] [WARNING] [Vue warn]: Invalid prop: type check failed for prop "onKeydown". Expected Function, got Array  
  at <ATextarea value="" onUpdate:value=fn rows=4  ... > 
  at <Anonymous value= {hashed: true, components: Object, theme: undefined, token: Object} > 
  at <ALocaleProvider locale=undefined ANT_MARK__="internalMark" > 
  at <LocaleReceiver children=fn<children> > 
  at <AConfigProvider theme= {token: Object} > 
  at <App> @ http://127.0.0.1:5173/@vite/client:528
[ 1889395ms] [WARNING] [Vue warn]: Invalid prop: type check failed for prop "onKeydown". Expected Function, got Array  
  at <ATextarea value="" onUpdate:value=fn rows=4  ... > 
  at <Anonymous value= {hashed: true, components: Object, theme: undefined, token: Object} > 
  at <ALocaleProvider locale=undefined ANT_MARK__="internalMark" > 
  at <LocaleReceiver children=fn<children> > 
  at <AConfigProvider theme= {token: Object} > 
  at <App> @ http://127.0.0.1:5173/@vite/client:528
[ 1889397ms] [WARNING] [Vue warn]: Invalid prop: type check failed for prop "onKeydown". Expected Function, got Array  
  at <ATextarea value="" onUpdate:value=fn rows=4  ... > 
  at <Anonymous value= {hashed: true, components: Object, theme: undefined, token: Object} > 
  at <ALocaleProvider locale=undefined ANT_MARK__="internalMark" > 
  at <LocaleReceiver children=fn<children> > 
  at <AConfigProvider theme= {token: Object} > 
  at <App> @ http://127.0.0.1:5173/@vite/client:528
[ 1889398ms] [WARNING] [Vue warn]: Invalid prop: type check failed for prop "onKeydown". Expected Function, got Array  
  at <ATextarea value="" onUpdate:value=fn rows=4  ... > 
  at <Anonymous value= {hashed: true, components: Object, theme: undefined, token: Object} > 
  at <ALocaleProvider locale=undefined ANT_MARK__="internalMark" > 
  at <LocaleReceiver children=fn<children> > 
  at <AConfigProvider theme= {token: Object} > 
  at <App> @ http://127.0.0.1:5173/@vite/client:528
[ 1889400ms] [WARNING] [Vue warn]: Invalid prop: type check failed for prop "onKeydown". Expected Function, got Array  
  at <ATextarea value="" onUpdate:value=fn rows=4  ... > 
  at <Anonymous value= {hashed: true, components: Object, theme: undefined, token: Object} > 
  at <ALocaleProvider locale=undefined ANT_MARK__="internalMark" > 
  at <LocaleReceiver children=fn<children> > 
  at <AConfigProvider theme= {token: Object} > 
  at <App> @ http://127.0.0.1:5173/@vite/client:528
[ 1889402ms] [WARNING] [Vue warn]: Invalid prop: type check failed for prop "onKeydown". Expected Function, got Array  
  at <ATextarea value="" onUpdate:value=fn rows=4  ... > 
  at <Anonymous value= {hashed: true, components: Object, theme: undefined, token: Object} > 
  at <ALocaleProvider locale=undefined ANT_MARK__="internalMark" > 
  at <LocaleReceiver children=fn<children> > 
  at <AConfigProvider theme= {token: Object} > 
  at <App> @ http://127.0.0.1:5173/@vite/client:528
[ 1889403ms] [WARNING] [Vue warn]: Invalid prop: type check failed for prop "onKeydown". Expected Function, got Array  
  at <ATextarea value="" onUpdate:value=fn rows=4  ... > 
  at <Anonymous value= {hashed: true, components: Object, theme: undefined, token: Object} > 
  at <ALocaleProvider locale=undefined ANT_MARK__="internalMark" > 
  at <LocaleReceiver children=fn<children> > 
  at <AConfigProvider theme= {token: Object} > 
  at <App> @ http://127.0.0.1:5173/@vite/client:528
[ 1889405ms] [WARNING] [Vue warn]: Invalid prop: type check failed for prop "onKeydown". Expected Function, got Array  
  at <ATextarea value="" onUpdate:value=fn rows=4  ... > 
  at <Anonymous value= {hashed: true, components: Object, theme: undefined, token: Object} > 
  at <ALocaleProvider locale=undefined ANT_MARK__="internalMark" > 
  at <LocaleReceiver children=fn<children> > 
  at <AConfigProvider theme= {token: Object} > 
  at <App> @ http://127.0.0.1:5173/@vite/client:528
[ 1889407ms] [WARNING] [Vue warn]: Invalid prop: type check failed for prop "onKeydown". Expected Function, got Array  
  at <ATextarea value="" onUpdate:value=fn rows=4  ... > 
  at <Anonymous value= {hashed: true, components: Object, theme: undefined, token: Object} > 
  at <ALocaleProvider locale=undefined ANT_MARK__="internalMark" > 
  at <LocaleReceiver children=fn<children> > 
  at <AConfigProvider theme= {token: Object} > 
  at <App> @ http://127.0.0.1:5173/@vite/client:528
[ 1889408ms] [WARNING] [Vue warn]: Invalid prop: type check failed for prop "onKeydown". Expected Function, got Array  
  at <ATextarea value="" onUpdate:value=fn rows=4  ... > 
  at <Anonymous value= {hashed: true, components: Object, theme: undefined, token: Object} > 
  at <ALocaleProvider locale=undefined ANT_MARK__="internalMark" > 
  at <LocaleReceiver children=fn<children> > 
  at <AConfigProvider theme= {token: Object} > 
  at <App> @ http://127.0.0.1:5173/@vite/client:528
[ 1889410ms] [WARNING] [Vue warn]: Invalid prop: type check failed for prop "onKeydown". Expected Function, got Array  
  at <ATextarea value="" onUpdate:value=fn rows=4  ... > 
  at <Anonymous value= {hashed: true, components: Object, theme: undefined, token: Object} > 
  at <ALocaleProvider locale=undefined ANT_MARK__="internalMark" > 
  at <LocaleReceiver children=fn<children> > 
  at <AConfigProvider theme= {token: Object} > 
  at <App> @ http://127.0.0.1:5173/@vite/client:528
[ 1889412ms] [WARNING] [Vue warn]: Invalid prop: type check failed for prop "onKeydown". Expected Function, got Array  
  at <ATextarea value="" onUpdate:value=fn rows=4  ... > 
  at <Anonymous value= {hashed: true, components: Object, theme: undefined, token: Object} > 
  at <ALocaleProvider locale=undefined ANT_MARK__="internalMark" > 
  at <LocaleReceiver children=fn<children> > 
  at <AConfigProvider theme= {token: Object} > 
  at <App> @ http://127.0.0.1:5173/@vite/client:528
[ 1889414ms] [WARNING] [Vue warn]: Invalid prop: type check failed for prop "onKeydown". Expected Function, got Array  
  at <ATextarea value="" onUpdate:value=fn rows=4  ... > 
  at <Anonymous value= {hashed: true, components: Object, theme: undefined, token: Object} > 
  at <ALocaleProvider locale=undefined ANT_MARK__="internalMark" > 
  at <LocaleReceiver children=fn<children> > 
  at <AConfigProvider theme= {token: Object} > 
  at <App> @ http://127.0.0.1:5173/@vite/client:528
[ 1889416ms] [WARNING] [Vue warn]: Invalid prop: type check failed for prop "onKeydown". Expected Function, got Array  
  at <ATextarea value="" onUpdate:value=fn rows=4  ... > 
  at <Anonymous value= {hashed: true, components: Object, theme: undefined, token: Object} > 
  at <ALocaleProvider locale=undefined ANT_MARK__="internalMark" > 
  at <LocaleReceiver children=fn<children> > 
  at <AConfigProvider theme= {token: Object} > 
  at <App> @ http://127.0.0.1:5173/@vite/client:528
[ 1889417ms] [WARNING] [Vue warn]: Invalid prop: type check failed for prop "onKeydown". Expected Function, got Array  
  at <ATextarea value="" onUpdate:value=fn rows=4  ... > 
  at <Anonymous value= {hashed: true, components: Object, theme: undefined, token: Object} > 
  at <ALocaleProvider locale=undefined ANT_MARK__="internalMark" > 
  at <LocaleReceiver children=fn<children> > 
  at <AConfigProvider theme= {token: Object} > 
  at <App> @ http://127.0.0.1:5173/@vite/client:528
[ 1889419ms] [WARNING] [Vue warn]: Invalid prop: type check failed for prop "onKeydown". Expected Function, got Array  
  at <ATextarea value="" onUpdate:value=fn rows=4  ... > 
  at <Anonymous value= {hashed: true, components: Object, theme: undefined, token: Object} > 
  at <ALocaleProvider locale=undefined ANT_MARK__="internalMark" > 
  at <LocaleReceiver children=fn<children> > 
  at <AConfigProvider theme= {token: Object} > 
  at <App> @ http://127.0.0.1:5173/@vite/client:528
[ 1889420ms] [WARNING] [Vue warn]: Invalid prop: type check failed for prop "onKeydown". Expected Function, got Array  
  at <ATextarea value="" onUpdate:value=fn rows=4  ... > 
  at <Anonymous value= {hashed: true, components: Object, theme: undefined, token: Object} > 
  at <ALocaleProvider locale=undefined ANT_MARK__="internalMark" > 
  at <LocaleReceiver children=fn<children> > 
  at <AConfigProvider theme= {token: Object} > 
  at <App> @ http://127.0.0.1:5173/@vite/client:528
[ 1889422ms] [WARNING] [Vue warn]: Invalid prop: type check failed for prop "onKeydown". Expected Function, got Array  
  at <ATextarea value="" onUpdate:value=fn rows=4  ... > 
  at <Anonymous value= {hashed: true, components: Object, theme: undefined, token: Object} > 
  at <ALocaleProvider locale=undefined ANT_MARK__="internalMark" > 
  at <LocaleReceiver children=fn<children> > 
  at <AConfigProvider theme= {token: Object} > 
  at <App> @ http://127.0.0.1:5173/@vite/client:528
[ 1889424ms] [WARNING] [Vue warn]: Invalid prop: type check failed for prop "onKeydown". Expected Function, got Array  
  at <ATextarea value="" onUpdate:value=fn rows=4  ... > 
  at <Anonymous value= {hashed: true, components: Object, theme: undefined, token: Object} > 
  at <ALocaleProvider locale=undefined ANT_MARK__="internalMark" > 
  at <LocaleReceiver children=fn<children> > 
  at <AConfigProvider theme= {token: Object} > 
  at <App> @ http://127.0.0.1:5173/@vite/client:528
[ 1889425ms] [WARNING] [Vue warn]: Invalid prop: type check failed for prop "onKeydown". Expected Function, got Array  
  at <ATextarea value="" onUpdate:value=fn rows=4  ... > 
  at <Anonymous value= {hashed: true, components: Object, theme: undefined, token: Object} > 
  at <ALocaleProvider locale=undefined ANT_MARK__="internalMark" > 
  at <LocaleReceiver children=fn<children> > 
  at <AConfigProvider theme= {token: Object} > 
  at <App> @ http://127.0.0.1:5173/@vite/client:528
[ 1889427ms] [WARNING] [Vue warn]: Invalid prop: type check failed for prop "onKeydown". Expected Function, got Array  
  at <ATextarea value="" onUpdate:value=fn rows=4  ... > 
  at <Anonymous value= {hashed: true, components: Object, theme: undefined, token: Object} > 
  at <ALocaleProvider locale=undefined ANT_MARK__="internalMark" > 
  at <LocaleReceiver children=fn<children> > 
  at <AConfigProvider theme= {token: Object} > 
  at <App> @ http://127.0.0.1:5173/@vite/client:528
[ 1889428ms] [WARNING] [Vue warn]: Invalid prop: type check failed for prop "onKeydown". Expected Function, got Array  
  at <ATextarea value="" onUpdate:value=fn rows=4  ... > 
  at <Anonymous value= {hashed: true, components: Object, theme: undefined, token: Object} > 
  at <ALocaleProvider locale=undefined ANT_MARK__="internalMark" > 
  at <LocaleReceiver children=fn<children> > 
  at <AConfigProvider theme= {token: Object} > 
  at <App> @ http://127.0.0.1:5173/@vite/client:528
[ 1889430ms] [WARNING] [Vue warn]: Invalid prop: type check failed for prop "onKeydown". Expected Function, got Array  
  at <ATextarea value="" onUpdate:value=fn rows=4  ... > 
  at <Anonymous value= {hashed: true, components: Object, theme: undefined, token: Object} > 
  at <ALocaleProvider locale=undefined ANT_MARK__="internalMark" > 
  at <LocaleReceiver children=fn<children> > 
  at <AConfigProvider theme= {token: Object} > 
  at <App> @ http://127.0.0.1:5173/@vite/client:528
[ 1889432ms] [WARNING] [Vue warn]: Invalid prop: type check failed for prop "onKeydown". Expected Function, got Array  
  at <ATextarea value="" onUpdate:value=fn rows=4  ... > 
  at <Anonymous value= {hashed: true, components: Object, theme: undefined, token: Object} > 
  at <ALocaleProvider locale=undefined ANT_MARK__="internalMark" > 
  at <LocaleReceiver children=fn<children> > 
  at <AConfigProvider theme= {token: Object} > 
  at <App> @ http://127.0.0.1:5173/@vite/client:528
[ 1889434ms] [WARNING] [Vue warn]: Invalid prop: type check failed for prop "onKeydown". Expected Function, got Array  
  at <ATextarea value="" onUpdate:value=fn rows=4  ... > 
  at <Anonymous value= {hashed: true, components: Object, theme: undefined, token: Object} > 
  at <ALocaleProvider locale=undefined ANT_MARK__="internalMark" > 
  at <LocaleReceiver children=fn<children> > 
  at <AConfigProvider theme= {token: Object} > 
  at <App> @ http://127.0.0.1:5173/@vite/client:528
[ 1889435ms] [WARNING] [Vue warn]: Invalid prop: type check failed for prop "onKeydown". Expected Function, got Array  
  at <ATextarea value="" onUpdate:value=fn rows=4  ... > 
  at <Anonymous value= {hashed: true, components: Object, theme: undefined, token: Object} > 
  at <ALocaleProvider locale=undefined ANT_MARK__="internalMark" > 
  at <LocaleReceiver children=fn<children> > 
  at <AConfigProvider theme= {token: Object} > 
  at <App> @ http://127.0.0.1:5173/@vite/client:528
[ 1889438ms] [WARNING] [Vue warn]: Invalid prop: type check failed for prop "onKeydown". Expected Function, got Array  
  at <ATextarea value="" onUpdate:value=fn rows=4  ... > 
  at <Anonymous value= {hashed: true, components: Object, theme: undefined, token: Object} > 
  at <ALocaleProvider locale=undefined ANT_MARK__="internalMark" > 
  at <LocaleReceiver children=fn<children> > 
  at <AConfigProvider theme= {token: Object} > 
  at <App> @ http://127.0.0.1:5173/@vite/client:528
[ 1889442ms] [WARNING] [Vue warn]: Invalid prop: type check failed for prop "onKeydown". Expected Function, got Array  
  at <ATextarea value="" onUpdate:value=fn rows=4  ... > 
  at <Anonymous value= {hashed: true, components: Object, theme: undefined, token: Object} > 
  at <ALocaleProvider locale=undefined ANT_MARK__="internalMark" > 
  at <LocaleReceiver children=fn<children> > 
  at <AConfigProvider theme= {token: Object} > 
  at <App> @ http://127.0.0.1:5173/@vite/client:528
[ 1889445ms] [WARNING] [Vue warn]: Invalid prop: type check failed for prop "onKeydown". Expected Function, got Array  
  at <ATextarea value="" onUpdate:value=fn rows=4  ... > 
  at <Anonymous value= {hashed: true, components: Object, theme: undefined, token: Object} > 
  at <ALocaleProvider locale=undefined ANT_MARK__="internalMark" > 
  at <LocaleReceiver children=fn<children> > 
  at <AConfigProvider theme= {token: Object} > 
  at <App> @ http://127.0.0.1:5173/@vite/client:528
[ 1889446ms] [WARNING] [Vue warn]: Invalid prop: type check failed for prop "onKeydown". Expected Function, got Array  
  at <ATextarea value="" onUpdate:value=fn rows=4  ... > 
  at <Anonymous value= {hashed: true, components: Object, theme: undefined, token: Object} > 
  at <ALocaleProvider locale=undefined ANT_MARK__="internalMark" > 
  at <LocaleReceiver children=fn<children> > 
  at <AConfigProvider theme= {token: Object} > 
  at <App> @ http://127.0.0.1:5173/@vite/client:528
[ 1889448ms] [WARNING] [Vue warn]: Invalid prop: type check failed for prop "onKeydown". Expected Function, got Array  
  at <ATextarea value="" onUpdate:value=fn rows=4  ... > 
  at <Anonymous value= {hashed: true, components: Object, theme: undefined, token: Object} > 
  at <ALocaleProvider locale=undefined ANT_MARK__="internalMark" > 
  at <LocaleReceiver children=fn<children> > 
  at <AConfigProvider theme= {token: Object} > 
  at <App> @ http://127.0.0.1:5173/@vite/client:528
[ 1889449ms] [WARNING] [Vue warn]: Invalid prop: type check failed for prop "onKeydown". Expected Function, got Array  
  at <ATextarea value="" onUpdate:value=fn rows=4  ... > 
  at <Anonymous value= {hashed: true, components: Object, theme: undefined, token: Object} > 
  at <ALocaleProvider locale=undefined ANT_MARK__="internalMark" > 
  at <LocaleReceiver children=fn<children> > 
  at <AConfigProvider theme= {token: Object} > 
  at <App> @ http://127.0.0.1:5173/@vite/client:528
[ 1889451ms] [WARNING] [Vue warn]: Invalid prop: type check failed for prop "onKeydown". Expected Function, got Array  
  at <ATextarea value="" onUpdate:value=fn rows=4  ... > 
  at <Anonymous value= {hashed: true, components: Object, theme: undefined, token: Object} > 
  at <ALocaleProvider locale=undefined ANT_MARK__="internalMark" > 
  at <LocaleReceiver children=fn<children> > 
  at <AConfigProvider theme= {token: Object} > 
  at <App> @ http://127.0.0.1:5173/@vite/client:528
[ 1889452ms] [WARNING] [Vue warn]: Invalid prop: type check failed for prop "onKeydown". Expected Function, got Array  
  at <ATextarea value="" onUpdate:value=fn rows=4  ... > 
  at <Anonymous value= {hashed: true, components: Object, theme: undefined, token: Object} > 
  at <ALocaleProvider locale=undefined ANT_MARK__="internalMark" > 
  at <LocaleReceiver children=fn<children> > 
  at <AConfigProvider theme= {token: Object} > 
  at <App> @ http://127.0.0.1:5173/@vite/client:528
[ 1889454ms] [WARNING] [Vue warn]: Invalid prop: type check failed for prop "onKeydown". Expected Function, got Array  
  at <ATextarea value="" onUpdate:value=fn rows=4  ... > 
  at <Anonymous value= {hashed: true, components: Object, theme: undefined, token: Object} > 
  at <ALocaleProvider locale=undefined ANT_MARK__="internalMark" > 
  at <LocaleReceiver children=fn<children> > 
  at <AConfigProvider theme= {token: Object} > 
  at <App> @ http://127.0.0.1:5173/@vite/client:528
[ 1889455ms] [WARNING] [Vue warn]: Invalid prop: type check failed for prop "onKeydown". Expected Function, got Array  
  at <ATextarea value="" onUpdate:value=fn rows=4  ... > 
  at <Anonymous value= {hashed: true, components: Object, theme: undefined, token: Object} > 
  at <ALocaleProvider locale=undefined ANT_MARK__="internalMark" > 
  at <LocaleReceiver children=fn<children> > 
  at <AConfigProvider theme= {token: Object} > 
  at <App> @ http://127.0.0.1:5173/@vite/client:528
[ 1889457ms] [WARNING] [Vue warn]: Invalid prop: type check failed for prop "onKeydown". Expected Function, got Array  
  at <ATextarea value="" onUpdate:value=fn rows=4  ... > 
  at <Anonymous value= {hashed: true, components: Object, theme: undefined, token: Object} > 
  at <ALocaleProvider locale=undefined ANT_MARK__="internalMark" > 
  at <LocaleReceiver children=fn<children> > 
  at <AConfigProvider theme= {token: Object} > 
  at <App> @ http://127.0.0.1:5173/@vite/client:528
[ 1889458ms] [WARNING] [Vue warn]: Invalid prop: type check failed for prop "onKeydown". Expected Function, got Array  
  at <ATextarea value="" onUpdate:value=fn rows=4  ... > 
  at <Anonymous value= {hashed: true, components: Object, theme: undefined, token: Object} > 
  at <ALocaleProvider locale=undefined ANT_MARK__="internalMark" > 
  at <LocaleReceiver children=fn<children> > 
  at <AConfigProvider theme= {token: Object} > 
  at <App> @ http://127.0.0.1:5173/@vite/client:528
[ 1889460ms] [WARNING] [Vue warn]: Invalid prop: type check failed for prop "onKeydown". Expected Function, got Array  
  at <ATextarea value="" onUpdate:value=fn rows=4  ... > 
  at <Anonymous value= {hashed: true, components: Object, theme: undefined, token: Object} > 
  at <ALocaleProvider locale=undefined ANT_MARK__="internalMark" > 
  at <LocaleReceiver children=fn<children> > 
  at <AConfigProvider theme= {token: Object} > 
  at <App> @ http://127.0.0.1:5173/@vite/client:528
[ 1889461ms] [WARNING] [Vue warn]: Invalid prop: type check failed for prop "onKeydown". Expected Function, got Array  
  at <ATextarea value="" onUpdate:value=fn rows=4  ... > 
  at <Anonymous value= {hashed: true, components: Object, theme: undefined, token: Object} > 
  at <ALocaleProvider locale=undefined ANT_MARK__="internalMark" > 
  at <LocaleReceiver children=fn<children> > 
  at <AConfigProvider theme= {token: Object} > 
  at <App> @ http://127.0.0.1:5173/@vite/client:528
[ 1889463ms] [WARNING] [Vue warn]: Invalid prop: type check failed for prop "onKeydown". Expected Function, got Array  
  at <ATextarea value="" onUpdate:value=fn rows=4  ... > 
  at <Anonymous value= {hashed: true, components: Object, theme: undefined, token: Object} > 
  at <ALocaleProvider locale=undefined ANT_MARK__="internalMark" > 
  at <LocaleReceiver children=fn<children> > 
  at <AConfigProvider theme= {token: Object} > 
  at <App> @ http://127.0.0.1:5173/@vite/client:528
[ 1889465ms] [WARNING] [Vue warn]: Invalid prop: type check failed for prop "onKeydown". Expected Function, got Array  
  at <ATextarea value="" onUpdate:value=fn rows=4  ... > 
  at <Anonymous value= {hashed: true, components: Object, theme: undefined, token: Object} > 
  at <ALocaleProvider locale=undefined ANT_MARK__="internalMark" > 
  at <LocaleReceiver children=fn<children> > 
  at <AConfigProvider theme= {token: Object} > 
  at <App> @ http://127.0.0.1:5173/@vite/client:528
[ 1889467ms] [WARNING] [Vue warn]: Invalid prop: type check failed for prop "onKeydown". Expected Function, got Array  
  at <ATextarea value="" onUpdate:value=fn rows=4  ... > 
  at <Anonymous value= {hashed: true, components: Object, theme: undefined, token: Object} > 
  at <ALocaleProvider locale=undefined ANT_MARK__="internalMark" > 
  at <LocaleReceiver children=fn<children> > 
  at <AConfigProvider theme= {token: Object} > 
  at <App> @ http://127.0.0.1:5173/@vite/client:528
[ 1889470ms] [WARNING] [Vue warn]: Invalid prop: type check failed for prop "onKeydown". Expected Function, got Array  
  at <ATextarea value="" onUpdate:value=fn rows=4  ... > 
  at <Anonymous value= {hashed: true, components: Object, theme: undefined, token: Object} > 
  at <ALocaleProvider locale=undefined ANT_MARK__="internalMark" > 
  at <LocaleReceiver children=fn<children> > 
  at <AConfigProvider theme= {token: Object} > 
  at <App> @ http://127.0.0.1:5173/@vite/client:528
[ 1889471ms] [WARNING] [Vue warn]: Invalid prop: type check failed for prop "onKeydown". Expected Function, got Array  
  at <ATextarea value="" onUpdate:value=fn rows=4  ... > 
  at <Anonymous value= {hashed: true, components: Object, theme: undefined, token: Object} > 
  at <ALocaleProvider locale=undefined ANT_MARK__="internalMark" > 
  at <LocaleReceiver children=fn<children> > 
  at <AConfigProvider theme= {token: Object} > 
  at <App> @ http://127.0.0.1:5173/@vite/client:528
[ 1889473ms] [WARNING] [Vue warn]: Invalid prop: type check failed for prop "onKeydown". Expected Function, got Array  
  at <ATextarea value="" onUpdate:value=fn rows=4  ... > 
  at <Anonymous value= {hashed: true, components: Object, theme: undefined, token: Object} > 
  at <ALocaleProvider locale=undefined ANT_MARK__="internalMark" > 
  at <LocaleReceiver children=fn<children> > 
  at <AConfigProvider theme= {token: Object} > 
  at <App> @ http://127.0.0.1:5173/@vite/client:528
[ 1889474ms] [WARNING] [Vue warn]: Invalid prop: type check failed for prop "onKeydown". Expected Function, got Array  
  at <ATextarea value="" onUpdate:value=fn rows=4  ... > 
  at <Anonymous value= {hashed: true, components: Object, theme: undefined, token: Object} > 
  at <ALocaleProvider locale=undefined ANT_MARK__="internalMark" > 
  at <LocaleReceiver children=fn<children> > 
  at <AConfigProvider theme= {token: Object} > 
  at <App> @ http://127.0.0.1:5173/@vite/client:528
[ 1889476ms] [WARNING] [Vue warn]: Invalid prop: type check failed for prop "onKeydown". Expected Function, got Array  
  at <ATextarea value="" onUpdate:value=fn rows=4  ... > 
  at <Anonymous value= {hashed: true, components: Object, theme: undefined, token: Object} > 
  at <ALocaleProvider locale=undefined ANT_MARK__="internalMark" > 
  at <LocaleReceiver children=fn<children> > 
  at <AConfigProvider theme= {token: Object} > 
  at <App> @ http://127.0.0.1:5173/@vite/client:528
[ 1889478ms] [WARNING] [Vue warn]: Invalid prop: type check failed for prop "onKeydown". Expected Function, got Array  
  at <ATextarea value="" onUpdate:value=fn rows=4  ... > 
  at <Anonymous value= {hashed: true, components: Object, theme: undefined, token: Object} > 
  at <ALocaleProvider locale=undefined ANT_MARK__="internalMark" > 
  at <LocaleReceiver children=fn<children> > 
  at <AConfigProvider theme= {token: Object} > 
  at <App> @ http://127.0.0.1:5173/@vite/client:528
[ 1929170ms] [ERROR] Failed to load resource: the server responded with a status of 404 (Not Found) @ http://127.0.0.1:5173/src/style.css?t=1785921978386:0
[ 1929170ms] [ERROR] [vite] Failed to reload /src/style.css. This could be due to syntax errors or importing non-existent modules. (see errors above) @ http://127.0.0.1:5173/@vite/client:528
[ 2004131ms] [WARNING] [Vue warn]: Failed to resolve component: a-popconfirm
If this is a native custom element, make sure to exclude it from component resolution via compilerOptions.isCustomElement. 
  at <App> @ http://127.0.0.1:5173/@vite/client:528
[ 2004132ms] [WARNING] [Vue warn]: Failed to resolve component: a-modal
If this is a native custom element, make sure to exclude it from component resolution via compilerOptions.isCustomElement. 
  at <App> @ http://127.0.0.1:5173/@vite/client:528
[ 2004145ms] [WARNING] [Vue warn]: Invalid prop: type check failed for prop "onKeydown". Expected Function, got Array  
  at <ATextarea value="" onUpdate:value=fn rows=4  ... > 
  at <Anonymous value= {hashed: true, components: Object, theme: undefined, token: Object} > 
  at <ALocaleProvider locale=undefined ANT_MARK__="internalMark" > 
  at <LocaleReceiver children=fn<children> > 
  at <AConfigProvider theme= {token: Object} > 
  at <App> @ http://127.0.0.1:5173/@vite/client:528
[ 2004157ms] [WARNING] [Vue warn]: Invalid prop: type check failed for prop "onKeydown". Expected Function, got Array  
  at <ATextarea value="" onUpdate:value=fn rows=4  ... > 
  at <Anonymous value= {hashed: true, components: Object, theme: undefined, token: Object} > 
  at <ALocaleProvider locale=undefined ANT_MARK__="internalMark" > 
  at <LocaleReceiver children=fn<children> > 
  at <AConfigProvider theme= {token: Object} > 
  at <App> @ http://127.0.0.1:5173/@vite/client:528
[ 2004160ms] [WARNING] [Vue warn]: Invalid prop: type check failed for prop "onKeydown". Expected Function, got Array  
  at <ATextarea value="" onUpdate:value=fn rows=4  ... > 
  at <Anonymous value= {hashed: true, components: Object, theme: undefined, token: Object} > 
  at <ALocaleProvider locale=undefined ANT_MARK__="internalMark" > 
  at <LocaleReceiver children=fn<children> > 
  at <AConfigProvider theme= {token: Object} > 
  at <App> @ http://127.0.0.1:5173/@vite/client:528
[ 2004164ms] [WARNING] [Vue warn]: Invalid prop: type check failed for prop "onKeydown". Expected Function, got Array  
  at <ATextarea value="" onUpdate:value=fn rows=4  ... > 
  at <Anonymous value= {hashed: true, components: Object, theme: undefined, token: Object} > 
  at <ALocaleProvider locale=undefined ANT_MARK__="internalMark" > 
  at <LocaleReceiver children=fn<children> > 
  at <AConfigProvider theme= {token: Object} > 
  at <App> @ http://127.0.0.1:5173/@vite/client:528
[ 2004168ms] [WARNING] [Vue warn]: Invalid prop: type check failed for prop "onKeydown". Expected Function, got Array  
  at <ATextarea value="" onUpdate:value=fn rows=4  ... > 
  at <Anonymous value= {hashed: true, components: Object, theme: undefined, token: Object} > 
  at <ALocaleProvider locale=undefined ANT_MARK__="internalMark" > 
  at <LocaleReceiver children=fn<children> > 
  at <AConfigProvider theme= {token: Object} > 
  at <App> @ http://127.0.0.1:5173/@vite/client:528
[ 2004170ms] [WARNING] [Vue warn]: Invalid prop: type check failed for prop "onKeydown". Expected Function, got Array  
  at <ATextarea value="" onUpdate:value=fn rows=4  ... > 
  at <Anonymous value= {hashed: true, components: Object, theme: undefined, token: Object} > 
  at <ALocaleProvider locale=undefined ANT_MARK__="internalMark" > 
  at <LocaleReceiver children=fn<children> > 
  at <AConfigProvider theme= {token: Object} > 
  at <App> @ http://127.0.0.1:5173/@vite/client:528
[ 2004172ms] [WARNING] [Vue warn]: Invalid prop: type check failed for prop "onKeydown". Expected Function, got Array  
  at <ATextarea value="" onUpdate:value=fn rows=4  ... > 
  at <Anonymous value= {hashed: true, components: Object, theme: undefined, token: Object} > 
  at <ALocaleProvider locale=undefined ANT_MARK__="internalMark" > 
  at <LocaleReceiver children=fn<children> > 
  at <AConfigProvider theme= {token: Object} > 
  at <App> @ http://127.0.0.1:5173/@vite/client:528
[ 2004175ms] [WARNING] [Vue warn]: Invalid prop: type check failed for prop "onKeydown". Expected Function, got Array  
  at <ATextarea value="" onUpdate:value=fn rows=4  ... > 
  at <Anonymous value= {hashed: true, components: Object, theme: undefined, token: Object} > 
  at <ALocaleProvider locale=undefined ANT_MARK__="internalMark" > 
  at <LocaleReceiver children=fn<children> > 
  at <AConfigProvider theme= {token: Object} > 
  at <App> @ http://127.0.0.1:5173/@vite/client:528
[ 2004177ms] [WARNING] [Vue warn]: Invalid prop: type check failed for prop "onKeydown". Expected Function, got Array  
  at <ATextarea value="" onUpdate:value=fn rows=4  ... > 
  at <Anonymous value= {hashed: true, components: Object, theme: undefined, token: Object} > 
  at <ALocaleProvider locale=undefined ANT_MARK__="internalMark" > 
  at <LocaleReceiver children=fn<children> > 
  at <AConfigProvider theme= {token: Object} > 
  at <App> @ http://127.0.0.1:5173/@vite/client:528
[ 2004179ms] [WARNING] [Vue warn]: Invalid prop: type check failed for prop "onKeydown". Expected Function, got Array  
  at <ATextarea value="" onUpdate:value=fn rows=4  ... > 
  at <Anonymous value= {hashed: true, components: Object, theme: undefined, token: Object} > 
  at <ALocaleProvider locale=undefined ANT_MARK__="internalMark" > 
  at <LocaleReceiver children=fn<children> > 
  at <AConfigProvider theme= {token: Object} > 
  at <App> @ http://127.0.0.1:5173/@vite/client:528
[ 2004181ms] [WARNING] [Vue warn]: Invalid prop: type check failed for prop "onKeydown". Expected Function, got Array  
  at <ATextarea value="" onUpdate:value=fn rows=4  ... > 
  at <Anonymous value= {hashed: true, components: Object, theme: undefined, token: Object} > 
  at <ALocaleProvider locale=undefined ANT_MARK__="internalMark" > 
  at <LocaleReceiver children=fn<children> > 
  at <AConfigProvider theme= {token: Object} > 
  at <App> @ http://127.0.0.1:5173/@vite/client:528
[ 2004182ms] [WARNING] [Vue warn]: Invalid prop: type check failed for prop "onKeydown". Expected Function, got Array  
  at <ATextarea value="" onUpdate:value=fn rows=4  ... > 
  at <Anonymous value= {hashed: true, components: Object, theme: undefined, token: Object} > 
  at <ALocaleProvider locale=undefined ANT_MARK__="internalMark" > 
  at <LocaleReceiver children=fn<children> > 
  at <AConfigProvider theme= {token: Object} > 
  at <App> @ http://127.0.0.1:5173/@vite/client:528
[ 2004184ms] [WARNING] [Vue warn]: Invalid prop: type check failed for prop "onKeydown". Expected Function, got Array  
  at <ATextarea value="" onUpdate:value=fn rows=4  ... > 
  at <Anonymous value= {hashed: true, components: Object, theme: undefined, token: Object} > 
  at <ALocaleProvider locale=undefined ANT_MARK__="internalMark" > 
  at <LocaleReceiver children=fn<children> > 
  at <AConfigProvider theme= {token: Object} > 
  at <App> @ http://127.0.0.1:5173/@vite/client:528
[ 2004185ms] [WARNING] [Vue warn]: Invalid prop: type check failed for prop "onKeydown". Expected Function, got Array  
  at <ATextarea value="" onUpdate:value=fn rows=4  ... > 
  at <Anonymous value= {hashed: true, components: Object, theme: undefined, token: Object} > 
  at <ALocaleProvider locale=undefined ANT_MARK__="internalMark" > 
  at <LocaleReceiver children=fn<children> > 
  at <AConfigProvider theme= {token: Object} > 
  at <App> @ http://127.0.0.1:5173/@vite/client:528
[ 2004187ms] [WARNING] [Vue warn]: Invalid prop: type check failed for prop "onKeydown". Expected Function, got Array  
  at <ATextarea value="" onUpdate:value=fn rows=4  ... > 
  at <Anonymous value= {hashed: true, components: Object, theme: undefined, token: Object} > 
  at <ALocaleProvider locale=undefined ANT_MARK__="internalMark" > 
  at <LocaleReceiver children=fn<children> > 
  at <AConfigProvider theme= {token: Object} > 
  at <App> @ http://127.0.0.1:5173/@vite/client:528
[ 2004189ms] [WARNING] [Vue warn]: Invalid prop: type check failed for prop "onKeydown". Expected Function, got Array  
  at <ATextarea value="" onUpdate:value=fn rows=4  ... > 
  at <Anonymous value= {hashed: true, components: Object, theme: undefined, token: Object} > 
  at <ALocaleProvider locale=undefined ANT_MARK__="internalMark" > 
  at <LocaleReceiver children=fn<children> > 
  at <AConfigProvider theme= {token: Object} > 
  at <App> @ http://127.0.0.1:5173/@vite/client:528
[ 2004191ms] [WARNING] [Vue warn]: Invalid prop: type check failed for prop "onKeydown". Expected Function, got Array  
  at <ATextarea value="" onUpdate:value=fn rows=4  ... > 
  at <Anonymous value= {hashed: true, components: Object, theme: undefined, token: Object} > 
  at <ALocaleProvider locale=undefined ANT_MARK__="internalMark" > 
  at <LocaleReceiver children=fn<children> > 
  at <AConfigProvider theme= {token: Object} > 
  at <App> @ http://127.0.0.1:5173/@vite/client:528
[ 2004193ms] [WARNING] [Vue warn]: Invalid prop: type check failed for prop "onKeydown". Expected Function, got Array  
  at <ATextarea value="" onUpdate:value=fn rows=4  ... > 
  at <Anonymous value= {hashed: true, components: Object, theme: undefined, token: Object} > 
  at <ALocaleProvider locale=undefined ANT_MARK__="internalMark" > 
  at <LocaleReceiver children=fn<children> > 
  at <AConfigProvider theme= {token: Object} > 
  at <App> @ http://127.0.0.1:5173/@vite/client:528
[ 2004194ms] [WARNING] [Vue warn]: Invalid prop: type check failed for prop "onKeydown". Expected Function, got Array  
  at <ATextarea value="" onUpdate:value=fn rows=4  ... > 
  at <Anonymous value= {hashed: true, components: Object, theme: undefined, token: Object} > 
  at <ALocaleProvider locale=undefined ANT_MARK__="internalMark" > 
  at <LocaleReceiver children=fn<children> > 
  at <AConfigProvider theme= {token: Object} > 
  at <App> @ http://127.0.0.1:5173/@vite/client:528
[ 2004196ms] [WARNING] [Vue warn]: Invalid prop: type check failed for prop "onKeydown". Expected Function, got Array  
  at <ATextarea value="" onUpdate:value=fn rows=4  ... > 
  at <Anonymous value= {hashed: true, components: Object, theme: undefined, token: Object} > 
  at <ALocaleProvider locale=undefined ANT_MARK__="internalMark" > 
  at <LocaleReceiver children=fn<children> > 
  at <AConfigProvider theme= {token: Object} > 
  at <App> @ http://127.0.0.1:5173/@vite/client:528
[ 2004198ms] [WARNING] [Vue warn]: Invalid prop: type check failed for prop "onKeydown". Expected Function, got Array  
  at <ATextarea value="" onUpdate:value=fn rows=4  ... > 
  at <Anonymous value= {hashed: true, components: Object, theme: undefined, token: Object} > 
  at <ALocaleProvider locale=undefined ANT_MARK__="internalMark" > 
  at <LocaleReceiver children=fn<children> > 
  at <AConfigProvider theme= {token: Object} > 
  at <App> @ http://127.0.0.1:5173/@vite/client:528
[ 2004199ms] [WARNING] [Vue warn]: Invalid prop: type check failed for prop "onKeydown". Expected Function, got Array  
  at <ATextarea value="" onUpdate:value=fn rows=4  ... > 
  at <Anonymous value= {hashed: true, components: Object, theme: undefined, token: Object} > 
  at <ALocaleProvider locale=undefined ANT_MARK__="internalMark" > 
  at <LocaleReceiver children=fn<children> > 
  at <AConfigProvider theme= {token: Object} > 
  at <App> @ http://127.0.0.1:5173/@vite/client:528
[ 2004201ms] [WARNING] [Vue warn]: Invalid prop: type check failed for prop "onKeydown". Expected Function, got Array  
  at <ATextarea value="" onUpdate:value=fn rows=4  ... > 
  at <Anonymous value= {hashed: true, components: Object, theme: undefined, token: Object} > 
  at <ALocaleProvider locale=undefined ANT_MARK__="internalMark" > 
  at <LocaleReceiver children=fn<children> > 
  at <AConfigProvider theme= {token: Object} > 
  at <App> @ http://127.0.0.1:5173/@vite/client:528
[ 2004202ms] [WARNING] [Vue warn]: Invalid prop: type check failed for prop "onKeydown". Expected Function, got Array  
  at <ATextarea value="" onUpdate:value=fn rows=4  ... > 
  at <Anonymous value= {hashed: true, components: Object, theme: undefined, token: Object} > 
  at <ALocaleProvider locale=undefined ANT_MARK__="internalMark" > 
  at <LocaleReceiver children=fn<children> > 
  at <AConfigProvider theme= {token: Object} > 
  at <App> @ http://127.0.0.1:5173/@vite/client:528
[ 2004204ms] [WARNING] [Vue warn]: Invalid prop: type check failed for prop "onKeydown". Expected Function, got Array  
  at <ATextarea value="" onUpdate:value=fn rows=4  ... > 
  at <Anonymous value= {hashed: true, components: Object, theme: undefined, token: Object} > 
  at <ALocaleProvider locale=undefined ANT_MARK__="internalMark" > 
  at <LocaleReceiver children=fn<children> > 
  at <AConfigProvider theme= {token: Object} > 
  at <App> @ http://127.0.0.1:5173/@vite/client:528
[ 2004205ms] [WARNING] [Vue warn]: Invalid prop: type check failed for prop "onKeydown". Expected Function, got Array  
  at <ATextarea value="" onUpdate:value=fn rows=4  ... > 
  at <Anonymous value= {hashed: true, components: Object, theme: undefined, token: Object} > 
  at <ALocaleProvider locale=undefined ANT_MARK__="internalMark" > 
  at <LocaleReceiver children=fn<children> > 
  at <AConfigProvider theme= {token: Object} > 
  at <App> @ http://127.0.0.1:5173/@vite/client:528
[ 2004207ms] [WARNING] [Vue warn]: Invalid prop: type check failed for prop "onKeydown". Expected Function, got Array  
  at <ATextarea value="" onUpdate:value=fn rows=4  ... > 
  at <Anonymous value= {hashed: true, components: Object, theme: undefined, token: Object} > 
  at <ALocaleProvider locale=undefined ANT_MARK__="internalMark" > 
  at <LocaleReceiver children=fn<children> > 
  at <AConfigProvider theme= {token: Object} > 
  at <App> @ http://127.0.0.1:5173/@vite/client:528
[ 2004209ms] [WARNING] [Vue warn]: Invalid prop: type check failed for prop "onKeydown". Expected Function, got Array  
  at <ATextarea value="" onUpdate:value=fn rows=4  ... > 
  at <Anonymous value= {hashed: true, components: Object, theme: undefined, token: Object} > 
  at <ALocaleProvider locale=undefined ANT_MARK__="internalMark" > 
  at <LocaleReceiver children=fn<children> > 
  at <AConfigProvider theme= {token: Object} > 
  at <App> @ http://127.0.0.1:5173/@vite/client:528
[ 2004210ms] [WARNING] [Vue warn]: Invalid prop: type check failed for prop "onKeydown". Expected Function, got Array  
  at <ATextarea value="" onUpdate:value=fn rows=4  ... > 
  at <Anonymous value= {hashed: true, components: Object, theme: undefined, token: Object} > 
  at <ALocaleProvider locale=undefined ANT_MARK__="internalMark" > 
  at <LocaleReceiver children=fn<children> > 
  at <AConfigProvider theme= {token: Object} > 
  at <App> @ http://127.0.0.1:5173/@vite/client:528
[ 2004212ms] [WARNING] [Vue warn]: Invalid prop: type check failed for prop "onKeydown". Expected Function, got Array  
  at <ATextarea value="" onUpdate:value=fn rows=4  ... > 
  at <Anonymous value= {hashed: true, components: Object, theme: undefined, token: Object} > 
  at <ALocaleProvider locale=undefined ANT_MARK__="internalMark" > 
  at <LocaleReceiver children=fn<children> > 
  at <AConfigProvider theme= {token: Object} > 
  at <App> @ http://127.0.0.1:5173/@vite/client:528
[ 2004213ms] [WARNING] [Vue warn]: Invalid prop: type check failed for prop "onKeydown". Expected Function, got Array  
  at <ATextarea value="" onUpdate:value=fn rows=4  ... > 
  at <Anonymous value= {hashed: true, components: Object, theme: undefined, token: Object} > 
  at <ALocaleProvider locale=undefined ANT_MARK__="internalMark" > 
  at <LocaleReceiver children=fn<children> > 
  at <AConfigProvider theme= {token: Object} > 
  at <App> @ http://127.0.0.1:5173/@vite/client:528
[ 2004214ms] [WARNING] [Vue warn]: Invalid prop: type check failed for prop "onKeydown". Expected Function, got Array  
  at <ATextarea value="" onUpdate:value=fn rows=4  ... > 
  at <Anonymous value= {hashed: true, components: Object, theme: undefined, token: Object} > 
  at <ALocaleProvider locale=undefined ANT_MARK__="internalMark" > 
  at <LocaleReceiver children=fn<children> > 
  at <AConfigProvider theme= {token: Object} > 
  at <App> @ http://127.0.0.1:5173/@vite/client:528
[ 2004216ms] [WARNING] [Vue warn]: Invalid prop: type check failed for prop "onKeydown". Expected Function, got Array  
  at <ATextarea value="" onUpdate:value=fn rows=4  ... > 
  at <Anonymous value= {hashed: true, components: Object, theme: undefined, token: Object} > 
  at <ALocaleProvider locale=undefined ANT_MARK__="internalMark" > 
  at <LocaleReceiver children=fn<children> > 
  at <AConfigProvider theme= {token: Object} > 
  at <App> @ http://127.0.0.1:5173/@vite/client:528
[ 2004218ms] [WARNING] [Vue warn]: Invalid prop: type check failed for prop "onKeydown". Expected Function, got Array  
  at <ATextarea value="" onUpdate:value=fn rows=4  ... > 
  at <Anonymous value= {hashed: true, components: Object, theme: undefined, token: Object} > 
  at <ALocaleProvider locale=undefined ANT_MARK__="internalMark" > 
  at <LocaleReceiver children=fn<children> > 
  at <AConfigProvider theme= {token: Object} > 
  at <App> @ http://127.0.0.1:5173/@vite/client:528
[ 2004219ms] [WARNING] [Vue warn]: Invalid prop: type check failed for prop "onKeydown". Expected Function, got Array  
  at <ATextarea value="" onUpdate:value=fn rows=4  ... > 
  at <Anonymous value= {hashed: true, components: Object, theme: undefined, token: Object} > 
  at <ALocaleProvider locale=undefined ANT_MARK__="internalMark" > 
  at <LocaleReceiver children=fn<children> > 
  at <AConfigProvider theme= {token: Object} > 
  at <App> @ http://127.0.0.1:5173/@vite/client:528
[ 2004220ms] [WARNING] [Vue warn]: Invalid prop: type check failed for prop "onKeydown". Expected Function, got Array  
  at <ATextarea value="" onUpdate:value=fn rows=4  ... > 
  at <Anonymous value= {hashed: true, components: Object, theme: undefined, token: Object} > 
  at <ALocaleProvider locale=undefined ANT_MARK__="internalMark" > 
  at <LocaleReceiver children=fn<children> > 
  at <AConfigProvider theme= {token: Object} > 
  at <App> @ http://127.0.0.1:5173/@vite/client:528
[ 2004222ms] [WARNING] [Vue warn]: Invalid prop: type check failed for prop "onKeydown". Expected Function, got Array  
  at <ATextarea value="" onUpdate:value=fn rows=4  ... > 
  at <Anonymous value= {hashed: true, components: Object, theme: undefined, token: Object} > 
  at <ALocaleProvider locale=undefined ANT_MARK__="internalMark" > 
  at <LocaleReceiver children=fn<children> > 
  at <AConfigProvider theme= {token: Object} > 
  at <App> @ http://127.0.0.1:5173/@vite/client:528
[ 2004224ms] [WARNING] [Vue warn]: Invalid prop: type check failed for prop "onKeydown". Expected Function, got Array  
  at <ATextarea value="" onUpdate:value=fn rows=4  ... > 
  at <Anonymous value= {hashed: true, components: Object, theme: undefined, token: Object} > 
  at <ALocaleProvider locale=undefined ANT_MARK__="internalMark" > 
  at <LocaleReceiver children=fn<children> > 
  at <AConfigProvider theme= {token: Object} > 
  at <App> @ http://127.0.0.1:5173/@vite/client:528
[ 2004225ms] [WARNING] [Vue warn]: Invalid prop: type check failed for prop "onKeydown". Expected Function, got Array  
  at <ATextarea value="" onUpdate:value=fn rows=4  ... > 
  at <Anonymous value= {hashed: true, components: Object, theme: undefined, token: Object} > 
  at <ALocaleProvider locale=undefined ANT_MARK__="internalMark" > 
  at <LocaleReceiver children=fn<children> > 
  at <AConfigProvider theme= {token: Object} > 
  at <App> @ http://127.0.0.1:5173/@vite/client:528
[ 2004227ms] [WARNING] [Vue warn]: Invalid prop: type check failed for prop "onKeydown". Expected Function, got Array  
  at <ATextarea value="" onUpdate:value=fn rows=4  ... > 
  at <Anonymous value= {hashed: true, components: Object, theme: undefined, token: Object} > 
  at <ALocaleProvider locale=undefined ANT_MARK__="internalMark" > 
  at <LocaleReceiver children=fn<children> > 
  at <AConfigProvider theme= {token: Object} > 
  at <App> @ http://127.0.0.1:5173/@vite/client:528
[ 2004228ms] [WARNING] [Vue warn]: Invalid prop: type check failed for prop "onKeydown". Expected Function, got Array  
  at <ATextarea value="" onUpdate:value=fn rows=4  ... > 
  at <Anonymous value= {hashed: true, components: Object, theme: undefined, token: Object} > 
  at <ALocaleProvider locale=undefined ANT_MARK__="internalMark" > 
  at <LocaleReceiver children=fn<children> > 
  at <AConfigProvider theme= {token: Object} > 
  at <App> @ http://127.0.0.1:5173/@vite/client:528
[ 2004230ms] [WARNING] [Vue warn]: Invalid prop: type check failed for prop "onKeydown". Expected Function, got Array  
  at <ATextarea value="" onUpdate:value=fn rows=4  ... > 
  at <Anonymous value= {hashed: true, components: Object, theme: undefined, token: Object} > 
  at <ALocaleProvider locale=undefined ANT_MARK__="internalMark" > 
  at <LocaleReceiver children=fn<children> > 
  at <AConfigProvider theme= {token: Object} > 
  at <App> @ http://127.0.0.1:5173/@vite/client:528
[ 2004231ms] [WARNING] [Vue warn]: Invalid prop: type check failed for prop "onKeydown". Expected Function, got Array  
  at <ATextarea value="" onUpdate:value=fn rows=4  ... > 
  at <Anonymous value= {hashed: true, components: Object, theme: undefined, token: Object} > 
  at <ALocaleProvider locale=undefined ANT_MARK__="internalMark" > 
  at <LocaleReceiver children=fn<children> > 
  at <AConfigProvider theme= {token: Object} > 
  at <App> @ http://127.0.0.1:5173/@vite/client:528
[ 2004233ms] [WARNING] [Vue warn]: Invalid prop: type check failed for prop "onKeydown". Expected Function, got Array  
  at <ATextarea value="" onUpdate:value=fn rows=4  ... > 
  at <Anonymous value= {hashed: true, components: Object, theme: undefined, token: Object} > 
  at <ALocaleProvider locale=undefined ANT_MARK__="internalMark" > 
  at <LocaleReceiver children=fn<children> > 
  at <AConfigProvider theme= {token: Object} > 
  at <App> @ http://127.0.0.1:5173/@vite/client:528
[ 2004234ms] [WARNING] [Vue warn]: Invalid prop: type check failed for prop "onKeydown". Expected Function, got Array  
  at <ATextarea value="" onUpdate:value=fn rows=4  ... > 
  at <Anonymous value= {hashed: true, components: Object, theme: undefined, token: Object} > 
  at <ALocaleProvider locale=undefined ANT_MARK__="internalMark" > 
  at <LocaleReceiver children=fn<children> > 
  at <AConfigProvider theme= {token: Object} > 
  at <App> @ http://127.0.0.1:5173/@vite/client:528
[ 2004236ms] [WARNING] [Vue warn]: Invalid prop: type check failed for prop "onKeydown". Expected Function, got Array  
  at <ATextarea value="" onUpdate:value=fn rows=4  ... > 
  at <Anonymous value= {hashed: true, components: Object, theme: undefined, token: Object} > 
  at <ALocaleProvider locale=undefined ANT_MARK__="internalMark" > 
  at <LocaleReceiver children=fn<children> > 
  at <AConfigProvider theme= {token: Object} > 
  at <App> @ http://127.0.0.1:5173/@vite/client:528
[ 2004237ms] [WARNING] [Vue warn]: Invalid prop: type check failed for prop "onKeydown". Expected Function, got Array  
  at <ATextarea value="" onUpdate:value=fn rows=4  ... > 
  at <Anonymous value= {hashed: true, components: Object, theme: undefined, token: Object} > 
  at <ALocaleProvider locale=undefined ANT_MARK__="internalMark" > 
  at <LocaleReceiver children=fn<children> > 
  at <AConfigProvider theme= {token: Object} > 
  at <App> @ http://127.0.0.1:5173/@vite/client:528
[ 2004239ms] [WARNING] [Vue warn]: Invalid prop: type check failed for prop "onKeydown". Expected Function, got Array  
  at <ATextarea value="" onUpdate:value=fn rows=4  ... > 
  at <Anonymous value= {hashed: true, components: Object, theme: undefined, token: Object} > 
  at <ALocaleProvider locale=undefined ANT_MARK__="internalMark" > 
  at <LocaleReceiver children=fn<children> > 
  at <AConfigProvider theme= {token: Object} > 
  at <App> @ http://127.0.0.1:5173/@vite/client:528
[ 2004240ms] [WARNING] [Vue warn]: Invalid prop: type check failed for prop "onKeydown". Expected Function, got Array  
  at <ATextarea value="" onUpdate:value=fn rows=4  ... > 
  at <Anonymous value= {hashed: true, components: Object, theme: undefined, token: Object} > 
  at <ALocaleProvider locale=undefined ANT_MARK__="internalMark" > 
  at <LocaleReceiver children=fn<children> > 
  at <AConfigProvider theme= {token: Object} > 
  at <App> @ http://127.0.0.1:5173/@vite/client:528
[ 2004242ms] [WARNING] [Vue warn]: Invalid prop: type check failed for prop "onKeydown". Expected Function, got Array  
  at <ATextarea value="" onUpdate:value=fn rows=4  ... > 
  at <Anonymous value= {hashed: true, components: Object, theme: undefined, token: Object} > 
  at <ALocaleProvider locale=undefined ANT_MARK__="internalMark" > 
  at <LocaleReceiver children=fn<children> > 
  at <AConfigProvider theme= {token: Object} > 
  at <App> @ http://127.0.0.1:5173/@vite/client:528
[ 2004243ms] [WARNING] [Vue warn]: Invalid prop: type check failed for prop "onKeydown". Expected Function, got Array  
  at <ATextarea value="" onUpdate:value=fn rows=4  ... > 
  at <Anonymous value= {hashed: true, components: Object, theme: undefined, token: Object} > 
  at <ALocaleProvider locale=undefined ANT_MARK__="internalMark" > 
  at <LocaleReceiver children=fn<children> > 
  at <AConfigProvider theme= {token: Object} > 
  at <App> @ http://127.0.0.1:5173/@vite/client:528
[ 2004245ms] [WARNING] [Vue warn]: Invalid prop: type check failed for prop "onKeydown". Expected Function, got Array  
  at <ATextarea value="" onUpdate:value=fn rows=4  ... > 
  at <Anonymous value= {hashed: true, components: Object, theme: undefined, token: Object} > 
  at <ALocaleProvider locale=undefined ANT_MARK__="internalMark" > 
  at <LocaleReceiver children=fn<children> > 
  at <AConfigProvider theme= {token: Object} > 
  at <App> @ http://127.0.0.1:5173/@vite/client:528
[ 2004247ms] [WARNING] [Vue warn]: Invalid prop: type check failed for prop "onKeydown". Expected Function, got Array  
  at <ATextarea value="" onUpdate:value=fn rows=4  ... > 
  at <Anonymous value= {hashed: true, components: Object, theme: undefined, token: Object} > 
  at <ALocaleProvider locale=undefined ANT_MARK__="internalMark" > 
  at <LocaleReceiver children=fn<children> > 
  at <AConfigProvider theme= {token: Object} > 
  at <App> @ http://127.0.0.1:5173/@vite/client:528
[ 2004249ms] [WARNING] [Vue warn]: Invalid prop: type check failed for prop "onKeydown". Expected Function, got Array  
  at <ATextarea value="" onUpdate:value=fn rows=4  ... > 
  at <Anonymous value= {hashed: true, components: Object, theme: undefined, token: Object} > 
  at <ALocaleProvider locale=undefined ANT_MARK__="internalMark" > 
  at <LocaleReceiver children=fn<children> > 
  at <AConfigProvider theme= {token: Object} > 
  at <App> @ http://127.0.0.1:5173/@vite/client:528
[ 2004251ms] [WARNING] [Vue warn]: Invalid prop: type check failed for prop "onKeydown". Expected Function, got Array  
  at <ATextarea value="" onUpdate:value=fn rows=4  ... > 
  at <Anonymous value= {hashed: true, components: Object, theme: undefined, token: Object} > 
  at <ALocaleProvider locale=undefined ANT_MARK__="internalMark" > 
  at <LocaleReceiver children=fn<children> > 
  at <AConfigProvider theme= {token: Object} > 
  at <App> @ http://127.0.0.1:5173/@vite/client:528
[ 2004252ms] [WARNING] [Vue warn]: Invalid prop: type check failed for prop "onKeydown". Expected Function, got Array  
  at <ATextarea value="" onUpdate:value=fn rows=4  ... > 
  at <Anonymous value= {hashed: true, components: Object, theme: undefined, token: Object} > 
  at <ALocaleProvider locale=undefined ANT_MARK__="internalMark" > 
  at <LocaleReceiver children=fn<children> > 
  at <AConfigProvider theme= {token: Object} > 
  at <App> @ http://127.0.0.1:5173/@vite/client:528
[ 2004254ms] [WARNING] [Vue warn]: Invalid prop: type check failed for prop "onKeydown". Expected Function, got Array  
  at <ATextarea value="" onUpdate:value=fn rows=4  ... > 
  at <Anonymous value= {hashed: true, components: Object, theme: undefined, token: Object} > 
  at <ALocaleProvider locale=undefined ANT_MARK__="internalMark" > 
  at <LocaleReceiver children=fn<children> > 
  at <AConfigProvider theme= {token: Object} > 
  at <App> @ http://127.0.0.1:5173/@vite/client:528
[ 2004255ms] [WARNING] [Vue warn]: Invalid prop: type check failed for prop "onKeydown". Expected Function, got Array  
  at <ATextarea value="" onUpdate:value=fn rows=4  ... > 
  at <Anonymous value= {hashed: true, components: Object, theme: undefined, token: Object} > 
  at <ALocaleProvider locale=undefined ANT_MARK__="internalMark" > 
  at <LocaleReceiver children=fn<children> > 
  at <AConfigProvider theme= {token: Object} > 
  at <App> @ http://127.0.0.1:5173/@vite/client:528
[ 2004257ms] [WARNING] [Vue warn]: Invalid prop: type check failed for prop "onKeydown". Expected Function, got Array  
  at <ATextarea value="" onUpdate:value=fn rows=4  ... > 
  at <Anonymous value= {hashed: true, components: Object, theme: undefined, token: Object} > 
  at <ALocaleProvider locale=undefined ANT_MARK__="internalMark" > 
  at <LocaleReceiver children=fn<children> > 
  at <AConfigProvider theme= {token: Object} > 
  at <App> @ http://127.0.0.1:5173/@vite/client:528
[ 2004259ms] [WARNING] [Vue warn]: Invalid prop: type check failed for prop "onKeydown". Expected Function, got Array  
  at <ATextarea value="" onUpdate:value=fn rows=4  ... > 
  at <Anonymous value= {hashed: true, components: Object, theme: undefined, token: Object} > 
  at <ALocaleProvider locale=undefined ANT_MARK__="internalMark" > 
  at <LocaleReceiver children=fn<children> > 
  at <AConfigProvider theme= {token: Object} > 
  at <App> @ http://127.0.0.1:5173/@vite/client:528
[ 2004260ms] [WARNING] [Vue warn]: Invalid prop: type check failed for prop "onKeydown". Expected Function, got Array  
  at <ATextarea value="" onUpdate:value=fn rows=4  ... > 
  at <Anonymous value= {hashed: true, components: Object, theme: undefined, token: Object} > 
  at <ALocaleProvider locale=undefined ANT_MARK__="internalMark" > 
  at <LocaleReceiver children=fn<children> > 
  at <AConfigProvider theme= {token: Object} > 
  at <App> @ http://127.0.0.1:5173/@vite/client:528
[ 2004262ms] [WARNING] [Vue warn]: Invalid prop: type check failed for prop "onKeydown". Expected Function, got Array  
  at <ATextarea value="" onUpdate:value=fn rows=4  ... > 
  at <Anonymous value= {hashed: true, components: Object, theme: undefined, token: Object} > 
  at <ALocaleProvider locale=undefined ANT_MARK__="internalMark" > 
  at <LocaleReceiver children=fn<children> > 
  at <AConfigProvider theme= {token: Object} > 
  at <App> @ http://127.0.0.1:5173/@vite/client:528
[ 2004264ms] [WARNING] [Vue warn]: Invalid prop: type check failed for prop "onKeydown". Expected Function, got Array  
  at <ATextarea value="" onUpdate:value=fn rows=4  ... > 
  at <Anonymous value= {hashed: true, components: Object, theme: undefined, token: Object} > 
  at <ALocaleProvider locale=undefined ANT_MARK__="internalMark" > 
  at <LocaleReceiver children=fn<children> > 
  at <AConfigProvider theme= {token: Object} > 
  at <App> @ http://127.0.0.1:5173/@vite/client:528
[ 2004266ms] [WARNING] [Vue warn]: Invalid prop: type check failed for prop "onKeydown". Expected Function, got Array  
  at <ATextarea value="" onUpdate:value=fn rows=4  ... > 
  at <Anonymous value= {hashed: true, components: Object, theme: undefined, token: Object} > 
  at <ALocaleProvider locale=undefined ANT_MARK__="internalMark" > 
  at <LocaleReceiver children=fn<children> > 
  at <AConfigProvider theme= {token: Object} > 
  at <App> @ http://127.0.0.1:5173/@vite/client:528
[ 2004269ms] [WARNING] [Vue warn]: Invalid prop: type check failed for prop "onKeydown". Expected Function, got Array  
  at <ATextarea value="" onUpdate:value=fn rows=4  ... > 
  at <Anonymous value= {hashed: true, components: Object, theme: undefined, token: Object} > 
  at <ALocaleProvider locale=undefined ANT_MARK__="internalMark" > 
  at <LocaleReceiver children=fn<children> > 
  at <AConfigProvider theme= {token: Object} > 
  at <App> @ http://127.0.0.1:5173/@vite/client:528
[ 2004270ms] [WARNING] [Vue warn]: Invalid prop: type check failed for prop "onKeydown". Expected Function, got Array  
  at <ATextarea value="" onUpdate:value=fn rows=4  ... > 
  at <Anonymous value= {hashed: true, components: Object, theme: undefined, token: Object} > 
  at <ALocaleProvider locale=undefined ANT_MARK__="internalMark" > 
  at <LocaleReceiver children=fn<children> > 
  at <AConfigProvider theme= {token: Object} > 
  at <App> @ http://127.0.0.1:5173/@vite/client:528
[ 2004272ms] [WARNING] [Vue warn]: Invalid prop: type check failed for prop "onKeydown". Expected Function, got Array  
  at <ATextarea value="" onUpdate:value=fn rows=4  ... > 
  at <Anonymous value= {hashed: true, components: Object, theme: undefined, token: Object} > 
  at <ALocaleProvider locale=undefined ANT_MARK__="internalMark" > 
  at <LocaleReceiver children=fn<children> > 
  at <AConfigProvider theme= {token: Object} > 
  at <App> @ http://127.0.0.1:5173/@vite/client:528
[ 2004273ms] [WARNING] [Vue warn]: Invalid prop: type check failed for prop "onKeydown". Expected Function, got Array  
  at <ATextarea value="" onUpdate:value=fn rows=4  ... > 
  at <Anonymous value= {hashed: true, components: Object, theme: undefined, token: Object} > 
  at <ALocaleProvider locale=undefined ANT_MARK__="internalMark" > 
  at <LocaleReceiver children=fn<children> > 
  at <AConfigProvider theme= {token: Object} > 
  at <App> @ http://127.0.0.1:5173/@vite/client:528
[ 2004275ms] [WARNING] [Vue warn]: Invalid prop: type check failed for prop "onKeydown". Expected Function, got Array  
  at <ATextarea value="" onUpdate:value=fn rows=4  ... > 
  at <Anonymous value= {hashed: true, components: Object, theme: undefined, token: Object} > 
  at <ALocaleProvider locale=undefined ANT_MARK__="internalMark" > 
  at <LocaleReceiver children=fn<children> > 
  at <AConfigProvider theme= {token: Object} > 
  at <App> @ http://127.0.0.1:5173/@vite/client:528
[ 2004277ms] [WARNING] [Vue warn]: Invalid prop: type check failed for prop "onKeydown". Expected Function, got Array  
  at <ATextarea value="" onUpdate:value=fn rows=4  ... > 
  at <Anonymous value= {hashed: true, components: Object, theme: undefined, token: Object} > 
  at <ALocaleProvider locale=undefined ANT_MARK__="internalMark" > 
  at <LocaleReceiver children=fn<children> > 
  at <AConfigProvider theme= {token: Object} > 
  at <App> @ http://127.0.0.1:5173/@vite/client:528
[ 2004278ms] [WARNING] [Vue warn]: Invalid prop: type check failed for prop "onKeydown". Expected Function, got Array  
  at <ATextarea value="" onUpdate:value=fn rows=4  ... > 
  at <Anonymous value= {hashed: true, components: Object, theme: undefined, token: Object} > 
  at <ALocaleProvider locale=undefined ANT_MARK__="internalMark" > 
  at <LocaleReceiver children=fn<children> > 
  at <AConfigProvider theme= {token: Object} > 
  at <App> @ http://127.0.0.1:5173/@vite/client:528
[ 2004280ms] [WARNING] [Vue warn]: Invalid prop: type check failed for prop "onKeydown". Expected Function, got Array  
  at <ATextarea value="" onUpdate:value=fn rows=4  ... > 
  at <Anonymous value= {hashed: true, components: Object, theme: undefined, token: Object} > 
  at <ALocaleProvider locale=undefined ANT_MARK__="internalMark" > 
  at <LocaleReceiver children=fn<children> > 
  at <AConfigProvider theme= {token: Object} > 
  at <App> @ http://127.0.0.1:5173/@vite/client:528
[ 2004281ms] [WARNING] [Vue warn]: Invalid prop: type check failed for prop "onKeydown". Expected Function, got Array  
  at <ATextarea value="" onUpdate:value=fn rows=4  ... > 
  at <Anonymous value= {hashed: true, components: Object, theme: undefined, token: Object} > 
  at <ALocaleProvider locale=undefined ANT_MARK__="internalMark" > 
  at <LocaleReceiver children=fn<children> > 
  at <AConfigProvider theme= {token: Object} > 
  at <App> @ http://127.0.0.1:5173/@vite/client:528
[ 2004283ms] [WARNING] [Vue warn]: Invalid prop: type check failed for prop "onKeydown". Expected Function, got Array  
  at <ATextarea value="" onUpdate:value=fn rows=4  ... > 
  at <Anonymous value= {hashed: true, components: Object, theme: undefined, token: Object} > 
  at <ALocaleProvider locale=undefined ANT_MARK__="internalMark" > 
  at <LocaleReceiver children=fn<children> > 
  at <AConfigProvider theme= {token: Object} > 
  at <App> @ http://127.0.0.1:5173/@vite/client:528
[ 2004284ms] [WARNING] [Vue warn]: Invalid prop: type check failed for prop "onKeydown". Expected Function, got Array  
  at <ATextarea value="" onUpdate:value=fn rows=4  ... > 
  at <Anonymous value= {hashed: true, components: Object, theme: undefined, token: Object} > 
  at <ALocaleProvider locale=undefined ANT_MARK__="internalMark" > 
  at <LocaleReceiver children=fn<children> > 
  at <AConfigProvider theme= {token: Object} > 
  at <App> @ http://127.0.0.1:5173/@vite/client:528
[ 2004286ms] [WARNING] [Vue warn]: Invalid prop: type check failed for prop "onKeydown". Expected Function, got Array  
  at <ATextarea value="" onUpdate:value=fn rows=4  ... > 
  at <Anonymous value= {hashed: true, components: Object, theme: undefined, token: Object} > 
  at <ALocaleProvider locale=undefined ANT_MARK__="internalMark" > 
  at <LocaleReceiver children=fn<children> > 
  at <AConfigProvider theme= {token: Object} > 
  at <App> @ http://127.0.0.1:5173/@vite/client:528
[ 2004287ms] [WARNING] [Vue warn]: Invalid prop: type check failed for prop "onKeydown". Expected Function, got Array  
  at <ATextarea value="" onUpdate:value=fn rows=4  ... > 
  at <Anonymous value= {hashed: true, components: Object, theme: undefined, token: Object} > 
  at <ALocaleProvider locale=undefined ANT_MARK__="internalMark" > 
  at <LocaleReceiver children=fn<children> > 
  at <AConfigProvider theme= {token: Object} > 
  at <App> @ http://127.0.0.1:5173/@vite/client:528
[ 2004289ms] [WARNING] [Vue warn]: Invalid prop: type check failed for prop "onKeydown". Expected Function, got Array  
  at <ATextarea value="" onUpdate:value=fn rows=4  ... > 
  at <Anonymous value= {hashed: true, components: Object, theme: undefined, token: Object} > 
  at <ALocaleProvider locale=undefined ANT_MARK__="internalMark" > 
  at <LocaleReceiver children=fn<children> > 
  at <AConfigProvider theme= {token: Object} > 
  at <App> @ http://127.0.0.1:5173/@vite/client:528
[ 2004290ms] [WARNING] [Vue warn]: Invalid prop: type check failed for prop "onKeydown". Expected Function, got Array  
  at <ATextarea value="" onUpdate:value=fn rows=4  ... > 
  at <Anonymous value= {hashed: true, components: Object, theme: undefined, token: Object} > 
  at <ALocaleProvider locale=undefined ANT_MARK__="internalMark" > 
  at <LocaleReceiver children=fn<children> > 
  at <AConfigProvider theme= {token: Object} > 
  at <App> @ http://127.0.0.1:5173/@vite/client:528
[ 2004292ms] [WARNING] [Vue warn]: Invalid prop: type check failed for prop "onKeydown". Expected Function, got Array  
  at <ATextarea value="" onUpdate:value=fn rows=4  ... > 
  at <Anonymous value= {hashed: true, components: Object, theme: undefined, token: Object} > 
  at <ALocaleProvider locale=undefined ANT_MARK__="internalMark" > 
  at <LocaleReceiver children=fn<children> > 
  at <AConfigProvider theme= {token: Object} > 
  at <App> @ http://127.0.0.1:5173/@vite/client:528
[ 2004293ms] [WARNING] [Vue warn]: Invalid prop: type check failed for prop "onKeydown". Expected Function, got Array  
  at <ATextarea value="" onUpdate:value=fn rows=4  ... > 
  at <Anonymous value= {hashed: true, components: Object, theme: undefined, token: Object} > 
  at <ALocaleProvider locale=undefined ANT_MARK__="internalMark" > 
  at <LocaleReceiver children=fn<children> > 
  at <AConfigProvider theme= {token: Object} > 
  at <App> @ http://127.0.0.1:5173/@vite/client:528
[ 2004295ms] [WARNING] [Vue warn]: Invalid prop: type check failed for prop "onKeydown". Expected Function, got Array  
  at <ATextarea value="" onUpdate:value=fn rows=4  ... > 
  at <Anonymous value= {hashed: true, components: Object, theme: undefined, token: Object} > 
  at <ALocaleProvider locale=undefined ANT_MARK__="internalMark" > 
  at <LocaleReceiver children=fn<children> > 
  at <AConfigProvider theme= {token: Object} > 
  at <App> @ http://127.0.0.1:5173/@vite/client:528
[ 2004296ms] [WARNING] [Vue warn]: Invalid prop: type check failed for prop "onKeydown". Expected Function, got Array  
  at <ATextarea value="" onUpdate:value=fn rows=4  ... > 
  at <Anonymous value= {hashed: true, components: Object, theme: undefined, token: Object} > 
  at <ALocaleProvider locale=undefined ANT_MARK__="internalMark" > 
  at <LocaleReceiver children=fn<children> > 
  at <AConfigProvider theme= {token: Object} > 
  at <App> @ http://127.0.0.1:5173/@vite/client:528
[ 2004298ms] [WARNING] [Vue warn]: Invalid prop: type check failed for prop "onKeydown". Expected Function, got Array  
  at <ATextarea value="" onUpdate:value=fn rows=4  ... > 
  at <Anonymous value= {hashed: true, components: Object, theme: undefined, token: Object} > 
  at <ALocaleProvider locale=undefined ANT_MARK__="internalMark" > 
  at <LocaleReceiver children=fn<children> > 
  at <AConfigProvider theme= {token: Object} > 
  at <App> @ http://127.0.0.1:5173/@vite/client:528
[ 2004299ms] [WARNING] [Vue warn]: Invalid prop: type check failed for prop "onKeydown". Expected Function, got Array  
  at <ATextarea value="" onUpdate:value=fn rows=4  ... > 
  at <Anonymous value= {hashed: true, components: Object, theme: undefined, token: Object} > 
  at <ALocaleProvider locale=undefined ANT_MARK__="internalMark" > 
  at <LocaleReceiver children=fn<children> > 
  at <AConfigProvider theme= {token: Object} > 
  at <App> @ http://127.0.0.1:5173/@vite/client:528
[ 2004301ms] [WARNING] [Vue warn]: Invalid prop: type check failed for prop "onKeydown". Expected Function, got Array  
  at <ATextarea value="" onUpdate:value=fn rows=4  ... > 
  at <Anonymous value= {hashed: true, components: Object, theme: undefined, token: Object} > 
  at <ALocaleProvider locale=undefined ANT_MARK__="internalMark" > 
  at <LocaleReceiver children=fn<children> > 
  at <AConfigProvider theme= {token: Object} > 
  at <App> @ http://127.0.0.1:5173/@vite/client:528
[ 2004302ms] [WARNING] [Vue warn]: Invalid prop: type check failed for prop "onKeydown". Expected Function, got Array  
  at <ATextarea value="" onUpdate:value=fn rows=4  ... > 
  at <Anonymous value= {hashed: true, components: Object, theme: undefined, token: Object} > 
  at <ALocaleProvider locale=undefined ANT_MARK__="internalMark" > 
  at <LocaleReceiver children=fn<children> > 
  at <AConfigProvider theme= {token: Object} > 
  at <App> @ http://127.0.0.1:5173/@vite/client:528
[ 2004304ms] [WARNING] [Vue warn]: Invalid prop: type check failed for prop "onKeydown". Expected Function, got Array  
  at <ATextarea value="" onUpdate:value=fn rows=4  ... > 
  at <Anonymous value= {hashed: true, components: Object, theme: undefined, token: Object} > 
  at <ALocaleProvider locale=undefined ANT_MARK__="internalMark" > 
  at <LocaleReceiver children=fn<children> > 
  at <AConfigProvider theme= {token: Object} > 
  at <App> @ http://127.0.0.1:5173/@vite/client:528
[ 2004305ms] [WARNING] [Vue warn]: Invalid prop: type check failed for prop "onKeydown". Expected Function, got Array  
  at <ATextarea value="" onUpdate:value=fn rows=4  ... > 
  at <Anonymous value= {hashed: true, components: Object, theme: undefined, token: Object} > 
  at <ALocaleProvider locale=undefined ANT_MARK__="internalMark" > 
  at <LocaleReceiver children=fn<children> > 
  at <AConfigProvider theme= {token: Object} > 
  at <App> @ http://127.0.0.1:5173/@vite/client:528
[ 2004308ms] [WARNING] [Vue warn]: Invalid prop: type check failed for prop "onKeydown". Expected Function, got Array  
  at <ATextarea value="" onUpdate:value=fn rows=4  ... > 
  at <Anonymous value= {hashed: true, components: Object, theme: undefined, token: Object} > 
  at <ALocaleProvider locale=undefined ANT_MARK__="internalMark" > 
  at <LocaleReceiver children=fn<children> > 
  at <AConfigProvider theme= {token: Object} > 
  at <App> @ http://127.0.0.1:5173/@vite/client:528
[ 2004309ms] [WARNING] [Vue warn]: Invalid prop: type check failed for prop "onKeydown". Expected Function, got Array  
  at <ATextarea value="" onUpdate:value=fn rows=4  ... > 
  at <Anonymous value= {hashed: true, components: Object, theme: undefined, token: Object} > 
  at <ALocaleProvider locale=undefined ANT_MARK__="internalMark" > 
  at <LocaleReceiver children=fn<children> > 
  at <AConfigProvider theme= {token: Object} > 
  at <App> @ http://127.0.0.1:5173/@vite/client:528
[ 2004311ms] [WARNING] [Vue warn]: Invalid prop: type check failed for prop "onKeydown". Expected Function, got Array  
  at <ATextarea value="" onUpdate:value=fn rows=4  ... > 
  at <Anonymous value= {hashed: true, components: Object, theme: undefined, token: Object} > 
  at <ALocaleProvider locale=undefined ANT_MARK__="internalMark" > 
  at <LocaleReceiver children=fn<children> > 
  at <AConfigProvider theme= {token: Object} > 
  at <App> @ http://127.0.0.1:5173/@vite/client:528
[ 2004312ms] [WARNING] [Vue warn]: Invalid prop: type check failed for prop "onKeydown". Expected Function, got Array  
  at <ATextarea value="" onUpdate:value=fn rows=4  ... > 
  at <Anonymous value= {hashed: true, components: Object, theme: undefined, token: Object} > 
  at <ALocaleProvider locale=undefined ANT_MARK__="internalMark" > 
  at <LocaleReceiver children=fn<children> > 
  at <AConfigProvider theme= {token: Object} > 
  at <App> @ http://127.0.0.1:5173/@vite/client:528
[ 2004314ms] [WARNING] [Vue warn]: Invalid prop: type check failed for prop "onKeydown". Expected Function, got Array  
  at <ATextarea value="" onUpdate:value=fn rows=4  ... > 
  at <Anonymous value= {hashed: true, components: Object, theme: undefined, token: Object} > 
  at <ALocaleProvider locale=undefined ANT_MARK__="internalMark" > 
  at <LocaleReceiver children=fn<children> > 
  at <AConfigProvider theme= {token: Object} > 
  at <App> @ http://127.0.0.1:5173/@vite/client:528
[ 2004316ms] [WARNING] [Vue warn]: Invalid prop: type check failed for prop "onKeydown". Expected Function, got Array  
  at <ATextarea value="" onUpdate:value=fn rows=4  ... > 
  at <Anonymous value= {hashed: true, components: Object, theme: undefined, token: Object} > 
  at <ALocaleProvider locale=undefined ANT_MARK__="internalMark" > 
  at <LocaleReceiver children=fn<children> > 
  at <AConfigProvider theme= {token: Object} > 
  at <App> @ http://127.0.0.1:5173/@vite/client:528
[ 2004317ms] [WARNING] [Vue warn]: Invalid prop: type check failed for prop "onKeydown". Expected Function, got Array  
  at <ATextarea value="" onUpdate:value=fn rows=4  ... > 
  at <Anonymous value= {hashed: true, components: Object, theme: undefined, token: Object} > 
  at <ALocaleProvider locale=undefined ANT_MARK__="internalMark" > 
  at <LocaleReceiver children=fn<children> > 
  at <AConfigProvider theme= {token: Object} > 
  at <App> @ http://127.0.0.1:5173/@vite/client:528
[ 2004319ms] [WARNING] [Vue warn]: Invalid prop: type check failed for prop "onKeydown". Expected Function, got Array  
  at <ATextarea value="" onUpdate:value=fn rows=4  ... > 
  at <Anonymous value= {hashed: true, components: Object, theme: undefined, token: Object} > 
  at <ALocaleProvider locale=undefined ANT_MARK__="internalMark" > 
  at <LocaleReceiver children=fn<children> > 
  at <AConfigProvider theme= {token: Object} > 
  at <App> @ http://127.0.0.1:5173/@vite/client:528
[ 2004320ms] [WARNING] [Vue warn]: Invalid prop: type check failed for prop "onKeydown". Expected Function, got Array  
  at <ATextarea value="" onUpdate:value=fn rows=4  ... > 
  at <Anonymous value= {hashed: true, components: Object, theme: undefined, token: Object} > 
  at <ALocaleProvider locale=undefined ANT_MARK__="internalMark" > 
  at <LocaleReceiver children=fn<children> > 
  at <AConfigProvider theme= {token: Object} > 
  at <App> @ http://127.0.0.1:5173/@vite/client:528
[ 2004322ms] [WARNING] [Vue warn]: Invalid prop: type check failed for prop "onKeydown". Expected Function, got Array  
  at <ATextarea value="" onUpdate:value=fn rows=4  ... > 
  at <Anonymous value= {hashed: true, components: Object, theme: undefined, token: Object} > 
  at <ALocaleProvider locale=undefined ANT_MARK__="internalMark" > 
  at <LocaleReceiver children=fn<children> > 
  at <AConfigProvider theme= {token: Object} > 
  at <App> @ http://127.0.0.1:5173/@vite/client:528
[ 2004324ms] [WARNING] [Vue warn]: Invalid prop: type check failed for prop "onKeydown". Expected Function, got Array  
  at <ATextarea value="" onUpdate:value=fn rows=4  ... > 
  at <Anonymous value= {hashed: true, components: Object, theme: undefined, token: Object} > 
  at <ALocaleProvider locale=undefined ANT_MARK__="internalMark" > 
  at <LocaleReceiver children=fn<children> > 
  at <AConfigProvider theme= {token: Object} > 
  at <App> @ http://127.0.0.1:5173/@vite/client:528
[ 2004326ms] [WARNING] [Vue warn]: Invalid prop: type check failed for prop "onKeydown". Expected Function, got Array  
  at <ATextarea value="" onUpdate:value=fn rows=4  ... > 
  at <Anonymous value= {hashed: true, components: Object, theme: undefined, token: Object} > 
  at <ALocaleProvider locale=undefined ANT_MARK__="internalMark" > 
  at <LocaleReceiver children=fn<children> > 
  at <AConfigProvider theme= {token: Object} > 
  at <App> @ http://127.0.0.1:5173/@vite/client:528
[ 2004327ms] [WARNING] [Vue warn]: Invalid prop: type check failed for prop "onKeydown". Expected Function, got Array  
  at <ATextarea value="" onUpdate:value=fn rows=4  ... > 
  at <Anonymous value= {hashed: true, components: Object, theme: undefined, token: Object} > 
  at <ALocaleProvider locale=undefined ANT_MARK__="internalMark" > 
  at <LocaleReceiver children=fn<children> > 
  at <AConfigProvider theme= {token: Object} > 
  at <App> @ http://127.0.0.1:5173/@vite/client:528
[ 2004329ms] [WARNING] [Vue warn]: Invalid prop: type check failed for prop "onKeydown". Expected Function, got Array  
  at <ATextarea value="" onUpdate:value=fn rows=4  ... > 
  at <Anonymous value= {hashed: true, components: Object, theme: undefined, token: Object} > 
  at <ALocaleProvider locale=undefined ANT_MARK__="internalMark" > 
  at <LocaleReceiver children=fn<children> > 
  at <AConfigProvider theme= {token: Object} > 
  at <App> @ http://127.0.0.1:5173/@vite/client:528
[ 2004330ms] [WARNING] [Vue warn]: Invalid prop: type check failed for prop "onKeydown". Expected Function, got Array  
  at <ATextarea value="" onUpdate:value=fn rows=4  ... > 
  at <Anonymous value= {hashed: true, components: Object, theme: undefined, token: Object} > 
  at <ALocaleProvider locale=undefined ANT_MARK__="internalMark" > 
  at <LocaleReceiver children=fn<children> > 
  at <AConfigProvider theme= {token: Object} > 
  at <App> @ http://127.0.0.1:5173/@vite/client:528
[ 2004332ms] [WARNING] [Vue warn]: Invalid prop: type check failed for prop "onKeydown". Expected Function, got Array  
  at <ATextarea value="" onUpdate:value=fn rows=4  ... > 
  at <Anonymous value= {hashed: true, components: Object, theme: undefined, token: Object} > 
  at <ALocaleProvider locale=undefined ANT_MARK__="internalMark" > 
  at <LocaleReceiver children=fn<children> > 
  at <AConfigProvider theme= {token: Object} > 
  at <App> @ http://127.0.0.1:5173/@vite/client:528
[ 2004334ms] [WARNING] [Vue warn]: Invalid prop: type check failed for prop "onKeydown". Expected Function, got Array  
  at <ATextarea value="" onUpdate:value=fn rows=4  ... > 
  at <Anonymous value= {hashed: true, components: Object, theme: undefined, token: Object} > 
  at <ALocaleProvider locale=undefined ANT_MARK__="internalMark" > 
  at <LocaleReceiver children=fn<children> > 
  at <AConfigProvider theme= {token: Object} > 
  at <App> @ http://127.0.0.1:5173/@vite/client:528
[ 2004336ms] [WARNING] [Vue warn]: Invalid prop: type check failed for prop "onKeydown". Expected Function, got Array  
  at <ATextarea value="" onUpdate:value=fn rows=4  ... > 
  at <Anonymous value= {hashed: true, components: Object, theme: undefined, token: Object} > 
  at <ALocaleProvider locale=undefined ANT_MARK__="internalMark" > 
  at <LocaleReceiver children=fn<children> > 
  at <AConfigProvider theme= {token: Object} > 
  at <App> @ http://127.0.0.1:5173/@vite/client:528
[ 2004338ms] [WARNING] [Vue warn]: Invalid prop: type check failed for prop "onKeydown". Expected Function, got Array  
  at <ATextarea value="" onUpdate:value=fn rows=4  ... > 
  at <Anonymous value= {hashed: true, components: Object, theme: undefined, token: Object} > 
  at <ALocaleProvider locale=undefined ANT_MARK__="internalMark" > 
  at <LocaleReceiver children=fn<children> > 
  at <AConfigProvider theme= {token: Object} > 
  at <App> @ http://127.0.0.1:5173/@vite/client:528
[ 2004339ms] [WARNING] [Vue warn]: Invalid prop: type check failed for prop "onKeydown". Expected Function, got Array  
  at <ATextarea value="" onUpdate:value=fn rows=4  ... > 
  at <Anonymous value= {hashed: true, components: Object, theme: undefined, token: Object} > 
  at <ALocaleProvider locale=undefined ANT_MARK__="internalMark" > 
  at <LocaleReceiver children=fn<children> > 
  at <AConfigProvider theme= {token: Object} > 
  at <App> @ http://127.0.0.1:5173/@vite/client:528
[ 2004341ms] [WARNING] [Vue warn]: Invalid prop: type check failed for prop "onKeydown". Expected Function, got Array  
  at <ATextarea value="" onUpdate:value=fn rows=4  ... > 
  at <Anonymous value= {hashed: true, components: Object, theme: undefined, token: Object} > 
  at <ALocaleProvider locale=undefined ANT_MARK__="internalMark" > 
  at <LocaleReceiver children=fn<children> > 
  at <AConfigProvider theme= {token: Object} > 
  at <App> @ http://127.0.0.1:5173/@vite/client:528
[ 2004342ms] [WARNING] [Vue warn]: Invalid prop: type check failed for prop "onKeydown". Expected Function, got Array  
  at <ATextarea value="" onUpdate:value=fn rows=4  ... > 
  at <Anonymous value= {hashed: true, components: Object, theme: undefined, token: Object} > 
  at <ALocaleProvider locale=undefined ANT_MARK__="internalMark" > 
  at <LocaleReceiver children=fn<children> > 
  at <AConfigProvider theme= {token: Object} > 
  at <App> @ http://127.0.0.1:5173/@vite/client:528
[ 2004344ms] [WARNING] [Vue warn]: Invalid prop: type check failed for prop "onKeydown". Expected Function, got Array  
  at <ATextarea value="" onUpdate:value=fn rows=4  ... > 
  at <Anonymous value= {hashed: true, components: Object, theme: undefined, token: Object} > 
  at <ALocaleProvider locale=undefined ANT_MARK__="internalMark" > 
  at <LocaleReceiver children=fn<children> > 
  at <AConfigProvider theme= {token: Object} > 
  at <App> @ http://127.0.0.1:5173/@vite/client:528
[ 2004346ms] [WARNING] [Vue warn]: Invalid prop: type check failed for prop "onKeydown". Expected Function, got Array  
  at <ATextarea value="" onUpdate:value=fn rows=4  ... > 
  at <Anonymous value= {hashed: true, components: Object, theme: undefined, token: Object} > 
  at <ALocaleProvider locale=undefined ANT_MARK__="internalMark" > 
  at <LocaleReceiver children=fn<children> > 
  at <AConfigProvider theme= {token: Object} > 
  at <App> @ http://127.0.0.1:5173/@vite/client:528
[ 2004348ms] [WARNING] [Vue warn]: Invalid prop: type check failed for prop "onKeydown". Expected Function, got Array  
  at <ATextarea value="" onUpdate:value=fn rows=4  ... > 
  at <Anonymous value= {hashed: true, components: Object, theme: undefined, token: Object} > 
  at <ALocaleProvider locale=undefined ANT_MARK__="internalMark" > 
  at <LocaleReceiver children=fn<children> > 
  at <AConfigProvider theme= {token: Object} > 
  at <App> @ http://127.0.0.1:5173/@vite/client:528
[ 2004349ms] [WARNING] [Vue warn]: Invalid prop: type check failed for prop "onKeydown". Expected Function, got Array  
  at <ATextarea value="" onUpdate:value=fn rows=4  ... > 
  at <Anonymous value= {hashed: true, components: Object, theme: undefined, token: Object} > 
  at <ALocaleProvider locale=undefined ANT_MARK__="internalMark" > 
  at <LocaleReceiver children=fn<children> > 
  at <AConfigProvider theme= {token: Object} > 
  at <App> @ http://127.0.0.1:5173/@vite/client:528
[ 2004351ms] [WARNING] [Vue warn]: Invalid prop: type check failed for prop "onKeydown". Expected Function, got Array  
  at <ATextarea value="" onUpdate:value=fn rows=4  ... > 
  at <Anonymous value= {hashed: true, components: Object, theme: undefined, token: Object} > 
  at <ALocaleProvider locale=undefined ANT_MARK__="internalMark" > 
  at <LocaleReceiver children=fn<children> > 
  at <AConfigProvider theme= {token: Object} > 
  at <App> @ http://127.0.0.1:5173/@vite/client:528
[ 2004353ms] [WARNING] [Vue warn]: Invalid prop: type check failed for prop "onKeydown". Expected Function, got Array  
  at <ATextarea value="" onUpdate:value=fn rows=4  ... > 
  at <Anonymous value= {hashed: true, components: Object, theme: undefined, token: Object} > 
  at <ALocaleProvider locale=undefined ANT_MARK__="internalMark" > 
  at <LocaleReceiver children=fn<children> > 
  at <AConfigProvider theme= {token: Object} > 
  at <App> @ http://127.0.0.1:5173/@vite/client:528
[ 2004355ms] [WARNING] [Vue warn]: Invalid prop: type check failed for prop "onKeydown". Expected Function, got Array  
  at <ATextarea value="" onUpdate:value=fn rows=4  ... > 
  at <Anonymous value= {hashed: true, components: Object, theme: undefined, token: Object} > 
  at <ALocaleProvider locale=undefined ANT_MARK__="internalMark" > 
  at <LocaleReceiver children=fn<children> > 
  at <AConfigProvider theme= {token: Object} > 
  at <App> @ http://127.0.0.1:5173/@vite/client:528
[ 2004357ms] [WARNING] [Vue warn]: Invalid prop: type check failed for prop "onKeydown". Expected Function, got Array  
  at <ATextarea value="" onUpdate:value=fn rows=4  ... > 
  at <Anonymous value= {hashed: true, components: Object, theme: undefined, token: Object} > 
  at <ALocaleProvider locale=undefined ANT_MARK__="internalMark" > 
  at <LocaleReceiver children=fn<children> > 
  at <AConfigProvider theme= {token: Object} > 
  at <App> @ http://127.0.0.1:5173/@vite/client:528
[ 2004358ms] [WARNING] [Vue warn]: Invalid prop: type check failed for prop "onKeydown". Expected Function, got Array  
  at <ATextarea value="" onUpdate:value=fn rows=4  ... > 
  at <Anonymous value= {hashed: true, components: Object, theme: undefined, token: Object} > 
  at <ALocaleProvider locale=undefined ANT_MARK__="internalMark" > 
  at <LocaleReceiver children=fn<children> > 
  at <AConfigProvider theme= {token: Object} > 
  at <App> @ http://127.0.0.1:5173/@vite/client:528
[ 2004360ms] [WARNING] [Vue warn]: Invalid prop: type check failed for prop "onKeydown". Expected Function, got Array  
  at <ATextarea value="" onUpdate:value=fn rows=4  ... > 
  at <Anonymous value= {hashed: true, components: Object, theme: undefined, token: Object} > 
  at <ALocaleProvider locale=undefined ANT_MARK__="internalMark" > 
  at <LocaleReceiver children=fn<children> > 
  at <AConfigProvider theme= {token: Object} > 
  at <App> @ http://127.0.0.1:5173/@vite/client:528
[ 2004361ms] [WARNING] [Vue warn]: Invalid prop: type check failed for prop "onKeydown". Expected Function, got Array  
  at <ATextarea value="" onUpdate:value=fn rows=4  ... > 
  at <Anonymous value= {hashed: true, components: Object, theme: undefined, token: Object} > 
  at <ALocaleProvider locale=undefined ANT_MARK__="internalMark" > 
  at <LocaleReceiver children=fn<children> > 
  at <AConfigProvider theme= {token: Object} > 
  at <App> @ http://127.0.0.1:5173/@vite/client:528
[ 2004363ms] [WARNING] [Vue warn]: Invalid prop: type check failed for prop "onKeydown". Expected Function, got Array  
  at <ATextarea value="" onUpdate:value=fn rows=4  ... > 
  at <Anonymous value= {hashed: true, components: Object, theme: undefined, token: Object} > 
  at <ALocaleProvider locale=undefined ANT_MARK__="internalMark" > 
  at <LocaleReceiver children=fn<children> > 
  at <AConfigProvider theme= {token: Object} > 
  at <App> @ http://127.0.0.1:5173/@vite/client:528
[ 2004364ms] [WARNING] [Vue warn]: Invalid prop: type check failed for prop "onKeydown". Expected Function, got Array  
  at <ATextarea value="" onUpdate:value=fn rows=4  ... > 
  at <Anonymous value= {hashed: true, components: Object, theme: undefined, token: Object} > 
  at <ALocaleProvider locale=undefined ANT_MARK__="internalMark" > 
  at <LocaleReceiver children=fn<children> > 
  at <AConfigProvider theme= {token: Object} > 
  at <App> @ http://127.0.0.1:5173/@vite/client:528
[ 2004366ms] [WARNING] [Vue warn]: Invalid prop: type check failed for prop "onKeydown". Expected Function, got Array  
  at <ATextarea value="" onUpdate:value=fn rows=4  ... > 
  at <Anonymous value= {hashed: true, components: Object, theme: undefined, token: Object} > 
  at <ALocaleProvider locale=undefined ANT_MARK__="internalMark" > 
  at <LocaleReceiver children=fn<children> > 
  at <AConfigProvider theme= {token: Object} > 
  at <App> @ http://127.0.0.1:5173/@vite/client:528
[ 2004367ms] [WARNING] [Vue warn]: Invalid prop: type check failed for prop "onKeydown". Expected Function, got Array  
  at <ATextarea value="" onUpdate:value=fn rows=4  ... > 
  at <Anonymous value= {hashed: true, components: Object, theme: undefined, token: Object} > 
  at <ALocaleProvider locale=undefined ANT_MARK__="internalMark" > 
  at <LocaleReceiver children=fn<children> > 
  at <AConfigProvider theme= {token: Object} > 
  at <App> @ http://127.0.0.1:5173/@vite/client:528
[ 2004370ms] [WARNING] [Vue warn]: Invalid prop: type check failed for prop "onKeydown". Expected Function, got Array  
  at <ATextarea value="" onUpdate:value=fn rows=4  ... > 
  at <Anonymous value= {hashed: true, components: Object, theme: undefined, token: Object} > 
  at <ALocaleProvider locale=undefined ANT_MARK__="internalMark" > 
  at <LocaleReceiver children=fn<children> > 
  at <AConfigProvider theme= {token: Object} > 
  at <App> @ http://127.0.0.1:5173/@vite/client:528
[ 2004372ms] [WARNING] [Vue warn]: Invalid prop: type check failed for prop "onKeydown". Expected Function, got Array  
  at <ATextarea value="" onUpdate:value=fn rows=4  ... > 
  at <Anonymous value= {hashed: true, components: Object, theme: undefined, token: Object} > 
  at <ALocaleProvider locale=undefined ANT_MARK__="internalMark" > 
  at <LocaleReceiver children=fn<children> > 
  at <AConfigProvider theme= {token: Object} > 
  at <App> @ http://127.0.0.1:5173/@vite/client:528
[ 2004373ms] [WARNING] [Vue warn]: Invalid prop: type check failed for prop "onKeydown". Expected Function, got Array  
  at <ATextarea value="" onUpdate:value=fn rows=4  ... > 
  at <Anonymous value= {hashed: true, components: Object, theme: undefined, token: Object} > 
  at <ALocaleProvider locale=undefined ANT_MARK__="internalMark" > 
  at <LocaleReceiver children=fn<children> > 
  at <AConfigProvider theme= {token: Object} > 
  at <App> @ http://127.0.0.1:5173/@vite/client:528
[ 2004375ms] [WARNING] [Vue warn]: Invalid prop: type check failed for prop "onKeydown". Expected Function, got Array  
  at <ATextarea value="" onUpdate:value=fn rows=4  ... > 
  at <Anonymous value= {hashed: true, components: Object, theme: undefined, token: Object} > 
  at <ALocaleProvider locale=undefined ANT_MARK__="internalMark" > 
  at <LocaleReceiver children=fn<children> > 
  at <AConfigProvider theme= {token: Object} > 
  at <App> @ http://127.0.0.1:5173/@vite/client:528
[ 2004376ms] [WARNING] [Vue warn]: Invalid prop: type check failed for prop "onKeydown". Expected Function, got Array  
  at <ATextarea value="" onUpdate:value=fn rows=4  ... > 
  at <Anonymous value= {hashed: true, components: Object, theme: undefined, token: Object} > 
  at <ALocaleProvider locale=undefined ANT_MARK__="internalMark" > 
  at <LocaleReceiver children=fn<children> > 
  at <AConfigProvider theme= {token: Object} > 
  at <App> @ http://127.0.0.1:5173/@vite/client:528
[ 2004378ms] [WARNING] [Vue warn]: Invalid prop: type check failed for prop "onKeydown". Expected Function, got Array  
  at <ATextarea value="" onUpdate:value=fn rows=4  ... > 
  at <Anonymous value= {hashed: true, components: Object, theme: undefined, token: Object} > 
  at <ALocaleProvider locale=undefined ANT_MARK__="internalMark" > 
  at <LocaleReceiver children=fn<children> > 
  at <AConfigProvider theme= {token: Object} > 
  at <App> @ http://127.0.0.1:5173/@vite/client:528
[ 2004379ms] [WARNING] [Vue warn]: Invalid prop: type check failed for prop "onKeydown". Expected Function, got Array  
  at <ATextarea value="" onUpdate:value=fn rows=4  ... > 
  at <Anonymous value= {hashed: true, components: Object, theme: undefined, token: Object} > 
  at <ALocaleProvider locale=undefined ANT_MARK__="internalMark" > 
  at <LocaleReceiver children=fn<children> > 
  at <AConfigProvider theme= {token: Object} > 
  at <App> @ http://127.0.0.1:5173/@vite/client:528
[ 2004381ms] [WARNING] [Vue warn]: Invalid prop: type check failed for prop "onKeydown". Expected Function, got Array  
  at <ATextarea value="" onUpdate:value=fn rows=4  ... > 
  at <Anonymous value= {hashed: true, components: Object, theme: undefined, token: Object} > 
  at <ALocaleProvider locale=undefined ANT_MARK__="internalMark" > 
  at <LocaleReceiver children=fn<children> > 
  at <AConfigProvider theme= {token: Object} > 
  at <App> @ http://127.0.0.1:5173/@vite/client:528
[ 2004383ms] [WARNING] [Vue warn]: Invalid prop: type check failed for prop "onKeydown". Expected Function, got Array  
  at <ATextarea value="" onUpdate:value=fn rows=4  ... > 
  at <Anonymous value= {hashed: true, components: Object, theme: undefined, token: Object} > 
  at <ALocaleProvider locale=undefined ANT_MARK__="internalMark" > 
  at <LocaleReceiver children=fn<children> > 
  at <AConfigProvider theme= {token: Object} > 
  at <App> @ http://127.0.0.1:5173/@vite/client:528
[ 2004385ms] [WARNING] [Vue warn]: Invalid prop: type check failed for prop "onKeydown". Expected Function, got Array  
  at <ATextarea value="" onUpdate:value=fn rows=4  ... > 
  at <Anonymous value= {hashed: true, components: Object, theme: undefined, token: Object} > 
  at <ALocaleProvider locale=undefined ANT_MARK__="internalMark" > 
  at <LocaleReceiver children=fn<children> > 
  at <AConfigProvider theme= {token: Object} > 
  at <App> @ http://127.0.0.1:5173/@vite/client:528
[ 2004386ms] [WARNING] [Vue warn]: Invalid prop: type check failed for prop "onKeydown". Expected Function, got Array  
  at <ATextarea value="" onUpdate:value=fn rows=4  ... > 
  at <Anonymous value= {hashed: true, components: Object, theme: undefined, token: Object} > 
  at <ALocaleProvider locale=undefined ANT_MARK__="internalMark" > 
  at <LocaleReceiver children=fn<children> > 
  at <AConfigProvider theme= {token: Object} > 
  at <App> @ http://127.0.0.1:5173/@vite/client:528
[ 2004388ms] [WARNING] [Vue warn]: Invalid prop: type check failed for prop "onKeydown". Expected Function, got Array  
  at <ATextarea value="" onUpdate:value=fn rows=4  ... > 
  at <Anonymous value= {hashed: true, components: Object, theme: undefined, token: Object} > 
  at <ALocaleProvider locale=undefined ANT_MARK__="internalMark" > 
  at <LocaleReceiver children=fn<children> > 
  at <AConfigProvider theme= {token: Object} > 
  at <App> @ http://127.0.0.1:5173/@vite/client:528
[ 2004389ms] [WARNING] [Vue warn]: Invalid prop: type check failed for prop "onKeydown". Expected Function, got Array  
  at <ATextarea value="" onUpdate:value=fn rows=4  ... > 
  at <Anonymous value= {hashed: true, components: Object, theme: undefined, token: Object} > 
  at <ALocaleProvider locale=undefined ANT_MARK__="internalMark" > 
  at <LocaleReceiver children=fn<children> > 
  at <AConfigProvider theme= {token: Object} > 
  at <App> @ http://127.0.0.1:5173/@vite/client:528
[ 2004391ms] [WARNING] [Vue warn]: Invalid prop: type check failed for prop "onKeydown". Expected Function, got Array  
  at <ATextarea value="" onUpdate:value=fn rows=4  ... > 
  at <Anonymous value= {hashed: true, components: Object, theme: undefined, token: Object} > 
  at <ALocaleProvider locale=undefined ANT_MARK__="internalMark" > 
  at <LocaleReceiver children=fn<children> > 
  at <AConfigProvider theme= {token: Object} > 
  at <App> @ http://127.0.0.1:5173/@vite/client:528
[ 2004393ms] [WARNING] [Vue warn]: Invalid prop: type check failed for prop "onKeydown". Expected Function, got Array  
  at <ATextarea value="" onUpdate:value=fn rows=4  ... > 
  at <Anonymous value= {hashed: true, components: Object, theme: undefined, token: Object} > 
  at <ALocaleProvider locale=undefined ANT_MARK__="internalMark" > 
  at <LocaleReceiver children=fn<children> > 
  at <AConfigProvider theme= {token: Object} > 
  at <App> @ http://127.0.0.1:5173/@vite/client:528
[ 2004394ms] [WARNING] [Vue warn]: Invalid prop: type check failed for prop "onKeydown". Expected Function, got Array  
  at <ATextarea value="" onUpdate:value=fn rows=4  ... > 
  at <Anonymous value= {hashed: true, components: Object, theme: undefined, token: Object} > 
  at <ALocaleProvider locale=undefined ANT_MARK__="internalMark" > 
  at <LocaleReceiver children=fn<children> > 
  at <AConfigProvider theme= {token: Object} > 
  at <App> @ http://127.0.0.1:5173/@vite/client:528
[ 2004396ms] [WARNING] [Vue warn]: Invalid prop: type check failed for prop "onKeydown". Expected Function, got Array  
  at <ATextarea value="" onUpdate:value=fn rows=4  ... > 
  at <Anonymous value= {hashed: true, components: Object, theme: undefined, token: Object} > 
  at <ALocaleProvider locale=undefined ANT_MARK__="internalMark" > 
  at <LocaleReceiver children=fn<children> > 
  at <AConfigProvider theme= {token: Object} > 
  at <App> @ http://127.0.0.1:5173/@vite/client:528
[ 2004397ms] [WARNING] [Vue warn]: Invalid prop: type check failed for prop "onKeydown". Expected Function, got Array  
  at <ATextarea value="" onUpdate:value=fn rows=4  ... > 
  at <Anonymous value= {hashed: true, components: Object, theme: undefined, token: Object} > 
  at <ALocaleProvider locale=undefined ANT_MARK__="internalMark" > 
  at <LocaleReceiver children=fn<children> > 
  at <AConfigProvider theme= {token: Object} > 
  at <App> @ http://127.0.0.1:5173/@vite/client:528
[ 2004399ms] [WARNING] [Vue warn]: Invalid prop: type check failed for prop "onKeydown". Expected Function, got Array  
  at <ATextarea value="" onUpdate:value=fn rows=4  ... > 
  at <Anonymous value= {hashed: true, components: Object, theme: undefined, token: Object} > 
  at <ALocaleProvider locale=undefined ANT_MARK__="internalMark" > 
  at <LocaleReceiver children=fn<children> > 
  at <AConfigProvider theme= {token: Object} > 
  at <App> @ http://127.0.0.1:5173/@vite/client:528
[ 2004400ms] [WARNING] [Vue warn]: Invalid prop: type check failed for prop "onKeydown". Expected Function, got Array  
  at <ATextarea value="" onUpdate:value=fn rows=4  ... > 
  at <Anonymous value= {hashed: true, components: Object, theme: undefined, token: Object} > 
  at <ALocaleProvider locale=undefined ANT_MARK__="internalMark" > 
  at <LocaleReceiver children=fn<children> > 
  at <AConfigProvider theme= {token: Object} > 
  at <App> @ http://127.0.0.1:5173/@vite/client:528
[ 2004402ms] [WARNING] [Vue warn]: Invalid prop: type check failed for prop "onKeydown". Expected Function, got Array  
  at <ATextarea value="" onUpdate:value=fn rows=4  ... > 
  at <Anonymous value= {hashed: true, components: Object, theme: undefined, token: Object} > 
  at <ALocaleProvider locale=undefined ANT_MARK__="internalMark" > 
  at <LocaleReceiver children=fn<children> > 
  at <AConfigProvider theme= {token: Object} > 
  at <App> @ http://127.0.0.1:5173/@vite/client:528
[ 2004403ms] [WARNING] [Vue warn]: Invalid prop: type check failed for prop "onKeydown". Expected Function, got Array  
  at <ATextarea value="" onUpdate:value=fn rows=4  ... > 
  at <Anonymous value= {hashed: true, components: Object, theme: undefined, token: Object} > 
  at <ALocaleProvider locale=undefined ANT_MARK__="internalMark" > 
  at <LocaleReceiver children=fn<children> > 
  at <AConfigProvider theme= {token: Object} > 
  at <App> @ http://127.0.0.1:5173/@vite/client:528
[ 2004405ms] [WARNING] [Vue warn]: Invalid prop: type check failed for prop "onKeydown". Expected Function, got Array  
  at <ATextarea value="" onUpdate:value=fn rows=4  ... > 
  at <Anonymous value= {hashed: true, components: Object, theme: undefined, token: Object} > 
  at <ALocaleProvider locale=undefined ANT_MARK__="internalMark" > 
  at <LocaleReceiver children=fn<children> > 
  at <AConfigProvider theme= {token: Object} > 
  at <App> @ http://127.0.0.1:5173/@vite/client:528
[ 2004406ms] [WARNING] [Vue warn]: Invalid prop: type check failed for prop "onKeydown". Expected Function, got Array  
  at <ATextarea value="" onUpdate:value=fn rows=4  ... > 
  at <Anonymous value= {hashed: true, components: Object, theme: undefined, token: Object} > 
  at <ALocaleProvider locale=undefined ANT_MARK__="internalMark" > 
  at <LocaleReceiver children=fn<children> > 
  at <AConfigProvider theme= {token: Object} > 
  at <App> @ http://127.0.0.1:5173/@vite/client:528
[ 2004408ms] [WARNING] [Vue warn]: Invalid prop: type check failed for prop "onKeydown". Expected Function, got Array  
  at <ATextarea value="" onUpdate:value=fn rows=4  ... > 
  at <Anonymous value= {hashed: true, components: Object, theme: undefined, token: Object} > 
  at <ALocaleProvider locale=undefined ANT_MARK__="internalMark" > 
  at <LocaleReceiver children=fn<children> > 
  at <AConfigProvider theme= {token: Object} > 
  at <App> @ http://127.0.0.1:5173/@vite/client:528
[ 2004409ms] [WARNING] [Vue warn]: Invalid prop: type check failed for prop "onKeydown". Expected Function, got Array  
  at <ATextarea value="" onUpdate:value=fn rows=4  ... > 
  at <Anonymous value= {hashed: true, components: Object, theme: undefined, token: Object} > 
  at <ALocaleProvider locale=undefined ANT_MARK__="internalMark" > 
  at <LocaleReceiver children=fn<children> > 
  at <AConfigProvider theme= {token: Object} > 
  at <App> @ http://127.0.0.1:5173/@vite/client:528
[ 2004411ms] [WARNING] [Vue warn]: Invalid prop: type check failed for prop "onKeydown". Expected Function, got Array  
  at <ATextarea value="" onUpdate:value=fn rows=4  ... > 
  at <Anonymous value= {hashed: true, components: Object, theme: undefined, token: Object} > 
  at <ALocaleProvider locale=undefined ANT_MARK__="internalMark" > 
  at <LocaleReceiver children=fn<children> > 
  at <AConfigProvider theme= {token: Object} > 
  at <App> @ http://127.0.0.1:5173/@vite/client:528
[ 2004413ms] [WARNING] [Vue warn]: Invalid prop: type check failed for prop "onKeydown". Expected Function, got Array  
  at <ATextarea value="" onUpdate:value=fn rows=4  ... > 
  at <Anonymous value= {hashed: true, components: Object, theme: undefined, token: Object} > 
  at <ALocaleProvider locale=undefined ANT_MARK__="internalMark" > 
  at <LocaleReceiver children=fn<children> > 
  at <AConfigProvider theme= {token: Object} > 
  at <App> @ http://127.0.0.1:5173/@vite/client:528
[ 2004415ms] [WARNING] [Vue warn]: Invalid prop: type check failed for prop "onKeydown". Expected Function, got Array  
  at <ATextarea value="" onUpdate:value=fn rows=4  ... > 
  at <Anonymous value= {hashed: true, components: Object, theme: undefined, token: Object} > 
  at <ALocaleProvider locale=undefined ANT_MARK__="internalMark" > 
  at <LocaleReceiver children=fn<children> > 
  at <AConfigProvider theme= {token: Object} > 
  at <App> @ http://127.0.0.1:5173/@vite/client:528
[ 2004417ms] [WARNING] [Vue warn]: Invalid prop: type check failed for prop "onKeydown". Expected Function, got Array  
  at <ATextarea value="" onUpdate:value=fn rows=4  ... > 
  at <Anonymous value= {hashed: true, components: Object, theme: undefined, token: Object} > 
  at <ALocaleProvider locale=undefined ANT_MARK__="internalMark" > 
  at <LocaleReceiver children=fn<children> > 
  at <AConfigProvider theme= {token: Object} > 
  at <App> @ http://127.0.0.1:5173/@vite/client:528
[ 2004418ms] [WARNING] [Vue warn]: Invalid prop: type check failed for prop "onKeydown". Expected Function, got Array  
  at <ATextarea value="" onUpdate:value=fn rows=4  ... > 
  at <Anonymous value= {hashed: true, components: Object, theme: undefined, token: Object} > 
  at <ALocaleProvider locale=undefined ANT_MARK__="internalMark" > 
  at <LocaleReceiver children=fn<children> > 
  at <AConfigProvider theme= {token: Object} > 
  at <App> @ http://127.0.0.1:5173/@vite/client:528
[ 2004420ms] [WARNING] [Vue warn]: Invalid prop: type check failed for prop "onKeydown". Expected Function, got Array  
  at <ATextarea value="" onUpdate:value=fn rows=4  ... > 
  at <Anonymous value= {hashed: true, components: Object, theme: undefined, token: Object} > 
  at <ALocaleProvider locale=undefined ANT_MARK__="internalMark" > 
  at <LocaleReceiver children=fn<children> > 
  at <AConfigProvider theme= {token: Object} > 
  at <App> @ http://127.0.0.1:5173/@vite/client:528
[ 2004421ms] [WARNING] [Vue warn]: Invalid prop: type check failed for prop "onKeydown". Expected Function, got Array  
  at <ATextarea value="" onUpdate:value=fn rows=4  ... > 
  at <Anonymous value= {hashed: true, components: Object, theme: undefined, token: Object} > 
  at <ALocaleProvider locale=undefined ANT_MARK__="internalMark" > 
  at <LocaleReceiver children=fn<children> > 
  at <AConfigProvider theme= {token: Object} > 
  at <App> @ http://127.0.0.1:5173/@vite/client:528
[ 2004423ms] [WARNING] [Vue warn]: Invalid prop: type check failed for prop "onKeydown". Expected Function, got Array  
  at <ATextarea value="" onUpdate:value=fn rows=4  ... > 
  at <Anonymous value= {hashed: true, components: Object, theme: undefined, token: Object} > 
  at <ALocaleProvider locale=undefined ANT_MARK__="internalMark" > 
  at <LocaleReceiver children=fn<children> > 
  at <AConfigProvider theme= {token: Object} > 
  at <App> @ http://127.0.0.1:5173/@vite/client:528
[ 2004424ms] [WARNING] [Vue warn]: Invalid prop: type check failed for prop "onKeydown". Expected Function, got Array  
  at <ATextarea value="" onUpdate:value=fn rows=4  ... > 
  at <Anonymous value= {hashed: true, components: Object, theme: undefined, token: Object} > 
  at <ALocaleProvider locale=undefined ANT_MARK__="internalMark" > 
  at <LocaleReceiver children=fn<children> > 
  at <AConfigProvider theme= {token: Object} > 
  at <App> @ http://127.0.0.1:5173/@vite/client:528
[ 2004426ms] [WARNING] [Vue warn]: Invalid prop: type check failed for prop "onKeydown". Expected Function, got Array  
  at <ATextarea value="" onUpdate:value=fn rows=4  ... > 
  at <Anonymous value= {hashed: true, components: Object, theme: undefined, token: Object} > 
  at <ALocaleProvider locale=undefined ANT_MARK__="internalMark" > 
  at <LocaleReceiver children=fn<children> > 
  at <AConfigProvider theme= {token: Object} > 
  at <App> @ http://127.0.0.1:5173/@vite/client:528
[ 2004428ms] [WARNING] [Vue warn]: Invalid prop: type check failed for prop "onKeydown". Expected Function, got Array  
  at <ATextarea value="" onUpdate:value=fn rows=4  ... > 
  at <Anonymous value= {hashed: true, components: Object, theme: undefined, token: Object} > 
  at <ALocaleProvider locale=undefined ANT_MARK__="internalMark" > 
  at <LocaleReceiver children=fn<children> > 
  at <AConfigProvider theme= {token: Object} > 
  at <App> @ http://127.0.0.1:5173/@vite/client:528
[ 2004430ms] [WARNING] [Vue warn]: Invalid prop: type check failed for prop "onKeydown". Expected Function, got Array  
  at <ATextarea value="" onUpdate:value=fn rows=4  ... > 
  at <Anonymous value= {hashed: true, components: Object, theme: undefined, token: Object} > 
  at <ALocaleProvider locale=undefined ANT_MARK__="internalMark" > 
  at <LocaleReceiver children=fn<children> > 
  at <AConfigProvider theme= {token: Object} > 
  at <App> @ http://127.0.0.1:5173/@vite/client:528
[ 2004432ms] [WARNING] [Vue warn]: Invalid prop: type check failed for prop "onKeydown". Expected Function, got Array  
  at <ATextarea value="" onUpdate:value=fn rows=4  ... > 
  at <Anonymous value= {hashed: true, components: Object, theme: undefined, token: Object} > 
  at <ALocaleProvider locale=undefined ANT_MARK__="internalMark" > 
  at <LocaleReceiver children=fn<children> > 
  at <AConfigProvider theme= {token: Object} > 
  at <App> @ http://127.0.0.1:5173/@vite/client:528
[ 2004433ms] [WARNING] [Vue warn]: Invalid prop: type check failed for prop "onKeydown". Expected Function, got Array  
  at <ATextarea value="" onUpdate:value=fn rows=4  ... > 
  at <Anonymous value= {hashed: true, components: Object, theme: undefined, token: Object} > 
  at <ALocaleProvider locale=undefined ANT_MARK__="internalMark" > 
  at <LocaleReceiver children=fn<children> > 
  at <AConfigProvider theme= {token: Object} > 
  at <App> @ http://127.0.0.1:5173/@vite/client:528
[ 2004435ms] [WARNING] [Vue warn]: Invalid prop: type check failed for prop "onKeydown". Expected Function, got Array  
  at <ATextarea value="" onUpdate:value=fn rows=4  ... > 
  at <Anonymous value= {hashed: true, components: Object, theme: undefined, token: Object} > 
  at <ALocaleProvider locale=undefined ANT_MARK__="internalMark" > 
  at <LocaleReceiver children=fn<children> > 
  at <AConfigProvider theme= {token: Object} > 
  at <App> @ http://127.0.0.1:5173/@vite/client:528
[ 2004436ms] [WARNING] [Vue warn]: Invalid prop: type check failed for prop "onKeydown". Expected Function, got Array  
  at <ATextarea value="" onUpdate:value=fn rows=4  ... > 
  at <Anonymous value= {hashed: true, components: Object, theme: undefined, token: Object} > 
  at <ALocaleProvider locale=undefined ANT_MARK__="internalMark" > 
  at <LocaleReceiver children=fn<children> > 
  at <AConfigProvider theme= {token: Object} > 
  at <App> @ http://127.0.0.1:5173/@vite/client:528
[ 2004438ms] [WARNING] [Vue warn]: Invalid prop: type check failed for prop "onKeydown". Expected Function, got Array  
  at <ATextarea value="" onUpdate:value=fn rows=4  ... > 
  at <Anonymous value= {hashed: true, components: Object, theme: undefined, token: Object} > 
  at <ALocaleProvider locale=undefined ANT_MARK__="internalMark" > 
  at <LocaleReceiver children=fn<children> > 
  at <AConfigProvider theme= {token: Object} > 
  at <App> @ http://127.0.0.1:5173/@vite/client:528
[ 2004439ms] [WARNING] [Vue warn]: Invalid prop: type check failed for prop "onKeydown". Expected Function, got Array  
  at <ATextarea value="" onUpdate:value=fn rows=4  ... > 
  at <Anonymous value= {hashed: true, components: Object, theme: undefined, token: Object} > 
  at <ALocaleProvider locale=undefined ANT_MARK__="internalMark" > 
  at <LocaleReceiver children=fn<children> > 
  at <AConfigProvider theme= {token: Object} > 
  at <App> @ http://127.0.0.1:5173/@vite/client:528
[ 2004441ms] [WARNING] [Vue warn]: Invalid prop: type check failed for prop "onKeydown". Expected Function, got Array  
  at <ATextarea value="" onUpdate:value=fn rows=4  ... > 
  at <Anonymous value= {hashed: true, components: Object, theme: undefined, token: Object} > 
  at <ALocaleProvider locale=undefined ANT_MARK__="internalMark" > 
  at <LocaleReceiver children=fn<children> > 
  at <AConfigProvider theme= {token: Object} > 
  at <App> @ http://127.0.0.1:5173/@vite/client:528
[ 2004443ms] [WARNING] [Vue warn]: Invalid prop: type check failed for prop "onKeydown". Expected Function, got Array  
  at <ATextarea value="" onUpdate:value=fn rows=4  ... > 
  at <Anonymous value= {hashed: true, components: Object, theme: undefined, token: Object} > 
  at <ALocaleProvider locale=undefined ANT_MARK__="internalMark" > 
  at <LocaleReceiver children=fn<children> > 
  at <AConfigProvider theme= {token: Object} > 
  at <App> @ http://127.0.0.1:5173/@vite/client:528
[ 2004444ms] [WARNING] [Vue warn]: Invalid prop: type check failed for prop "onKeydown". Expected Function, got Array  
  at <ATextarea value="" onUpdate:value=fn rows=4  ... > 
  at <Anonymous value= {hashed: true, components: Object, theme: undefined, token: Object} > 
  at <ALocaleProvider locale=undefined ANT_MARK__="internalMark" > 
  at <LocaleReceiver children=fn<children> > 
  at <AConfigProvider theme= {token: Object} > 
  at <App> @ http://127.0.0.1:5173/@vite/client:528
[ 2004446ms] [WARNING] [Vue warn]: Invalid prop: type check failed for prop "onKeydown". Expected Function, got Array  
  at <ATextarea value="" onUpdate:value=fn rows=4  ... > 
  at <Anonymous value= {hashed: true, components: Object, theme: undefined, token: Object} > 
  at <ALocaleProvider locale=undefined ANT_MARK__="internalMark" > 
  at <LocaleReceiver children=fn<children> > 
  at <AConfigProvider theme= {token: Object} > 
  at <App> @ http://127.0.0.1:5173/@vite/client:528
[ 2004447ms] [WARNING] [Vue warn]: Invalid prop: type check failed for prop "onKeydown". Expected Function, got Array  
  at <ATextarea value="" onUpdate:value=fn rows=4  ... > 
  at <Anonymous value= {hashed: true, components: Object, theme: undefined, token: Object} > 
  at <ALocaleProvider locale=undefined ANT_MARK__="internalMark" > 
  at <LocaleReceiver children=fn<children> > 
  at <AConfigProvider theme= {token: Object} > 
  at <App> @ http://127.0.0.1:5173/@vite/client:528
[ 2004449ms] [WARNING] [Vue warn]: Invalid prop: type check failed for prop "onKeydown". Expected Function, got Array  
  at <ATextarea value="" onUpdate:value=fn rows=4  ... > 
  at <Anonymous value= {hashed: true, components: Object, theme: undefined, token: Object} > 
  at <ALocaleProvider locale=undefined ANT_MARK__="internalMark" > 
  at <LocaleReceiver children=fn<children> > 
  at <AConfigProvider theme= {token: Object} > 
  at <App> @ http://127.0.0.1:5173/@vite/client:528
[ 2004450ms] [WARNING] [Vue warn]: Invalid prop: type check failed for prop "onKeydown". Expected Function, got Array  
  at <ATextarea value="" onUpdate:value=fn rows=4  ... > 
  at <Anonymous value= {hashed: true, components: Object, theme: undefined, token: Object} > 
  at <ALocaleProvider locale=undefined ANT_MARK__="internalMark" > 
  at <LocaleReceiver children=fn<children> > 
  at <AConfigProvider theme= {token: Object} > 
  at <App> @ http://127.0.0.1:5173/@vite/client:528
[ 2004452ms] [WARNING] [Vue warn]: Invalid prop: type check failed for prop "onKeydown". Expected Function, got Array  
  at <ATextarea value="" onUpdate:value=fn rows=4  ... > 
  at <Anonymous value= {hashed: true, components: Object, theme: undefined, token: Object} > 
  at <ALocaleProvider locale=undefined ANT_MARK__="internalMark" > 
  at <LocaleReceiver children=fn<children> > 
  at <AConfigProvider theme= {token: Object} > 
  at <App> @ http://127.0.0.1:5173/@vite/client:528
[ 2004453ms] [WARNING] [Vue warn]: Invalid prop: type check failed for prop "onKeydown". Expected Function, got Array  
  at <ATextarea value="" onUpdate:value=fn rows=4  ... > 
  at <Anonymous value= {hashed: true, components: Object, theme: undefined, token: Object} > 
  at <ALocaleProvider locale=undefined ANT_MARK__="internalMark" > 
  at <LocaleReceiver children=fn<children> > 
  at <AConfigProvider theme= {token: Object} > 
  at <App> @ http://127.0.0.1:5173/@vite/client:528
[ 2004455ms] [WARNING] [Vue warn]: Invalid prop: type check failed for prop "onKeydown". Expected Function, got Array  
  at <ATextarea value="" onUpdate:value=fn rows=4  ... > 
  at <Anonymous value= {hashed: true, components: Object, theme: undefined, token: Object} > 
  at <ALocaleProvider locale=undefined ANT_MARK__="internalMark" > 
  at <LocaleReceiver children=fn<children> > 
  at <AConfigProvider theme= {token: Object} > 
  at <App> @ http://127.0.0.1:5173/@vite/client:528
[ 2004456ms] [WARNING] [Vue warn]: Invalid prop: type check failed for prop "onKeydown". Expected Function, got Array  
  at <ATextarea value="" onUpdate:value=fn rows=4  ... > 
  at <Anonymous value= {hashed: true, components: Object, theme: undefined, token: Object} > 
  at <ALocaleProvider locale=undefined ANT_MARK__="internalMark" > 
  at <LocaleReceiver children=fn<children> > 
  at <AConfigProvider theme= {token: Object} > 
  at <App> @ http://127.0.0.1:5173/@vite/client:528
[ 2004458ms] [WARNING] [Vue warn]: Invalid prop: type check failed for prop "onKeydown". Expected Function, got Array  
  at <ATextarea value="" onUpdate:value=fn rows=4  ... > 
  at <Anonymous value= {hashed: true, components: Object, theme: undefined, token: Object} > 
  at <ALocaleProvider locale=undefined ANT_MARK__="internalMark" > 
  at <LocaleReceiver children=fn<children> > 
  at <AConfigProvider theme= {token: Object} > 
  at <App> @ http://127.0.0.1:5173/@vite/client:528
[ 2004459ms] [WARNING] [Vue warn]: Invalid prop: type check failed for prop "onKeydown". Expected Function, got Array  
  at <ATextarea value="" onUpdate:value=fn rows=4  ... > 
  at <Anonymous value= {hashed: true, components: Object, theme: undefined, token: Object} > 
  at <ALocaleProvider locale=undefined ANT_MARK__="internalMark" > 
  at <LocaleReceiver children=fn<children> > 
  at <AConfigProvider theme= {token: Object} > 
  at <App> @ http://127.0.0.1:5173/@vite/client:528
[ 2004461ms] [WARNING] [Vue warn]: Invalid prop: type check failed for prop "onKeydown". Expected Function, got Array  
  at <ATextarea value="" onUpdate:value=fn rows=4  ... > 
  at <Anonymous value= {hashed: true, components: Object, theme: undefined, token: Object} > 
  at <ALocaleProvider locale=undefined ANT_MARK__="internalMark" > 
  at <LocaleReceiver children=fn<children> > 
  at <AConfigProvider theme= {token: Object} > 
  at <App> @ http://127.0.0.1:5173/@vite/client:528
[ 2004463ms] [WARNING] [Vue warn]: Invalid prop: type check failed for prop "onKeydown". Expected Function, got Array  
  at <ATextarea value="" onUpdate:value=fn rows=4  ... > 
  at <Anonymous value= {hashed: true, components: Object, theme: undefined, token: Object} > 
  at <ALocaleProvider locale=undefined ANT_MARK__="internalMark" > 
  at <LocaleReceiver children=fn<children> > 
  at <AConfigProvider theme= {token: Object} > 
  at <App> @ http://127.0.0.1:5173/@vite/client:528
[ 2004464ms] [WARNING] [Vue warn]: Invalid prop: type check failed for prop "onKeydown". Expected Function, got Array  
  at <ATextarea value="" onUpdate:value=fn rows=4  ... > 
  at <Anonymous value= {hashed: true, components: Object, theme: undefined, token: Object} > 
  at <ALocaleProvider locale=undefined ANT_MARK__="internalMark" > 
  at <LocaleReceiver children=fn<children> > 
  at <AConfigProvider theme= {token: Object} > 
  at <App> @ http://127.0.0.1:5173/@vite/client:528
[ 2004466ms] [WARNING] [Vue warn]: Invalid prop: type check failed for prop "onKeydown". Expected Function, got Array  
  at <ATextarea value="" onUpdate:value=fn rows=4  ... > 
  at <Anonymous value= {hashed: true, components: Object, theme: undefined, token: Object} > 
  at <ALocaleProvider locale=undefined ANT_MARK__="internalMark" > 
  at <LocaleReceiver children=fn<children> > 
  at <AConfigProvider theme= {token: Object} > 
  at <App> @ http://127.0.0.1:5173/@vite/client:528
[ 2004467ms] [WARNING] [Vue warn]: Invalid prop: type check failed for prop "onKeydown". Expected Function, got Array  
  at <ATextarea value="" onUpdate:value=fn rows=4  ... > 
  at <Anonymous value= {hashed: true, components: Object, theme: undefined, token: Object} > 
  at <ALocaleProvider locale=undefined ANT_MARK__="internalMark" > 
  at <LocaleReceiver children=fn<children> > 
  at <AConfigProvider theme= {token: Object} > 
  at <App> @ http://127.0.0.1:5173/@vite/client:528
[ 2004469ms] [WARNING] [Vue warn]: Invalid prop: type check failed for prop "onKeydown". Expected Function, got Array  
  at <ATextarea value="" onUpdate:value=fn rows=4  ... > 
  at <Anonymous value= {hashed: true, components: Object, theme: undefined, token: Object} > 
  at <ALocaleProvider locale=undefined ANT_MARK__="internalMark" > 
  at <LocaleReceiver children=fn<children> > 
  at <AConfigProvider theme= {token: Object} > 
  at <App> @ http://127.0.0.1:5173/@vite/client:528
[ 2004471ms] [WARNING] [Vue warn]: Invalid prop: type check failed for prop "onKeydown". Expected Function, got Array  
  at <ATextarea value="" onUpdate:value=fn rows=4  ... > 
  at <Anonymous value= {hashed: true, components: Object, theme: undefined, token: Object} > 
  at <ALocaleProvider locale=undefined ANT_MARK__="internalMark" > 
  at <LocaleReceiver children=fn<children> > 
  at <AConfigProvider theme= {token: Object} > 
  at <App> @ http://127.0.0.1:5173/@vite/client:528
[ 2004473ms] [WARNING] [Vue warn]: Invalid prop: type check failed for prop "onKeydown". Expected Function, got Array  
  at <ATextarea value="" onUpdate:value=fn rows=4  ... > 
  at <Anonymous value= {hashed: true, components: Object, theme: undefined, token: Object} > 
  at <ALocaleProvider locale=undefined ANT_MARK__="internalMark" > 
  at <LocaleReceiver children=fn<children> > 
  at <AConfigProvider theme= {token: Object} > 
  at <App> @ http://127.0.0.1:5173/@vite/client:528
[ 2004475ms] [WARNING] [Vue warn]: Invalid prop: type check failed for prop "onKeydown". Expected Function, got Array  
  at <ATextarea value="" onUpdate:value=fn rows=4  ... > 
  at <Anonymous value= {hashed: true, components: Object, theme: undefined, token: Object} > 
  at <ALocaleProvider locale=undefined ANT_MARK__="internalMark" > 
  at <LocaleReceiver children=fn<children> > 
  at <AConfigProvider theme= {token: Object} > 
  at <App> @ http://127.0.0.1:5173/@vite/client:528
[ 2004476ms] [WARNING] [Vue warn]: Invalid prop: type check failed for prop "onKeydown". Expected Function, got Array  
  at <ATextarea value="" onUpdate:value=fn rows=4  ... > 
  at <Anonymous value= {hashed: true, components: Object, theme: undefined, token: Object} > 
  at <ALocaleProvider locale=undefined ANT_MARK__="internalMark" > 
  at <LocaleReceiver children=fn<children> > 
  at <AConfigProvider theme= {token: Object} > 
  at <App> @ http://127.0.0.1:5173/@vite/client:528
[ 2004478ms] [WARNING] [Vue warn]: Invalid prop: type check failed for prop "onKeydown". Expected Function, got Array  
  at <ATextarea value="" onUpdate:value=fn rows=4  ... > 
  at <Anonymous value= {hashed: true, components: Object, theme: undefined, token: Object} > 
  at <ALocaleProvider locale=undefined ANT_MARK__="internalMark" > 
  at <LocaleReceiver children=fn<children> > 
  at <AConfigProvider theme= {token: Object} > 
  at <App> @ http://127.0.0.1:5173/@vite/client:528
[ 2004480ms] [WARNING] [Vue warn]: Invalid prop: type check failed for prop "onKeydown". Expected Function, got Array  
  at <ATextarea value="" onUpdate:value=fn rows=4  ... > 
  at <Anonymous value= {hashed: true, components: Object, theme: undefined, token: Object} > 
  at <ALocaleProvider locale=undefined ANT_MARK__="internalMark" > 
  at <LocaleReceiver children=fn<children> > 
  at <AConfigProvider theme= {token: Object} > 
  at <App> @ http://127.0.0.1:5173/@vite/client:528
[ 2004481ms] [WARNING] [Vue warn]: Invalid prop: type check failed for prop "onKeydown". Expected Function, got Array  
  at <ATextarea value="" onUpdate:value=fn rows=4  ... > 
  at <Anonymous value= {hashed: true, components: Object, theme: undefined, token: Object} > 
  at <ALocaleProvider locale=undefined ANT_MARK__="internalMark" > 
  at <LocaleReceiver children=fn<children> > 
  at <AConfigProvider theme= {token: Object} > 
  at <App> @ http://127.0.0.1:5173/@vite/client:528
[ 2004483ms] [WARNING] [Vue warn]: Invalid prop: type check failed for prop "onKeydown". Expected Function, got Array  
  at <ATextarea value="" onUpdate:value=fn rows=4  ... > 
  at <Anonymous value= {hashed: true, components: Object, theme: undefined, token: Object} > 
  at <ALocaleProvider locale=undefined ANT_MARK__="internalMark" > 
  at <LocaleReceiver children=fn<children> > 
  at <AConfigProvider theme= {token: Object} > 
  at <App> @ http://127.0.0.1:5173/@vite/client:528
[ 2004485ms] [WARNING] [Vue warn]: Invalid prop: type check failed for prop "onKeydown". Expected Function, got Array  
  at <ATextarea value="" onUpdate:value=fn rows=4  ... > 
  at <Anonymous value= {hashed: true, components: Object, theme: undefined, token: Object} > 
  at <ALocaleProvider locale=undefined ANT_MARK__="internalMark" > 
  at <LocaleReceiver children=fn<children> > 
  at <AConfigProvider theme= {token: Object} > 
  at <App> @ http://127.0.0.1:5173/@vite/client:528
[ 2004487ms] [WARNING] [Vue warn]: Invalid prop: type check failed for prop "onKeydown". Expected Function, got Array  
  at <ATextarea value="" onUpdate:value=fn rows=4  ... > 
  at <Anonymous value= {hashed: true, components: Object, theme: undefined, token: Object} > 
  at <ALocaleProvider locale=undefined ANT_MARK__="internalMark" > 
  at <LocaleReceiver children=fn<children> > 
  at <AConfigProvider theme= {token: Object} > 
  at <App> @ http://127.0.0.1:5173/@vite/client:528
[ 2004488ms] [WARNING] [Vue warn]: Invalid prop: type check failed for prop "onKeydown". Expected Function, got Array  
  at <ATextarea value="" onUpdate:value=fn rows=4  ... > 
  at <Anonymous value= {hashed: true, components: Object, theme: undefined, token: Object} > 
  at <ALocaleProvider locale=undefined ANT_MARK__="internalMark" > 
  at <LocaleReceiver children=fn<children> > 
  at <AConfigProvider theme= {token: Object} > 
  at <App> @ http://127.0.0.1:5173/@vite/client:528
[ 2004490ms] [WARNING] [Vue warn]: Invalid prop: type check failed for prop "onKeydown". Expected Function, got Array  
  at <ATextarea value="" onUpdate:value=fn rows=4  ... > 
  at <Anonymous value= {hashed: true, components: Object, theme: undefined, token: Object} > 
  at <ALocaleProvider locale=undefined ANT_MARK__="internalMark" > 
  at <LocaleReceiver children=fn<children> > 
  at <AConfigProvider theme= {token: Object} > 
  at <App> @ http://127.0.0.1:5173/@vite/client:528
[ 2004491ms] [WARNING] [Vue warn]: Invalid prop: type check failed for prop "onKeydown". Expected Function, got Array  
  at <ATextarea value="" onUpdate:value=fn rows=4  ... > 
  at <Anonymous value= {hashed: true, components: Object, theme: undefined, token: Object} > 
  at <ALocaleProvider locale=undefined ANT_MARK__="internalMark" > 
  at <LocaleReceiver children=fn<children> > 
  at <AConfigProvider theme= {token: Object} > 
  at <App> @ http://127.0.0.1:5173/@vite/client:528
[ 2004493ms] [WARNING] [Vue warn]: Invalid prop: type check failed for prop "onKeydown". Expected Function, got Array  
  at <ATextarea value="" onUpdate:value=fn rows=4  ... > 
  at <Anonymous value= {hashed: true, components: Object, theme: undefined, token: Object} > 
  at <ALocaleProvider locale=undefined ANT_MARK__="internalMark" > 
  at <LocaleReceiver children=fn<children> > 
  at <AConfigProvider theme= {token: Object} > 
  at <App> @ http://127.0.0.1:5173/@vite/client:528
[ 2004494ms] [WARNING] [Vue warn]: Invalid prop: type check failed for prop "onKeydown". Expected Function, got Array  
  at <ATextarea value="" onUpdate:value=fn rows=4  ... > 
  at <Anonymous value= {hashed: true, components: Object, theme: undefined, token: Object} > 
  at <ALocaleProvider locale=undefined ANT_MARK__="internalMark" > 
  at <LocaleReceiver children=fn<children> > 
  at <AConfigProvider theme= {token: Object} > 
  at <App> @ http://127.0.0.1:5173/@vite/client:528
[ 2004496ms] [WARNING] [Vue warn]: Invalid prop: type check failed for prop "onKeydown". Expected Function, got Array  
  at <ATextarea value="" onUpdate:value=fn rows=4  ... > 
  at <Anonymous value= {hashed: true, components: Object, theme: undefined, token: Object} > 
  at <ALocaleProvider locale=undefined ANT_MARK__="internalMark" > 
  at <LocaleReceiver children=fn<children> > 
  at <AConfigProvider theme= {token: Object} > 
  at <App> @ http://127.0.0.1:5173/@vite/client:528
[ 2004498ms] [WARNING] [Vue warn]: Invalid prop: type check failed for prop "onKeydown". Expected Function, got Array  
  at <ATextarea value="" onUpdate:value=fn rows=4  ... > 
  at <Anonymous value= {hashed: true, components: Object, theme: undefined, token: Object} > 
  at <ALocaleProvider locale=undefined ANT_MARK__="internalMark" > 
  at <LocaleReceiver children=fn<children> > 
  at <AConfigProvider theme= {token: Object} > 
  at <App> @ http://127.0.0.1:5173/@vite/client:528
[ 2004500ms] [WARNING] [Vue warn]: Invalid prop: type check failed for prop "onKeydown". Expected Function, got Array  
  at <ATextarea value="" onUpdate:value=fn rows=4  ... > 
  at <Anonymous value= {hashed: true, components: Object, theme: undefined, token: Object} > 
  at <ALocaleProvider locale=undefined ANT_MARK__="internalMark" > 
  at <LocaleReceiver children=fn<children> > 
  at <AConfigProvider theme= {token: Object} > 
  at <App> @ http://127.0.0.1:5173/@vite/client:528
[ 2004502ms] [WARNING] [Vue warn]: Invalid prop: type check failed for prop "onKeydown". Expected Function, got Array  
  at <ATextarea value="" onUpdate:value=fn rows=4  ... > 
  at <Anonymous value= {hashed: true, components: Object, theme: undefined, token: Object} > 
  at <ALocaleProvider locale=undefined ANT_MARK__="internalMark" > 
  at <LocaleReceiver children=fn<children> > 
  at <AConfigProvider theme= {token: Object} > 
  at <App> @ http://127.0.0.1:5173/@vite/client:528
[ 2004503ms] [WARNING] [Vue warn]: Invalid prop: type check failed for prop "onKeydown". Expected Function, got Array  
  at <ATextarea value="" onUpdate:value=fn rows=4  ... > 
  at <Anonymous value= {hashed: true, components: Object, theme: undefined, token: Object} > 
  at <ALocaleProvider locale=undefined ANT_MARK__="internalMark" > 
  at <LocaleReceiver children=fn<children> > 
  at <AConfigProvider theme= {token: Object} > 
  at <App> @ http://127.0.0.1:5173/@vite/client:528
[ 2004505ms] [WARNING] [Vue warn]: Invalid prop: type check failed for prop "onKeydown". Expected Function, got Array  
  at <ATextarea value="" onUpdate:value=fn rows=4  ... > 
  at <Anonymous value= {hashed: true, components: Object, theme: undefined, token: Object} > 
  at <ALocaleProvider locale=undefined ANT_MARK__="internalMark" > 
  at <LocaleReceiver children=fn<children> > 
  at <AConfigProvider theme= {token: Object} > 
  at <App> @ http://127.0.0.1:5173/@vite/client:528
[ 2004507ms] [WARNING] [Vue warn]: Invalid prop: type check failed for prop "onKeydown". Expected Function, got Array  
  at <ATextarea value="" onUpdate:value=fn rows=4  ... > 
  at <Anonymous value= {hashed: true, components: Object, theme: undefined, token: Object} > 
  at <ALocaleProvider locale=undefined ANT_MARK__="internalMark" > 
  at <LocaleReceiver children=fn<children> > 
  at <AConfigProvider theme= {token: Object} > 
  at <App> @ http://127.0.0.1:5173/@vite/client:528
[ 2004508ms] [WARNING] [Vue warn]: Invalid prop: type check failed for prop "onKeydown". Expected Function, got Array  
  at <ATextarea value="" onUpdate:value=fn rows=4  ... > 
  at <Anonymous value= {hashed: true, components: Object, theme: undefined, token: Object} > 
  at <ALocaleProvider locale=undefined ANT_MARK__="internalMark" > 
  at <LocaleReceiver children=fn<children> > 
  at <AConfigProvider theme= {token: Object} > 
  at <App> @ http://127.0.0.1:5173/@vite/client:528
[ 2004510ms] [WARNING] [Vue warn]: Invalid prop: type check failed for prop "onKeydown". Expected Function, got Array  
  at <ATextarea value="" onUpdate:value=fn rows=4  ... > 
  at <Anonymous value= {hashed: true, components: Object, theme: undefined, token: Object} > 
  at <ALocaleProvider locale=undefined ANT_MARK__="internalMark" > 
  at <LocaleReceiver children=fn<children> > 
  at <AConfigProvider theme= {token: Object} > 
  at <App> @ http://127.0.0.1:5173/@vite/client:528
[ 2004511ms] [WARNING] [Vue warn]: Invalid prop: type check failed for prop "onKeydown". Expected Function, got Array  
  at <ATextarea value="" onUpdate:value=fn rows=4  ... > 
  at <Anonymous value= {hashed: true, components: Object, theme: undefined, token: Object} > 
  at <ALocaleProvider locale=undefined ANT_MARK__="internalMark" > 
  at <LocaleReceiver children=fn<children> > 
  at <AConfigProvider theme= {token: Object} > 
  at <App> @ http://127.0.0.1:5173/@vite/client:528
[ 2004513ms] [WARNING] [Vue warn]: Invalid prop: type check failed for prop "onKeydown". Expected Function, got Array  
  at <ATextarea value="" onUpdate:value=fn rows=4  ... > 
  at <Anonymous value= {hashed: true, components: Object, theme: undefined, token: Object} > 
  at <ALocaleProvider locale=undefined ANT_MARK__="internalMark" > 
  at <LocaleReceiver children=fn<children> > 
  at <AConfigProvider theme= {token: Object} > 
  at <App> @ http://127.0.0.1:5173/@vite/client:528
[ 2004515ms] [WARNING] [Vue warn]: Invalid prop: type check failed for prop "onKeydown". Expected Function, got Array  
  at <ATextarea value="" onUpdate:value=fn rows=4  ... > 
  at <Anonymous value= {hashed: true, components: Object, theme: undefined, token: Object} > 
  at <ALocaleProvider locale=undefined ANT_MARK__="internalMark" > 
  at <LocaleReceiver children=fn<children> > 
  at <AConfigProvider theme= {token: Object} > 
  at <App> @ http://127.0.0.1:5173/@vite/client:528
[ 2004516ms] [WARNING] [Vue warn]: Invalid prop: type check failed for prop "onKeydown". Expected Function, got Array  
  at <ATextarea value="" onUpdate:value=fn rows=4  ... > 
  at <Anonymous value= {hashed: true, components: Object, theme: undefined, token: Object} > 
  at <ALocaleProvider locale=undefined ANT_MARK__="internalMark" > 
  at <LocaleReceiver children=fn<children> > 
  at <AConfigProvider theme= {token: Object} > 
  at <App> @ http://127.0.0.1:5173/@vite/client:528
[ 2004518ms] [WARNING] [Vue warn]: Invalid prop: type check failed for prop "onKeydown". Expected Function, got Array  
  at <ATextarea value="" onUpdate:value=fn rows=4  ... > 
  at <Anonymous value= {hashed: true, components: Object, theme: undefined, token: Object} > 
  at <ALocaleProvider locale=undefined ANT_MARK__="internalMark" > 
  at <LocaleReceiver children=fn<children> > 
  at <AConfigProvider theme= {token: Object} > 
  at <App> @ http://127.0.0.1:5173/@vite/client:528
[ 2004519ms] [WARNING] [Vue warn]: Invalid prop: type check failed for prop "onKeydown". Expected Function, got Array  
  at <ATextarea value="" onUpdate:value=fn rows=4  ... > 
  at <Anonymous value= {hashed: true, components: Object, theme: undefined, token: Object} > 
  at <ALocaleProvider locale=undefined ANT_MARK__="internalMark" > 
  at <LocaleReceiver children=fn<children> > 
  at <AConfigProvider theme= {token: Object} > 
  at <App> @ http://127.0.0.1:5173/@vite/client:528
[ 2004520ms] [WARNING] [Vue warn]: Invalid prop: type check failed for prop "onKeydown". Expected Function, got Array  
  at <ATextarea value="" onUpdate:value=fn rows=4  ... > 
  at <Anonymous value= {hashed: true, components: Object, theme: undefined, token: Object} > 
  at <ALocaleProvider locale=undefined ANT_MARK__="internalMark" > 
  at <LocaleReceiver children=fn<children> > 
  at <AConfigProvider theme= {token: Object} > 
  at <App> @ http://127.0.0.1:5173/@vite/client:528
[ 2004522ms] [WARNING] [Vue warn]: Invalid prop: type check failed for prop "onKeydown". Expected Function, got Array  
  at <ATextarea value="" onUpdate:value=fn rows=4  ... > 
  at <Anonymous value= {hashed: true, components: Object, theme: undefined, token: Object} > 
  at <ALocaleProvider locale=undefined ANT_MARK__="internalMark" > 
  at <LocaleReceiver children=fn<children> > 
  at <AConfigProvider theme= {token: Object} > 
  at <App> @ http://127.0.0.1:5173/@vite/client:528
[ 2004523ms] [WARNING] [Vue warn]: Invalid prop: type check failed for prop "onKeydown". Expected Function, got Array  
  at <ATextarea value="" onUpdate:value=fn rows=4  ... > 
  at <Anonymous value= {hashed: true, components: Object, theme: undefined, token: Object} > 
  at <ALocaleProvider locale=undefined ANT_MARK__="internalMark" > 
  at <LocaleReceiver children=fn<children> > 
  at <AConfigProvider theme= {token: Object} > 
  at <App> @ http://127.0.0.1:5173/@vite/client:528
[ 2004525ms] [WARNING] [Vue warn]: Invalid prop: type check failed for prop "onKeydown". Expected Function, got Array  
  at <ATextarea value="" onUpdate:value=fn rows=4  ... > 
  at <Anonymous value= {hashed: true, components: Object, theme: undefined, token: Object} > 
  at <ALocaleProvider locale=undefined ANT_MARK__="internalMark" > 
  at <LocaleReceiver children=fn<children> > 
  at <AConfigProvider theme= {token: Object} > 
  at <App> @ http://127.0.0.1:5173/@vite/client:528
[ 2004526ms] [WARNING] [Vue warn]: Invalid prop: type check failed for prop "onKeydown". Expected Function, got Array  
  at <ATextarea value="" onUpdate:value=fn rows=4  ... > 
  at <Anonymous value= {hashed: true, components: Object, theme: undefined, token: Object} > 
  at <ALocaleProvider locale=undefined ANT_MARK__="internalMark" > 
  at <LocaleReceiver children=fn<children> > 
  at <AConfigProvider theme= {token: Object} > 
  at <App> @ http://127.0.0.1:5173/@vite/client:528
[ 2004528ms] [WARNING] [Vue warn]: Invalid prop: type check failed for prop "onKeydown". Expected Function, got Array  
  at <ATextarea value="" onUpdate:value=fn rows=4  ... > 
  at <Anonymous value= {hashed: true, components: Object, theme: undefined, token: Object} > 
  at <ALocaleProvider locale=undefined ANT_MARK__="internalMark" > 
  at <LocaleReceiver children=fn<children> > 
  at <AConfigProvider theme= {token: Object} > 
  at <App> @ http://127.0.0.1:5173/@vite/client:528
[ 2004530ms] [WARNING] [Vue warn]: Invalid prop: type check failed for prop "onKeydown". Expected Function, got Array  
  at <ATextarea value="" onUpdate:value=fn rows=4  ... > 
  at <Anonymous value= {hashed: true, components: Object, theme: undefined, token: Object} > 
  at <ALocaleProvider locale=undefined ANT_MARK__="internalMark" > 
  at <LocaleReceiver children=fn<children> > 
  at <AConfigProvider theme= {token: Object} > 
  at <App> @ http://127.0.0.1:5173/@vite/client:528
[ 2004531ms] [WARNING] [Vue warn]: Invalid prop: type check failed for prop "onKeydown". Expected Function, got Array  
  at <ATextarea value="" onUpdate:value=fn rows=4  ... > 
  at <Anonymous value= {hashed: true, components: Object, theme: undefined, token: Object} > 
  at <ALocaleProvider locale=undefined ANT_MARK__="internalMark" > 
  at <LocaleReceiver children=fn<children> > 
  at <AConfigProvider theme= {token: Object} > 
  at <App> @ http://127.0.0.1:5173/@vite/client:528
[ 2004533ms] [WARNING] [Vue warn]: Invalid prop: type check failed for prop "onKeydown". Expected Function, got Array  
  at <ATextarea value="" onUpdate:value=fn rows=4  ... > 
  at <Anonymous value= {hashed: true, components: Object, theme: undefined, token: Object} > 
  at <ALocaleProvider locale=undefined ANT_MARK__="internalMark" > 
  at <LocaleReceiver children=fn<children> > 
  at <AConfigProvider theme= {token: Object} > 
  at <App> @ http://127.0.0.1:5173/@vite/client:528
[ 2004534ms] [WARNING] [Vue warn]: Invalid prop: type check failed for prop "onKeydown". Expected Function, got Array  
  at <ATextarea value="" onUpdate:value=fn rows=4  ... > 
  at <Anonymous value= {hashed: true, components: Object, theme: undefined, token: Object} > 
  at <ALocaleProvider locale=undefined ANT_MARK__="internalMark" > 
  at <LocaleReceiver children=fn<children> > 
  at <AConfigProvider theme= {token: Object} > 
  at <App> @ http://127.0.0.1:5173/@vite/client:528
[ 2004536ms] [WARNING] [Vue warn]: Invalid prop: type check failed for prop "onKeydown". Expected Function, got Array  
  at <ATextarea value="" onUpdate:value=fn rows=4  ... > 
  at <Anonymous value= {hashed: true, components: Object, theme: undefined, token: Object} > 
  at <ALocaleProvider locale=undefined ANT_MARK__="internalMark" > 
  at <LocaleReceiver children=fn<children> > 
  at <AConfigProvider theme= {token: Object} > 
  at <App> @ http://127.0.0.1:5173/@vite/client:528
[ 2004537ms] [WARNING] [Vue warn]: Invalid prop: type check failed for prop "onKeydown". Expected Function, got Array  
  at <ATextarea value="" onUpdate:value=fn rows=4  ... > 
  at <Anonymous value= {hashed: true, components: Object, theme: undefined, token: Object} > 
  at <ALocaleProvider locale=undefined ANT_MARK__="internalMark" > 
  at <LocaleReceiver children=fn<children> > 
  at <AConfigProvider theme= {token: Object} > 
  at <App> @ http://127.0.0.1:5173/@vite/client:528
[ 2004539ms] [WARNING] [Vue warn]: Invalid prop: type check failed for prop "onKeydown". Expected Function, got Array  
  at <ATextarea value="" onUpdate:value=fn rows=4  ... > 
  at <Anonymous value= {hashed: true, components: Object, theme: undefined, token: Object} > 
  at <ALocaleProvider locale=undefined ANT_MARK__="internalMark" > 
  at <LocaleReceiver children=fn<children> > 
  at <AConfigProvider theme= {token: Object} > 
  at <App> @ http://127.0.0.1:5173/@vite/client:528
[ 2004540ms] [WARNING] [Vue warn]: Invalid prop: type check failed for prop "onKeydown". Expected Function, got Array  
  at <ATextarea value="" onUpdate:value=fn rows=4  ... > 
  at <Anonymous value= {hashed: true, components: Object, theme: undefined, token: Object} > 
  at <ALocaleProvider locale=undefined ANT_MARK__="internalMark" > 
  at <LocaleReceiver children=fn<children> > 
  at <AConfigProvider theme= {token: Object} > 
  at <App> @ http://127.0.0.1:5173/@vite/client:528
[ 2004542ms] [WARNING] [Vue warn]: Invalid prop: type check failed for prop "onKeydown". Expected Function, got Array  
  at <ATextarea value="" onUpdate:value=fn rows=4  ... > 
  at <Anonymous value= {hashed: true, components: Object, theme: undefined, token: Object} > 
  at <ALocaleProvider locale=undefined ANT_MARK__="internalMark" > 
  at <LocaleReceiver children=fn<children> > 
  at <AConfigProvider theme= {token: Object} > 
  at <App> @ http://127.0.0.1:5173/@vite/client:528
[ 2004543ms] [WARNING] [Vue warn]: Invalid prop: type check failed for prop "onKeydown". Expected Function, got Array  
  at <ATextarea value="" onUpdate:value=fn rows=4  ... > 
  at <Anonymous value= {hashed: true, components: Object, theme: undefined, token: Object} > 
  at <ALocaleProvider locale=undefined ANT_MARK__="internalMark" > 
  at <LocaleReceiver children=fn<children> > 
  at <AConfigProvider theme= {token: Object} > 
  at <App> @ http://127.0.0.1:5173/@vite/client:528
[ 2004544ms] [WARNING] [Vue warn]: Invalid prop: type check failed for prop "onKeydown". Expected Function, got Array  
  at <ATextarea value="" onUpdate:value=fn rows=4  ... > 
  at <Anonymous value= {hashed: true, components: Object, theme: undefined, token: Object} > 
  at <ALocaleProvider locale=undefined ANT_MARK__="internalMark" > 
  at <LocaleReceiver children=fn<children> > 
  at <AConfigProvider theme= {token: Object} > 
  at <App> @ http://127.0.0.1:5173/@vite/client:528
[ 2004546ms] [WARNING] [Vue warn]: Invalid prop: type check failed for prop "onKeydown". Expected Function, got Array  
  at <ATextarea value="" onUpdate:value=fn rows=4  ... > 
  at <Anonymous value= {hashed: true, components: Object, theme: undefined, token: Object} > 
  at <ALocaleProvider locale=undefined ANT_MARK__="internalMark" > 
  at <LocaleReceiver children=fn<children> > 
  at <AConfigProvider theme= {token: Object} > 
  at <App> @ http://127.0.0.1:5173/@vite/client:528
[ 2004547ms] [WARNING] [Vue warn]: Invalid prop: type check failed for prop "onKeydown". Expected Function, got Array  
  at <ATextarea value="" onUpdate:value=fn rows=4  ... > 
  at <Anonymous value= {hashed: true, components: Object, theme: undefined, token: Object} > 
  at <ALocaleProvider locale=undefined ANT_MARK__="internalMark" > 
  at <LocaleReceiver children=fn<children> > 
  at <AConfigProvider theme= {token: Object} > 
  at <App> @ http://127.0.0.1:5173/@vite/client:528
[ 2004549ms] [WARNING] [Vue warn]: Invalid prop: type check failed for prop "onKeydown". Expected Function, got Array  
  at <ATextarea value="" onUpdate:value=fn rows=4  ... > 
  at <Anonymous value= {hashed: true, components: Object, theme: undefined, token: Object} > 
  at <ALocaleProvider locale=undefined ANT_MARK__="internalMark" > 
  at <LocaleReceiver children=fn<children> > 
  at <AConfigProvider theme= {token: Object} > 
  at <App> @ http://127.0.0.1:5173/@vite/client:528
[ 2004551ms] [WARNING] [Vue warn]: Invalid prop: type check failed for prop "onKeydown". Expected Function, got Array  
  at <ATextarea value="" onUpdate:value=fn rows=4  ... > 
  at <Anonymous value= {hashed: true, components: Object, theme: undefined, token: Object} > 
  at <ALocaleProvider locale=undefined ANT_MARK__="internalMark" > 
  at <LocaleReceiver children=fn<children> > 
  at <AConfigProvider theme= {token: Object} > 
  at <App> @ http://127.0.0.1:5173/@vite/client:528
[ 2004552ms] [WARNING] [Vue warn]: Invalid prop: type check failed for prop "onKeydown". Expected Function, got Array  
  at <ATextarea value="" onUpdate:value=fn rows=4  ... > 
  at <Anonymous value= {hashed: true, components: Object, theme: undefined, token: Object} > 
  at <ALocaleProvider locale=undefined ANT_MARK__="internalMark" > 
  at <LocaleReceiver children=fn<children> > 
  at <AConfigProvider theme= {token: Object} > 
  at <App> @ http://127.0.0.1:5173/@vite/client:528
[ 2004555ms] [WARNING] [Vue warn]: Invalid prop: type check failed for prop "onKeydown". Expected Function, got Array  
  at <ATextarea value="" onUpdate:value=fn rows=4  ... > 
  at <Anonymous value= {hashed: true, components: Object, theme: undefined, token: Object} > 
  at <ALocaleProvider locale=undefined ANT_MARK__="internalMark" > 
  at <LocaleReceiver children=fn<children> > 
  at <AConfigProvider theme= {token: Object} > 
  at <App> @ http://127.0.0.1:5173/@vite/client:528
[ 2004559ms] [WARNING] [Vue warn]: Invalid prop: type check failed for prop "onKeydown". Expected Function, got Array  
  at <ATextarea value="" onUpdate:value=fn rows=4  ... > 
  at <Anonymous value= {hashed: true, components: Object, theme: undefined, token: Object} > 
  at <ALocaleProvider locale=undefined ANT_MARK__="internalMark" > 
  at <LocaleReceiver children=fn<children> > 
  at <AConfigProvider theme= {token: Object} > 
  at <App> @ http://127.0.0.1:5173/@vite/client:528
[ 2004562ms] [WARNING] [Vue warn]: Invalid prop: type check failed for prop "onKeydown". Expected Function, got Array  
  at <ATextarea value="" onUpdate:value=fn rows=4  ... > 
  at <Anonymous value= {hashed: true, components: Object, theme: undefined, token: Object} > 
  at <ALocaleProvider locale=undefined ANT_MARK__="internalMark" > 
  at <LocaleReceiver children=fn<children> > 
  at <AConfigProvider theme= {token: Object} > 
  at <App> @ http://127.0.0.1:5173/@vite/client:528
[ 2004563ms] [WARNING] [Vue warn]: Invalid prop: type check failed for prop "onKeydown". Expected Function, got Array  
  at <ATextarea value="" onUpdate:value=fn rows=4  ... > 
  at <Anonymous value= {hashed: true, components: Object, theme: undefined, token: Object} > 
  at <ALocaleProvider locale=undefined ANT_MARK__="internalMark" > 
  at <LocaleReceiver children=fn<children> > 
  at <AConfigProvider theme= {token: Object} > 
  at <App> @ http://127.0.0.1:5173/@vite/client:528
[ 2004565ms] [WARNING] [Vue warn]: Invalid prop: type check failed for prop "onKeydown". Expected Function, got Array  
  at <ATextarea value="" onUpdate:value=fn rows=4  ... > 
  at <Anonymous value= {hashed: true, components: Object, theme: undefined, token: Object} > 
  at <ALocaleProvider locale=undefined ANT_MARK__="internalMark" > 
  at <LocaleReceiver children=fn<children> > 
  at <AConfigProvider theme= {token: Object} > 
  at <App> @ http://127.0.0.1:5173/@vite/client:528
[ 2004567ms] [WARNING] [Vue warn]: Invalid prop: type check failed for prop "onKeydown". Expected Function, got Array  
  at <ATextarea value="" onUpdate:value=fn rows=4  ... > 
  at <Anonymous value= {hashed: true, components: Object, theme: undefined, token: Object} > 
  at <ALocaleProvider locale=undefined ANT_MARK__="internalMark" > 
  at <LocaleReceiver children=fn<children> > 
  at <AConfigProvider theme= {token: Object} > 
  at <App> @ http://127.0.0.1:5173/@vite/client:528
[ 2004568ms] [WARNING] [Vue warn]: Invalid prop: type check failed for prop "onKeydown". Expected Function, got Array  
  at <ATextarea value="" onUpdate:value=fn rows=4  ... > 
  at <Anonymous value= {hashed: true, components: Object, theme: undefined, token: Object} > 
  at <ALocaleProvider locale=undefined ANT_MARK__="internalMark" > 
  at <LocaleReceiver children=fn<children> > 
  at <AConfigProvider theme= {token: Object} > 
  at <App> @ http://127.0.0.1:5173/@vite/client:528
[ 2004570ms] [WARNING] [Vue warn]: Invalid prop: type check failed for prop "onKeydown". Expected Function, got Array  
  at <ATextarea value="" onUpdate:value=fn rows=4  ... > 
  at <Anonymous value= {hashed: true, components: Object, theme: undefined, token: Object} > 
  at <ALocaleProvider locale=undefined ANT_MARK__="internalMark" > 
  at <LocaleReceiver children=fn<children> > 
  at <AConfigProvider theme= {token: Object} > 
  at <App> @ http://127.0.0.1:5173/@vite/client:528
[ 2004571ms] [WARNING] [Vue warn]: Invalid prop: type check failed for prop "onKeydown". Expected Function, got Array  
  at <ATextarea value="" onUpdate:value=fn rows=4  ... > 
  at <Anonymous value= {hashed: true, components: Object, theme: undefined, token: Object} > 
  at <ALocaleProvider locale=undefined ANT_MARK__="internalMark" > 
  at <LocaleReceiver children=fn<children> > 
  at <AConfigProvider theme= {token: Object} > 
  at <App> @ http://127.0.0.1:5173/@vite/client:528
[ 2004573ms] [WARNING] [Vue warn]: Invalid prop: type check failed for prop "onKeydown". Expected Function, got Array  
  at <ATextarea value="" onUpdate:value=fn rows=4  ... > 
  at <Anonymous value= {hashed: true, components: Object, theme: undefined, token: Object} > 
  at <ALocaleProvider locale=undefined ANT_MARK__="internalMark" > 
  at <LocaleReceiver children=fn<children> > 
  at <AConfigProvider theme= {token: Object} > 
  at <App> @ http://127.0.0.1:5173/@vite/client:528
[ 2004575ms] [WARNING] [Vue warn]: Invalid prop: type check failed for prop "onKeydown". Expected Function, got Array  
  at <ATextarea value="" onUpdate:value=fn rows=4  ... > 
  at <Anonymous value= {hashed: true, components: Object, theme: undefined, token: Object} > 
  at <ALocaleProvider locale=undefined ANT_MARK__="internalMark" > 
  at <LocaleReceiver children=fn<children> > 
  at <AConfigProvider theme= {token: Object} > 
  at <App> @ http://127.0.0.1:5173/@vite/client:528
[ 2004576ms] [WARNING] [Vue warn]: Invalid prop: type check failed for prop "onKeydown". Expected Function, got Array  
  at <ATextarea value="" onUpdate:value=fn rows=4  ... > 
  at <Anonymous value= {hashed: true, components: Object, theme: undefined, token: Object} > 
  at <ALocaleProvider locale=undefined ANT_MARK__="internalMark" > 
  at <LocaleReceiver children=fn<children> > 
  at <AConfigProvider theme= {token: Object} > 
  at <App> @ http://127.0.0.1:5173/@vite/client:528
[ 2004578ms] [WARNING] [Vue warn]: Invalid prop: type check failed for prop "onKeydown". Expected Function, got Array  
  at <ATextarea value="" onUpdate:value=fn rows=4  ... > 
  at <Anonymous value= {hashed: true, components: Object, theme: undefined, token: Object} > 
  at <ALocaleProvider locale=undefined ANT_MARK__="internalMark" > 
  at <LocaleReceiver children=fn<children> > 
  at <AConfigProvider theme= {token: Object} > 
  at <App> @ http://127.0.0.1:5173/@vite/client:528
[ 2004580ms] [WARNING] [Vue warn]: Invalid prop: type check failed for prop "onKeydown". Expected Function, got Array  
  at <ATextarea value="" onUpdate:value=fn rows=4  ... > 
  at <Anonymous value= {hashed: true, components: Object, theme: undefined, token: Object} > 
  at <ALocaleProvider locale=undefined ANT_MARK__="internalMark" > 
  at <LocaleReceiver children=fn<children> > 
  at <AConfigProvider theme= {token: Object} > 
  at <App> @ http://127.0.0.1:5173/@vite/client:528
[ 2004581ms] [WARNING] [Vue warn]: Invalid prop: type check failed for prop "onKeydown". Expected Function, got Array  
  at <ATextarea value="" onUpdate:value=fn rows=4  ... > 
  at <Anonymous value= {hashed: true, components: Object, theme: undefined, token: Object} > 
  at <ALocaleProvider locale=undefined ANT_MARK__="internalMark" > 
  at <LocaleReceiver children=fn<children> > 
  at <AConfigProvider theme= {token: Object} > 
  at <App> @ http://127.0.0.1:5173/@vite/client:528
[ 2004583ms] [WARNING] [Vue warn]: Invalid prop: type check failed for prop "onKeydown". Expected Function, got Array  
  at <ATextarea value="" onUpdate:value=fn rows=4  ... > 
  at <Anonymous value= {hashed: true, components: Object, theme: undefined, token: Object} > 
  at <ALocaleProvider locale=undefined ANT_MARK__="internalMark" > 
  at <LocaleReceiver children=fn<children> > 
  at <AConfigProvider theme= {token: Object} > 
  at <App> @ http://127.0.0.1:5173/@vite/client:528
